image_file,mask_file,image_shape,mask_shape,image_hw,mask_hw,same_hw,status
10.png,10.npy,"(512, 648, 3)","(1, 512, 648)","(512, 648)","(512, 648)",True,ok
10015.png,10015.npy,"(1200, 1600, 3)","(1, 1200, 1600)","(1200, 1600)","(1200, 1600)",True,ok
10017.png,10017.npy,"(256, 320, 4)","(1, 256, 320)","(256, 320)","(256, 320)",True,ok
10030.png,10030.npy,"(666, 1000, 3)","(1, 666, 1000)","(666, 1000)","(666, 1000)",True,ok
10070.png,10070.npy,"(712, 414, 3)","(2, 712, 414)","(712, 414)","(2, 712)",False,shape_mismatch
1008.png,1008.npy,"(158, 1310, 3)","(1, 158, 1310)","(158, 1310)","(158, 1310)",True,ok
10138.png,10138.npy,"(3888, 2592, 3)","(1, 3888, 2592)","(3888, 2592)","(3888, 2592)",True,ok
10139.png,10139.npy,"(846, 759, 3)","(3, 846, 759)","(846, 759)","(3, 846)",False,shape_mismatch
10147.png,10147.npy,"(1912, 2568)","(1, 1912, 2568)","(1912, 2568)","(1912, 2568)",True,ok
10152.png,10152.npy,"(152, 1201, 3)","(1, 152, 1201)","(152, 1201)","(152, 1201)",True,ok
10176.png,10176.npy,"(666, 1000, 3)","(2, 666, 1000)","(666, 1000)","(2, 666)",False,shape_mismatch
10180.png,10180.npy,"(666, 1000, 3)","(1, 666, 1000)","(666, 1000)","(666, 1000)",True,ok
10208.png,10208.npy,"(520, 696, 3)","(1, 520, 696)","(520, 696)","(520, 696)",True,ok
10266.png,10266.npy,"(666, 1000, 3)","(2, 666, 1000)","(666, 1000)","(2, 666)",False,shape_mismatch
10277.png,10277.npy,"(666, 1000, 3)","(1, 666, 1000)","(666, 1000)","(666, 1000)",True,ok
10290.png,10290.npy,"(1200, 1600, 3)","(1, 1200, 1600)","(1200, 1600)","(1200, 1600)",True,ok
10296.png,10296.npy,"(81, 113, 3)","(1, 81, 113)","(81, 113)","(81, 113)",True,ok
10307.png,10307.npy,"(1200, 1600, 3)","(2, 1200, 1600)","(1200, 1600)","(2, 1200)",False,shape_mismatch
10348.png,10348.npy,"(256, 320, 4)","(2, 256, 320)","(256, 320)","(2, 256)",False,shape_mismatch
10398.png,10398.npy,"(402, 618, 3)","(1, 402, 618)","(402, 618)","(402, 618)",True,ok
10408.png,10408.npy,"(64, 434, 3)","(1, 64, 434)","(64, 434)","(64, 434)",True,ok
1041.png,1041.npy,"(140, 403, 3)","(1, 140, 403)","(140, 403)","(140, 403)",True,ok
10435.png,10435.npy,"(422, 1137, 3)","(2, 422, 1137)","(422, 1137)","(2, 422)",False,shape_mismatch
10448.png,10448.npy,"(68, 753, 3)","(1, 68, 753)","(68, 753)","(68, 753)",True,ok
10457.png,10457.npy,"(256, 256, 4)","(1, 256, 256)","(256, 256)","(256, 256)",True,ok
10458.png,10458.npy,"(156, 536, 3)","(1, 156, 536)","(156, 536)","(156, 536)",True,ok
10476.png,10476.npy,"(666, 1000, 3)","(1, 666, 1000)","(666, 1000)","(666, 1000)",True,ok
10505.png,10505.npy,"(102, 986, 3)","(1, 102, 986)","(102, 986)","(102, 986)",True,ok
10570.png,10570.npy,"(458, 1216, 3)","(1, 458, 1216)","(458, 1216)","(458, 1216)",True,ok
10602.png,10602.npy,"(490, 655, 3)","(1, 490, 655)","(490, 655)","(490, 655)",True,ok
10632.png,10632.npy,"(256, 256, 4)","(1, 256, 256)","(256, 256)","(256, 256)",True,ok
10636.png,10636.npy,"(360, 360, 4)","(1, 360, 360)","(360, 360)","(360, 360)",True,ok
10645.png,10645.npy,"(120, 640, 3)","(1, 120, 640)","(120, 640)","(120, 640)",True,ok
1070.png,1070.npy,"(520, 696, 3)","(3, 520, 696)","(520, 696)","(3, 520)",False,shape_mismatch
10703.png,10703.npy,"(512, 620, 3)","(1, 512, 620)","(512, 620)","(512, 620)",True,ok
10730.png,10730.npy,"(666, 1000, 3)","(2, 666, 1000)","(666, 1000)","(2, 666)",False,shape_mismatch
10742.png,10742.npy,"(256, 256, 4)","(1, 256, 256)","(256, 256)","(256, 256)",True,ok
10799.png,10799.npy,"(3888, 2592, 3)","(1, 3888, 2592)","(3888, 2592)","(3888, 2592)",True,ok
10838.png,10838.npy,"(573, 355, 3)","(1, 573, 355)","(573, 355)","(573, 355)",True,ok
10855.png,10855.npy,"(360, 360, 4)","(2, 360, 360)","(360, 360)","(2, 360)",False,shape_mismatch
10878.png,10878.npy,"(507, 180, 3)","(1, 507, 180)","(507, 180)","(507, 180)",True,ok
10884.png,10884.npy,"(392, 380, 3)","(1, 392, 380)","(392, 380)","(392, 380)",True,ok
10886.png,10886.npy,"(666, 1000, 3)","(1, 666, 1000)","(666, 1000)","(666, 1000)",True,ok
10911.png,10911.npy,"(256, 256, 4)","(1, 256, 256)","(256, 256)","(256, 256)",True,ok
10939.png,10939.npy,"(360, 360, 4)","(2, 360, 360)","(360, 360)","(2, 360)",False,shape_mismatch
10951.png,10951.npy,"(177, 673, 3)","(1, 177, 673)","(177, 673)","(177, 673)",True,ok
1097.png,1097.npy,"(360, 360, 4)","(3, 360, 360)","(360, 360)","(3, 360)",False,shape_mismatch
10980.png,10980.npy,"(512, 512, 4)","(2, 512, 512)","(512, 512)","(2, 512)",False,shape_mismatch
10986.png,10986.npy,"(231, 275, 3)","(2, 231, 275)","(231, 275)","(2, 231)",False,shape_mismatch
10991.png,10991.npy,"(256, 256, 4)","(2, 256, 256)","(256, 256)","(2, 256)",False,shape_mismatch
10992.png,10992.npy,"(666, 1000, 3)","(2, 666, 1000)","(666, 1000)","(2, 666)",False,shape_mismatch
1101.png,1101.npy,"(1200, 1600, 3)","(2, 1200, 1600)","(1200, 1600)","(2, 1200)",False,shape_mismatch
11010.png,11010.npy,"(1200, 1600, 3)","(2, 1200, 1600)","(1200, 1600)","(2, 1200)",False,shape_mismatch
11014.png,11014.npy,"(1200, 1600, 3)","(1, 1200, 1600)","(1200, 1600)","(1200, 1600)",True,ok
11128.png,11128.npy,"(365, 483, 3)","(1, 365, 483)","(365, 483)","(365, 483)",True,ok
11130.png,11130.npy,"(439, 419, 3)","(2, 439, 419)","(439, 419)","(2, 439)",False,shape_mismatch
11206.png,11206.npy,"(666, 1000, 3)","(2, 666, 1000)","(666, 1000)","(2, 666)",False,shape_mismatch
11223.png,11223.npy,"(1200, 1600, 3)","(2, 1200, 1600)","(1200, 1600)","(2, 1200)",False,shape_mismatch
11240.png,11240.npy,"(214, 755, 3)","(1, 214, 755)","(214, 755)","(214, 755)",True,ok
11249.png,11249.npy,"(512, 704, 3)","(1, 512, 704)","(512, 704)","(512, 704)",True,ok
11277.png,11277.npy,"(1200, 1600, 3)","(2, 1200, 1600)","(1200, 1600)","(2, 1200)",False,shape_mismatch
11296.png,11296.npy,"(512, 512, 3)","(1, 512, 512)","(512, 512)","(512, 512)",True,ok
11299.png,11299.npy,"(473, 925, 3)","(2, 473, 925)","(473, 925)","(2, 473)",False,shape_mismatch
11307.png,11307.npy,"(520, 696, 3)","(1, 520, 696)","(520, 696)","(520, 696)",True,ok
11333.png,11333.npy,"(1200, 1600, 3)","(3, 1200, 1600)","(1200, 1600)","(3, 1200)",False,shape_mismatch
11356.png,11356.npy,"(256, 256, 4)","(3, 256, 256)","(256, 256)","(3, 256)",False,shape_mismatch
1137.png,1137.npy,"(270, 480, 3)","(2, 270, 480)","(270, 480)","(2, 270)",False,shape_mismatch
11392.png,11392.npy,"(666, 1000, 3)","(1, 666, 1000)","(666, 1000)","(666, 1000)",True,ok
11399.png,11399.npy,"(1200, 1600, 3)","(2, 1200, 1600)","(1200, 1600)","(2, 1200)",False,shape_mismatch
11426.png,11426.npy,"(512, 696, 3)","(1, 512, 696)","(512, 696)","(512, 696)",True,ok
1143.png,1143.npy,"(788, 636, 3)","(3, 788, 636)","(788, 636)","(3, 788)",False,shape_mismatch
11440.png,11440.npy,"(256, 320, 4)","(1, 256, 320)","(256, 320)","(256, 320)",True,ok
11446.png,11446.npy,"(1200, 1600, 3)","(2, 1200, 1600)","(1200, 1600)","(2, 1200)",False,shape_mismatch
11501.png,11501.npy,"(418, 1409, 3)","(1, 418, 1409)","(418, 1409)","(418, 1409)",True,ok
11508.png,11508.npy,"(1024, 1280, 3)","(1, 1024, 1280)","(1024, 1280)","(1024, 1280)",True,ok
11513.png,11513.npy,"(256, 320, 4)","(2, 256, 320)","(256, 320)","(2, 256)",False,shape_mismatch
11547.png,11547.npy,"(1200, 1600, 3)","(1, 1200, 1600)","(1200, 1600)","(1200, 1600)",True,ok
11548.png,11548.npy,"(666, 1000, 3)","(2, 666, 1000)","(666, 1000)","(2, 666)",False,shape_mismatch
11639.png,11639.npy,"(666, 1000, 3)","(1, 666, 1000)","(666, 1000)","(666, 1000)",True,ok
11646.png,11646.npy,"(512, 683, 3)","(2, 512, 683)","(512, 683)","(2, 512)",False,shape_mismatch
11662.png,11662.npy,"(256, 256, 4)","(1, 256, 256)","(256, 256)","(256, 256)",True,ok
11698.png,11698.npy,"(67, 398, 3)","(1, 67, 398)","(67, 398)","(67, 398)",True,ok
11708.png,11708.npy,"(184, 1435, 3)","(1, 184, 1435)","(184, 1435)","(184, 1435)",True,ok
1173.png,1173.npy,"(256, 256, 4)","(1, 256, 256)","(256, 256)","(256, 256)",True,ok
1174.png,1174.npy,"(1041, 250, 3)","(1, 1041, 250)","(1041, 250)","(1041, 250)",True,ok
11740.png,11740.npy,"(512, 512)","(1, 512, 512)","(512, 512)","(512, 512)",True,ok
11747.png,11747.npy,"(512, 680, 3)","(2, 512, 680)","(512, 680)","(2, 512)",False,shape_mismatch
11761.png,11761.npy,"(512, 628, 3)","(1, 512, 628)","(512, 628)","(512, 628)",True,ok
11764.png,11764.npy,"(1200, 1600, 3)","(3, 1200, 1600)","(1200, 1600)","(3, 1200)",False,shape_mismatch
11785.png,11785.npy,"(528, 512, 3)","(3, 528, 512)","(528, 512)","(3, 528)",False,shape_mismatch
11854.png,11854.npy,"(1200, 1600, 3)","(2, 1200, 1600)","(1200, 1600)","(2, 1200)",False,shape_mismatch
11904.png,11904.npy,"(256, 256, 4)","(1, 256, 256)","(256, 256)","(256, 256)",True,ok
11910.png,11910.npy,"(666, 1000, 3)","(1, 666, 1000)","(666, 1000)","(666, 1000)",True,ok
11919.png,11919.npy,"(128, 1486, 3)","(1, 128, 1486)","(128, 1486)","(128, 1486)",True,ok
11942.png,11942.npy,"(256, 256, 4)","(1, 256, 256)","(256, 256)","(256, 256)",True,ok
11954.png,11954.npy,"(512, 512, 3)","(2, 512, 512)","(512, 512)","(2, 512)",False,shape_mismatch
11964.png,11964.npy,"(360, 360, 4)","(1, 360, 360)","(360, 360)","(360, 360)",True,ok
11985.png,11985.npy,"(666, 1000, 3)","(1, 666, 1000)","(666, 1000)","(666, 1000)",True,ok
1201.png,1201.npy,"(865, 1101, 3)","(1, 865, 1101)","(865, 1101)","(865, 1101)",True,ok
12019.png,12019.npy,"(1200, 1600, 3)","(1, 1200, 1600)","(1200, 1600)","(1200, 1600)",True,ok
12025.png,12025.npy,"(1024, 1024, 3)","(1, 1024, 1024)","(1024, 1024)","(1024, 1024)",True,ok
12046.png,12046.npy,"(1200, 1600, 3)","(1, 1200, 1600)","(1200, 1600)","(1200, 1600)",True,ok
12051.png,12051.npy,"(520, 696, 3)","(2, 520, 696)","(520, 696)","(2, 520)",False,shape_mismatch
12063.png,12063.npy,"(520, 696, 3)","(2, 520, 696)","(520, 696)","(2, 520)",False,shape_mismatch
12064.png,12064.npy,"(216, 569, 3)","(1, 216, 569)","(216, 569)","(216, 569)",True,ok
12073.png,12073.npy,"(256, 256, 4)","(1, 256, 256)","(256, 256)","(256, 256)",True,ok
12115.png,12115.npy,"(597, 657, 3)","(3, 597, 657)","(597, 657)","(3, 597)",False,shape_mismatch
12124.png,12124.npy,"(520, 696, 3)","(2, 520, 696)","(520, 696)","(2, 520)",False,shape_mismatch
12143.png,12143.npy,"(1200, 1600, 3)","(2, 1200, 1600)","(1200, 1600)","(2, 1200)",False,shape_mismatch
12149.png,12149.npy,"(360, 360, 4)","(1, 360, 360)","(360, 360)","(360, 360)",True,ok
12150.png,12150.npy,"(512, 748, 3)","(5, 512, 748)","(512, 748)","(5, 512)",False,shape_mismatch
12184.png,12184.npy,"(512, 512)","(1, 512, 512)","(512, 512)","(512, 512)",True,ok
12244.png,12244.npy,"(2592, 3888, 3)","(1, 2592, 3888)","(2592, 3888)","(2592, 3888)",True,ok
1225.png,1225.npy,"(254, 600, 3)","(1, 254, 600)","(254, 600)","(254, 600)",True,ok
12261.png,12261.npy,"(256, 320, 4)","(2, 256, 320)","(256, 320)","(2, 256)",False,shape_mismatch
12262.png,12262.npy,"(341, 311, 3)","(2, 341, 311)","(341, 311)","(2, 341)",False,shape_mismatch
12265.png,12265.npy,"(1200, 1600, 3)","(2, 1200, 1600)","(1200, 1600)","(2, 1200)",False,shape_mismatch
12289.png,12289.npy,"(3888, 2592, 3)","(1, 3888, 2592)","(3888, 2592)","(3888, 2592)",True,ok
12298.png,12298.npy,"(666, 1000, 3)","(1, 666, 1000)","(666, 1000)","(666, 1000)",True,ok
12299.png,12299.npy,"(1200, 1600, 3)","(1, 1200, 1600)","(1200, 1600)","(1200, 1600)",True,ok
12300.png,12300.npy,"(512, 512, 4)","(1, 512, 512)","(512, 512)","(512, 512)",True,ok
12307.png,12307.npy,"(161, 1171, 3)","(1, 161, 1171)","(161, 1171)","(161, 1171)",True,ok
12335.png,12335.npy,"(512, 512, 4)","(1, 512, 512)","(512, 512)","(512, 512)",True,ok
12355.png,12355.npy,"(666, 1000, 3)","(1, 666, 1000)","(666, 1000)","(666, 1000)",True,ok
12363.png,12363.npy,"(256, 256, 4)","(1, 256, 256)","(256, 256)","(256, 256)",True,ok
12364.png,12364.npy,"(204, 975, 3)","(1, 204, 975)","(204, 975)","(204, 975)",True,ok
12366.png,12366.npy,"(256, 320, 4)","(2, 256, 320)","(256, 320)","(2, 256)",False,shape_mismatch
1237.png,1237.npy,"(262, 1541, 3)","(2, 262, 1541)","(262, 1541)","(2, 262)",False,shape_mismatch
12412.png,12412.npy,"(512, 701, 3)","(1, 512, 701)","(512, 701)","(512, 701)",True,ok
12427.png,12427.npy,"(133, 615, 3)","(1, 133, 615)","(133, 615)","(133, 615)",True,ok
12446.png,12446.npy,"(256, 320, 4)","(1, 256, 320)","(256, 320)","(256, 320)",True,ok
12459.png,12459.npy,"(1024, 1280, 3)","(2, 1024, 1280)","(1024, 1280)","(2, 1024)",False,shape_mismatch
12505.png,12505.npy,"(1912, 2568)","(1, 1912, 2568)","(1912, 2568)","(1912, 2568)",True,ok
1251.png,1251.npy,"(1418, 1440, 3)","(1, 1418, 1440)","(1418, 1440)","(1418, 1440)",True,ok
12557.png,12557.npy,"(3888, 2592, 3)","(3, 3888, 2592)","(3888, 2592)","(3, 3888)",False,shape_mismatch
12572.png,12572.npy,"(1912, 2568)","(2, 1912, 2568)","(1912, 2568)","(2, 1912)",False,shape_mismatch
12574.png,12574.npy,"(666, 1000, 3)","(1, 666, 1000)","(666, 1000)","(666, 1000)",True,ok
12589.png,12589.npy,"(256, 320, 4)","(1, 256, 320)","(256, 320)","(256, 320)",True,ok
12612.png,12612.npy,"(2592, 3888, 3)","(1, 2592, 3888)","(2592, 3888)","(2592, 3888)",True,ok
12615.png,12615.npy,"(512, 914, 3)","(2, 512, 914)","(512, 914)","(2, 512)",False,shape_mismatch
12629.png,12629.npy,"(270, 480, 3)","(1, 270, 480)","(270, 480)","(270, 480)",True,ok
1270.png,1270.npy,"(1200, 1600, 3)","(2, 1200, 1600)","(1200, 1600)","(2, 1200)",False,shape_mismatch
12705.png,12705.npy,"(256, 320, 4)","(1, 256, 320)","(256, 320)","(256, 320)",True,ok
1272.png,1272.npy,"(256, 256, 4)","(1, 256, 256)","(256, 256)","(256, 256)",True,ok
12747.png,12747.npy,"(666, 1000, 3)","(1, 666, 1000)","(666, 1000)","(666, 1000)",True,ok
12793.png,12793.npy,"(666, 1000, 3)","(1, 666, 1000)","(666, 1000)","(666, 1000)",True,ok
12798.png,12798.npy,"(1912, 2568)","(1, 1912, 2568)","(1912, 2568)","(1912, 2568)",True,ok
12809.png,12809.npy,"(97, 621, 3)","(1, 97, 621)","(97, 621)","(97, 621)",True,ok
12823.png,12823.npy,"(360, 360, 4)","(1, 360, 360)","(360, 360)","(360, 360)",True,ok
12862.png,12862.npy,"(256, 256, 4)","(2, 256, 256)","(256, 256)","(2, 256)",False,shape_mismatch
12879.png,12879.npy,"(360, 360, 4)","(2, 360, 360)","(360, 360)","(2, 360)",False,shape_mismatch
12908.png,12908.npy,"(512, 664, 3)","(3, 512, 664)","(512, 664)","(3, 512)",False,shape_mismatch
12912.png,12912.npy,"(256, 320, 4)","(1, 256, 320)","(256, 320)","(256, 320)",True,ok
12919.png,12919.npy,"(1200, 1600, 3)","(2, 1200, 1600)","(1200, 1600)","(2, 1200)",False,shape_mismatch
12924.png,12924.npy,"(2592, 3888, 3)","(2, 2592, 3888)","(2592, 3888)","(2, 2592)",False,shape_mismatch
13020.png,13020.npy,"(96, 416, 3)","(1, 96, 416)","(96, 416)","(96, 416)",True,ok
13072.png,13072.npy,"(1024, 1024, 3)","(2, 1024, 1024)","(1024, 1024)","(2, 1024)",False,shape_mismatch
13108.png,13108.npy,"(256, 256, 4)","(1, 256, 256)","(256, 256)","(256, 256)",True,ok
13115.png,13115.npy,"(256, 256, 4)","(1, 256, 256)","(256, 256)","(256, 256)",True,ok
13121.png,13121.npy,"(326, 474, 3)","(1, 326, 474)","(326, 474)","(326, 474)",True,ok
13123.png,13123.npy,"(514, 512, 3)","(1, 514, 512)","(514, 512)","(514, 512)",True,ok
13187.png,13187.npy,"(1200, 1600, 3)","(1, 1200, 1600)","(1200, 1600)","(1200, 1600)",True,ok
13219.png,13219.npy,"(1200, 1600, 3)","(1, 1200, 1600)","(1200, 1600)","(1200, 1600)",True,ok
13254.png,13254.npy,"(512, 512, 4)","(1, 512, 512)","(512, 512)","(512, 512)",True,ok
13315.png,13315.npy,"(512, 516, 3)","(1, 512, 516)","(512, 516)","(512, 516)",True,ok
13333.png,13333.npy,"(1200, 1600, 3)","(2, 1200, 1600)","(1200, 1600)","(2, 1200)",False,shape_mismatch
13361.png,13361.npy,"(419, 497, 3)","(1, 419, 497)","(419, 497)","(419, 497)",True,ok
13415.png,13415.npy,"(512, 635, 3)","(1, 512, 635)","(512, 635)","(512, 635)",True,ok
13426.png,13426.npy,"(665, 332, 3)","(1, 665, 332)","(665, 332)","(665, 332)",True,ok
13444.png,13444.npy,"(666, 1000, 3)","(1, 666, 1000)","(666, 1000)","(666, 1000)",True,ok
13451.png,13451.npy,"(512, 568, 3)","(1, 512, 568)","(512, 568)","(512, 568)",True,ok
13510.png,13510.npy,"(341, 311, 3)","(2, 341, 311)","(341, 311)","(2, 341)",False,shape_mismatch
13511.png,13511.npy,"(2592, 3888, 3)","(2, 2592, 3888)","(2592, 3888)","(2, 2592)",False,shape_mismatch
13516.png,13516.npy,"(666, 1000, 3)","(1, 666, 1000)","(666, 1000)","(666, 1000)",True,ok
1353.png,1353.npy,"(419, 1841, 3)","(1, 419, 1841)","(419, 1841)","(419, 1841)",True,ok
13603.png,13603.npy,"(256, 320, 4)","(1, 256, 320)","(256, 320)","(256, 320)",True,ok
13611.png,13611.npy,"(256, 256, 4)","(1, 256, 256)","(256, 256)","(256, 256)",True,ok
13624.png,13624.npy,"(917, 1301, 3)","(3, 917, 1301)","(917, 1301)","(3, 917)",False,shape_mismatch
13635.png,13635.npy,"(247, 655, 3)","(1, 247, 655)","(247, 655)","(247, 655)",True,ok
13665.png,13665.npy,"(1912, 2568)","(1, 1912, 2568)","(1912, 2568)","(1912, 2568)",True,ok
13670.png,13670.npy,"(666, 1000, 3)","(1, 666, 1000)","(666, 1000)","(666, 1000)",True,ok
13677.png,13677.npy,"(291, 266, 3)","(2, 291, 266)","(291, 266)","(2, 291)",False,shape_mismatch
13725.png,13725.npy,"(1200, 1600, 3)","(2, 1200, 1600)","(1200, 1600)","(2, 1200)",False,shape_mismatch
13732.png,13732.npy,"(512, 520, 3)","(1, 512, 520)","(512, 520)","(512, 520)",True,ok
13734.png,13734.npy,"(1024, 1280, 3)","(1, 1024, 1280)","(1024, 1280)","(1024, 1280)",True,ok
13742.png,13742.npy,"(1200, 1600, 3)","(1, 1200, 1600)","(1200, 1600)","(1200, 1600)",True,ok
13744.png,13744.npy,"(512, 512, 3)","(1, 512, 512)","(512, 512)","(512, 512)",True,ok
13785.png,13785.npy,"(1024, 1024)","(2, 1024, 1024)","(1024, 1024)","(2, 1024)",False,shape_mismatch
13799.png,13799.npy,"(100, 742, 3)","(1, 100, 742)","(100, 742)","(100, 742)",True,ok
13813.png,13813.npy,"(666, 1000, 3)","(1, 666, 1000)","(666, 1000)","(666, 1000)",True,ok
13839.png,13839.npy,"(351, 694, 3)","(3, 351, 694)","(351, 694)","(3, 351)",False,shape_mismatch
13846.png,13846.npy,"(467, 417, 3)","(1, 467, 417)","(467, 417)","(467, 417)",True,ok
1385.png,1385.npy,"(520, 696, 4)","(2, 520, 696)","(520, 696)","(2, 520)",False,shape_mismatch
1386.png,1386.npy,"(666, 1000, 3)","(1, 666, 1000)","(666, 1000)","(666, 1000)",True,ok
13863.png,13863.npy,"(1024, 1280, 3)","(1, 1024, 1280)","(1024, 1280)","(1024, 1280)",True,ok
13893.png,13893.npy,"(184, 1264, 3)","(1, 184, 1264)","(184, 1264)","(184, 1264)",True,ok
13898.png,13898.npy,"(512, 700, 3)","(2, 512, 700)","(512, 700)","(2, 512)",False,shape_mismatch
13905.png,13905.npy,"(1200, 1600, 3)","(1, 1200, 1600)","(1200, 1600)","(1200, 1600)",True,ok
13920.png,13920.npy,"(1200, 1600, 3)","(1, 1200, 1600)","(1200, 1600)","(1200, 1600)",True,ok
13957.png,13957.npy,"(256, 256, 4)","(1, 256, 256)","(256, 256)","(256, 256)",True,ok
13971.png,13971.npy,"(512, 512, 4)","(1, 512, 512)","(512, 512)","(512, 512)",True,ok
13986.png,13986.npy,"(1956, 1398, 3)","(2, 1956, 1398)","(1956, 1398)","(2, 1956)",False,shape_mismatch
13989.png,13989.npy,"(260, 347, 4)","(1, 260, 347)","(260, 347)","(260, 347)",True,ok
14010.png,14010.npy,"(256, 256, 4)","(2, 256, 256)","(256, 256)","(2, 256)",False,shape_mismatch
14048.png,14048.npy,"(666, 1000, 3)","(2, 666, 1000)","(666, 1000)","(2, 666)",False,shape_mismatch
14070.png,14070.npy,"(1024, 1024)","(1, 1024, 1024)","(1024, 1024)","(1024, 1024)",True,ok
14087.png,14087.npy,"(256, 256, 4)","(2, 256, 256)","(256, 256)","(2, 256)",False,shape_mismatch
14094.png,14094.npy,"(512, 514, 3)","(1, 512, 514)","(512, 514)","(512, 514)",True,ok
14101.png,14101.npy,"(1200, 1600, 3)","(3, 1200, 1600)","(1200, 1600)","(3, 1200)",False,shape_mismatch
14111.png,14111.npy,"(1200, 1600, 3)","(3, 1200, 1600)","(1200, 1600)","(3, 1200)",False,shape_mismatch
14114.png,14114.npy,"(666, 1000, 3)","(2, 666, 1000)","(666, 1000)","(2, 666)",False,shape_mismatch
14123.png,14123.npy,"(666, 1000, 3)","(1, 666, 1000)","(666, 1000)","(666, 1000)",True,ok
14153.png,14153.npy,"(512, 512)","(1, 512, 512)","(512, 512)","(512, 512)",True,ok
14170.png,14170.npy,"(263, 306, 3)","(1, 263, 306)","(263, 306)","(263, 306)",True,ok
14184.png,14184.npy,"(520, 696, 4)","(2, 520, 696)","(520, 696)","(2, 520)",False,shape_mismatch
1419.png,1419.npy,"(1912, 2568)","(1, 1912, 2568)","(1912, 2568)","(1912, 2568)",True,ok
14203.png,14203.npy,"(256, 320, 4)","(1, 256, 320)","(256, 320)","(256, 320)",True,ok
14205.png,14205.npy,"(77, 984, 3)","(1, 77, 984)","(77, 984)","(77, 984)",True,ok
14227.png,14227.npy,"(528, 512, 3)","(1, 528, 512)","(528, 512)","(528, 512)",True,ok
14324.png,14324.npy,"(256, 320, 4)","(1, 256, 320)","(256, 320)","(256, 320)",True,ok
14331.png,14331.npy,"(1200, 1600, 3)","(1, 1200, 1600)","(1200, 1600)","(1200, 1600)",True,ok
14371.png,14371.npy,"(1200, 1600, 3)","(2, 1200, 1600)","(1200, 1600)","(2, 1200)",False,shape_mismatch
14389.png,14389.npy,"(232, 608, 3)","(1, 232, 608)","(232, 608)","(232, 608)",True,ok
14401.png,14401.npy,"(67, 398, 3)","(1, 67, 398)","(67, 398)","(67, 398)",True,ok
14403.png,14403.npy,"(1200, 1600, 3)","(2, 1200, 1600)","(1200, 1600)","(2, 1200)",False,shape_mismatch
14436.png,14436.npy,"(256, 320, 4)","(1, 256, 320)","(256, 320)","(256, 320)",True,ok
14462.png,14462.npy,"(424, 375, 3)","(1, 424, 375)","(424, 375)","(424, 375)",True,ok
14478.png,14478.npy,"(1912, 2568)","(1, 1912, 2568)","(1912, 2568)","(1912, 2568)",True,ok
14498.png,14498.npy,"(256, 256, 4)","(2, 256, 256)","(256, 256)","(2, 256)",False,shape_mismatch
14506.png,14506.npy,"(520, 696, 3)","(1, 520, 696)","(520, 696)","(520, 696)",True,ok
14594.png,14594.npy,"(1200, 1600, 3)","(3, 1200, 1600)","(1200, 1600)","(3, 1200)",False,shape_mismatch
14605.png,14605.npy,"(1912, 2568)","(1, 1912, 2568)","(1912, 2568)","(1912, 2568)",True,ok
14608.png,14608.npy,"(256, 256, 4)","(1, 256, 256)","(256, 256)","(256, 256)",True,ok
14618.png,14618.npy,"(256, 256, 4)","(1, 256, 256)","(256, 256)","(256, 256)",True,ok
14622.png,14622.npy,"(666, 1000, 3)","(2, 666, 1000)","(666, 1000)","(2, 666)",False,shape_mismatch
14624.png,14624.npy,"(360, 360, 4)","(1, 360, 360)","(360, 360)","(360, 360)",True,ok
14664.png,14664.npy,"(512, 640, 4)","(2, 512, 640)","(512, 640)","(2, 512)",False,shape_mismatch
1467.png,1467.npy,"(1200, 1600, 3)","(1, 1200, 1600)","(1200, 1600)","(1200, 1600)",True,ok
14690.png,14690.npy,"(666, 1000, 3)","(1, 666, 1000)","(666, 1000)","(666, 1000)",True,ok
14692.png,14692.npy,"(1200, 1600, 3)","(1, 1200, 1600)","(1200, 1600)","(1200, 1600)",True,ok
14700.png,14700.npy,"(512, 512, 4)","(1, 512, 512)","(512, 512)","(512, 512)",True,ok
14710.png,14710.npy,"(256, 256, 4)","(1, 256, 256)","(256, 256)","(256, 256)",True,ok
14716.png,14716.npy,"(1200, 1600, 3)","(2, 1200, 1600)","(1200, 1600)","(2, 1200)",False,shape_mismatch
14720.png,14720.npy,"(360, 360, 4)","(1, 360, 360)","(360, 360)","(360, 360)",True,ok
14747.png,14747.npy,"(256, 256, 4)","(1, 256, 256)","(256, 256)","(256, 256)",True,ok
14770.png,14770.npy,"(96, 517, 3)","(1, 96, 517)","(96, 517)","(96, 517)",True,ok
14776.png,14776.npy,"(107, 534, 3)","(1, 107, 534)","(107, 534)","(107, 534)",True,ok
1482.png,1482.npy,"(1136, 1445, 3)","(4, 1136, 1445)","(1136, 1445)","(4, 1136)",False,shape_mismatch
14820.png,14820.npy,"(419, 1608, 3)","(1, 419, 1608)","(419, 1608)","(419, 1608)",True,ok
14822.png,14822.npy,"(256, 320, 4)","(1, 256, 320)","(256, 320)","(256, 320)",True,ok
14829.png,14829.npy,"(1200, 1600, 3)","(2, 1200, 1600)","(1200, 1600)","(2, 1200)",False,shape_mismatch
14868.png,14868.npy,"(512, 687, 3)","(1, 512, 687)","(512, 687)","(512, 687)",True,ok
14891.png,14891.npy,"(617, 1283, 3)","(1, 617, 1283)","(617, 1283)","(617, 1283)",True,ok
14898.png,14898.npy,"(666, 1000, 3)","(1, 666, 1000)","(666, 1000)","(666, 1000)",True,ok
14908.png,14908.npy,"(520, 696, 3)","(1, 520, 696)","(520, 696)","(520, 696)",True,ok
14930.png,14930.npy,"(1028, 1384)","(1, 1028, 1384)","(1028, 1384)","(1028, 1384)",True,ok
14944.png,14944.npy,"(121, 495, 3)","(1, 121, 495)","(121, 495)","(121, 495)",True,ok
14954.png,14954.npy,"(256, 256, 4)","(1, 256, 256)","(256, 256)","(256, 256)",True,ok
14959.png,14959.npy,"(520, 696, 3)","(2, 520, 696)","(520, 696)","(2, 520)",False,shape_mismatch
14965.png,14965.npy,"(512, 740, 3)","(1, 512, 740)","(512, 740)","(512, 740)",True,ok
14988.png,14988.npy,"(256, 256, 4)","(2, 256, 256)","(256, 256)","(2, 256)",False,shape_mismatch
14999.png,14999.npy,"(256, 320, 4)","(2, 256, 320)","(256, 320)","(2, 256)",False,shape_mismatch
15010.png,15010.npy,"(520, 696, 3)","(1, 520, 696)","(520, 696)","(520, 696)",True,ok
15035.png,15035.npy,"(1024, 1024)","(1, 1024, 1024)","(1024, 1024)","(1024, 1024)",True,ok
15056.png,15056.npy,"(256, 256, 4)","(2, 256, 256)","(256, 256)","(2, 256)",False,shape_mismatch
15061.png,15061.npy,"(1024, 1280, 3)","(2, 1024, 1280)","(1024, 1280)","(2, 1024)",False,shape_mismatch
15120.png,15120.npy,"(512, 776, 3)","(1, 512, 776)","(512, 776)","(512, 776)",True,ok
15171.png,15171.npy,"(360, 360, 4)","(2, 360, 360)","(360, 360)","(2, 360)",False,shape_mismatch
15176.png,15176.npy,"(89, 260, 3)","(1, 89, 260)","(89, 260)","(89, 260)",True,ok
15205.png,15205.npy,"(88, 502, 3)","(1, 88, 502)","(88, 502)","(88, 502)",True,ok
15269.png,15269.npy,"(3888, 2592, 3)","(2, 3888, 2592)","(3888, 2592)","(2, 3888)",False,shape_mismatch
15285.png,15285.npy,"(666, 1000, 3)","(2, 666, 1000)","(666, 1000)","(2, 666)",False,shape_mismatch
15295.png,15295.npy,"(666, 1000, 3)","(2, 666, 1000)","(666, 1000)","(2, 666)",False,shape_mismatch
15314.png,15314.npy,"(256, 256, 4)","(2, 256, 256)","(256, 256)","(2, 256)",False,shape_mismatch
15321.png,15321.npy,"(256, 256, 4)","(1, 256, 256)","(256, 256)","(256, 256)",True,ok
1536.png,1536.npy,"(117, 558, 3)","(1, 117, 558)","(117, 558)","(117, 558)",True,ok
15369.png,15369.npy,"(1912, 2568)","(1, 1912, 2568)","(1912, 2568)","(1912, 2568)",True,ok
1538.png,1538.npy,"(666, 1000, 3)","(1, 666, 1000)","(666, 1000)","(666, 1000)",True,ok
15389.png,15389.npy,"(1200, 1600, 3)","(3, 1200, 1600)","(1200, 1600)","(3, 1200)",False,shape_mismatch
15409.png,15409.npy,"(666, 1266, 3)","(3, 666, 1266)","(666, 1266)","(3, 666)",False,shape_mismatch
15426.png,15426.npy,"(525, 512, 3)","(1, 525, 512)","(525, 512)","(525, 512)",True,ok
15453.png,15453.npy,"(666, 1000, 3)","(1, 666, 1000)","(666, 1000)","(666, 1000)",True,ok
15463.png,15463.npy,"(512, 519, 3)","(1, 512, 519)","(512, 519)","(512, 519)",True,ok
15566.png,15566.npy,"(621, 626, 3)","(1, 621, 626)","(621, 626)","(621, 626)",True,ok
15573.png,15573.npy,"(256, 256, 4)","(1, 256, 256)","(256, 256)","(256, 256)",True,ok
15579.png,15579.npy,"(256, 256, 4)","(1, 256, 256)","(256, 256)","(256, 256)",True,ok
156.png,156.npy,"(1200, 1600, 3)","(2, 1200, 1600)","(1200, 1600)","(2, 1200)",False,shape_mismatch
15657.png,15657.npy,"(514, 512, 3)","(1, 514, 512)","(514, 512)","(514, 512)",True,ok
15660.png,15660.npy,"(256, 256, 4)","(2, 256, 256)","(256, 256)","(2, 256)",False,shape_mismatch
15670.png,15670.npy,"(512, 781, 3)","(1, 512, 781)","(512, 781)","(512, 781)",True,ok
15733.png,15733.npy,"(666, 1000, 3)","(1, 666, 1000)","(666, 1000)","(666, 1000)",True,ok
1574.png,1574.npy,"(666, 1000, 3)","(1, 666, 1000)","(666, 1000)","(666, 1000)",True,ok
1575.png,1575.npy,"(256, 256, 4)","(2, 256, 256)","(256, 256)","(2, 256)",False,shape_mismatch
15767.png,15767.npy,"(445, 1608, 3)","(2, 445, 1608)","(445, 1608)","(2, 445)",False,shape_mismatch
15784.png,15784.npy,"(520, 696, 4)","(1, 520, 696)","(520, 696)","(520, 696)",True,ok
1580.png,1580.npy,"(1200, 1600, 3)","(1, 1200, 1600)","(1200, 1600)","(1200, 1600)",True,ok
15813.png,15813.npy,"(166, 261, 3)","(1, 166, 261)","(166, 261)","(166, 261)",True,ok
15815.png,15815.npy,"(1200, 1600, 3)","(1, 1200, 1600)","(1200, 1600)","(1200, 1600)",True,ok
15816.png,15816.npy,"(256, 256, 4)","(2, 256, 256)","(256, 256)","(2, 256)",False,shape_mismatch
15835.png,15835.npy,"(167, 941, 3)","(1, 167, 941)","(167, 941)","(167, 941)",True,ok
15860.png,15860.npy,"(360, 360, 4)","(1, 360, 360)","(360, 360)","(360, 360)",True,ok
1587.png,1587.npy,"(256, 256, 4)","(2, 256, 256)","(256, 256)","(2, 256)",False,shape_mismatch
15879.png,15879.npy,"(512, 634, 3)","(1, 512, 634)","(512, 634)","(512, 634)",True,ok
15886.png,15886.npy,"(1254, 1796, 3)","(3, 1254, 1796)","(1254, 1796)","(3, 1254)",False,shape_mismatch
15913.png,15913.npy,"(256, 256, 4)","(1, 256, 256)","(256, 256)","(256, 256)",True,ok
15940.png,15940.npy,"(496, 623, 3)","(2, 496, 623)","(496, 623)","(2, 496)",False,shape_mismatch
15987.png,15987.npy,"(358, 941, 3)","(3, 358, 941)","(358, 941)","(3, 358)",False,shape_mismatch
15994.png,15994.npy,"(2592, 3888, 3)","(1, 2592, 3888)","(2592, 3888)","(2592, 3888)",True,ok
16037.png,16037.npy,"(1024, 1024)","(1, 1024, 1024)","(1024, 1024)","(1024, 1024)",True,ok
16061.png,16061.npy,"(2592, 3888, 3)","(1, 2592, 3888)","(2592, 3888)","(2592, 3888)",True,ok
1608.png,1608.npy,"(1492, 1311, 3)","(3, 1492, 1311)","(1492, 1311)","(3, 1492)",False,shape_mismatch
16097.png,16097.npy,"(1200, 1600, 3)","(2, 1200, 1600)","(1200, 1600)","(2, 1200)",False,shape_mismatch
16108.png,16108.npy,"(666, 1000, 3)","(1, 666, 1000)","(666, 1000)","(666, 1000)",True,ok
16112.png,16112.npy,"(125, 1126, 3)","(2, 125, 1126)","(125, 1126)","(2, 125)",False,shape_mismatch
16130.png,16130.npy,"(3888, 2592, 3)","(2, 3888, 2592)","(3888, 2592)","(2, 3888)",False,shape_mismatch
16161.png,16161.npy,"(1912, 2568)","(1, 1912, 2568)","(1912, 2568)","(1912, 2568)",True,ok
16184.png,16184.npy,"(666, 1000, 3)","(1, 666, 1000)","(666, 1000)","(666, 1000)",True,ok
16191.png,16191.npy,"(91, 593, 3)","(1, 91, 593)","(91, 593)","(91, 593)",True,ok
16205.png,16205.npy,"(1912, 2568)","(1, 1912, 2568)","(1912, 2568)","(1912, 2568)",True,ok
16215.png,16215.npy,"(3888, 2592, 3)","(1, 3888, 2592)","(3888, 2592)","(3888, 2592)",True,ok
16219.png,16219.npy,"(666, 1000, 3)","(1, 666, 1000)","(666, 1000)","(666, 1000)",True,ok
16221.png,16221.npy,"(500, 500, 3)","(3, 500, 500)","(500, 500)","(3, 500)",False,shape_mismatch
16227.png,16227.npy,"(512, 638, 3)","(2, 512, 638)","(512, 638)","(2, 512)",False,shape_mismatch
1625.png,1625.npy,"(512, 512, 4)","(1, 512, 512)","(512, 512)","(512, 512)",True,ok
16293.png,16293.npy,"(666, 1000, 3)","(1, 666, 1000)","(666, 1000)","(666, 1000)",True,ok
16294.png,16294.npy,"(127, 719, 3)","(1, 127, 719)","(127, 719)","(127, 719)",True,ok
16336.png,16336.npy,"(105, 1309, 3)","(1, 105, 1309)","(105, 1309)","(105, 1309)",True,ok
16357.png,16357.npy,"(1024, 1024)","(1, 1024, 1024)","(1024, 1024)","(1024, 1024)",True,ok
16359.png,16359.npy,"(520, 696, 3)","(2, 520, 696)","(520, 696)","(2, 520)",False,shape_mismatch
1638.png,1638.npy,"(1200, 1600, 3)","(2, 1200, 1600)","(1200, 1600)","(2, 1200)",False,shape_mismatch
1641.png,1641.npy,"(512, 513, 3)","(2, 512, 513)","(512, 513)","(2, 512)",False,shape_mismatch
16410.png,16410.npy,"(256, 256, 4)","(1, 256, 256)","(256, 256)","(256, 256)",True,ok
16442.png,16442.npy,"(133, 615, 3)","(1, 133, 615)","(133, 615)","(133, 615)",True,ok
16485.png,16485.npy,"(94, 518, 3)","(1, 94, 518)","(94, 518)","(94, 518)",True,ok
16526.png,16526.npy,"(512, 559, 3)","(1, 512, 559)","(512, 559)","(512, 559)",True,ok
16534.png,16534.npy,"(172, 196, 3)","(1, 172, 196)","(172, 196)","(172, 196)",True,ok
16538.png,16538.npy,"(256, 256, 4)","(1, 256, 256)","(256, 256)","(256, 256)",True,ok
16550.png,16550.npy,"(1024, 1024)","(2, 1024, 1024)","(1024, 1024)","(2, 1024)",False,shape_mismatch
16566.png,16566.npy,"(512, 518, 3)","(2, 512, 518)","(512, 518)","(2, 512)",False,shape_mismatch
16579.png,16579.npy,"(843, 1042, 3)","(1, 843, 1042)","(843, 1042)","(843, 1042)",True,ok
16590.png,16590.npy,"(512, 512)","(1, 512, 512)","(512, 512)","(512, 512)",True,ok
1661.png,1661.npy,"(1200, 1600, 3)","(3, 1200, 1600)","(1200, 1600)","(3, 1200)",False,shape_mismatch
16612.png,16612.npy,"(273, 753, 3)","(1, 273, 753)","(273, 753)","(273, 753)",True,ok
16614.png,16614.npy,"(1024, 1280, 3)","(1, 1024, 1280)","(1024, 1280)","(1024, 1280)",True,ok
16630.png,16630.npy,"(206, 715, 3)","(1, 206, 715)","(206, 715)","(206, 715)",True,ok
16647.png,16647.npy,"(666, 1000, 3)","(2, 666, 1000)","(666, 1000)","(2, 666)",False,shape_mismatch
16648.png,16648.npy,"(360, 360, 4)","(1, 360, 360)","(360, 360)","(360, 360)",True,ok
16649.png,16649.npy,"(256, 256, 4)","(1, 256, 256)","(256, 256)","(256, 256)",True,ok
16667.png,16667.npy,"(256, 256, 4)","(2, 256, 256)","(256, 256)","(2, 256)",False,shape_mismatch
16683.png,16683.npy,"(1912, 2568)","(1, 1912, 2568)","(1912, 2568)","(1912, 2568)",True,ok
16703.png,16703.npy,"(360, 360, 4)","(1, 360, 360)","(360, 360)","(360, 360)",True,ok
16729.png,16729.npy,"(256, 256, 4)","(2, 256, 256)","(256, 256)","(2, 256)",False,shape_mismatch
16751.png,16751.npy,"(1024, 1024)","(1, 1024, 1024)","(1024, 1024)","(1024, 1024)",True,ok
16855.png,16855.npy,"(633, 854, 3)","(1, 633, 854)","(633, 854)","(633, 854)",True,ok
1686.png,1686.npy,"(103, 484, 3)","(1, 103, 484)","(103, 484)","(103, 484)",True,ok
16866.png,16866.npy,"(512, 515, 3)","(1, 512, 515)","(512, 515)","(512, 515)",True,ok
16884.png,16884.npy,"(512, 776, 3)","(2, 512, 776)","(512, 776)","(2, 512)",False,shape_mismatch
16897.png,16897.npy,"(520, 696, 3)","(2, 520, 696)","(520, 696)","(2, 520)",False,shape_mismatch
16939.png,16939.npy,"(666, 1000, 3)","(1, 666, 1000)","(666, 1000)","(666, 1000)",True,ok
16951.png,16951.npy,"(256, 256, 4)","(1, 256, 256)","(256, 256)","(256, 256)",True,ok
16960.png,16960.npy,"(666, 1000, 3)","(1, 666, 1000)","(666, 1000)","(666, 1000)",True,ok
16974.png,16974.npy,"(552, 685, 3)","(2, 552, 685)","(552, 685)","(2, 552)",False,shape_mismatch
17008.png,17008.npy,"(164, 659, 3)","(1, 164, 659)","(164, 659)","(164, 659)",True,ok
17030.png,17030.npy,"(512, 512, 3)","(1, 512, 512)","(512, 512)","(512, 512)",True,ok
17052.png,17052.npy,"(563, 734, 3)","(1, 563, 734)","(563, 734)","(563, 734)",True,ok
17071.png,17071.npy,"(274, 462, 3)","(1, 274, 462)","(274, 462)","(274, 462)",True,ok
17124.png,17124.npy,"(935, 447, 3)","(2, 935, 447)","(935, 447)","(2, 935)",False,shape_mismatch
17128.png,17128.npy,"(666, 1000, 3)","(2, 666, 1000)","(666, 1000)","(2, 666)",False,shape_mismatch
17134.png,17134.npy,"(424, 684, 3)","(2, 424, 684)","(424, 684)","(2, 424)",False,shape_mismatch
17218.png,17218.npy,"(360, 360, 4)","(1, 360, 360)","(360, 360)","(360, 360)",True,ok
17245.png,17245.npy,"(256, 256, 4)","(1, 256, 256)","(256, 256)","(256, 256)",True,ok
17249.png,17249.npy,"(512, 727, 3)","(2, 512, 727)","(512, 727)","(2, 512)",False,shape_mismatch
17268.png,17268.npy,"(99, 1041, 3)","(1, 99, 1041)","(99, 1041)","(99, 1041)",True,ok
17279.png,17279.npy,"(512, 512, 3)","(1, 512, 512)","(512, 512)","(512, 512)",True,ok
17280.png,17280.npy,"(512, 556, 3)","(1, 512, 556)","(512, 556)","(512, 556)",True,ok
17298.png,17298.npy,"(1200, 1600, 3)","(2, 1200, 1600)","(1200, 1600)","(2, 1200)",False,shape_mismatch
17324.png,17324.npy,"(666, 1000, 3)","(1, 666, 1000)","(666, 1000)","(666, 1000)",True,ok
17334.png,17334.npy,"(1200, 1600, 3)","(2, 1200, 1600)","(1200, 1600)","(2, 1200)",False,shape_mismatch
17388.png,17388.npy,"(100, 609, 3)","(1, 100, 609)","(100, 609)","(100, 609)",True,ok
17418.png,17418.npy,"(360, 360, 4)","(1, 360, 360)","(360, 360)","(360, 360)",True,ok
17493.png,17493.npy,"(205, 1376, 3)","(1, 205, 1376)","(205, 1376)","(205, 1376)",True,ok
17528.png,17528.npy,"(666, 1000, 3)","(1, 666, 1000)","(666, 1000)","(666, 1000)",True,ok
17555.png,17555.npy,"(1200, 1600, 3)","(2, 1200, 1600)","(1200, 1600)","(2, 1200)",False,shape_mismatch
17583.png,17583.npy,"(86, 410, 3)","(1, 86, 410)","(86, 410)","(86, 410)",True,ok
176.png,176.npy,"(85, 517, 3)","(1, 85, 517)","(85, 517)","(85, 517)",True,ok
17625.png,17625.npy,"(512, 545, 3)","(2, 512, 545)","(512, 545)","(2, 512)",False,shape_mismatch
17648.png,17648.npy,"(1200, 1600, 3)","(2, 1200, 1600)","(1200, 1600)","(2, 1200)",False,shape_mismatch
17651.png,17651.npy,"(78, 733, 3)","(1, 78, 733)","(78, 733)","(78, 733)",True,ok
17660.png,17660.npy,"(512, 545, 3)","(2, 512, 545)","(512, 545)","(2, 512)",False,shape_mismatch
17695.png,17695.npy,"(512, 525, 3)","(2, 512, 525)","(512, 525)","(2, 512)",False,shape_mismatch
17754.png,17754.npy,"(1912, 2568)","(2, 1912, 2568)","(1912, 2568)","(2, 1912)",False,shape_mismatch
17756.png,17756.npy,"(666, 1000, 3)","(1, 666, 1000)","(666, 1000)","(666, 1000)",True,ok
17815.png,17815.npy,"(1200, 1600, 3)","(1, 1200, 1600)","(1200, 1600)","(1200, 1600)",True,ok
17826.png,17826.npy,"(520, 696, 3)","(1, 520, 696)","(520, 696)","(520, 696)",True,ok
1783.png,1783.npy,"(520, 696, 3)","(2, 520, 696)","(520, 696)","(2, 520)",False,shape_mismatch
17846.png,17846.npy,"(91, 530, 3)","(1, 91, 530)","(91, 530)","(91, 530)",True,ok
17878.png,17878.npy,"(1200, 1600, 3)","(1, 1200, 1600)","(1200, 1600)","(1200, 1600)",True,ok
17904.png,17904.npy,"(512, 664, 3)","(2, 512, 664)","(512, 664)","(2, 512)",False,shape_mismatch
17923.png,17923.npy,"(581, 233, 3)","(1, 581, 233)","(581, 233)","(581, 233)",True,ok
17980.png,17980.npy,"(534, 512, 3)","(2, 534, 512)","(534, 512)","(2, 534)",False,shape_mismatch
18000.png,18000.npy,"(112, 1596, 3)","(1, 112, 1596)","(112, 1596)","(112, 1596)",True,ok
18017.png,18017.npy,"(666, 1000, 3)","(1, 666, 1000)","(666, 1000)","(666, 1000)",True,ok
18037.png,18037.npy,"(132, 1006, 3)","(2, 132, 1006)","(132, 1006)","(2, 132)",False,shape_mismatch
1804.png,1804.npy,"(95, 919, 3)","(1, 95, 919)","(95, 919)","(95, 919)",True,ok
18054.png,18054.npy,"(610, 610, 3)","(2, 610, 610)","(610, 610)","(2, 610)",False,shape_mismatch
1813.png,1813.npy,"(816, 360, 3)","(2, 816, 360)","(816, 360)","(2, 816)",False,shape_mismatch
18153.png,18153.npy,"(360, 360, 4)","(1, 360, 360)","(360, 360)","(360, 360)",True,ok
18316.png,18316.npy,"(1200, 1600, 3)","(2, 1200, 1600)","(1200, 1600)","(2, 1200)",False,shape_mismatch
18362.png,18362.npy,"(666, 1000, 3)","(1, 666, 1000)","(666, 1000)","(666, 1000)",True,ok
18425.png,18425.npy,"(512, 711, 3)","(3, 512, 711)","(512, 711)","(3, 512)",False,shape_mismatch
18440.png,18440.npy,"(666, 1000, 3)","(1, 666, 1000)","(666, 1000)","(666, 1000)",True,ok
18462.png,18462.npy,"(1912, 2568)","(1, 1912, 2568)","(1912, 2568)","(1912, 2568)",True,ok
18463.png,18463.npy,"(464, 633, 3)","(2, 464, 633)","(464, 633)","(2, 464)",False,shape_mismatch
18472.png,18472.npy,"(256, 256, 4)","(1, 256, 256)","(256, 256)","(256, 256)",True,ok
18554.png,18554.npy,"(256, 320, 4)","(1, 256, 320)","(256, 320)","(256, 320)",True,ok
1856.png,1856.npy,"(143, 528, 3)","(1, 143, 528)","(143, 528)","(143, 528)",True,ok
1859.png,1859.npy,"(360, 360, 4)","(1, 360, 360)","(360, 360)","(360, 360)",True,ok
18617.png,18617.npy,"(666, 1000, 3)","(1, 666, 1000)","(666, 1000)","(666, 1000)",True,ok
18679.png,18679.npy,"(512, 683, 3)","(1, 512, 683)","(512, 683)","(512, 683)",True,ok
18696.png,18696.npy,"(512, 784, 3)","(1, 512, 784)","(512, 784)","(512, 784)",True,ok
187.png,187.npy,"(877, 802, 3)","(2, 877, 802)","(877, 802)","(2, 877)",False,shape_mismatch
1873.png,1873.npy,"(666, 1000, 3)","(1, 666, 1000)","(666, 1000)","(666, 1000)",True,ok
18760.png,18760.npy,"(90, 817, 3)","(1, 90, 817)","(90, 817)","(90, 817)",True,ok
18781.png,18781.npy,"(256, 320, 4)","(2, 256, 320)","(256, 320)","(2, 256)",False,shape_mismatch
18788.png,18788.npy,"(574, 421, 3)","(1, 574, 421)","(574, 421)","(574, 421)",True,ok
1879.png,1879.npy,"(3888, 2592, 3)","(1, 3888, 2592)","(3888, 2592)","(3888, 2592)",True,ok
18877.png,18877.npy,"(176, 138, 3)","(1, 176, 138)","(176, 138)","(176, 138)",True,ok
18929.png,18929.npy,"(256, 320, 4)","(1, 256, 320)","(256, 320)","(256, 320)",True,ok
18940.png,18940.npy,"(666, 1000, 3)","(1, 666, 1000)","(666, 1000)","(666, 1000)",True,ok
18971.png,18971.npy,"(666, 1000, 3)","(1, 666, 1000)","(666, 1000)","(666, 1000)",True,ok
18995.png,18995.npy,"(666, 1000, 3)","(1, 666, 1000)","(666, 1000)","(666, 1000)",True,ok
19054.png,19054.npy,"(70, 448, 3)","(1, 70, 448)","(70, 448)","(70, 448)",True,ok
19074.png,19074.npy,"(666, 1000, 3)","(1, 666, 1000)","(666, 1000)","(666, 1000)",True,ok
19116.png,19116.npy,"(940, 492, 3)","(2, 940, 492)","(940, 492)","(2, 940)",False,shape_mismatch
19121.png,19121.npy,"(1200, 1600, 3)","(2, 1200, 1600)","(1200, 1600)","(2, 1200)",False,shape_mismatch
19130.png,19130.npy,"(256, 256, 4)","(1, 256, 256)","(256, 256)","(256, 256)",True,ok
19148.png,19148.npy,"(617, 1283, 3)","(1, 617, 1283)","(617, 1283)","(617, 1283)",True,ok
19162.png,19162.npy,"(129, 460, 3)","(1, 129, 460)","(129, 460)","(129, 460)",True,ok
19193.png,19193.npy,"(512, 661, 3)","(2, 512, 661)","(512, 661)","(2, 512)",False,shape_mismatch
19253.png,19253.npy,"(1912, 2568)","(1, 1912, 2568)","(1912, 2568)","(1912, 2568)",True,ok
19281.png,19281.npy,"(391, 978, 3)","(1, 391, 978)","(391, 978)","(391, 978)",True,ok
19294.png,19294.npy,"(256, 320, 4)","(1, 256, 320)","(256, 320)","(256, 320)",True,ok
19331.png,19331.npy,"(1225, 1489, 3)","(2, 1225, 1489)","(1225, 1489)","(2, 1225)",False,shape_mismatch
19332.png,19332.npy,"(256, 256, 4)","(2, 256, 256)","(256, 256)","(2, 256)",False,shape_mismatch
19361.png,19361.npy,"(520, 696, 3)","(3, 520, 696)","(520, 696)","(3, 520)",False,shape_mismatch
1940.png,1940.npy,"(88, 502, 3)","(1, 88, 502)","(88, 502)","(88, 502)",True,ok
19467.png,19467.npy,"(2592, 3888, 3)","(1, 2592, 3888)","(2592, 3888)","(2592, 3888)",True,ok
19512.png,19512.npy,"(76, 745, 3)","(1, 76, 745)","(76, 745)","(76, 745)",True,ok
19554.png,19554.npy,"(1200, 1600, 3)","(1, 1200, 1600)","(1200, 1600)","(1200, 1600)",True,ok
19563.png,19563.npy,"(525, 246, 3)","(1, 525, 246)","(525, 246)","(525, 246)",True,ok
19593.png,19593.npy,"(214, 1368, 3)","(1, 214, 1368)","(214, 1368)","(214, 1368)",True,ok
19620.png,19620.npy,"(1200, 1600, 3)","(2, 1200, 1600)","(1200, 1600)","(2, 1200)",False,shape_mismatch
19621.png,19621.npy,"(1024, 1280, 3)","(2, 1024, 1280)","(1024, 1280)","(2, 1024)",False,shape_mismatch
19622.png,19622.npy,"(360, 360, 4)","(1, 360, 360)","(360, 360)","(360, 360)",True,ok
19627.png,19627.npy,"(256, 256, 4)","(2, 256, 256)","(256, 256)","(2, 256)",False,shape_mismatch
19633.png,19633.npy,"(666, 1000, 3)","(2, 666, 1000)","(666, 1000)","(2, 666)",False,shape_mismatch
19668.png,19668.npy,"(256, 256, 4)","(1, 256, 256)","(256, 256)","(256, 256)",True,ok
19684.png,19684.npy,"(3888, 2592, 3)","(1, 3888, 2592)","(3888, 2592)","(3888, 2592)",True,ok
19709.png,19709.npy,"(520, 696, 3)","(1, 520, 696)","(520, 696)","(520, 696)",True,ok
19718.png,19718.npy,"(118, 843, 3)","(1, 118, 843)","(118, 843)","(118, 843)",True,ok
19728.png,19728.npy,"(127, 305, 3)","(1, 127, 305)","(127, 305)","(127, 305)",True,ok
19734.png,19734.npy,"(3888, 2592, 3)","(1, 3888, 2592)","(3888, 2592)","(3888, 2592)",True,ok
19775.png,19775.npy,"(256, 256, 4)","(2, 256, 256)","(256, 256)","(2, 256)",False,shape_mismatch
19777.png,19777.npy,"(1912, 2568)","(2, 1912, 2568)","(1912, 2568)","(2, 1912)",False,shape_mismatch
19844.png,19844.npy,"(666, 1000, 3)","(1, 666, 1000)","(666, 1000)","(666, 1000)",True,ok
19847.png,19847.npy,"(1912, 2568)","(2, 1912, 2568)","(1912, 2568)","(2, 1912)",False,shape_mismatch
19895.png,19895.npy,"(256, 256, 4)","(1, 256, 256)","(256, 256)","(256, 256)",True,ok
19915.png,19915.npy,"(2592, 3888, 3)","(1, 2592, 3888)","(2592, 3888)","(2592, 3888)",True,ok
19933.png,19933.npy,"(631, 211, 3)","(1, 631, 211)","(631, 211)","(631, 211)",True,ok
19935.png,19935.npy,"(520, 696, 3)","(3, 520, 696)","(520, 696)","(3, 520)",False,shape_mismatch
19953.png,19953.npy,"(666, 1000, 3)","(1, 666, 1000)","(666, 1000)","(666, 1000)",True,ok
19964.png,19964.npy,"(666, 1000, 3)","(1, 666, 1000)","(666, 1000)","(666, 1000)",True,ok
19981.png,19981.npy,"(180, 901, 3)","(1, 180, 901)","(180, 901)","(180, 901)",True,ok
19986.png,19986.npy,"(420, 590, 3)","(1, 420, 590)","(420, 590)","(420, 590)",True,ok
19993.png,19993.npy,"(1311, 1449, 3)","(2, 1311, 1449)","(1311, 1449)","(2, 1311)",False,shape_mismatch
20007.png,20007.npy,"(256, 256, 4)","(1, 256, 256)","(256, 256)","(256, 256)",True,ok
20009.png,20009.npy,"(3888, 2592, 3)","(1, 3888, 2592)","(3888, 2592)","(3888, 2592)",True,ok
20010.png,20010.npy,"(512, 723, 3)","(3, 512, 723)","(512, 723)","(3, 512)",False,shape_mismatch
20096.png,20096.npy,"(512, 740, 3)","(1, 512, 740)","(512, 740)","(512, 740)",True,ok
20097.png,20097.npy,"(512, 514, 3)","(1, 512, 514)","(512, 514)","(512, 514)",True,ok
20103.png,20103.npy,"(256, 256, 4)","(1, 256, 256)","(256, 256)","(256, 256)",True,ok
20144.png,20144.npy,"(256, 256, 4)","(2, 256, 256)","(256, 256)","(2, 256)",False,shape_mismatch
20151.png,20151.npy,"(520, 696, 4)","(1, 520, 696)","(520, 696)","(520, 696)",True,ok
20193.png,20193.npy,"(256, 256, 4)","(1, 256, 256)","(256, 256)","(256, 256)",True,ok
20194.png,20194.npy,"(512, 687, 3)","(1, 512, 687)","(512, 687)","(512, 687)",True,ok
20270.png,20270.npy,"(360, 360, 4)","(2, 360, 360)","(360, 360)","(2, 360)",False,shape_mismatch
20282.png,20282.npy,"(360, 360, 4)","(2, 360, 360)","(360, 360)","(2, 360)",False,shape_mismatch
2032.png,2032.npy,"(3888, 2592, 3)","(1, 3888, 2592)","(3888, 2592)","(3888, 2592)",True,ok
20342.png,20342.npy,"(2592, 3888, 3)","(2, 2592, 3888)","(2592, 3888)","(2, 2592)",False,shape_mismatch
20343.png,20343.npy,"(121, 128, 3)","(1, 121, 128)","(121, 128)","(121, 128)",True,ok
20379.png,20379.npy,"(256, 256, 4)","(1, 256, 256)","(256, 256)","(256, 256)",True,ok
20391.png,20391.npy,"(520, 696, 3)","(1, 520, 696)","(520, 696)","(520, 696)",True,ok
20401.png,20401.npy,"(666, 1000, 3)","(2, 666, 1000)","(666, 1000)","(2, 666)",False,shape_mismatch
20409.png,20409.npy,"(256, 256, 4)","(2, 256, 256)","(256, 256)","(2, 256)",False,shape_mismatch
20437.png,20437.npy,"(1200, 1600, 3)","(2, 1200, 1600)","(1200, 1600)","(2, 1200)",False,shape_mismatch
20490.png,20490.npy,"(520, 696, 3)","(2, 520, 696)","(520, 696)","(2, 520)",False,shape_mismatch
20498.png,20498.npy,"(256, 256, 4)","(1, 256, 256)","(256, 256)","(256, 256)",True,ok
2050.png,2050.npy,"(256, 256, 4)","(1, 256, 256)","(256, 256)","(256, 256)",True,ok
20507.png,20507.npy,"(340, 494, 3)","(2, 340, 494)","(340, 494)","(2, 340)",False,shape_mismatch
20518.png,20518.npy,"(161, 110, 3)","(1, 161, 110)","(161, 110)","(161, 110)",True,ok
2053.png,2053.npy,"(666, 1266, 3)","(4, 666, 1266)","(666, 1266)","(4, 666)",False,shape_mismatch
20541.png,20541.npy,"(1024, 1280, 3)","(1, 1024, 1280)","(1024, 1280)","(1024, 1280)",True,ok
20569.png,20569.npy,"(1912, 2568)","(1, 1912, 2568)","(1912, 2568)","(1912, 2568)",True,ok
20577.png,20577.npy,"(1024, 1024)","(2, 1024, 1024)","(1024, 1024)","(2, 1024)",False,shape_mismatch
20578.png,20578.npy,"(1200, 1600, 3)","(2, 1200, 1600)","(1200, 1600)","(2, 1200)",False,shape_mismatch
20587.png,20587.npy,"(666, 1000, 3)","(2, 666, 1000)","(666, 1000)","(2, 666)",False,shape_mismatch
20619.png,20619.npy,"(66, 319, 3)","(1, 66, 319)","(66, 319)","(66, 319)",True,ok
2064.png,2064.npy,"(194, 887, 3)","(1, 194, 887)","(194, 887)","(194, 887)",True,ok
20645.png,20645.npy,"(512, 598, 3)","(1, 512, 598)","(512, 598)","(512, 598)",True,ok
20662.png,20662.npy,"(1912, 2568)","(1, 1912, 2568)","(1912, 2568)","(1912, 2568)",True,ok
20666.png,20666.npy,"(512, 640, 4)","(3, 512, 640)","(512, 640)","(3, 512)",False,shape_mismatch
20736.png,20736.npy,"(256, 256, 4)","(1, 256, 256)","(256, 256)","(256, 256)",True,ok
20749.png,20749.npy,"(185, 350, 3)","(1, 185, 350)","(185, 350)","(185, 350)",True,ok
20751.png,20751.npy,"(256, 256, 4)","(2, 256, 256)","(256, 256)","(2, 256)",False,shape_mismatch
20752.png,20752.npy,"(256, 256, 4)","(2, 256, 256)","(256, 256)","(2, 256)",False,shape_mismatch
20753.png,20753.npy,"(119, 562, 3)","(1, 119, 562)","(119, 562)","(119, 562)",True,ok
20755.png,20755.npy,"(1024, 1024, 3)","(1, 1024, 1024)","(1024, 1024)","(1024, 1024)",True,ok
20764.png,20764.npy,"(512, 523, 3)","(2, 512, 523)","(512, 523)","(2, 512)",False,shape_mismatch
20768.png,20768.npy,"(110, 724, 3)","(1, 110, 724)","(110, 724)","(110, 724)",True,ok
20795.png,20795.npy,"(666, 1000, 3)","(1, 666, 1000)","(666, 1000)","(666, 1000)",True,ok
20800.png,20800.npy,"(273, 1615, 3)","(2, 273, 1615)","(273, 1615)","(2, 273)",False,shape_mismatch
20816.png,20816.npy,"(174, 183, 3)","(1, 174, 183)","(174, 183)","(174, 183)",True,ok
20819.png,20819.npy,"(360, 360, 4)","(1, 360, 360)","(360, 360)","(360, 360)",True,ok
20828.png,20828.npy,"(308, 1305, 3)","(1, 308, 1305)","(308, 1305)","(308, 1305)",True,ok
2083.png,2083.npy,"(666, 1000, 3)","(1, 666, 1000)","(666, 1000)","(666, 1000)",True,ok
20833.png,20833.npy,"(132, 1325, 3)","(1, 132, 1325)","(132, 1325)","(132, 1325)",True,ok
20850.png,20850.npy,"(520, 696, 3)","(1, 520, 696)","(520, 696)","(520, 696)",True,ok
2087.png,2087.npy,"(601, 560, 3)","(3, 601, 560)","(601, 560)","(3, 601)",False,shape_mismatch
20882.png,20882.npy,"(501, 98, 3)","(1, 501, 98)","(501, 98)","(501, 98)",True,ok
209.png,209.npy,"(1501, 233, 3)","(1, 1501, 233)","(1501, 233)","(1501, 233)",True,ok
20920.png,20920.npy,"(1200, 1600, 3)","(1, 1200, 1600)","(1200, 1600)","(1200, 1600)",True,ok
20985.png,20985.npy,"(199, 1346, 3)","(1, 199, 1346)","(199, 1346)","(199, 1346)",True,ok
210.png,210.npy,"(666, 1000, 3)","(1, 666, 1000)","(666, 1000)","(666, 1000)",True,ok
21004.png,21004.npy,"(1200, 1600, 3)","(1, 1200, 1600)","(1200, 1600)","(1200, 1600)",True,ok
21014.png,21014.npy,"(256, 256, 4)","(1, 256, 256)","(256, 256)","(256, 256)",True,ok
21034.png,21034.npy,"(287, 1440, 3)","(1, 287, 1440)","(287, 1440)","(287, 1440)",True,ok
21095.png,21095.npy,"(256, 320, 4)","(2, 256, 320)","(256, 320)","(2, 256)",False,shape_mismatch
21134.png,21134.npy,"(1200, 1600, 3)","(2, 1200, 1600)","(1200, 1600)","(2, 1200)",False,shape_mismatch
21156.png,21156.npy,"(97, 719, 3)","(1, 97, 719)","(97, 719)","(97, 719)",True,ok
21202.png,21202.npy,"(645, 956, 3)","(2, 645, 956)","(645, 956)","(2, 645)",False,shape_mismatch
21204.png,21204.npy,"(887, 878, 3)","(3, 887, 878)","(887, 878)","(3, 887)",False,shape_mismatch
2121.png,2121.npy,"(512, 774, 3)","(3, 512, 774)","(512, 774)","(3, 512)",False,shape_mismatch
21213.png,21213.npy,"(512, 536, 3)","(3, 512, 536)","(512, 536)","(3, 512)",False,shape_mismatch
21239.png,21239.npy,"(319, 403, 3)","(1, 319, 403)","(319, 403)","(319, 403)",True,ok
21253.png,21253.npy,"(666, 1000, 3)","(2, 666, 1000)","(666, 1000)","(2, 666)",False,shape_mismatch
21264.png,21264.npy,"(666, 1000, 3)","(2, 666, 1000)","(666, 1000)","(2, 666)",False,shape_mismatch
21266.png,21266.npy,"(666, 1000, 3)","(1, 666, 1000)","(666, 1000)","(666, 1000)",True,ok
21331.png,21331.npy,"(397, 276, 3)","(1, 397, 276)","(397, 276)","(397, 276)",True,ok
21375.png,21375.npy,"(256, 256, 4)","(1, 256, 256)","(256, 256)","(256, 256)",True,ok
21525.png,21525.npy,"(520, 696, 3)","(1, 520, 696)","(520, 696)","(520, 696)",True,ok
21540.png,21540.npy,"(256, 256, 4)","(1, 256, 256)","(256, 256)","(256, 256)",True,ok
21562.png,21562.npy,"(87, 614, 3)","(1, 87, 614)","(87, 614)","(87, 614)",True,ok
21603.png,21603.npy,"(360, 360, 4)","(3, 360, 360)","(360, 360)","(3, 360)",False,shape_mismatch
21631.png,21631.npy,"(512, 512)","(1, 512, 512)","(512, 512)","(512, 512)",True,ok
21633.png,21633.npy,"(164, 659, 3)","(1, 164, 659)","(164, 659)","(164, 659)",True,ok
2164.png,2164.npy,"(520, 696, 3)","(2, 520, 696)","(520, 696)","(2, 520)",False,shape_mismatch
21640.png,21640.npy,"(256, 256, 4)","(1, 256, 256)","(256, 256)","(256, 256)",True,ok
21652.png,21652.npy,"(170, 1159, 3)","(1, 170, 1159)","(170, 1159)","(170, 1159)",True,ok
21671.png,21671.npy,"(520, 696, 3)","(1, 520, 696)","(520, 696)","(520, 696)",True,ok
21706.png,21706.npy,"(666, 1000, 3)","(1, 666, 1000)","(666, 1000)","(666, 1000)",True,ok
21728.png,21728.npy,"(101, 610, 3)","(2, 101, 610)","(101, 610)","(2, 101)",False,shape_mismatch
21734.png,21734.npy,"(512, 640, 4)","(2, 512, 640)","(512, 640)","(2, 512)",False,shape_mismatch
21740.png,21740.npy,"(339, 794, 3)","(1, 339, 794)","(339, 794)","(339, 794)",True,ok
21747.png,21747.npy,"(512, 615, 3)","(1, 512, 615)","(512, 615)","(512, 615)",True,ok
21765.png,21765.npy,"(1200, 1600, 3)","(2, 1200, 1600)","(1200, 1600)","(2, 1200)",False,shape_mismatch
2177.png,2177.npy,"(520, 696, 3)","(1, 520, 696)","(520, 696)","(520, 696)",True,ok
21770.png,21770.npy,"(72, 589, 3)","(1, 72, 589)","(72, 589)","(72, 589)",True,ok
21773.png,21773.npy,"(666, 1000, 3)","(1, 666, 1000)","(666, 1000)","(666, 1000)",True,ok
21798.png,21798.npy,"(1024, 1280, 3)","(1, 1024, 1280)","(1024, 1280)","(1024, 1280)",True,ok
21809.png,21809.npy,"(1912, 2568)","(1, 1912, 2568)","(1912, 2568)","(1912, 2568)",True,ok
21851.png,21851.npy,"(360, 360, 4)","(1, 360, 360)","(360, 360)","(360, 360)",True,ok
21892.png,21892.npy,"(666, 1000, 3)","(1, 666, 1000)","(666, 1000)","(666, 1000)",True,ok
21933.png,21933.npy,"(1912, 2568)","(1, 1912, 2568)","(1912, 2568)","(1912, 2568)",True,ok
21946.png,21946.npy,"(186, 518, 3)","(1, 186, 518)","(186, 518)","(186, 518)",True,ok
21968.png,21968.npy,"(256, 320, 4)","(1, 256, 320)","(256, 320)","(256, 320)",True,ok
22046.png,22046.npy,"(256, 320, 4)","(1, 256, 320)","(256, 320)","(256, 320)",True,ok
22052.png,22052.npy,"(666, 1000, 3)","(1, 666, 1000)","(666, 1000)","(666, 1000)",True,ok
22066.png,22066.npy,"(666, 1000, 3)","(1, 666, 1000)","(666, 1000)","(666, 1000)",True,ok
22078.png,22078.npy,"(1200, 1600, 3)","(2, 1200, 1600)","(1200, 1600)","(2, 1200)",False,shape_mismatch
22141.png,22141.npy,"(1422, 2162, 3)","(2, 1422, 2162)","(1422, 2162)","(2, 1422)",False,shape_mismatch
22155.png,22155.npy,"(666, 1000, 3)","(1, 666, 1000)","(666, 1000)","(666, 1000)",True,ok
22158.png,22158.npy,"(1024, 1280, 3)","(1, 1024, 1280)","(1024, 1280)","(1024, 1280)",True,ok
22164.png,22164.npy,"(360, 360, 4)","(1, 360, 360)","(360, 360)","(360, 360)",True,ok
22173.png,22173.npy,"(360, 360, 4)","(1, 360, 360)","(360, 360)","(360, 360)",True,ok
22175.png,22175.npy,"(1310, 951, 3)","(3, 1310, 951)","(1310, 951)","(3, 1310)",False,shape_mismatch
22182.png,22182.npy,"(512, 518, 3)","(1, 512, 518)","(512, 518)","(512, 518)",True,ok
22216.png,22216.npy,"(512, 732, 3)","(3, 512, 732)","(512, 732)","(3, 512)",False,shape_mismatch
22224.png,22224.npy,"(1200, 1600, 3)","(1, 1200, 1600)","(1200, 1600)","(1200, 1600)",True,ok
22226.png,22226.npy,"(256, 256, 4)","(1, 256, 256)","(256, 256)","(256, 256)",True,ok
22274.png,22274.npy,"(1200, 1600, 3)","(1, 1200, 1600)","(1200, 1600)","(1200, 1600)",True,ok
2228.png,2228.npy,"(182, 177, 3)","(1, 182, 177)","(182, 177)","(182, 177)",True,ok
22293.png,22293.npy,"(512, 579, 3)","(1, 512, 579)","(512, 579)","(512, 579)",True,ok
22298.png,22298.npy,"(2592, 3888, 3)","(2, 2592, 3888)","(2592, 3888)","(2, 2592)",False,shape_mismatch
2230.png,2230.npy,"(479, 283, 3)","(1, 479, 283)","(479, 283)","(479, 283)",True,ok
22323.png,22323.npy,"(92, 569, 3)","(1, 92, 569)","(92, 569)","(92, 569)",True,ok
22337.png,22337.npy,"(256, 256, 4)","(2, 256, 256)","(256, 256)","(2, 256)",False,shape_mismatch
22346.png,22346.npy,"(1200, 1600, 3)","(2, 1200, 1600)","(1200, 1600)","(2, 1200)",False,shape_mismatch
22372.png,22372.npy,"(498, 246, 3)","(1, 498, 246)","(498, 246)","(498, 246)",True,ok
22416.png,22416.npy,"(512, 513, 3)","(1, 512, 513)","(512, 513)","(512, 513)",True,ok
22430.png,22430.npy,"(512, 512, 4)","(2, 512, 512)","(512, 512)","(2, 512)",False,shape_mismatch
22456.png,22456.npy,"(419, 1539, 3)","(1, 419, 1539)","(419, 1539)","(419, 1539)",True,ok
2249.png,2249.npy,"(512, 512, 3)","(1, 512, 512)","(512, 512)","(512, 512)",True,ok
22507.png,22507.npy,"(256, 256, 4)","(1, 256, 256)","(256, 256)","(256, 256)",True,ok
22524.png,22524.npy,"(512, 533, 3)","(2, 512, 533)","(512, 533)","(2, 512)",False,shape_mismatch
22556.png,22556.npy,"(1200, 1600, 3)","(1, 1200, 1600)","(1200, 1600)","(1200, 1600)",True,ok
22565.png,22565.npy,"(1912, 2568)","(1, 1912, 2568)","(1912, 2568)","(1912, 2568)",True,ok
22638.png,22638.npy,"(144, 794, 3)","(1, 144, 794)","(144, 794)","(144, 794)",True,ok
22666.png,22666.npy,"(512, 640, 4)","(2, 512, 640)","(512, 640)","(2, 512)",False,shape_mismatch
22719.png,22719.npy,"(512, 512)","(1, 512, 512)","(512, 512)","(512, 512)",True,ok
22732.png,22732.npy,"(100, 609, 3)","(2, 100, 609)","(100, 609)","(2, 100)",False,shape_mismatch
22739.png,22739.npy,"(1200, 1600, 3)","(1, 1200, 1600)","(1200, 1600)","(1200, 1600)",True,ok
2275.png,2275.npy,"(512, 512, 4)","(2, 512, 512)","(512, 512)","(2, 512)",False,shape_mismatch
22751.png,22751.npy,"(2592, 3888, 3)","(1, 2592, 3888)","(2592, 3888)","(2592, 3888)",True,ok
2276.png,2276.npy,"(170, 1127, 3)","(1, 170, 1127)","(170, 1127)","(170, 1127)",True,ok
22787.png,22787.npy,"(666, 1000, 3)","(1, 666, 1000)","(666, 1000)","(666, 1000)",True,ok
22797.png,22797.npy,"(199, 192, 3)","(1, 199, 192)","(199, 192)","(199, 192)",True,ok
22821.png,22821.npy,"(515, 512, 3)","(1, 515, 512)","(515, 512)","(515, 512)",True,ok
22834.png,22834.npy,"(256, 256, 4)","(2, 256, 256)","(256, 256)","(2, 256)",False,shape_mismatch
22842.png,22842.npy,"(550, 512, 3)","(1, 550, 512)","(550, 512)","(550, 512)",True,ok
22864.png,22864.npy,"(666, 1000, 3)","(1, 666, 1000)","(666, 1000)","(666, 1000)",True,ok
2290.png,2290.npy,"(168, 1641, 3)","(2, 168, 1641)","(168, 1641)","(2, 168)",False,shape_mismatch
22901.png,22901.npy,"(115, 662, 3)","(1, 115, 662)","(115, 662)","(115, 662)",True,ok
22918.png,22918.npy,"(666, 1000, 3)","(1, 666, 1000)","(666, 1000)","(666, 1000)",True,ok
2293.png,2293.npy,"(909, 898, 3)","(2, 909, 898)","(909, 898)","(2, 909)",False,shape_mismatch
22933.png,22933.npy,"(256, 320, 4)","(1, 256, 320)","(256, 320)","(256, 320)",True,ok
22951.png,22951.npy,"(1200, 1600, 3)","(1, 1200, 1600)","(1200, 1600)","(1200, 1600)",True,ok
22959.png,22959.npy,"(512, 512, 3)","(3, 512, 512)","(512, 512)","(3, 512)",False,shape_mismatch
230.png,230.npy,"(3888, 2592, 3)","(1, 3888, 2592)","(3888, 2592)","(3888, 2592)",True,ok
23006.png,23006.npy,"(666, 1000, 3)","(2, 666, 1000)","(666, 1000)","(2, 666)",False,shape_mismatch
23038.png,23038.npy,"(961, 1211, 3)","(1, 961, 1211)","(961, 1211)","(961, 1211)",True,ok
2305.png,2305.npy,"(666, 1000, 3)","(1, 666, 1000)","(666, 1000)","(666, 1000)",True,ok
2307.png,2307.npy,"(1028, 1384)","(1, 1028, 1384)","(1028, 1384)","(1028, 1384)",True,ok
23105.png,23105.npy,"(89, 820, 3)","(1, 89, 820)","(89, 820)","(89, 820)",True,ok
23115.png,23115.npy,"(666, 1000, 3)","(1, 666, 1000)","(666, 1000)","(666, 1000)",True,ok
23128.png,23128.npy,"(512, 823, 3)","(1, 512, 823)","(512, 823)","(512, 823)",True,ok
23143.png,23143.npy,"(2592, 3888, 3)","(2, 2592, 3888)","(2592, 3888)","(2, 2592)",False,shape_mismatch
23146.png,23146.npy,"(666, 1000, 3)","(1, 666, 1000)","(666, 1000)","(666, 1000)",True,ok
23157.png,23157.npy,"(520, 696, 3)","(1, 520, 696)","(520, 696)","(520, 696)",True,ok
23175.png,23175.npy,"(666, 1000, 3)","(1, 666, 1000)","(666, 1000)","(666, 1000)",True,ok
23223.png,23223.npy,"(85, 461, 3)","(1, 85, 461)","(85, 461)","(85, 461)",True,ok
23236.png,23236.npy,"(1028, 1384)","(1, 1028, 1384)","(1028, 1384)","(1028, 1384)",True,ok
23247.png,23247.npy,"(1024, 1024, 3)","(1, 1024, 1024)","(1024, 1024)","(1024, 1024)",True,ok
23251.png,23251.npy,"(512, 690, 3)","(1, 512, 690)","(512, 690)","(512, 690)",True,ok
2326.png,2326.npy,"(649, 884, 3)","(3, 649, 884)","(649, 884)","(3, 649)",False,shape_mismatch
2329.png,2329.npy,"(1200, 1600, 3)","(1, 1200, 1600)","(1200, 1600)","(1200, 1600)",True,ok
23357.png,23357.npy,"(666, 1000, 3)","(1, 666, 1000)","(666, 1000)","(666, 1000)",True,ok
23391.png,23391.npy,"(98, 723, 3)","(1, 98, 723)","(98, 723)","(98, 723)",True,ok
23398.png,23398.npy,"(1200, 1600, 3)","(1, 1200, 1600)","(1200, 1600)","(1200, 1600)",True,ok
23428.png,23428.npy,"(256, 256, 4)","(2, 256, 256)","(256, 256)","(2, 256)",False,shape_mismatch
23432.png,23432.npy,"(256, 320, 4)","(1, 256, 320)","(256, 320)","(256, 320)",True,ok
23460.png,23460.npy,"(344, 1652, 3)","(1, 344, 1652)","(344, 1652)","(344, 1652)",True,ok
23463.png,23463.npy,"(2592, 3888, 3)","(1, 2592, 3888)","(2592, 3888)","(2592, 3888)",True,ok
23499.png,23499.npy,"(666, 1000, 3)","(2, 666, 1000)","(666, 1000)","(2, 666)",False,shape_mismatch
23502.png,23502.npy,"(512, 638, 3)","(2, 512, 638)","(512, 638)","(2, 512)",False,shape_mismatch
23510.png,23510.npy,"(666, 1000, 3)","(2, 666, 1000)","(666, 1000)","(2, 666)",False,shape_mismatch
23527.png,23527.npy,"(666, 1000, 3)","(1, 666, 1000)","(666, 1000)","(666, 1000)",True,ok
2357.png,2357.npy,"(187, 1451, 3)","(1, 187, 1451)","(187, 1451)","(187, 1451)",True,ok
23606.png,23606.npy,"(512, 640, 4)","(1, 512, 640)","(512, 640)","(512, 640)",True,ok
23636.png,23636.npy,"(2592, 3888, 3)","(1, 2592, 3888)","(2592, 3888)","(2592, 3888)",True,ok
23665.png,23665.npy,"(512, 595, 3)","(2, 512, 595)","(512, 595)","(2, 512)",False,shape_mismatch
23726.png,23726.npy,"(520, 696, 3)","(1, 520, 696)","(520, 696)","(520, 696)",True,ok
23772.png,23772.npy,"(157, 1295, 3)","(1, 157, 1295)","(157, 1295)","(157, 1295)",True,ok
23818.png,23818.npy,"(666, 1000, 3)","(1, 666, 1000)","(666, 1000)","(666, 1000)",True,ok
23860.png,23860.npy,"(256, 320, 4)","(1, 256, 320)","(256, 320)","(256, 320)",True,ok
23868.png,23868.npy,"(262, 2225, 3)","(1, 262, 2225)","(262, 2225)","(262, 2225)",True,ok
23904.png,23904.npy,"(666, 1000, 3)","(1, 666, 1000)","(666, 1000)","(666, 1000)",True,ok
23930.png,23930.npy,"(512, 683, 3)","(2, 512, 683)","(512, 683)","(2, 512)",False,shape_mismatch
23976.png,23976.npy,"(512, 514, 3)","(2, 512, 514)","(512, 514)","(2, 512)",False,shape_mismatch
24012.png,24012.npy,"(512, 697, 3)","(1, 512, 697)","(512, 697)","(512, 697)",True,ok
24027.png,24027.npy,"(1912, 2568)","(2, 1912, 2568)","(1912, 2568)","(2, 1912)",False,shape_mismatch
24029.png,24029.npy,"(1200, 1600, 3)","(2, 1200, 1600)","(1200, 1600)","(2, 1200)",False,shape_mismatch
24032.png,24032.npy,"(1200, 1600, 3)","(2, 1200, 1600)","(1200, 1600)","(2, 1200)",False,shape_mismatch
2404.png,2404.npy,"(97, 620, 3)","(1, 97, 620)","(97, 620)","(97, 620)",True,ok
24043.png,24043.npy,"(512, 744, 3)","(1, 512, 744)","(512, 744)","(512, 744)",True,ok
24097.png,24097.npy,"(256, 256, 4)","(1, 256, 256)","(256, 256)","(256, 256)",True,ok
24111.png,24111.npy,"(256, 256, 4)","(1, 256, 256)","(256, 256)","(256, 256)",True,ok
24135.png,24135.npy,"(1200, 1600, 3)","(2, 1200, 1600)","(1200, 1600)","(2, 1200)",False,shape_mismatch
24147.png,24147.npy,"(135, 616, 3)","(1, 135, 616)","(135, 616)","(135, 616)",True,ok
24193.png,24193.npy,"(1678, 1463, 3)","(3, 1678, 1463)","(1678, 1463)","(3, 1678)",False,shape_mismatch
24201.png,24201.npy,"(1200, 1600, 3)","(1, 1200, 1600)","(1200, 1600)","(1200, 1600)",True,ok
24218.png,24218.npy,"(512, 640, 4)","(2, 512, 640)","(512, 640)","(2, 512)",False,shape_mismatch
24249.png,24249.npy,"(1200, 1600, 3)","(3, 1200, 1600)","(1200, 1600)","(3, 1200)",False,shape_mismatch
24268.png,24268.npy,"(256, 256, 4)","(1, 256, 256)","(256, 256)","(256, 256)",True,ok
2430.png,2430.npy,"(98, 736, 3)","(1, 98, 736)","(98, 736)","(98, 736)",True,ok
24300.png,24300.npy,"(520, 696, 3)","(3, 520, 696)","(520, 696)","(3, 520)",False,shape_mismatch
24332.png,24332.npy,"(100, 428, 3)","(1, 100, 428)","(100, 428)","(100, 428)",True,ok
24336.png,24336.npy,"(128, 653, 3)","(1, 128, 653)","(128, 653)","(128, 653)",True,ok
24348.png,24348.npy,"(256, 320, 4)","(1, 256, 320)","(256, 320)","(256, 320)",True,ok
24351.png,24351.npy,"(256, 256, 4)","(2, 256, 256)","(256, 256)","(2, 256)",False,shape_mismatch
2436.png,2436.npy,"(512, 776, 3)","(1, 512, 776)","(512, 776)","(512, 776)",True,ok
24381.png,24381.npy,"(256, 320, 4)","(2, 256, 320)","(256, 320)","(2, 256)",False,shape_mismatch
24386.png,24386.npy,"(264, 241, 3)","(1, 264, 241)","(264, 241)","(264, 241)",True,ok
24402.png,24402.npy,"(666, 1000, 3)","(1, 666, 1000)","(666, 1000)","(666, 1000)",True,ok
24473.png,24473.npy,"(513, 512, 3)","(1, 513, 512)","(513, 512)","(513, 512)",True,ok
24482.png,24482.npy,"(666, 1000, 3)","(1, 666, 1000)","(666, 1000)","(666, 1000)",True,ok
2450.png,2450.npy,"(3888, 2592, 3)","(1, 3888, 2592)","(3888, 2592)","(3888, 2592)",True,ok
24505.png,24505.npy,"(512, 738, 3)","(3, 512, 738)","(512, 738)","(3, 512)",False,shape_mismatch
24554.png,24554.npy,"(256, 320, 4)","(1, 256, 320)","(256, 320)","(256, 320)",True,ok
24555.png,24555.npy,"(512, 565, 3)","(1, 512, 565)","(512, 565)","(512, 565)",True,ok
24578.png,24578.npy,"(665, 332, 3)","(1, 665, 332)","(665, 332)","(665, 332)",True,ok
24600.png,24600.npy,"(100, 808, 3)","(1, 100, 808)","(100, 808)","(100, 808)",True,ok
24606.png,24606.npy,"(512, 512, 4)","(1, 512, 512)","(512, 512)","(512, 512)",True,ok
24615.png,24615.npy,"(256, 320, 4)","(1, 256, 320)","(256, 320)","(256, 320)",True,ok
24635.png,24635.npy,"(268, 297, 3)","(1, 268, 297)","(268, 297)","(268, 297)",True,ok
24654.png,24654.npy,"(360, 360, 4)","(1, 360, 360)","(360, 360)","(360, 360)",True,ok
24676.png,24676.npy,"(666, 1000, 3)","(1, 666, 1000)","(666, 1000)","(666, 1000)",True,ok
24682.png,24682.npy,"(1200, 1600, 3)","(2, 1200, 1600)","(1200, 1600)","(2, 1200)",False,shape_mismatch
24686.png,24686.npy,"(256, 256, 4)","(2, 256, 256)","(256, 256)","(2, 256)",False,shape_mismatch
24696.png,24696.npy,"(666, 1000, 3)","(2, 666, 1000)","(666, 1000)","(2, 666)",False,shape_mismatch
24736.png,24736.npy,"(256, 256, 4)","(1, 256, 256)","(256, 256)","(256, 256)",True,ok
24749.png,24749.npy,"(512, 512, 3)","(2, 512, 512)","(512, 512)","(2, 512)",False,shape_mismatch
24755.png,24755.npy,"(80, 1259, 3)","(1, 80, 1259)","(80, 1259)","(80, 1259)",True,ok
2476.png,2476.npy,"(256, 256, 4)","(1, 256, 256)","(256, 256)","(256, 256)",True,ok
24770.png,24770.npy,"(666, 1000, 3)","(1, 666, 1000)","(666, 1000)","(666, 1000)",True,ok
24795.png,24795.npy,"(256, 256, 4)","(1, 256, 256)","(256, 256)","(256, 256)",True,ok
24850.png,24850.npy,"(1912, 2568)","(2, 1912, 2568)","(1912, 2568)","(2, 1912)",False,shape_mismatch
24867.png,24867.npy,"(1200, 1600, 3)","(2, 1200, 1600)","(1200, 1600)","(2, 1200)",False,shape_mismatch
24894.png,24894.npy,"(1256, 1411, 3)","(2, 1256, 1411)","(1256, 1411)","(2, 1256)",False,shape_mismatch
24912.png,24912.npy,"(2592, 3888, 3)","(1, 2592, 3888)","(2592, 3888)","(2592, 3888)",True,ok
24934.png,24934.npy,"(256, 256, 4)","(1, 256, 256)","(256, 256)","(256, 256)",True,ok
24937.png,24937.npy,"(1912, 2568)","(1, 1912, 2568)","(1912, 2568)","(1912, 2568)",True,ok
24958.png,24958.npy,"(1024, 1024, 3)","(3, 1024, 1024)","(1024, 1024)","(3, 1024)",False,shape_mismatch
24960.png,24960.npy,"(666, 1000, 3)","(2, 666, 1000)","(666, 1000)","(2, 666)",False,shape_mismatch
24980.png,24980.npy,"(289, 535, 3)","(2, 289, 535)","(289, 535)","(2, 289)",False,shape_mismatch
25001.png,25001.npy,"(3888, 2592, 3)","(1, 3888, 2592)","(3888, 2592)","(3888, 2592)",True,ok
25003.png,25003.npy,"(256, 256, 4)","(1, 256, 256)","(256, 256)","(256, 256)",True,ok
25022.png,25022.npy,"(512, 512, 4)","(1, 512, 512)","(512, 512)","(512, 512)",True,ok
2506.png,2506.npy,"(666, 1000, 3)","(1, 666, 1000)","(666, 1000)","(666, 1000)",True,ok
25064.png,25064.npy,"(143, 938, 3)","(1, 143, 938)","(143, 938)","(143, 938)",True,ok
25067.png,25067.npy,"(1200, 1600, 3)","(1, 1200, 1600)","(1200, 1600)","(1200, 1600)",True,ok
25124.png,25124.npy,"(141, 340, 3)","(1, 141, 340)","(141, 340)","(141, 340)",True,ok
25142.png,25142.npy,"(256, 256, 4)","(2, 256, 256)","(256, 256)","(2, 256)",False,shape_mismatch
25245.png,25245.npy,"(512, 540, 3)","(1, 512, 540)","(512, 540)","(512, 540)",True,ok
25285.png,25285.npy,"(1302, 1730, 3)","(2, 1302, 1730)","(1302, 1730)","(2, 1302)",False,shape_mismatch
25311.png,25311.npy,"(1028, 1384)","(2, 1028, 1384)","(1028, 1384)","(2, 1028)",False,shape_mismatch
2534.png,2534.npy,"(256, 256, 4)","(1, 256, 256)","(256, 256)","(256, 256)",True,ok
25340.png,25340.npy,"(520, 696, 3)","(1, 520, 696)","(520, 696)","(520, 696)",True,ok
25344.png,25344.npy,"(361, 448, 3)","(1, 361, 448)","(361, 448)","(361, 448)",True,ok
25351.png,25351.npy,"(1921, 482, 3)","(1, 1921, 482)","(1921, 482)","(1921, 482)",True,ok
25356.png,25356.npy,"(512, 686, 3)","(1, 512, 686)","(512, 686)","(512, 686)",True,ok
25388.png,25388.npy,"(514, 512, 3)","(1, 514, 512)","(514, 512)","(514, 512)",True,ok
25390.png,25390.npy,"(666, 1000, 3)","(1, 666, 1000)","(666, 1000)","(666, 1000)",True,ok
25434.png,25434.npy,"(96, 416, 3)","(1, 96, 416)","(96, 416)","(96, 416)",True,ok
25443.png,25443.npy,"(512, 512, 4)","(2, 512, 512)","(512, 512)","(2, 512)",False,shape_mismatch
25450.png,25450.npy,"(520, 696, 3)","(2, 520, 696)","(520, 696)","(2, 520)",False,shape_mismatch
25458.png,25458.npy,"(256, 256, 4)","(2, 256, 256)","(256, 256)","(2, 256)",False,shape_mismatch
25472.png,25472.npy,"(256, 320, 4)","(1, 256, 320)","(256, 320)","(256, 320)",True,ok
25486.png,25486.npy,"(666, 1000, 3)","(1, 666, 1000)","(666, 1000)","(666, 1000)",True,ok
25502.png,25502.npy,"(545, 620, 3)","(2, 545, 620)","(545, 620)","(2, 545)",False,shape_mismatch
25520.png,25520.npy,"(256, 256, 4)","(1, 256, 256)","(256, 256)","(256, 256)",True,ok
25525.png,25525.npy,"(440, 570, 3)","(2, 440, 570)","(440, 570)","(2, 440)",False,shape_mismatch
25552.png,25552.npy,"(3888, 2592, 3)","(1, 3888, 2592)","(3888, 2592)","(3888, 2592)",True,ok
25555.png,25555.npy,"(256, 256, 4)","(1, 256, 256)","(256, 256)","(256, 256)",True,ok
25570.png,25570.npy,"(666, 1000, 3)","(1, 666, 1000)","(666, 1000)","(666, 1000)",True,ok
25604.png,25604.npy,"(512, 526, 3)","(1, 512, 526)","(512, 526)","(512, 526)",True,ok
25638.png,25638.npy,"(1024, 1024)","(2, 1024, 1024)","(1024, 1024)","(2, 1024)",False,shape_mismatch
25654.png,25654.npy,"(1200, 1600, 3)","(1, 1200, 1600)","(1200, 1600)","(1200, 1600)",True,ok
25715.png,25715.npy,"(666, 1000, 3)","(1, 666, 1000)","(666, 1000)","(666, 1000)",True,ok
25749.png,25749.npy,"(360, 360, 4)","(2, 360, 360)","(360, 360)","(2, 360)",False,shape_mismatch
25764.png,25764.npy,"(106, 924, 3)","(1, 106, 924)","(106, 924)","(106, 924)",True,ok
2577.png,2577.npy,"(512, 685, 3)","(2, 512, 685)","(512, 685)","(2, 512)",False,shape_mismatch
25861.png,25861.npy,"(512, 519, 3)","(2, 512, 519)","(512, 519)","(2, 512)",False,shape_mismatch
25907.png,25907.npy,"(512, 519, 3)","(1, 512, 519)","(512, 519)","(512, 519)",True,ok
25908.png,25908.npy,"(711, 560, 3)","(1, 711, 560)","(711, 560)","(711, 560)",True,ok
25957.png,25957.npy,"(512, 583, 3)","(2, 512, 583)","(512, 583)","(2, 512)",False,shape_mismatch
25981.png,25981.npy,"(1200, 1600, 3)","(1, 1200, 1600)","(1200, 1600)","(1200, 1600)",True,ok
26015.png,26015.npy,"(256, 256, 4)","(1, 256, 256)","(256, 256)","(256, 256)",True,ok
26020.png,26020.npy,"(169, 526, 3)","(1, 169, 526)","(169, 526)","(169, 526)",True,ok
26021.png,26021.npy,"(393, 275, 3)","(1, 393, 275)","(393, 275)","(393, 275)",True,ok
26023.png,26023.npy,"(512, 514, 3)","(3, 512, 514)","(512, 514)","(3, 512)",False,shape_mismatch
26035.png,26035.npy,"(1200, 1600, 3)","(2, 1200, 1600)","(1200, 1600)","(2, 1200)",False,shape_mismatch
26049.png,26049.npy,"(1200, 1600, 3)","(1, 1200, 1600)","(1200, 1600)","(1200, 1600)",True,ok
26119.png,26119.npy,"(1200, 1600, 3)","(2, 1200, 1600)","(1200, 1600)","(2, 1200)",False,shape_mismatch
26121.png,26121.npy,"(64, 1192, 3)","(1, 64, 1192)","(64, 1192)","(64, 1192)",True,ok
26140.png,26140.npy,"(1024, 1024, 3)","(1, 1024, 1024)","(1024, 1024)","(1024, 1024)",True,ok
26148.png,26148.npy,"(666, 1000, 3)","(2, 666, 1000)","(666, 1000)","(2, 666)",False,shape_mismatch
26200.png,26200.npy,"(520, 696, 3)","(2, 520, 696)","(520, 696)","(2, 520)",False,shape_mismatch
26206.png,26206.npy,"(85, 549, 3)","(1, 85, 549)","(85, 549)","(85, 549)",True,ok
26208.png,26208.npy,"(149, 288, 3)","(1, 149, 288)","(149, 288)","(149, 288)",True,ok
26211.png,26211.npy,"(1200, 1600, 3)","(2, 1200, 1600)","(1200, 1600)","(2, 1200)",False,shape_mismatch
2622.png,2622.npy,"(1024, 1024)","(1, 1024, 1024)","(1024, 1024)","(1024, 1024)",True,ok
26252.png,26252.npy,"(666, 1000, 3)","(1, 666, 1000)","(666, 1000)","(666, 1000)",True,ok
26286.png,26286.npy,"(512, 768, 3)","(3, 512, 768)","(512, 768)","(3, 512)",False,shape_mismatch
26292.png,26292.npy,"(110, 602, 3)","(1, 110, 602)","(110, 602)","(110, 602)",True,ok
26313.png,26313.npy,"(75, 1067, 3)","(1, 75, 1067)","(75, 1067)","(75, 1067)",True,ok
26329.png,26329.npy,"(256, 256, 4)","(2, 256, 256)","(256, 256)","(2, 256)",False,shape_mismatch
26335.png,26335.npy,"(2592, 3888, 3)","(1, 2592, 3888)","(2592, 3888)","(2592, 3888)",True,ok
26370.png,26370.npy,"(360, 360, 4)","(1, 360, 360)","(360, 360)","(360, 360)",True,ok
26402.png,26402.npy,"(1200, 1600, 3)","(3, 1200, 1600)","(1200, 1600)","(3, 1200)",False,shape_mismatch
26430.png,26430.npy,"(2592, 3888, 3)","(1, 2592, 3888)","(2592, 3888)","(2592, 3888)",True,ok
26435.png,26435.npy,"(666, 1000, 3)","(1, 666, 1000)","(666, 1000)","(666, 1000)",True,ok
26436.png,26436.npy,"(1200, 1600, 3)","(1, 1200, 1600)","(1200, 1600)","(1200, 1600)",True,ok
26442.png,26442.npy,"(512, 515, 3)","(1, 512, 515)","(512, 515)","(512, 515)",True,ok
26461.png,26461.npy,"(512, 512, 4)","(3, 512, 512)","(512, 512)","(3, 512)",False,shape_mismatch
26477.png,26477.npy,"(666, 1000, 3)","(1, 666, 1000)","(666, 1000)","(666, 1000)",True,ok
26492.png,26492.npy,"(512, 567, 3)","(1, 512, 567)","(512, 567)","(512, 567)",True,ok
26499.png,26499.npy,"(164, 1015, 3)","(1, 164, 1015)","(164, 1015)","(164, 1015)",True,ok
26523.png,26523.npy,"(256, 256, 4)","(1, 256, 256)","(256, 256)","(256, 256)",True,ok
26560.png,26560.npy,"(515, 512, 3)","(1, 515, 512)","(515, 512)","(515, 512)",True,ok
2657.png,2657.npy,"(520, 696, 3)","(1, 520, 696)","(520, 696)","(520, 696)",True,ok
26580.png,26580.npy,"(1024, 1280, 3)","(1, 1024, 1280)","(1024, 1280)","(1024, 1280)",True,ok
26581.png,26581.npy,"(205, 1376, 3)","(1, 205, 1376)","(205, 1376)","(205, 1376)",True,ok
26583.png,26583.npy,"(256, 256, 4)","(1, 256, 256)","(256, 256)","(256, 256)",True,ok
26606.png,26606.npy,"(256, 320, 4)","(3, 256, 320)","(256, 320)","(3, 256)",False,shape_mismatch
26644.png,26644.npy,"(200, 604, 3)","(1, 200, 604)","(200, 604)","(200, 604)",True,ok
26730.png,26730.npy,"(256, 256, 4)","(1, 256, 256)","(256, 256)","(256, 256)",True,ok
26766.png,26766.npy,"(666, 1000, 3)","(1, 666, 1000)","(666, 1000)","(666, 1000)",True,ok
26868.png,26868.npy,"(256, 256, 4)","(3, 256, 256)","(256, 256)","(3, 256)",False,shape_mismatch
26894.png,26894.npy,"(117, 565, 3)","(1, 117, 565)","(117, 565)","(117, 565)",True,ok
26929.png,26929.npy,"(273, 232, 3)","(1, 273, 232)","(273, 232)","(273, 232)",True,ok
26933.png,26933.npy,"(1200, 1600, 3)","(3, 1200, 1600)","(1200, 1600)","(3, 1200)",False,shape_mismatch
26968.png,26968.npy,"(512, 574, 3)","(1, 512, 574)","(512, 574)","(512, 574)",True,ok
26977.png,26977.npy,"(666, 1000, 3)","(2, 666, 1000)","(666, 1000)","(2, 666)",False,shape_mismatch
27023.png,27023.npy,"(666, 1000, 3)","(2, 666, 1000)","(666, 1000)","(2, 666)",False,shape_mismatch
27034.png,27034.npy,"(512, 759, 3)","(1, 512, 759)","(512, 759)","(512, 759)",True,ok
27061.png,27061.npy,"(355, 1159, 3)","(1, 355, 1159)","(355, 1159)","(355, 1159)",True,ok
27091.png,27091.npy,"(393, 176, 3)","(1, 393, 176)","(393, 176)","(393, 176)",True,ok
27148.png,27148.npy,"(177, 1295, 3)","(2, 177, 1295)","(177, 1295)","(2, 177)",False,shape_mismatch
27152.png,27152.npy,"(256, 320, 4)","(1, 256, 320)","(256, 320)","(256, 320)",True,ok
27168.png,27168.npy,"(1200, 1600, 3)","(2, 1200, 1600)","(1200, 1600)","(2, 1200)",False,shape_mismatch
27195.png,27195.npy,"(187, 991, 3)","(1, 187, 991)","(187, 991)","(187, 991)",True,ok
27284.png,27284.npy,"(256, 256, 4)","(1, 256, 256)","(256, 256)","(256, 256)",True,ok
27300.png,27300.npy,"(256, 320, 4)","(1, 256, 320)","(256, 320)","(256, 320)",True,ok
27312.png,27312.npy,"(512, 512, 4)","(2, 512, 512)","(512, 512)","(2, 512)",False,shape_mismatch
27376.png,27376.npy,"(184, 1264, 3)","(1, 184, 1264)","(184, 1264)","(184, 1264)",True,ok
27409.png,27409.npy,"(512, 512, 4)","(1, 512, 512)","(512, 512)","(512, 512)",True,ok
27419.png,27419.npy,"(256, 256, 4)","(2, 256, 256)","(256, 256)","(2, 256)",False,shape_mismatch
27454.png,27454.npy,"(1912, 2568)","(1, 1912, 2568)","(1912, 2568)","(1912, 2568)",True,ok
27462.png,27462.npy,"(666, 1000, 3)","(3, 666, 1000)","(666, 1000)","(3, 666)",False,shape_mismatch
27490.png,27490.npy,"(264, 1267, 3)","(1, 264, 1267)","(264, 1267)","(264, 1267)",True,ok
27586.png,27586.npy,"(360, 360, 4)","(1, 360, 360)","(360, 360)","(360, 360)",True,ok
27606.png,27606.npy,"(256, 256, 4)","(2, 256, 256)","(256, 256)","(2, 256)",False,shape_mismatch
27620.png,27620.npy,"(1200, 1600, 3)","(2, 1200, 1600)","(1200, 1600)","(2, 1200)",False,shape_mismatch
27639.png,27639.npy,"(621, 512, 3)","(1, 621, 512)","(621, 512)","(621, 512)",True,ok
27666.png,27666.npy,"(571, 390, 3)","(1, 571, 390)","(571, 390)","(571, 390)",True,ok
27694.png,27694.npy,"(520, 696, 3)","(1, 520, 696)","(520, 696)","(520, 696)",True,ok
27705.png,27705.npy,"(256, 256, 4)","(1, 256, 256)","(256, 256)","(256, 256)",True,ok
27722.png,27722.npy,"(223, 513, 3)","(1, 223, 513)","(223, 513)","(223, 513)",True,ok
27807.png,27807.npy,"(1200, 1600, 3)","(1, 1200, 1600)","(1200, 1600)","(1200, 1600)",True,ok
27822.png,27822.npy,"(520, 696, 3)","(1, 520, 696)","(520, 696)","(520, 696)",True,ok
27829.png,27829.npy,"(112, 401, 3)","(1, 112, 401)","(112, 401)","(112, 401)",True,ok
27849.png,27849.npy,"(256, 320, 4)","(1, 256, 320)","(256, 320)","(256, 320)",True,ok
27856.png,27856.npy,"(360, 360, 4)","(3, 360, 360)","(360, 360)","(3, 360)",False,shape_mismatch
27862.png,27862.npy,"(179, 2415, 3)","(1, 179, 2415)","(179, 2415)","(179, 2415)",True,ok
27889.png,27889.npy,"(1024, 1024)","(2, 1024, 1024)","(1024, 1024)","(2, 1024)",False,shape_mismatch
27896.png,27896.npy,"(1200, 1600, 3)","(1, 1200, 1600)","(1200, 1600)","(1200, 1600)",True,ok
27929.png,27929.npy,"(118, 431, 3)","(1, 118, 431)","(118, 431)","(118, 431)",True,ok
27957.png,27957.npy,"(633, 854, 3)","(2, 633, 854)","(633, 854)","(2, 633)",False,shape_mismatch
28002.png,28002.npy,"(85, 483, 3)","(1, 85, 483)","(85, 483)","(85, 483)",True,ok
28011.png,28011.npy,"(1024, 1024)","(1, 1024, 1024)","(1024, 1024)","(1024, 1024)",True,ok
28014.png,28014.npy,"(666, 1000, 3)","(1, 666, 1000)","(666, 1000)","(666, 1000)",True,ok
28059.png,28059.npy,"(446, 627, 3)","(2, 446, 627)","(446, 627)","(2, 446)",False,shape_mismatch
28061.png,28061.npy,"(666, 1000, 3)","(2, 666, 1000)","(666, 1000)","(2, 666)",False,shape_mismatch
28081.png,28081.npy,"(512, 512, 4)","(3, 512, 512)","(512, 512)","(3, 512)",False,shape_mismatch
28179.png,28179.npy,"(256, 320, 4)","(1, 256, 320)","(256, 320)","(256, 320)",True,ok
28195.png,28195.npy,"(514, 512, 3)","(2, 514, 512)","(514, 512)","(2, 514)",False,shape_mismatch
28207.png,28207.npy,"(1200, 1600, 3)","(3, 1200, 1600)","(1200, 1600)","(3, 1200)",False,shape_mismatch
28209.png,28209.npy,"(512, 512, 4)","(1, 512, 512)","(512, 512)","(512, 512)",True,ok
28213.png,28213.npy,"(256, 320, 4)","(1, 256, 320)","(256, 320)","(256, 320)",True,ok
28226.png,28226.npy,"(3888, 2592, 3)","(1, 3888, 2592)","(3888, 2592)","(3888, 2592)",True,ok
28245.png,28245.npy,"(86, 1123, 3)","(1, 86, 1123)","(86, 1123)","(86, 1123)",True,ok
28248.png,28248.npy,"(256, 256, 4)","(1, 256, 256)","(256, 256)","(256, 256)",True,ok
28251.png,28251.npy,"(666, 1000, 3)","(1, 666, 1000)","(666, 1000)","(666, 1000)",True,ok
28264.png,28264.npy,"(666, 1000, 3)","(2, 666, 1000)","(666, 1000)","(2, 666)",False,shape_mismatch
28279.png,28279.npy,"(256, 256, 4)","(2, 256, 256)","(256, 256)","(2, 256)",False,shape_mismatch
28283.png,28283.npy,"(138, 1641, 3)","(1, 138, 1641)","(138, 1641)","(138, 1641)",True,ok
28307.png,28307.npy,"(256, 256, 4)","(2, 256, 256)","(256, 256)","(2, 256)",False,shape_mismatch
28310.png,28310.npy,"(104, 441, 3)","(1, 104, 441)","(104, 441)","(104, 441)",True,ok
28355.png,28355.npy,"(256, 256, 4)","(1, 256, 256)","(256, 256)","(256, 256)",True,ok
28390.png,28390.npy,"(256, 256, 4)","(2, 256, 256)","(256, 256)","(2, 256)",False,shape_mismatch
28412.png,28412.npy,"(666, 1000, 3)","(1, 666, 1000)","(666, 1000)","(666, 1000)",True,ok
28438.png,28438.npy,"(94, 518, 3)","(1, 94, 518)","(94, 518)","(94, 518)",True,ok
28449.png,28449.npy,"(256, 256, 4)","(2, 256, 256)","(256, 256)","(2, 256)",False,shape_mismatch
28465.png,28465.npy,"(256, 256, 4)","(2, 256, 256)","(256, 256)","(2, 256)",False,shape_mismatch
28469.png,28469.npy,"(512, 520, 3)","(2, 512, 520)","(512, 520)","(2, 512)",False,shape_mismatch
28496.png,28496.npy,"(256, 256, 4)","(1, 256, 256)","(256, 256)","(256, 256)",True,ok
28548.png,28548.npy,"(520, 696, 3)","(1, 520, 696)","(520, 696)","(520, 696)",True,ok
2855.png,2855.npy,"(115, 662, 3)","(1, 115, 662)","(115, 662)","(115, 662)",True,ok
28559.png,28559.npy,"(1200, 1600, 3)","(2, 1200, 1600)","(1200, 1600)","(2, 1200)",False,shape_mismatch
28571.png,28571.npy,"(256, 256, 4)","(1, 256, 256)","(256, 256)","(256, 256)",True,ok
28578.png,28578.npy,"(1024, 1024)","(1, 1024, 1024)","(1024, 1024)","(1024, 1024)",True,ok
286.png,286.npy,"(1200, 1600, 3)","(3, 1200, 1600)","(1200, 1600)","(3, 1200)",False,shape_mismatch
28602.png,28602.npy,"(1912, 2568)","(1, 1912, 2568)","(1912, 2568)","(1912, 2568)",True,ok
28614.png,28614.npy,"(666, 1000, 3)","(1, 666, 1000)","(666, 1000)","(666, 1000)",True,ok
28617.png,28617.npy,"(624, 170, 3)","(1, 624, 170)","(624, 170)","(624, 170)",True,ok
28645.png,28645.npy,"(68, 697, 3)","(1, 68, 697)","(68, 697)","(68, 697)",True,ok
287.png,287.npy,"(343, 1021, 3)","(1, 343, 1021)","(343, 1021)","(343, 1021)",True,ok
28714.png,28714.npy,"(1912, 2568)","(1, 1912, 2568)","(1912, 2568)","(1912, 2568)",True,ok
28800.png,28800.npy,"(256, 256, 4)","(1, 256, 256)","(256, 256)","(256, 256)",True,ok
28818.png,28818.npy,"(311, 286, 3)","(1, 311, 286)","(311, 286)","(311, 286)",True,ok
28878.png,28878.npy,"(1024, 1024, 3)","(1, 1024, 1024)","(1024, 1024)","(1024, 1024)",True,ok
28879.png,28879.npy,"(666, 1000, 3)","(2, 666, 1000)","(666, 1000)","(2, 666)",False,shape_mismatch
28904.png,28904.npy,"(666, 1000, 3)","(1, 666, 1000)","(666, 1000)","(666, 1000)",True,ok
28921.png,28921.npy,"(1225, 1489, 3)","(3, 1225, 1489)","(1225, 1489)","(3, 1225)",False,shape_mismatch
28922.png,28922.npy,"(520, 696, 4)","(2, 520, 696)","(520, 696)","(2, 520)",False,shape_mismatch
28928.png,28928.npy,"(1200, 1600, 3)","(2, 1200, 1600)","(1200, 1600)","(2, 1200)",False,shape_mismatch
28949.png,28949.npy,"(113, 698, 3)","(1, 113, 698)","(113, 698)","(113, 698)",True,ok
28953.png,28953.npy,"(1024, 1280, 3)","(1, 1024, 1280)","(1024, 1280)","(1024, 1280)",True,ok
2896.png,2896.npy,"(512, 512, 4)","(1, 512, 512)","(512, 512)","(512, 512)",True,ok
28962.png,28962.npy,"(666, 1000, 3)","(1, 666, 1000)","(666, 1000)","(666, 1000)",True,ok
28965.png,28965.npy,"(360, 360, 4)","(1, 360, 360)","(360, 360)","(360, 360)",True,ok
28971.png,28971.npy,"(512, 750, 3)","(1, 512, 750)","(512, 750)","(512, 750)",True,ok
28972.png,28972.npy,"(1232, 925, 3)","(3, 1232, 925)","(1232, 925)","(3, 1232)",False,shape_mismatch
29010.png,29010.npy,"(590, 741, 3)","(2, 590, 741)","(590, 741)","(2, 590)",False,shape_mismatch
29025.png,29025.npy,"(270, 1668, 3)","(1, 270, 1668)","(270, 1668)","(270, 1668)",True,ok
29058.png,29058.npy,"(591, 778, 3)","(2, 591, 778)","(591, 778)","(2, 591)",False,shape_mismatch
29076.png,29076.npy,"(436, 638, 3)","(1, 436, 638)","(436, 638)","(436, 638)",True,ok
29083.png,29083.npy,"(528, 512, 3)","(1, 528, 512)","(528, 512)","(528, 512)",True,ok
29087.png,29087.npy,"(512, 640, 4)","(2, 512, 640)","(512, 640)","(2, 512)",False,shape_mismatch
2910.png,2910.npy,"(311, 944, 3)","(1, 311, 944)","(311, 944)","(311, 944)",True,ok
29129.png,29129.npy,"(360, 360, 4)","(1, 360, 360)","(360, 360)","(360, 360)",True,ok
29146.png,29146.npy,"(512, 517, 3)","(1, 512, 517)","(512, 517)","(512, 517)",True,ok
29171.png,29171.npy,"(520, 696, 3)","(1, 520, 696)","(520, 696)","(520, 696)",True,ok
29189.png,29189.npy,"(1200, 1600, 3)","(1, 1200, 1600)","(1200, 1600)","(1200, 1600)",True,ok
29220.png,29220.npy,"(256, 256, 4)","(2, 256, 256)","(256, 256)","(2, 256)",False,shape_mismatch
29229.png,29229.npy,"(666, 1000, 3)","(1, 666, 1000)","(666, 1000)","(666, 1000)",True,ok
29234.png,29234.npy,"(666, 1000, 3)","(1, 666, 1000)","(666, 1000)","(666, 1000)",True,ok
29277.png,29277.npy,"(1024, 1024)","(2, 1024, 1024)","(1024, 1024)","(2, 1024)",False,shape_mismatch
29281.png,29281.npy,"(611, 521, 3)","(1, 611, 521)","(611, 521)","(611, 521)",True,ok
29380.png,29380.npy,"(512, 512, 4)","(2, 512, 512)","(512, 512)","(2, 512)",False,shape_mismatch
29464.png,29464.npy,"(256, 256, 4)","(1, 256, 256)","(256, 256)","(256, 256)",True,ok
29465.png,29465.npy,"(132, 1006, 3)","(1, 132, 1006)","(132, 1006)","(132, 1006)",True,ok
29466.png,29466.npy,"(135, 475, 3)","(1, 135, 475)","(135, 475)","(135, 475)",True,ok
29472.png,29472.npy,"(1200, 1600, 3)","(2, 1200, 1600)","(1200, 1600)","(2, 1200)",False,shape_mismatch
29475.png,29475.npy,"(512, 768, 3)","(1, 512, 768)","(512, 768)","(512, 768)",True,ok
29482.png,29482.npy,"(1912, 2568)","(1, 1912, 2568)","(1912, 2568)","(1912, 2568)",True,ok
29503.png,29503.npy,"(94, 405, 3)","(1, 94, 405)","(94, 405)","(94, 405)",True,ok
29508.png,29508.npy,"(512, 688, 3)","(2, 512, 688)","(512, 688)","(2, 512)",False,shape_mismatch
29524.png,29524.npy,"(1200, 1600, 3)","(2, 1200, 1600)","(1200, 1600)","(2, 1200)",False,shape_mismatch
29535.png,29535.npy,"(157, 787, 3)","(1, 157, 787)","(157, 787)","(157, 787)",True,ok
29593.png,29593.npy,"(512, 675, 3)","(2, 512, 675)","(512, 675)","(2, 512)",False,shape_mismatch
29605.png,29605.npy,"(256, 320, 4)","(2, 256, 320)","(256, 320)","(2, 256)",False,shape_mismatch
29607.png,29607.npy,"(256, 320, 4)","(1, 256, 320)","(256, 320)","(256, 320)",True,ok
2961.png,2961.npy,"(666, 1000, 3)","(1, 666, 1000)","(666, 1000)","(666, 1000)",True,ok
2966.png,2966.npy,"(256, 256, 4)","(1, 256, 256)","(256, 256)","(256, 256)",True,ok
29663.png,29663.npy,"(512, 689, 3)","(1, 512, 689)","(512, 689)","(512, 689)",True,ok
29668.png,29668.npy,"(216, 569, 3)","(1, 216, 569)","(216, 569)","(216, 569)",True,ok
29671.png,29671.npy,"(520, 696, 3)","(1, 520, 696)","(520, 696)","(520, 696)",True,ok
29675.png,29675.npy,"(666, 1000, 3)","(1, 666, 1000)","(666, 1000)","(666, 1000)",True,ok
29679.png,29679.npy,"(256, 256, 4)","(1, 256, 256)","(256, 256)","(256, 256)",True,ok
29689.png,29689.npy,"(1200, 1600, 3)","(2, 1200, 1600)","(1200, 1600)","(2, 1200)",False,shape_mismatch
29736.png,29736.npy,"(666, 1000, 3)","(1, 666, 1000)","(666, 1000)","(666, 1000)",True,ok
29770.png,29770.npy,"(520, 696, 3)","(1, 520, 696)","(520, 696)","(520, 696)",True,ok
29793.png,29793.npy,"(1912, 2568)","(1, 1912, 2568)","(1912, 2568)","(1912, 2568)",True,ok
29797.png,29797.npy,"(81, 547, 3)","(1, 81, 547)","(81, 547)","(81, 547)",True,ok
298.png,298.npy,"(82, 571, 3)","(1, 82, 571)","(82, 571)","(82, 571)",True,ok
29876.png,29876.npy,"(520, 696, 3)","(2, 520, 696)","(520, 696)","(2, 520)",False,shape_mismatch
29894.png,29894.npy,"(520, 696, 4)","(1, 520, 696)","(520, 696)","(520, 696)",True,ok
29899.png,29899.npy,"(666, 1000, 3)","(2, 666, 1000)","(666, 1000)","(2, 666)",False,shape_mismatch
29912.png,29912.npy,"(666, 1000, 3)","(1, 666, 1000)","(666, 1000)","(666, 1000)",True,ok
29935.png,29935.npy,"(67, 396, 3)","(1, 67, 396)","(67, 396)","(67, 396)",True,ok
29988.png,29988.npy,"(192, 1129, 3)","(1, 192, 1129)","(192, 1129)","(192, 1129)",True,ok
30015.png,30015.npy,"(65, 1181, 3)","(1, 65, 1181)","(65, 1181)","(65, 1181)",True,ok
30023.png,30023.npy,"(1415, 1878, 3)","(2, 1415, 1878)","(1415, 1878)","(2, 1415)",False,shape_mismatch
30040.png,30040.npy,"(512, 513, 3)","(1, 512, 513)","(512, 513)","(512, 513)",True,ok
30045.png,30045.npy,"(512, 597, 3)","(1, 512, 597)","(512, 597)","(512, 597)",True,ok
30050.png,30050.npy,"(704, 204, 3)","(1, 704, 204)","(704, 204)","(704, 204)",True,ok
30060.png,30060.npy,"(666, 1000, 3)","(1, 666, 1000)","(666, 1000)","(666, 1000)",True,ok
30100.png,30100.npy,"(171, 876, 3)","(1, 171, 876)","(171, 876)","(171, 876)",True,ok
30191.png,30191.npy,"(512, 545, 3)","(1, 512, 545)","(512, 545)","(512, 545)",True,ok
30217.png,30217.npy,"(666, 1000, 3)","(1, 666, 1000)","(666, 1000)","(666, 1000)",True,ok
30232.png,30232.npy,"(256, 256, 4)","(1, 256, 256)","(256, 256)","(256, 256)",True,ok
30235.png,30235.npy,"(1200, 1600, 3)","(1, 1200, 1600)","(1200, 1600)","(1200, 1600)",True,ok
30283.png,30283.npy,"(512, 687, 3)","(1, 512, 687)","(512, 687)","(512, 687)",True,ok
30297.png,30297.npy,"(520, 696, 3)","(1, 520, 696)","(520, 696)","(520, 696)",True,ok
30298.png,30298.npy,"(514, 512, 3)","(2, 514, 512)","(514, 512)","(2, 514)",False,shape_mismatch
30307.png,30307.npy,"(159, 1306, 3)","(1, 159, 1306)","(159, 1306)","(159, 1306)",True,ok
30308.png,30308.npy,"(512, 512, 4)","(2, 512, 512)","(512, 512)","(2, 512)",False,shape_mismatch
30340.png,30340.npy,"(256, 256, 4)","(3, 256, 256)","(256, 256)","(3, 256)",False,shape_mismatch
30344.png,30344.npy,"(512, 777, 3)","(1, 512, 777)","(512, 777)","(512, 777)",True,ok
30354.png,30354.npy,"(1912, 2568)","(1, 1912, 2568)","(1912, 2568)","(1912, 2568)",True,ok
30389.png,30389.npy,"(256, 256, 4)","(2, 256, 256)","(256, 256)","(2, 256)",False,shape_mismatch
30408.png,30408.npy,"(256, 256, 4)","(1, 256, 256)","(256, 256)","(256, 256)",True,ok
30419.png,30419.npy,"(1200, 1600, 3)","(3, 1200, 1600)","(1200, 1600)","(3, 1200)",False,shape_mismatch
30476.png,30476.npy,"(666, 1000, 3)","(2, 666, 1000)","(666, 1000)","(2, 666)",False,shape_mismatch
30494.png,30494.npy,"(1200, 1600, 3)","(3, 1200, 1600)","(1200, 1600)","(3, 1200)",False,shape_mismatch
30503.png,30503.npy,"(512, 515, 3)","(2, 512, 515)","(512, 515)","(2, 512)",False,shape_mismatch
30572.png,30572.npy,"(256, 256, 4)","(2, 256, 256)","(256, 256)","(2, 256)",False,shape_mismatch
30587.png,30587.npy,"(1200, 1600, 3)","(3, 1200, 1600)","(1200, 1600)","(3, 1200)",False,shape_mismatch
30614.png,30614.npy,"(512, 513, 3)","(1, 512, 513)","(512, 513)","(512, 513)",True,ok
3062.png,3062.npy,"(512, 687, 3)","(2, 512, 687)","(512, 687)","(2, 512)",False,shape_mismatch
30624.png,30624.npy,"(526, 669, 3)","(3, 526, 669)","(526, 669)","(3, 526)",False,shape_mismatch
30629.png,30629.npy,"(379, 470, 3)","(1, 379, 470)","(379, 470)","(379, 470)",True,ok
30634.png,30634.npy,"(1912, 2568)","(1, 1912, 2568)","(1912, 2568)","(1912, 2568)",True,ok
30649.png,30649.npy,"(131, 1329, 3)","(1, 131, 1329)","(131, 1329)","(131, 1329)",True,ok
30715.png,30715.npy,"(1912, 2568)","(1, 1912, 2568)","(1912, 2568)","(1912, 2568)",True,ok
30716.png,30716.npy,"(512, 512, 4)","(2, 512, 512)","(512, 512)","(2, 512)",False,shape_mismatch
3073.png,3073.npy,"(512, 583, 3)","(2, 512, 583)","(512, 583)","(2, 512)",False,shape_mismatch
30748.png,30748.npy,"(666, 1000, 3)","(1, 666, 1000)","(666, 1000)","(666, 1000)",True,ok
3087.png,3087.npy,"(212, 1083, 3)","(1, 212, 1083)","(212, 1083)","(212, 1083)",True,ok
30871.png,30871.npy,"(512, 729, 3)","(2, 512, 729)","(512, 729)","(2, 512)",False,shape_mismatch
30881.png,30881.npy,"(516, 529, 3)","(1, 516, 529)","(516, 529)","(516, 529)",True,ok
30883.png,30883.npy,"(739, 639, 3)","(1, 739, 639)","(739, 639)","(739, 639)",True,ok
30909.png,30909.npy,"(340, 355, 3)","(3, 340, 355)","(340, 355)","(3, 340)",False,shape_mismatch
30914.png,30914.npy,"(1200, 1600, 3)","(1, 1200, 1600)","(1200, 1600)","(1200, 1600)",True,ok
30917.png,30917.npy,"(520, 696, 3)","(3, 520, 696)","(520, 696)","(3, 520)",False,shape_mismatch
30923.png,30923.npy,"(1912, 2568)","(1, 1912, 2568)","(1912, 2568)","(1912, 2568)",True,ok
30931.png,30931.npy,"(1200, 1600, 3)","(1, 1200, 1600)","(1200, 1600)","(1200, 1600)",True,ok
30950.png,30950.npy,"(666, 1000, 3)","(1, 666, 1000)","(666, 1000)","(666, 1000)",True,ok
30996.png,30996.npy,"(2592, 3888, 3)","(1, 2592, 3888)","(2592, 3888)","(2592, 3888)",True,ok
31040.png,31040.npy,"(135, 1443, 3)","(1, 135, 1443)","(135, 1443)","(135, 1443)",True,ok
31077.png,31077.npy,"(256, 256, 4)","(2, 256, 256)","(256, 256)","(2, 256)",False,shape_mismatch
31086.png,31086.npy,"(287, 1440, 3)","(1, 287, 1440)","(287, 1440)","(287, 1440)",True,ok
31089.png,31089.npy,"(589, 1106, 3)","(1, 589, 1106)","(589, 1106)","(589, 1106)",True,ok
31098.png,31098.npy,"(256, 256, 4)","(1, 256, 256)","(256, 256)","(256, 256)",True,ok
3110.png,3110.npy,"(167, 941, 3)","(1, 167, 941)","(167, 941)","(167, 941)",True,ok
31156.png,31156.npy,"(1024, 1024)","(2, 1024, 1024)","(1024, 1024)","(2, 1024)",False,shape_mismatch
31168.png,31168.npy,"(256, 256, 4)","(2, 256, 256)","(256, 256)","(2, 256)",False,shape_mismatch
31186.png,31186.npy,"(360, 360, 4)","(1, 360, 360)","(360, 360)","(360, 360)",True,ok
31188.png,31188.npy,"(504, 655, 3)","(2, 504, 655)","(504, 655)","(2, 504)",False,shape_mismatch
31218.png,31218.npy,"(256, 320, 4)","(1, 256, 320)","(256, 320)","(256, 320)",True,ok
31222.png,31222.npy,"(360, 360, 4)","(1, 360, 360)","(360, 360)","(360, 360)",True,ok
31232.png,31232.npy,"(256, 320, 4)","(1, 256, 320)","(256, 320)","(256, 320)",True,ok
31245.png,31245.npy,"(1867, 920, 3)","(1, 1867, 920)","(1867, 920)","(1867, 920)",True,ok
3125.png,3125.npy,"(256, 256, 4)","(1, 256, 256)","(256, 256)","(256, 256)",True,ok
31262.png,31262.npy,"(1200, 1600, 3)","(2, 1200, 1600)","(1200, 1600)","(2, 1200)",False,shape_mismatch
31301.png,31301.npy,"(213, 367, 3)","(1, 213, 367)","(213, 367)","(213, 367)",True,ok
31313.png,31313.npy,"(563, 1917, 3)","(2, 563, 1917)","(563, 1917)","(2, 563)",False,shape_mismatch
31329.png,31329.npy,"(571, 390, 3)","(1, 571, 390)","(571, 390)","(571, 390)",True,ok
31330.png,31330.npy,"(1200, 1600, 3)","(1, 1200, 1600)","(1200, 1600)","(1200, 1600)",True,ok
31336.png,31336.npy,"(1912, 2568)","(1, 1912, 2568)","(1912, 2568)","(1912, 2568)",True,ok
31354.png,31354.npy,"(256, 256, 4)","(2, 256, 256)","(256, 256)","(2, 256)",False,shape_mismatch
31405.png,31405.npy,"(98, 790, 3)","(1, 98, 790)","(98, 790)","(98, 790)",True,ok
31425.png,31425.npy,"(3888, 2592, 3)","(2, 3888, 2592)","(3888, 2592)","(2, 3888)",False,shape_mismatch
31465.png,31465.npy,"(1200, 1600, 3)","(3, 1200, 1600)","(1200, 1600)","(3, 1200)",False,shape_mismatch
31468.png,31468.npy,"(666, 1000, 3)","(1, 666, 1000)","(666, 1000)","(666, 1000)",True,ok
31476.png,31476.npy,"(151, 1660, 3)","(1, 151, 1660)","(151, 1660)","(151, 1660)",True,ok
31540.png,31540.npy,"(666, 1000, 3)","(1, 666, 1000)","(666, 1000)","(666, 1000)",True,ok
3159.png,3159.npy,"(666, 1000, 3)","(1, 666, 1000)","(666, 1000)","(666, 1000)",True,ok
3167.png,3167.npy,"(666, 1000, 3)","(1, 666, 1000)","(666, 1000)","(666, 1000)",True,ok
31725.png,31725.npy,"(538, 381, 3)","(1, 538, 381)","(538, 381)","(538, 381)",True,ok
31783.png,31783.npy,"(85, 549, 3)","(1, 85, 549)","(85, 549)","(85, 549)",True,ok
31803.png,31803.npy,"(1200, 1600, 3)","(1, 1200, 1600)","(1200, 1600)","(1200, 1600)",True,ok
31812.png,31812.npy,"(1200, 1600, 3)","(1, 1200, 1600)","(1200, 1600)","(1200, 1600)",True,ok
31826.png,31826.npy,"(666, 1000, 3)","(1, 666, 1000)","(666, 1000)","(666, 1000)",True,ok
31834.png,31834.npy,"(106, 717, 3)","(1, 106, 717)","(106, 717)","(106, 717)",True,ok
31864.png,31864.npy,"(666, 1000, 3)","(1, 666, 1000)","(666, 1000)","(666, 1000)",True,ok
31891.png,31891.npy,"(123, 612, 3)","(1, 123, 612)","(123, 612)","(123, 612)",True,ok
31893.png,31893.npy,"(3888, 2592, 3)","(1, 3888, 2592)","(3888, 2592)","(3888, 2592)",True,ok
31907.png,31907.npy,"(256, 256, 4)","(1, 256, 256)","(256, 256)","(256, 256)",True,ok
31942.png,31942.npy,"(256, 256, 4)","(2, 256, 256)","(256, 256)","(2, 256)",False,shape_mismatch
31956.png,31956.npy,"(360, 360, 4)","(1, 360, 360)","(360, 360)","(360, 360)",True,ok
3197.png,3197.npy,"(2592, 3888, 3)","(2, 2592, 3888)","(2592, 3888)","(2, 2592)",False,shape_mismatch
31979.png,31979.npy,"(666, 1000, 3)","(1, 666, 1000)","(666, 1000)","(666, 1000)",True,ok
32011.png,32011.npy,"(1200, 1600, 3)","(1, 1200, 1600)","(1200, 1600)","(1200, 1600)",True,ok
32013.png,32013.npy,"(520, 696, 3)","(1, 520, 696)","(520, 696)","(520, 696)",True,ok
32018.png,32018.npy,"(909, 898, 3)","(1, 909, 898)","(909, 898)","(909, 898)",True,ok
32023.png,32023.npy,"(666, 1000, 3)","(1, 666, 1000)","(666, 1000)","(666, 1000)",True,ok
32053.png,32053.npy,"(1200, 1600, 3)","(2, 1200, 1600)","(1200, 1600)","(2, 1200)",False,shape_mismatch
32061.png,32061.npy,"(1024, 1024, 3)","(1, 1024, 1024)","(1024, 1024)","(1024, 1024)",True,ok
32139.png,32139.npy,"(360, 360, 4)","(2, 360, 360)","(360, 360)","(2, 360)",False,shape_mismatch
32146.png,32146.npy,"(1200, 1600, 3)","(2, 1200, 1600)","(1200, 1600)","(2, 1200)",False,shape_mismatch
32154.png,32154.npy,"(256, 256, 4)","(2, 256, 256)","(256, 256)","(2, 256)",False,shape_mismatch
32162.png,32162.npy,"(360, 360, 4)","(1, 360, 360)","(360, 360)","(360, 360)",True,ok
32170.png,32170.npy,"(512, 518, 3)","(2, 512, 518)","(512, 518)","(2, 512)",False,shape_mismatch
32196.png,32196.npy,"(520, 696, 3)","(3, 520, 696)","(520, 696)","(3, 520)",False,shape_mismatch
32201.png,32201.npy,"(212, 1083, 3)","(1, 212, 1083)","(212, 1083)","(212, 1083)",True,ok
32220.png,32220.npy,"(512, 691, 3)","(1, 512, 691)","(512, 691)","(512, 691)",True,ok
32222.png,32222.npy,"(256, 256, 4)","(2, 256, 256)","(256, 256)","(2, 256)",False,shape_mismatch
32259.png,32259.npy,"(360, 360, 4)","(1, 360, 360)","(360, 360)","(360, 360)",True,ok
3228.png,3228.npy,"(2592, 3888, 3)","(1, 2592, 3888)","(2592, 3888)","(2592, 3888)",True,ok
32293.png,32293.npy,"(666, 1000, 3)","(1, 666, 1000)","(666, 1000)","(666, 1000)",True,ok
32317.png,32317.npy,"(1200, 1600, 3)","(3, 1200, 1600)","(1200, 1600)","(3, 1200)",False,shape_mismatch
32383.png,32383.npy,"(512, 512, 3)","(3, 512, 512)","(512, 512)","(3, 512)",False,shape_mismatch
32393.png,32393.npy,"(1028, 1384, 3)","(1, 1028, 1384)","(1028, 1384)","(1028, 1384)",True,ok
32398.png,32398.npy,"(3888, 2592, 3)","(2, 3888, 2592)","(3888, 2592)","(2, 3888)",False,shape_mismatch
32428.png,32428.npy,"(1024, 1024)","(3, 1024, 1024)","(1024, 1024)","(3, 1024)",False,shape_mismatch
32470.png,32470.npy,"(666, 1000, 3)","(1, 666, 1000)","(666, 1000)","(666, 1000)",True,ok
32486.png,32486.npy,"(520, 696, 3)","(1, 520, 696)","(520, 696)","(520, 696)",True,ok
32493.png,32493.npy,"(512, 514, 3)","(1, 512, 514)","(512, 514)","(512, 514)",True,ok
32535.png,32535.npy,"(404, 447, 3)","(1, 404, 447)","(404, 447)","(404, 447)",True,ok
32575.png,32575.npy,"(116, 444, 3)","(1, 116, 444)","(116, 444)","(116, 444)",True,ok
3260.png,3260.npy,"(1867, 920, 3)","(1, 1867, 920)","(1867, 920)","(1867, 920)",True,ok
32662.png,32662.npy,"(644, 577, 3)","(1, 644, 577)","(644, 577)","(644, 577)",True,ok
32714.png,32714.npy,"(1200, 1600, 3)","(1, 1200, 1600)","(1200, 1600)","(1200, 1600)",True,ok
32722.png,32722.npy,"(470, 945, 3)","(1, 470, 945)","(470, 945)","(470, 945)",True,ok
32818.png,32818.npy,"(1024, 1024)","(1, 1024, 1024)","(1024, 1024)","(1024, 1024)",True,ok
32845.png,32845.npy,"(666, 1000, 3)","(1, 666, 1000)","(666, 1000)","(666, 1000)",True,ok
32880.png,32880.npy,"(512, 512)","(2, 512, 512)","(512, 512)","(2, 512)",False,shape_mismatch
32883.png,32883.npy,"(666, 1000, 3)","(2, 666, 1000)","(666, 1000)","(2, 666)",False,shape_mismatch
32884.png,32884.npy,"(360, 360, 4)","(1, 360, 360)","(360, 360)","(360, 360)",True,ok
32920.png,32920.npy,"(512, 619, 3)","(2, 512, 619)","(512, 619)","(2, 512)",False,shape_mismatch
32931.png,32931.npy,"(512, 512, 4)","(2, 512, 512)","(512, 512)","(2, 512)",False,shape_mismatch
32934.png,32934.npy,"(1200, 1600, 3)","(3, 1200, 1600)","(1200, 1600)","(3, 1200)",False,shape_mismatch
32945.png,32945.npy,"(348, 271, 3)","(1, 348, 271)","(348, 271)","(348, 271)",True,ok
32973.png,32973.npy,"(121, 467, 3)","(1, 121, 467)","(121, 467)","(121, 467)",True,ok
32979.png,32979.npy,"(488, 586, 3)","(1, 488, 586)","(488, 586)","(488, 586)",True,ok
32989.png,32989.npy,"(144, 794, 3)","(1, 144, 794)","(144, 794)","(144, 794)",True,ok
330.png,330.npy,"(314, 418, 3)","(1, 314, 418)","(314, 418)","(314, 418)",True,ok
33041.png,33041.npy,"(360, 360, 4)","(1, 360, 360)","(360, 360)","(360, 360)",True,ok
33053.png,33053.npy,"(215, 483, 3)","(1, 215, 483)","(215, 483)","(215, 483)",True,ok
33057.png,33057.npy,"(1912, 2568)","(1, 1912, 2568)","(1912, 2568)","(1912, 2568)",True,ok
33064.png,33064.npy,"(360, 360, 4)","(1, 360, 360)","(360, 360)","(360, 360)",True,ok
33071.png,33071.npy,"(256, 320, 4)","(1, 256, 320)","(256, 320)","(256, 320)",True,ok
33119.png,33119.npy,"(512, 542, 3)","(1, 512, 542)","(512, 542)","(512, 542)",True,ok
33127.png,33127.npy,"(520, 696, 3)","(3, 520, 696)","(520, 696)","(3, 520)",False,shape_mismatch
33160.png,33160.npy,"(256, 320, 4)","(1, 256, 320)","(256, 320)","(256, 320)",True,ok
3318.png,3318.npy,"(666, 1000, 3)","(1, 666, 1000)","(666, 1000)","(666, 1000)",True,ok
33199.png,33199.npy,"(666, 1000, 3)","(1, 666, 1000)","(666, 1000)","(666, 1000)",True,ok
33205.png,33205.npy,"(1024, 1024, 3)","(1, 1024, 1024)","(1024, 1024)","(1024, 1024)",True,ok
33235.png,33235.npy,"(1024, 1024)","(2, 1024, 1024)","(1024, 1024)","(2, 1024)",False,shape_mismatch
33256.png,33256.npy,"(666, 1000, 3)","(1, 666, 1000)","(666, 1000)","(666, 1000)",True,ok
33266.png,33266.npy,"(512, 512, 3)","(3, 512, 512)","(512, 512)","(3, 512)",False,shape_mismatch
33273.png,33273.npy,"(666, 1000, 3)","(1, 666, 1000)","(666, 1000)","(666, 1000)",True,ok
33287.png,33287.npy,"(1200, 1600, 3)","(1, 1200, 1600)","(1200, 1600)","(1200, 1600)",True,ok
33295.png,33295.npy,"(365, 483, 3)","(1, 365, 483)","(365, 483)","(365, 483)",True,ok
33296.png,33296.npy,"(302, 518, 3)","(1, 302, 518)","(302, 518)","(302, 518)",True,ok
33304.png,33304.npy,"(167, 779, 3)","(1, 167, 779)","(167, 779)","(167, 779)",True,ok
33319.png,33319.npy,"(1200, 1600, 3)","(2, 1200, 1600)","(1200, 1600)","(2, 1200)",False,shape_mismatch
33340.png,33340.npy,"(1200, 1600, 3)","(1, 1200, 1600)","(1200, 1600)","(1200, 1600)",True,ok
33343.png,33343.npy,"(666, 1000, 3)","(1, 666, 1000)","(666, 1000)","(666, 1000)",True,ok
3339.png,3339.npy,"(1912, 2568)","(2, 1912, 2568)","(1912, 2568)","(2, 1912)",False,shape_mismatch
33392.png,33392.npy,"(687, 712, 3)","(2, 687, 712)","(687, 712)","(2, 687)",False,shape_mismatch
33397.png,33397.npy,"(512, 683, 3)","(1, 512, 683)","(512, 683)","(512, 683)",True,ok
33474.png,33474.npy,"(512, 512, 4)","(1, 512, 512)","(512, 512)","(512, 512)",True,ok
33513.png,33513.npy,"(1200, 1600, 3)","(3, 1200, 1600)","(1200, 1600)","(3, 1200)",False,shape_mismatch
33580.png,33580.npy,"(68, 657, 3)","(1, 68, 657)","(68, 657)","(68, 657)",True,ok
33588.png,33588.npy,"(666, 1000, 3)","(2, 666, 1000)","(666, 1000)","(2, 666)",False,shape_mismatch
33618.png,33618.npy,"(520, 696, 4)","(1, 520, 696)","(520, 696)","(520, 696)",True,ok
3367.png,3367.npy,"(1024, 1280, 3)","(2, 1024, 1280)","(1024, 1280)","(2, 1024)",False,shape_mismatch
33686.png,33686.npy,"(204, 1662, 3)","(1, 204, 1662)","(204, 1662)","(204, 1662)",True,ok
33689.png,33689.npy,"(256, 256, 4)","(1, 256, 256)","(256, 256)","(256, 256)",True,ok
3371.png,3371.npy,"(900, 900, 3)","(3, 900, 900)","(900, 900)","(3, 900)",False,shape_mismatch
33735.png,33735.npy,"(104, 419, 3)","(1, 104, 419)","(104, 419)","(104, 419)",True,ok
33772.png,33772.npy,"(666, 1000, 3)","(1, 666, 1000)","(666, 1000)","(666, 1000)",True,ok
33778.png,33778.npy,"(1200, 1600, 3)","(3, 1200, 1600)","(1200, 1600)","(3, 1200)",False,shape_mismatch
33791.png,33791.npy,"(692, 680, 3)","(2, 692, 680)","(692, 680)","(2, 692)",False,shape_mismatch
33877.png,33877.npy,"(1200, 1600, 3)","(2, 1200, 1600)","(1200, 1600)","(2, 1200)",False,shape_mismatch
33878.png,33878.npy,"(666, 1000, 3)","(2, 666, 1000)","(666, 1000)","(2, 666)",False,shape_mismatch
33898.png,33898.npy,"(256, 256, 4)","(3, 256, 256)","(256, 256)","(3, 256)",False,shape_mismatch
339.png,339.npy,"(220, 821, 3)","(1, 220, 821)","(220, 821)","(220, 821)",True,ok
33928.png,33928.npy,"(177, 712, 3)","(1, 177, 712)","(177, 712)","(177, 712)",True,ok
3394.png,3394.npy,"(1912, 2568)","(1, 1912, 2568)","(1912, 2568)","(1912, 2568)",True,ok
33949.png,33949.npy,"(96, 442, 3)","(1, 96, 442)","(96, 442)","(96, 442)",True,ok
33968.png,33968.npy,"(1912, 2568)","(1, 1912, 2568)","(1912, 2568)","(1912, 2568)",True,ok
33985.png,33985.npy,"(666, 1000, 3)","(2, 666, 1000)","(666, 1000)","(2, 666)",False,shape_mismatch
34005.png,34005.npy,"(256, 256, 4)","(1, 256, 256)","(256, 256)","(256, 256)",True,ok
3402.png,3402.npy,"(142, 353, 3)","(1, 142, 353)","(142, 353)","(142, 353)",True,ok
34027.png,34027.npy,"(1024, 1024)","(2, 1024, 1024)","(1024, 1024)","(2, 1024)",False,shape_mismatch
34035.png,34035.npy,"(666, 1000, 3)","(1, 666, 1000)","(666, 1000)","(666, 1000)",True,ok
34036.png,34036.npy,"(270, 750, 3)","(1, 270, 750)","(270, 750)","(270, 750)",True,ok
34103.png,34103.npy,"(512, 550, 3)","(1, 512, 550)","(512, 550)","(512, 550)",True,ok
34132.png,34132.npy,"(313, 474, 3)","(1, 313, 474)","(313, 474)","(313, 474)",True,ok
34171.png,34171.npy,"(666, 1000, 3)","(2, 666, 1000)","(666, 1000)","(2, 666)",False,shape_mismatch
34174.png,34174.npy,"(512, 759, 3)","(2, 512, 759)","(512, 759)","(2, 512)",False,shape_mismatch
34211.png,34211.npy,"(94, 366, 3)","(1, 94, 366)","(94, 366)","(94, 366)",True,ok
34237.png,34237.npy,"(185, 708, 3)","(1, 185, 708)","(185, 708)","(185, 708)",True,ok
34255.png,34255.npy,"(461, 118, 3)","(1, 461, 118)","(461, 118)","(461, 118)",True,ok
34265.png,34265.npy,"(666, 1000, 3)","(2, 666, 1000)","(666, 1000)","(2, 666)",False,shape_mismatch
34295.png,34295.npy,"(105, 1255, 3)","(1, 105, 1255)","(105, 1255)","(105, 1255)",True,ok
34306.png,34306.npy,"(119, 604, 3)","(1, 119, 604)","(119, 604)","(119, 604)",True,ok
34317.png,34317.npy,"(512, 513, 3)","(2, 512, 513)","(512, 513)","(2, 512)",False,shape_mismatch
34319.png,34319.npy,"(1200, 1600, 3)","(2, 1200, 1600)","(1200, 1600)","(2, 1200)",False,shape_mismatch
34367.png,34367.npy,"(174, 1037, 3)","(2, 174, 1037)","(174, 1037)","(2, 174)",False,shape_mismatch
34383.png,34383.npy,"(828, 535, 3)","(2, 828, 535)","(828, 535)","(2, 828)",False,shape_mismatch
34415.png,34415.npy,"(666, 1000, 3)","(1, 666, 1000)","(666, 1000)","(666, 1000)",True,ok
34526.png,34526.npy,"(186, 875, 3)","(1, 186, 875)","(186, 875)","(186, 875)",True,ok
34527.png,34527.npy,"(512, 724, 3)","(1, 512, 724)","(512, 724)","(512, 724)",True,ok
34528.png,34528.npy,"(256, 256, 4)","(1, 256, 256)","(256, 256)","(256, 256)",True,ok
34572.png,34572.npy,"(520, 696, 3)","(1, 520, 696)","(520, 696)","(520, 696)",True,ok
34597.png,34597.npy,"(666, 1000, 3)","(1, 666, 1000)","(666, 1000)","(666, 1000)",True,ok
346.png,346.npy,"(520, 696, 3)","(1, 520, 696)","(520, 696)","(520, 696)",True,ok
34672.png,34672.npy,"(123, 736, 3)","(1, 123, 736)","(123, 736)","(123, 736)",True,ok
34744.png,34744.npy,"(2592, 3888, 3)","(1, 2592, 3888)","(2592, 3888)","(2592, 3888)",True,ok
34769.png,34769.npy,"(498, 246, 3)","(1, 498, 246)","(498, 246)","(498, 246)",True,ok
34824.png,34824.npy,"(1200, 1600, 3)","(2, 1200, 1600)","(1200, 1600)","(2, 1200)",False,shape_mismatch
3483.png,3483.npy,"(1024, 1024)","(2, 1024, 1024)","(1024, 1024)","(2, 1024)",False,shape_mismatch
34842.png,34842.npy,"(520, 696, 3)","(2, 520, 696)","(520, 696)","(2, 520)",False,shape_mismatch
34845.png,34845.npy,"(1200, 1600, 3)","(2, 1200, 1600)","(1200, 1600)","(2, 1200)",False,shape_mismatch
34869.png,34869.npy,"(159, 428, 3)","(1, 159, 428)","(159, 428)","(159, 428)",True,ok
34873.png,34873.npy,"(666, 1000, 3)","(1, 666, 1000)","(666, 1000)","(666, 1000)",True,ok
34883.png,34883.npy,"(266, 185, 3)","(1, 266, 185)","(266, 185)","(266, 185)",True,ok
34908.png,34908.npy,"(256, 320, 4)","(2, 256, 320)","(256, 320)","(2, 256)",False,shape_mismatch
34914.png,34914.npy,"(512, 740, 3)","(1, 512, 740)","(512, 740)","(512, 740)",True,ok
34992.png,34992.npy,"(550, 512, 3)","(1, 550, 512)","(550, 512)","(550, 512)",True,ok
350.png,350.npy,"(192, 1129, 3)","(1, 192, 1129)","(192, 1129)","(192, 1129)",True,ok
35018.png,35018.npy,"(1200, 1600, 3)","(2, 1200, 1600)","(1200, 1600)","(2, 1200)",False,shape_mismatch
35035.png,35035.npy,"(100, 686, 3)","(1, 100, 686)","(100, 686)","(100, 686)",True,ok
35038.png,35038.npy,"(1200, 1600, 3)","(1, 1200, 1600)","(1200, 1600)","(1200, 1600)",True,ok
35068.png,35068.npy,"(194, 887, 3)","(1, 194, 887)","(194, 887)","(194, 887)",True,ok
35069.png,35069.npy,"(223, 444, 3)","(1, 223, 444)","(223, 444)","(223, 444)",True,ok
35094.png,35094.npy,"(512, 512, 4)","(1, 512, 512)","(512, 512)","(512, 512)",True,ok
35107.png,35107.npy,"(1024, 1024)","(1, 1024, 1024)","(1024, 1024)","(1024, 1024)",True,ok
35112.png,35112.npy,"(256, 320, 4)","(1, 256, 320)","(256, 320)","(256, 320)",True,ok
35117.png,35117.npy,"(256, 320, 4)","(1, 256, 320)","(256, 320)","(256, 320)",True,ok
35127.png,35127.npy,"(73, 522, 3)","(1, 73, 522)","(73, 522)","(73, 522)",True,ok
35143.png,35143.npy,"(512, 518, 3)","(4, 512, 518)","(512, 518)","(4, 512)",False,shape_mismatch
35176.png,35176.npy,"(666, 1000, 3)","(1, 666, 1000)","(666, 1000)","(666, 1000)",True,ok
35208.png,35208.npy,"(512, 512, 4)","(3, 512, 512)","(512, 512)","(3, 512)",False,shape_mismatch
35216.png,35216.npy,"(833, 989, 3)","(2, 833, 989)","(833, 989)","(2, 833)",False,shape_mismatch
35222.png,35222.npy,"(119, 420, 3)","(1, 119, 420)","(119, 420)","(119, 420)",True,ok
35234.png,35234.npy,"(520, 696, 3)","(2, 520, 696)","(520, 696)","(2, 520)",False,shape_mismatch
35322.png,35322.npy,"(139, 1075, 3)","(1, 139, 1075)","(139, 1075)","(139, 1075)",True,ok
35347.png,35347.npy,"(256, 320, 4)","(2, 256, 320)","(256, 320)","(2, 256)",False,shape_mismatch
35374.png,35374.npy,"(2592, 3888, 3)","(1, 2592, 3888)","(2592, 3888)","(2592, 3888)",True,ok
35378.png,35378.npy,"(512, 512, 4)","(2, 512, 512)","(512, 512)","(2, 512)",False,shape_mismatch
35385.png,35385.npy,"(152, 1305, 3)","(1, 152, 1305)","(152, 1305)","(152, 1305)",True,ok
35390.png,35390.npy,"(1200, 1600, 3)","(1, 1200, 1600)","(1200, 1600)","(1200, 1600)",True,ok
35412.png,35412.npy,"(256, 256, 4)","(2, 256, 256)","(256, 256)","(2, 256)",False,shape_mismatch
35467.png,35467.npy,"(1024, 1024, 3)","(1, 1024, 1024)","(1024, 1024)","(1024, 1024)",True,ok
35471.png,35471.npy,"(1200, 1600, 3)","(1, 1200, 1600)","(1200, 1600)","(1200, 1600)",True,ok
35522.png,35522.npy,"(1912, 2568)","(1, 1912, 2568)","(1912, 2568)","(1912, 2568)",True,ok
35559.png,35559.npy,"(1200, 1600, 3)","(3, 1200, 1600)","(1200, 1600)","(3, 1200)",False,shape_mismatch
35570.png,35570.npy,"(69, 517, 3)","(1, 69, 517)","(69, 517)","(69, 517)",True,ok
35578.png,35578.npy,"(564, 179, 3)","(1, 564, 179)","(564, 179)","(564, 179)",True,ok
35586.png,35586.npy,"(512, 640, 3)","(1, 512, 640)","(512, 640)","(512, 640)",True,ok
35610.png,35610.npy,"(766, 570, 3)","(2, 766, 570)","(766, 570)","(2, 766)",False,shape_mismatch
35616.png,35616.npy,"(512, 512)","(2, 512, 512)","(512, 512)","(2, 512)",False,shape_mismatch
35628.png,35628.npy,"(1200, 1600, 3)","(1, 1200, 1600)","(1200, 1600)","(1200, 1600)",True,ok
35670.png,35670.npy,"(256, 320, 4)","(1, 256, 320)","(256, 320)","(256, 320)",True,ok
35715.png,35715.npy,"(512, 512, 4)","(1, 512, 512)","(512, 512)","(512, 512)",True,ok
35717.png,35717.npy,"(1912, 2568)","(1, 1912, 2568)","(1912, 2568)","(1912, 2568)",True,ok
35719.png,35719.npy,"(666, 1000, 3)","(1, 666, 1000)","(666, 1000)","(666, 1000)",True,ok
35723.png,35723.npy,"(924, 171, 3)","(1, 924, 171)","(924, 171)","(924, 171)",True,ok
3574.png,3574.npy,"(256, 320, 4)","(2, 256, 320)","(256, 320)","(2, 256)",False,shape_mismatch
35744.png,35744.npy,"(666, 1000, 3)","(1, 666, 1000)","(666, 1000)","(666, 1000)",True,ok
35763.png,35763.npy,"(666, 1000, 3)","(2, 666, 1000)","(666, 1000)","(2, 666)",False,shape_mismatch
35781.png,35781.npy,"(666, 1000, 3)","(1, 666, 1000)","(666, 1000)","(666, 1000)",True,ok
35814.png,35814.npy,"(666, 1000, 3)","(1, 666, 1000)","(666, 1000)","(666, 1000)",True,ok
35827.png,35827.npy,"(520, 696, 3)","(3, 520, 696)","(520, 696)","(3, 520)",False,shape_mismatch
35829.png,35829.npy,"(360, 360, 4)","(1, 360, 360)","(360, 360)","(360, 360)",True,ok
35849.png,35849.npy,"(177, 712, 3)","(1, 177, 712)","(177, 712)","(177, 712)",True,ok
35850.png,35850.npy,"(297, 204, 3)","(1, 297, 204)","(297, 204)","(297, 204)",True,ok
35861.png,35861.npy,"(528, 512, 3)","(2, 528, 512)","(528, 512)","(2, 528)",False,shape_mismatch
35871.png,35871.npy,"(256, 256, 4)","(2, 256, 256)","(256, 256)","(2, 256)",False,shape_mismatch
35885.png,35885.npy,"(256, 320, 4)","(2, 256, 320)","(256, 320)","(2, 256)",False,shape_mismatch
35933.png,35933.npy,"(3888, 2592, 3)","(1, 3888, 2592)","(3888, 2592)","(3888, 2592)",True,ok
35950.png,35950.npy,"(666, 1000, 3)","(1, 666, 1000)","(666, 1000)","(666, 1000)",True,ok
3598.png,3598.npy,"(243, 1138, 3)","(2, 243, 1138)","(243, 1138)","(2, 243)",False,shape_mismatch
360.png,360.npy,"(256, 320, 4)","(1, 256, 320)","(256, 320)","(256, 320)",True,ok
36010.png,36010.npy,"(256, 320, 4)","(1, 256, 320)","(256, 320)","(256, 320)",True,ok
36035.png,36035.npy,"(256, 256, 4)","(1, 256, 256)","(256, 256)","(256, 256)",True,ok
3606.png,3606.npy,"(666, 1000, 3)","(2, 666, 1000)","(666, 1000)","(2, 666)",False,shape_mismatch
36106.png,36106.npy,"(133, 609, 3)","(1, 133, 609)","(133, 609)","(133, 609)",True,ok
36175.png,36175.npy,"(1200, 1600, 3)","(1, 1200, 1600)","(1200, 1600)","(1200, 1600)",True,ok
36181.png,36181.npy,"(256, 256, 4)","(2, 256, 256)","(256, 256)","(2, 256)",False,shape_mismatch
36190.png,36190.npy,"(512, 512, 4)","(3, 512, 512)","(512, 512)","(3, 512)",False,shape_mismatch
36223.png,36223.npy,"(117, 565, 3)","(1, 117, 565)","(117, 565)","(117, 565)",True,ok
36245.png,36245.npy,"(666, 1000, 3)","(1, 666, 1000)","(666, 1000)","(666, 1000)",True,ok
36292.png,36292.npy,"(360, 360, 4)","(2, 360, 360)","(360, 360)","(2, 360)",False,shape_mismatch
36295.png,36295.npy,"(666, 1000, 3)","(1, 666, 1000)","(666, 1000)","(666, 1000)",True,ok
3632.png,3632.npy,"(1200, 1600, 3)","(1, 1200, 1600)","(1200, 1600)","(1200, 1600)",True,ok
36323.png,36323.npy,"(1200, 1600, 3)","(1, 1200, 1600)","(1200, 1600)","(1200, 1600)",True,ok
36343.png,36343.npy,"(512, 593, 3)","(2, 512, 593)","(512, 593)","(2, 512)",False,shape_mismatch
36371.png,36371.npy,"(666, 1000, 3)","(2, 666, 1000)","(666, 1000)","(2, 666)",False,shape_mismatch
36390.png,36390.npy,"(520, 696, 4)","(1, 520, 696)","(520, 696)","(520, 696)",True,ok
36412.png,36412.npy,"(535, 711, 3)","(1, 535, 711)","(535, 711)","(535, 711)",True,ok
36413.png,36413.npy,"(113, 698, 3)","(1, 113, 698)","(113, 698)","(113, 698)",True,ok
36423.png,36423.npy,"(512, 620, 3)","(1, 512, 620)","(512, 620)","(512, 620)",True,ok
36434.png,36434.npy,"(1200, 1600, 3)","(3, 1200, 1600)","(1200, 1600)","(3, 1200)",False,shape_mismatch
36453.png,36453.npy,"(256, 256, 4)","(1, 256, 256)","(256, 256)","(256, 256)",True,ok
36460.png,36460.npy,"(666, 1000, 3)","(2, 666, 1000)","(666, 1000)","(2, 666)",False,shape_mismatch
36511.png,36511.npy,"(1912, 2568)","(1, 1912, 2568)","(1912, 2568)","(1912, 2568)",True,ok
36553.png,36553.npy,"(666, 1000, 3)","(1, 666, 1000)","(666, 1000)","(666, 1000)",True,ok
36580.png,36580.npy,"(512, 512, 3)","(1, 512, 512)","(512, 512)","(512, 512)",True,ok
36597.png,36597.npy,"(520, 696, 4)","(1, 520, 696)","(520, 696)","(520, 696)",True,ok
3662.png,3662.npy,"(256, 256, 4)","(2, 256, 256)","(256, 256)","(2, 256)",False,shape_mismatch
36640.png,36640.npy,"(611, 521, 3)","(1, 611, 521)","(611, 521)","(611, 521)",True,ok
36648.png,36648.npy,"(666, 1000, 3)","(1, 666, 1000)","(666, 1000)","(666, 1000)",True,ok
36705.png,36705.npy,"(360, 360, 4)","(1, 360, 360)","(360, 360)","(360, 360)",True,ok
36707.png,36707.npy,"(1912, 2568)","(1, 1912, 2568)","(1912, 2568)","(1912, 2568)",True,ok
3671.png,3671.npy,"(666, 1000, 3)","(1, 666, 1000)","(666, 1000)","(666, 1000)",True,ok
36715.png,36715.npy,"(256, 320, 4)","(2, 256, 320)","(256, 320)","(2, 256)",False,shape_mismatch
3672.png,3672.npy,"(1024, 1280, 3)","(1, 1024, 1280)","(1024, 1280)","(1024, 1280)",True,ok
36724.png,36724.npy,"(666, 1000, 3)","(1, 666, 1000)","(666, 1000)","(666, 1000)",True,ok
36746.png,36746.npy,"(141, 1009, 3)","(1, 141, 1009)","(141, 1009)","(141, 1009)",True,ok
3678.png,3678.npy,"(536, 512, 3)","(1, 536, 512)","(536, 512)","(536, 512)",True,ok
36794.png,36794.npy,"(520, 696, 3)","(1, 520, 696)","(520, 696)","(520, 696)",True,ok
36840.png,36840.npy,"(360, 360, 4)","(2, 360, 360)","(360, 360)","(2, 360)",False,shape_mismatch
36945.png,36945.npy,"(512, 512, 4)","(1, 512, 512)","(512, 512)","(512, 512)",True,ok
36949.png,36949.npy,"(360, 360, 4)","(2, 360, 360)","(360, 360)","(2, 360)",False,shape_mismatch
36968.png,36968.npy,"(2592, 3888, 3)","(1, 2592, 3888)","(2592, 3888)","(2592, 3888)",True,ok
36986.png,36986.npy,"(1105, 1105, 3)","(3, 1105, 1105)","(1105, 1105)","(3, 1105)",False,shape_mismatch
3704.png,3704.npy,"(666, 1000, 3)","(1, 666, 1000)","(666, 1000)","(666, 1000)",True,ok
37050.png,37050.npy,"(520, 696, 3)","(3, 520, 696)","(520, 696)","(3, 520)",False,shape_mismatch
37076.png,37076.npy,"(256, 256, 4)","(2, 256, 256)","(256, 256)","(2, 256)",False,shape_mismatch
37084.png,37084.npy,"(666, 1000, 3)","(1, 666, 1000)","(666, 1000)","(666, 1000)",True,ok
37135.png,37135.npy,"(520, 696, 3)","(1, 520, 696)","(520, 696)","(520, 696)",True,ok
3714.png,3714.npy,"(666, 1000, 3)","(1, 666, 1000)","(666, 1000)","(666, 1000)",True,ok
37143.png,37143.npy,"(131, 546, 3)","(1, 131, 546)","(131, 546)","(131, 546)",True,ok
37149.png,37149.npy,"(1024, 1280, 3)","(2, 1024, 1280)","(1024, 1280)","(2, 1024)",False,shape_mismatch
37164.png,37164.npy,"(1200, 1600, 3)","(1, 1200, 1600)","(1200, 1600)","(1200, 1600)",True,ok
3719.png,3719.npy,"(256, 256, 4)","(1, 256, 256)","(256, 256)","(256, 256)",True,ok
37195.png,37195.npy,"(512, 544, 3)","(1, 512, 544)","(512, 544)","(512, 544)",True,ok
37253.png,37253.npy,"(1200, 1600, 3)","(2, 1200, 1600)","(1200, 1600)","(2, 1200)",False,shape_mismatch
37280.png,37280.npy,"(520, 696, 3)","(1, 520, 696)","(520, 696)","(520, 696)",True,ok
37321.png,37321.npy,"(1024, 1024, 3)","(1, 1024, 1024)","(1024, 1024)","(1024, 1024)",True,ok
37348.png,37348.npy,"(706, 859, 3)","(1, 706, 859)","(706, 859)","(706, 859)",True,ok
37361.png,37361.npy,"(512, 512, 3)","(3, 512, 512)","(512, 512)","(3, 512)",False,shape_mismatch
37364.png,37364.npy,"(1912, 2568)","(1, 1912, 2568)","(1912, 2568)","(1912, 2568)",True,ok
37400.png,37400.npy,"(520, 696, 3)","(2, 520, 696)","(520, 696)","(2, 520)",False,shape_mismatch
37401.png,37401.npy,"(1200, 1600, 3)","(1, 1200, 1600)","(1200, 1600)","(1200, 1600)",True,ok
37421.png,37421.npy,"(512, 731, 3)","(3, 512, 731)","(512, 731)","(3, 512)",False,shape_mismatch
37423.png,37423.npy,"(666, 1000, 3)","(1, 666, 1000)","(666, 1000)","(666, 1000)",True,ok
37424.png,37424.npy,"(666, 1000, 3)","(1, 666, 1000)","(666, 1000)","(666, 1000)",True,ok
37448.png,37448.npy,"(666, 1000, 3)","(2, 666, 1000)","(666, 1000)","(2, 666)",False,shape_mismatch
37451.png,37451.npy,"(1200, 1600, 3)","(3, 1200, 1600)","(1200, 1600)","(3, 1200)",False,shape_mismatch
37476.png,37476.npy,"(1918, 1109, 3)","(1, 1918, 1109)","(1918, 1109)","(1918, 1109)",True,ok
37495.png,37495.npy,"(512, 615, 3)","(1, 512, 615)","(512, 615)","(512, 615)",True,ok
37504.png,37504.npy,"(256, 256, 4)","(2, 256, 256)","(256, 256)","(2, 256)",False,shape_mismatch
3751.png,3751.npy,"(256, 256, 4)","(1, 256, 256)","(256, 256)","(256, 256)",True,ok
37528.png,37528.npy,"(256, 320, 4)","(2, 256, 320)","(256, 320)","(2, 256)",False,shape_mismatch
37553.png,37553.npy,"(1200, 1600, 3)","(1, 1200, 1600)","(1200, 1600)","(1200, 1600)",True,ok
37556.png,37556.npy,"(256, 256, 4)","(1, 256, 256)","(256, 256)","(256, 256)",True,ok
37583.png,37583.npy,"(666, 1000, 3)","(1, 666, 1000)","(666, 1000)","(666, 1000)",True,ok
37586.png,37586.npy,"(1087, 1022, 3)","(2, 1087, 1022)","(1087, 1022)","(2, 1087)",False,shape_mismatch
37605.png,37605.npy,"(256, 256, 4)","(2, 256, 256)","(256, 256)","(2, 256)",False,shape_mismatch
37639.png,37639.npy,"(3888, 2592, 3)","(2, 3888, 2592)","(3888, 2592)","(2, 3888)",False,shape_mismatch
377.png,377.npy,"(696, 767, 3)","(1, 696, 767)","(696, 767)","(696, 767)",True,ok
37708.png,37708.npy,"(589, 512, 3)","(2, 589, 512)","(589, 512)","(2, 589)",False,shape_mismatch
37735.png,37735.npy,"(2592, 3888, 3)","(1, 2592, 3888)","(2592, 3888)","(2592, 3888)",True,ok
37768.png,37768.npy,"(512, 772, 3)","(1, 512, 772)","(512, 772)","(512, 772)",True,ok
37783.png,37783.npy,"(251, 483, 3)","(2, 251, 483)","(251, 483)","(2, 251)",False,shape_mismatch
37802.png,37802.npy,"(1024, 1024)","(1, 1024, 1024)","(1024, 1024)","(1024, 1024)",True,ok
37816.png,37816.npy,"(121, 963, 3)","(2, 121, 963)","(121, 963)","(2, 121)",False,shape_mismatch
37817.png,37817.npy,"(447, 373, 3)","(2, 447, 373)","(447, 373)","(2, 447)",False,shape_mismatch
37827.png,37827.npy,"(419, 1539, 3)","(1, 419, 1539)","(419, 1539)","(419, 1539)",True,ok
37830.png,37830.npy,"(256, 256, 4)","(1, 256, 256)","(256, 256)","(256, 256)",True,ok
3785.png,3785.npy,"(501, 98, 3)","(1, 501, 98)","(501, 98)","(501, 98)",True,ok
37855.png,37855.npy,"(515, 512, 3)","(1, 515, 512)","(515, 512)","(515, 512)",True,ok
37856.png,37856.npy,"(264, 241, 3)","(2, 264, 241)","(264, 241)","(2, 264)",False,shape_mismatch
37857.png,37857.npy,"(119, 761, 3)","(1, 119, 761)","(119, 761)","(119, 761)",True,ok
37880.png,37880.npy,"(246, 226, 3)","(2, 246, 226)","(246, 226)","(2, 246)",False,shape_mismatch
37894.png,37894.npy,"(1200, 1600, 3)","(1, 1200, 1600)","(1200, 1600)","(1200, 1600)",True,ok
37902.png,37902.npy,"(360, 360, 4)","(1, 360, 360)","(360, 360)","(360, 360)",True,ok
37903.png,37903.npy,"(256, 320, 4)","(1, 256, 320)","(256, 320)","(256, 320)",True,ok
37909.png,37909.npy,"(512, 640, 4)","(1, 512, 640)","(512, 640)","(512, 640)",True,ok
37912.png,37912.npy,"(118, 843, 3)","(1, 118, 843)","(118, 843)","(118, 843)",True,ok
37921.png,37921.npy,"(638, 686, 3)","(3, 638, 686)","(638, 686)","(3, 638)",False,shape_mismatch
37934.png,37934.npy,"(256, 256, 4)","(1, 256, 256)","(256, 256)","(256, 256)",True,ok
37942.png,37942.npy,"(666, 1000, 3)","(1, 666, 1000)","(666, 1000)","(666, 1000)",True,ok
3795.png,3795.npy,"(256, 320, 4)","(1, 256, 320)","(256, 320)","(256, 320)",True,ok
37966.png,37966.npy,"(360, 360, 4)","(1, 360, 360)","(360, 360)","(360, 360)",True,ok
37975.png,37975.npy,"(81, 726, 3)","(1, 81, 726)","(81, 726)","(81, 726)",True,ok
37980.png,37980.npy,"(68, 391, 3)","(1, 68, 391)","(68, 391)","(68, 391)",True,ok
38034.png,38034.npy,"(475, 469, 3)","(1, 475, 469)","(475, 469)","(475, 469)",True,ok
38038.png,38038.npy,"(102, 986, 3)","(1, 102, 986)","(102, 986)","(102, 986)",True,ok
38055.png,38055.npy,"(520, 696, 4)","(1, 520, 696)","(520, 696)","(520, 696)",True,ok
3811.png,3811.npy,"(666, 1000, 3)","(1, 666, 1000)","(666, 1000)","(666, 1000)",True,ok
38129.png,38129.npy,"(520, 696, 4)","(2, 520, 696)","(520, 696)","(2, 520)",False,shape_mismatch
38136.png,38136.npy,"(1912, 2568)","(1, 1912, 2568)","(1912, 2568)","(1912, 2568)",True,ok
38160.png,38160.npy,"(264, 1267, 3)","(1, 264, 1267)","(264, 1267)","(264, 1267)",True,ok
38205.png,38205.npy,"(256, 256, 4)","(1, 256, 256)","(256, 256)","(256, 256)",True,ok
38228.png,38228.npy,"(1912, 2568)","(2, 1912, 2568)","(1912, 2568)","(2, 1912)",False,shape_mismatch
3824.png,3824.npy,"(134, 1398, 3)","(1, 134, 1398)","(134, 1398)","(134, 1398)",True,ok
38256.png,38256.npy,"(520, 696, 3)","(2, 520, 696)","(520, 696)","(2, 520)",False,shape_mismatch
3826.png,3826.npy,"(512, 648, 3)","(1, 512, 648)","(512, 648)","(512, 648)",True,ok
38283.png,38283.npy,"(3888, 2592, 3)","(1, 3888, 2592)","(3888, 2592)","(3888, 2592)",True,ok
38285.png,38285.npy,"(666, 1000, 3)","(1, 666, 1000)","(666, 1000)","(666, 1000)",True,ok
38292.png,38292.npy,"(256, 256, 4)","(2, 256, 256)","(256, 256)","(2, 256)",False,shape_mismatch
38294.png,38294.npy,"(939, 1049, 3)","(1, 939, 1049)","(939, 1049)","(939, 1049)",True,ok
38339.png,38339.npy,"(256, 256, 4)","(1, 256, 256)","(256, 256)","(256, 256)",True,ok
38396.png,38396.npy,"(666, 1000, 3)","(1, 666, 1000)","(666, 1000)","(666, 1000)",True,ok
384.png,384.npy,"(1200, 1600, 3)","(2, 1200, 1600)","(1200, 1600)","(2, 1200)",False,shape_mismatch
38409.png,38409.npy,"(520, 696, 3)","(1, 520, 696)","(520, 696)","(520, 696)",True,ok
38440.png,38440.npy,"(256, 320, 4)","(1, 256, 320)","(256, 320)","(256, 320)",True,ok
38456.png,38456.npy,"(1200, 1600, 3)","(1, 1200, 1600)","(1200, 1600)","(1200, 1600)",True,ok
38471.png,38471.npy,"(256, 256, 4)","(3, 256, 256)","(256, 256)","(3, 256)",False,shape_mismatch
38481.png,38481.npy,"(79, 482, 3)","(1, 79, 482)","(79, 482)","(79, 482)",True,ok
38484.png,38484.npy,"(1912, 2568)","(1, 1912, 2568)","(1912, 2568)","(1912, 2568)",True,ok
38486.png,38486.npy,"(1200, 1600, 3)","(2, 1200, 1600)","(1200, 1600)","(2, 1200)",False,shape_mismatch
38495.png,38495.npy,"(145, 1544, 3)","(1, 145, 1544)","(145, 1544)","(145, 1544)",True,ok
38500.png,38500.npy,"(256, 256, 4)","(3, 256, 256)","(256, 256)","(3, 256)",False,shape_mismatch
38521.png,38521.npy,"(520, 696, 4)","(2, 520, 696)","(520, 696)","(2, 520)",False,shape_mismatch
38534.png,38534.npy,"(666, 1000, 3)","(2, 666, 1000)","(666, 1000)","(2, 666)",False,shape_mismatch
38548.png,38548.npy,"(1024, 1280, 3)","(1, 1024, 1280)","(1024, 1280)","(1024, 1280)",True,ok
38567.png,38567.npy,"(666, 1000, 3)","(1, 666, 1000)","(666, 1000)","(666, 1000)",True,ok
38582.png,38582.npy,"(256, 256, 4)","(1, 256, 256)","(256, 256)","(256, 256)",True,ok
38613.png,38613.npy,"(256, 256, 4)","(1, 256, 256)","(256, 256)","(256, 256)",True,ok
38625.png,38625.npy,"(256, 256, 4)","(3, 256, 256)","(256, 256)","(3, 256)",False,shape_mismatch
38633.png,38633.npy,"(1200, 1600, 3)","(1, 1200, 1600)","(1200, 1600)","(1200, 1600)",True,ok
38660.png,38660.npy,"(520, 696, 3)","(2, 520, 696)","(520, 696)","(2, 520)",False,shape_mismatch
38667.png,38667.npy,"(360, 360, 4)","(1, 360, 360)","(360, 360)","(360, 360)",True,ok
38679.png,38679.npy,"(666, 1000, 3)","(1, 666, 1000)","(666, 1000)","(666, 1000)",True,ok
38698.png,38698.npy,"(1200, 1600, 3)","(1, 1200, 1600)","(1200, 1600)","(1200, 1600)",True,ok
38699.png,38699.npy,"(256, 256, 4)","(1, 256, 256)","(256, 256)","(256, 256)",True,ok
38780.png,38780.npy,"(1024, 1024)","(1, 1024, 1024)","(1024, 1024)","(1024, 1024)",True,ok
3880.png,3880.npy,"(666, 1000, 3)","(1, 666, 1000)","(666, 1000)","(666, 1000)",True,ok
38800.png,38800.npy,"(1200, 1600, 3)","(1, 1200, 1600)","(1200, 1600)","(1200, 1600)",True,ok
38842.png,38842.npy,"(360, 360, 4)","(1, 360, 360)","(360, 360)","(360, 360)",True,ok
38913.png,38913.npy,"(666, 1000, 3)","(1, 666, 1000)","(666, 1000)","(666, 1000)",True,ok
38945.png,38945.npy,"(256, 256, 4)","(2, 256, 256)","(256, 256)","(2, 256)",False,shape_mismatch
3895.png,3895.npy,"(516, 512, 3)","(3, 516, 512)","(516, 512)","(3, 516)",False,shape_mismatch
38953.png,38953.npy,"(511, 506, 3)","(1, 511, 506)","(511, 506)","(511, 506)",True,ok
38979.png,38979.npy,"(666, 1000, 3)","(1, 666, 1000)","(666, 1000)","(666, 1000)",True,ok
38996.png,38996.npy,"(512, 650, 3)","(2, 512, 650)","(512, 650)","(2, 512)",False,shape_mismatch
39007.png,39007.npy,"(1200, 1600, 3)","(2, 1200, 1600)","(1200, 1600)","(2, 1200)",False,shape_mismatch
39015.png,39015.npy,"(256, 256, 4)","(2, 256, 256)","(256, 256)","(2, 256)",False,shape_mismatch
39078.png,39078.npy,"(360, 360, 4)","(2, 360, 360)","(360, 360)","(2, 360)",False,shape_mismatch
39097.png,39097.npy,"(83, 666, 3)","(1, 83, 666)","(83, 666)","(83, 666)",True,ok
39099.png,39099.npy,"(256, 256, 4)","(1, 256, 256)","(256, 256)","(256, 256)",True,ok
39113.png,39113.npy,"(666, 1000, 3)","(1, 666, 1000)","(666, 1000)","(666, 1000)",True,ok
39156.png,39156.npy,"(187, 1676, 3)","(1, 187, 1676)","(187, 1676)","(187, 1676)",True,ok
39162.png,39162.npy,"(512, 669, 3)","(1, 512, 669)","(512, 669)","(512, 669)",True,ok
39245.png,39245.npy,"(666, 1000, 3)","(1, 666, 1000)","(666, 1000)","(666, 1000)",True,ok
39299.png,39299.npy,"(103, 691, 3)","(1, 103, 691)","(103, 691)","(103, 691)",True,ok
3933.png,3933.npy,"(1024, 1024)","(1, 1024, 1024)","(1024, 1024)","(1024, 1024)",True,ok
39338.png,39338.npy,"(1200, 1600, 3)","(2, 1200, 1600)","(1200, 1600)","(2, 1200)",False,shape_mismatch
3934.png,3934.npy,"(256, 256, 4)","(1, 256, 256)","(256, 256)","(256, 256)",True,ok
39341.png,39341.npy,"(81, 418, 3)","(1, 81, 418)","(81, 418)","(81, 418)",True,ok
39366.png,39366.npy,"(512, 732, 3)","(1, 512, 732)","(512, 732)","(512, 732)",True,ok
39385.png,39385.npy,"(1200, 1600, 3)","(1, 1200, 1600)","(1200, 1600)","(1200, 1600)",True,ok
39388.png,39388.npy,"(127, 719, 3)","(1, 127, 719)","(127, 719)","(127, 719)",True,ok
39397.png,39397.npy,"(512, 699, 3)","(1, 512, 699)","(512, 699)","(512, 699)",True,ok
39486.png,39486.npy,"(1024, 1024)","(1, 1024, 1024)","(1024, 1024)","(1024, 1024)",True,ok
39549.png,39549.npy,"(512, 512, 4)","(1, 512, 512)","(512, 512)","(512, 512)",True,ok
39573.png,39573.npy,"(360, 360, 4)","(1, 360, 360)","(360, 360)","(360, 360)",True,ok
39579.png,39579.npy,"(666, 1000, 3)","(2, 666, 1000)","(666, 1000)","(2, 666)",False,shape_mismatch
3958.png,3958.npy,"(311, 341, 3)","(1, 311, 341)","(311, 341)","(311, 341)",True,ok
39620.png,39620.npy,"(666, 1000, 3)","(1, 666, 1000)","(666, 1000)","(666, 1000)",True,ok
39625.png,39625.npy,"(256, 256, 4)","(2, 256, 256)","(256, 256)","(2, 256)",False,shape_mismatch
39637.png,39637.npy,"(3888, 2592, 3)","(1, 3888, 2592)","(3888, 2592)","(3888, 2592)",True,ok
39638.png,39638.npy,"(256, 256, 4)","(2, 256, 256)","(256, 256)","(2, 256)",False,shape_mismatch
39702.png,39702.npy,"(256, 320, 4)","(2, 256, 320)","(256, 320)","(2, 256)",False,shape_mismatch
39719.png,39719.npy,"(118, 568, 3)","(1, 118, 568)","(118, 568)","(118, 568)",True,ok
39728.png,39728.npy,"(1024, 1280, 3)","(1, 1024, 1280)","(1024, 1280)","(1024, 1280)",True,ok
39737.png,39737.npy,"(666, 1000, 3)","(1, 666, 1000)","(666, 1000)","(666, 1000)",True,ok
39740.png,39740.npy,"(106, 466, 3)","(1, 106, 466)","(106, 466)","(106, 466)",True,ok
39795.png,39795.npy,"(666, 1000, 3)","(1, 666, 1000)","(666, 1000)","(666, 1000)",True,ok
39831.png,39831.npy,"(3888, 2592, 3)","(1, 3888, 2592)","(3888, 2592)","(3888, 2592)",True,ok
39875.png,39875.npy,"(159, 137, 3)","(1, 159, 137)","(159, 137)","(159, 137)",True,ok
39903.png,39903.npy,"(256, 320, 4)","(1, 256, 320)","(256, 320)","(256, 320)",True,ok
3991.png,3991.npy,"(586, 460, 3)","(3, 586, 460)","(586, 460)","(3, 586)",False,shape_mismatch
39917.png,39917.npy,"(2592, 3888, 3)","(2, 2592, 3888)","(2592, 3888)","(2, 2592)",False,shape_mismatch
39921.png,39921.npy,"(1200, 1600, 3)","(1, 1200, 1600)","(1200, 1600)","(1200, 1600)",True,ok
39944.png,39944.npy,"(328, 1022, 3)","(1, 328, 1022)","(328, 1022)","(328, 1022)",True,ok
40000.png,40000.npy,"(256, 256, 4)","(1, 256, 256)","(256, 256)","(256, 256)",True,ok
40009.png,40009.npy,"(1200, 1600, 3)","(3, 1200, 1600)","(1200, 1600)","(3, 1200)",False,shape_mismatch
40017.png,40017.npy,"(512, 572, 3)","(1, 512, 572)","(512, 572)","(512, 572)",True,ok
40022.png,40022.npy,"(666, 1000, 3)","(1, 666, 1000)","(666, 1000)","(666, 1000)",True,ok
40033.png,40033.npy,"(3888, 2592, 3)","(1, 3888, 2592)","(3888, 2592)","(3888, 2592)",True,ok
40072.png,40072.npy,"(1200, 1600, 3)","(1, 1200, 1600)","(1200, 1600)","(1200, 1600)",True,ok
4011.png,4011.npy,"(1200, 1600, 3)","(2, 1200, 1600)","(1200, 1600)","(2, 1200)",False,shape_mismatch
40191.png,40191.npy,"(256, 320, 4)","(1, 256, 320)","(256, 320)","(256, 320)",True,ok
40215.png,40215.npy,"(1200, 1600, 3)","(1, 1200, 1600)","(1200, 1600)","(1200, 1600)",True,ok
4022.png,4022.npy,"(256, 320, 4)","(2, 256, 320)","(256, 320)","(2, 256)",False,shape_mismatch
40250.png,40250.npy,"(1200, 1600, 3)","(1, 1200, 1600)","(1200, 1600)","(1200, 1600)",True,ok
40276.png,40276.npy,"(108, 715, 3)","(1, 108, 715)","(108, 715)","(108, 715)",True,ok
40279.png,40279.npy,"(1200, 1600, 3)","(1, 1200, 1600)","(1200, 1600)","(1200, 1600)",True,ok
4028.png,4028.npy,"(256, 256, 4)","(1, 256, 256)","(256, 256)","(256, 256)",True,ok
40298.png,40298.npy,"(658, 545, 3)","(3, 658, 545)","(658, 545)","(3, 658)",False,shape_mismatch
403.png,403.npy,"(666, 1000, 3)","(1, 666, 1000)","(666, 1000)","(666, 1000)",True,ok
40303.png,40303.npy,"(520, 696, 3)","(1, 520, 696)","(520, 696)","(520, 696)",True,ok
40315.png,40315.npy,"(560, 600, 3)","(1, 560, 600)","(560, 600)","(560, 600)",True,ok
40325.png,40325.npy,"(256, 320, 4)","(1, 256, 320)","(256, 320)","(256, 320)",True,ok
40349.png,40349.npy,"(256, 256, 4)","(1, 256, 256)","(256, 256)","(256, 256)",True,ok
40351.png,40351.npy,"(206, 715, 3)","(1, 206, 715)","(206, 715)","(206, 715)",True,ok
40354.png,40354.npy,"(105, 541, 3)","(1, 105, 541)","(105, 541)","(105, 541)",True,ok
40364.png,40364.npy,"(2592, 3888, 3)","(1, 2592, 3888)","(2592, 3888)","(2592, 3888)",True,ok
40372.png,40372.npy,"(1912, 2568)","(1, 1912, 2568)","(1912, 2568)","(1912, 2568)",True,ok
40373.png,40373.npy,"(183, 979, 3)","(1, 183, 979)","(183, 979)","(183, 979)",True,ok
40398.png,40398.npy,"(783, 915, 3)","(3, 783, 915)","(783, 915)","(3, 783)",False,shape_mismatch
40411.png,40411.npy,"(256, 320, 4)","(2, 256, 320)","(256, 320)","(2, 256)",False,shape_mismatch
4042.png,4042.npy,"(254, 600, 3)","(1, 254, 600)","(254, 600)","(254, 600)",True,ok
40442.png,40442.npy,"(256, 256, 4)","(1, 256, 256)","(256, 256)","(256, 256)",True,ok
4045.png,4045.npy,"(256, 256, 4)","(2, 256, 256)","(256, 256)","(2, 256)",False,shape_mismatch
40450.png,40450.npy,"(512, 526, 3)","(2, 512, 526)","(512, 526)","(2, 512)",False,shape_mismatch
40478.png,40478.npy,"(256, 256, 4)","(2, 256, 256)","(256, 256)","(2, 256)",False,shape_mismatch
40491.png,40491.npy,"(260, 347, 4)","(1, 260, 347)","(260, 347)","(260, 347)",True,ok
40494.png,40494.npy,"(256, 320, 4)","(1, 256, 320)","(256, 320)","(256, 320)",True,ok
40519.png,40519.npy,"(256, 256, 4)","(1, 256, 256)","(256, 256)","(256, 256)",True,ok
40532.png,40532.npy,"(666, 1000, 3)","(1, 666, 1000)","(666, 1000)","(666, 1000)",True,ok
40559.png,40559.npy,"(666, 1000, 3)","(1, 666, 1000)","(666, 1000)","(666, 1000)",True,ok
4057.png,4057.npy,"(1912, 2568)","(1, 1912, 2568)","(1912, 2568)","(1912, 2568)",True,ok
40580.png,40580.npy,"(360, 360, 4)","(2, 360, 360)","(360, 360)","(2, 360)",False,shape_mismatch
40582.png,40582.npy,"(1024, 1024, 3)","(1, 1024, 1024)","(1024, 1024)","(1024, 1024)",True,ok
40656.png,40656.npy,"(256, 256, 4)","(2, 256, 256)","(256, 256)","(2, 256)",False,shape_mismatch
40678.png,40678.npy,"(256, 256, 4)","(2, 256, 256)","(256, 256)","(2, 256)",False,shape_mismatch
40684.png,40684.npy,"(169, 526, 3)","(1, 169, 526)","(169, 526)","(169, 526)",True,ok
40718.png,40718.npy,"(520, 696, 3)","(1, 520, 696)","(520, 696)","(520, 696)",True,ok
40728.png,40728.npy,"(1200, 1600, 3)","(2, 1200, 1600)","(1200, 1600)","(2, 1200)",False,shape_mismatch
40732.png,40732.npy,"(694, 824, 3)","(1, 694, 824)","(694, 824)","(694, 824)",True,ok
40782.png,40782.npy,"(123, 370, 3)","(1, 123, 370)","(123, 370)","(123, 370)",True,ok
40803.png,40803.npy,"(666, 1000, 3)","(1, 666, 1000)","(666, 1000)","(666, 1000)",True,ok
40823.png,40823.npy,"(666, 1000, 3)","(1, 666, 1000)","(666, 1000)","(666, 1000)",True,ok
40828.png,40828.npy,"(666, 1000, 3)","(1, 666, 1000)","(666, 1000)","(666, 1000)",True,ok
40834.png,40834.npy,"(256, 256, 4)","(3, 256, 256)","(256, 256)","(3, 256)",False,shape_mismatch
40835.png,40835.npy,"(1912, 2568)","(1, 1912, 2568)","(1912, 2568)","(1912, 2568)",True,ok
40859.png,40859.npy,"(1200, 1600, 3)","(2, 1200, 1600)","(1200, 1600)","(2, 1200)",False,shape_mismatch
4087.png,4087.npy,"(1731, 1772, 3)","(2, 1731, 1772)","(1731, 1772)","(2, 1731)",False,shape_mismatch
40919.png,40919.npy,"(2592, 3888, 3)","(1, 2592, 3888)","(2592, 3888)","(2592, 3888)",True,ok
40934.png,40934.npy,"(1200, 1600, 3)","(2, 1200, 1600)","(1200, 1600)","(2, 1200)",False,shape_mismatch
40938.png,40938.npy,"(256, 256, 4)","(2, 256, 256)","(256, 256)","(2, 256)",False,shape_mismatch
40949.png,40949.npy,"(512, 650, 3)","(2, 512, 650)","(512, 650)","(2, 512)",False,shape_mismatch
40960.png,40960.npy,"(256, 256, 4)","(2, 256, 256)","(256, 256)","(2, 256)",False,shape_mismatch
40974.png,40974.npy,"(1024, 1024, 3)","(1, 1024, 1024)","(1024, 1024)","(1024, 1024)",True,ok
40994.png,40994.npy,"(512, 514, 3)","(1, 512, 514)","(512, 514)","(512, 514)",True,ok
41001.png,41001.npy,"(512, 512, 4)","(1, 512, 512)","(512, 512)","(512, 512)",True,ok
41011.png,41011.npy,"(360, 360, 4)","(1, 360, 360)","(360, 360)","(360, 360)",True,ok
41017.png,41017.npy,"(520, 696, 3)","(3, 520, 696)","(520, 696)","(3, 520)",False,shape_mismatch
41024.png,41024.npy,"(3888, 2592, 3)","(1, 3888, 2592)","(3888, 2592)","(3888, 2592)",True,ok
41037.png,41037.npy,"(442, 204, 3)","(2, 442, 204)","(442, 204)","(2, 442)",False,shape_mismatch
41043.png,41043.npy,"(666, 1000, 3)","(1, 666, 1000)","(666, 1000)","(666, 1000)",True,ok
41073.png,41073.npy,"(360, 360, 4)","(2, 360, 360)","(360, 360)","(2, 360)",False,shape_mismatch
41079.png,41079.npy,"(1024, 1024)","(2, 1024, 1024)","(1024, 1024)","(2, 1024)",False,shape_mismatch
41080.png,41080.npy,"(2592, 3888, 3)","(1, 2592, 3888)","(2592, 3888)","(2592, 3888)",True,ok
41081.png,41081.npy,"(909, 312, 3)","(1, 909, 312)","(909, 312)","(909, 312)",True,ok
41090.png,41090.npy,"(666, 1000, 3)","(1, 666, 1000)","(666, 1000)","(666, 1000)",True,ok
41125.png,41125.npy,"(666, 1000, 3)","(2, 666, 1000)","(666, 1000)","(2, 666)",False,shape_mismatch
41142.png,41142.npy,"(1912, 2568)","(1, 1912, 2568)","(1912, 2568)","(1912, 2568)",True,ok
41171.png,41171.npy,"(131, 1265, 3)","(1, 131, 1265)","(131, 1265)","(131, 1265)",True,ok
41172.png,41172.npy,"(1024, 1024)","(1, 1024, 1024)","(1024, 1024)","(1024, 1024)",True,ok
41201.png,41201.npy,"(160, 543, 3)","(2, 160, 543)","(160, 543)","(2, 160)",False,shape_mismatch
41227.png,41227.npy,"(1200, 1600, 3)","(2, 1200, 1600)","(1200, 1600)","(2, 1200)",False,shape_mismatch
41229.png,41229.npy,"(256, 256, 4)","(1, 256, 256)","(256, 256)","(256, 256)",True,ok
41255.png,41255.npy,"(1024, 1024, 3)","(3, 1024, 1024)","(1024, 1024)","(3, 1024)",False,shape_mismatch
41284.png,41284.npy,"(220, 259, 3)","(1, 220, 259)","(220, 259)","(220, 259)",True,ok
4129.png,4129.npy,"(512, 629, 3)","(1, 512, 629)","(512, 629)","(512, 629)",True,ok
41295.png,41295.npy,"(666, 1000, 3)","(1, 666, 1000)","(666, 1000)","(666, 1000)",True,ok
41322.png,41322.npy,"(1912, 2568)","(1, 1912, 2568)","(1912, 2568)","(1912, 2568)",True,ok
414.png,414.npy,"(222, 368, 3)","(1, 222, 368)","(222, 368)","(222, 368)",True,ok
41406.png,41406.npy,"(493, 545, 3)","(2, 493, 545)","(493, 545)","(2, 493)",False,shape_mismatch
41462.png,41462.npy,"(1200, 1600, 3)","(2, 1200, 1600)","(1200, 1600)","(2, 1200)",False,shape_mismatch
41484.png,41484.npy,"(256, 256, 4)","(1, 256, 256)","(256, 256)","(256, 256)",True,ok
41499.png,41499.npy,"(3888, 2592, 3)","(1, 3888, 2592)","(3888, 2592)","(3888, 2592)",True,ok
41517.png,41517.npy,"(666, 1000, 3)","(1, 666, 1000)","(666, 1000)","(666, 1000)",True,ok
41553.png,41553.npy,"(1912, 2568)","(1, 1912, 2568)","(1912, 2568)","(1912, 2568)",True,ok
41565.png,41565.npy,"(1912, 2568)","(1, 1912, 2568)","(1912, 2568)","(1912, 2568)",True,ok
41583.png,41583.npy,"(512, 640, 4)","(2, 512, 640)","(512, 640)","(2, 512)",False,shape_mismatch
41585.png,41585.npy,"(360, 360, 4)","(1, 360, 360)","(360, 360)","(360, 360)",True,ok
41600.png,41600.npy,"(512, 779, 3)","(1, 512, 779)","(512, 779)","(512, 779)",True,ok
41618.png,41618.npy,"(360, 360, 4)","(2, 360, 360)","(360, 360)","(2, 360)",False,shape_mismatch
41625.png,41625.npy,"(256, 256, 4)","(1, 256, 256)","(256, 256)","(256, 256)",True,ok
41629.png,41629.npy,"(256, 256, 4)","(1, 256, 256)","(256, 256)","(256, 256)",True,ok
41696.png,41696.npy,"(666, 1000, 3)","(1, 666, 1000)","(666, 1000)","(666, 1000)",True,ok
41697.png,41697.npy,"(1912, 2568)","(1, 1912, 2568)","(1912, 2568)","(1912, 2568)",True,ok
41702.png,41702.npy,"(256, 320, 4)","(1, 256, 320)","(256, 320)","(256, 320)",True,ok
41719.png,41719.npy,"(520, 696, 3)","(1, 520, 696)","(520, 696)","(520, 696)",True,ok
41726.png,41726.npy,"(360, 360, 4)","(1, 360, 360)","(360, 360)","(360, 360)",True,ok
41816.png,41816.npy,"(3888, 2592, 3)","(1, 3888, 2592)","(3888, 2592)","(3888, 2592)",True,ok
41822.png,41822.npy,"(1912, 2568)","(1, 1912, 2568)","(1912, 2568)","(1912, 2568)",True,ok
41830.png,41830.npy,"(3888, 2592, 3)","(1, 3888, 2592)","(3888, 2592)","(3888, 2592)",True,ok
41852.png,41852.npy,"(65, 391, 3)","(1, 65, 391)","(65, 391)","(65, 391)",True,ok
41879.png,41879.npy,"(210, 1193, 3)","(1, 210, 1193)","(210, 1193)","(210, 1193)",True,ok
41886.png,41886.npy,"(2592, 3888, 3)","(1, 2592, 3888)","(2592, 3888)","(2592, 3888)",True,ok
41895.png,41895.npy,"(1200, 1600, 3)","(1, 1200, 1600)","(1200, 1600)","(1200, 1600)",True,ok
41926.png,41926.npy,"(114, 731, 3)","(1, 114, 731)","(114, 731)","(114, 731)",True,ok
41930.png,41930.npy,"(669, 309, 3)","(1, 669, 309)","(669, 309)","(669, 309)",True,ok
420.png,420.npy,"(256, 256, 4)","(3, 256, 256)","(256, 256)","(3, 256)",False,shape_mismatch
42034.png,42034.npy,"(324, 1878, 3)","(1, 324, 1878)","(324, 1878)","(324, 1878)",True,ok
42035.png,42035.npy,"(2592, 3888, 3)","(1, 2592, 3888)","(2592, 3888)","(2592, 3888)",True,ok
42039.png,42039.npy,"(512, 512, 3)","(1, 512, 512)","(512, 512)","(512, 512)",True,ok
42083.png,42083.npy,"(1200, 1600, 3)","(1, 1200, 1600)","(1200, 1600)","(1200, 1600)",True,ok
42097.png,42097.npy,"(666, 1000, 3)","(1, 666, 1000)","(666, 1000)","(666, 1000)",True,ok
42118.png,42118.npy,"(256, 256, 4)","(1, 256, 256)","(256, 256)","(256, 256)",True,ok
42121.png,42121.npy,"(1200, 1600, 3)","(3, 1200, 1600)","(1200, 1600)","(3, 1200)",False,shape_mismatch
42187.png,42187.npy,"(108, 715, 3)","(2, 108, 715)","(108, 715)","(2, 108)",False,shape_mismatch
422.png,422.npy,"(520, 696, 4)","(1, 520, 696)","(520, 696)","(520, 696)",True,ok
42203.png,42203.npy,"(125, 518, 3)","(1, 125, 518)","(125, 518)","(125, 518)",True,ok
4221.png,4221.npy,"(1225, 1599, 3)","(2, 1225, 1599)","(1225, 1599)","(2, 1225)",False,shape_mismatch
4222.png,4222.npy,"(513, 512, 3)","(1, 513, 512)","(513, 512)","(513, 512)",True,ok
42246.png,42246.npy,"(512, 555, 3)","(2, 512, 555)","(512, 555)","(2, 512)",False,shape_mismatch
42266.png,42266.npy,"(256, 256, 4)","(2, 256, 256)","(256, 256)","(2, 256)",False,shape_mismatch
42268.png,42268.npy,"(123, 570, 3)","(1, 123, 570)","(123, 570)","(123, 570)",True,ok
42287.png,42287.npy,"(256, 256, 4)","(1, 256, 256)","(256, 256)","(256, 256)",True,ok
42289.png,42289.npy,"(215, 816, 3)","(1, 215, 816)","(215, 816)","(215, 816)",True,ok
42305.png,42305.npy,"(520, 696, 3)","(1, 520, 696)","(520, 696)","(520, 696)",True,ok
42308.png,42308.npy,"(512, 598, 3)","(1, 512, 598)","(512, 598)","(512, 598)",True,ok
42333.png,42333.npy,"(479, 923, 3)","(2, 479, 923)","(479, 923)","(2, 479)",False,shape_mismatch
42340.png,42340.npy,"(512, 779, 3)","(3, 512, 779)","(512, 779)","(3, 512)",False,shape_mismatch
42385.png,42385.npy,"(107, 1411, 3)","(1, 107, 1411)","(107, 1411)","(107, 1411)",True,ok
42391.png,42391.npy,"(479, 923, 3)","(2, 479, 923)","(479, 923)","(2, 479)",False,shape_mismatch
42419.png,42419.npy,"(360, 360, 4)","(1, 360, 360)","(360, 360)","(360, 360)",True,ok
42427.png,42427.npy,"(1200, 1600, 3)","(2, 1200, 1600)","(1200, 1600)","(2, 1200)",False,shape_mismatch
42443.png,42443.npy,"(1200, 1600, 3)","(1, 1200, 1600)","(1200, 1600)","(1200, 1600)",True,ok
42461.png,42461.npy,"(95, 620, 3)","(1, 95, 620)","(95, 620)","(95, 620)",True,ok
42498.png,42498.npy,"(512, 517, 3)","(2, 512, 517)","(512, 517)","(2, 512)",False,shape_mismatch
42512.png,42512.npy,"(512, 512, 4)","(3, 512, 512)","(512, 512)","(3, 512)",False,shape_mismatch
42528.png,42528.npy,"(256, 256, 4)","(2, 256, 256)","(256, 256)","(2, 256)",False,shape_mismatch
42630.png,42630.npy,"(256, 256, 4)","(1, 256, 256)","(256, 256)","(256, 256)",True,ok
42632.png,42632.npy,"(666, 1000, 3)","(1, 666, 1000)","(666, 1000)","(666, 1000)",True,ok
42641.png,42641.npy,"(360, 360, 4)","(1, 360, 360)","(360, 360)","(360, 360)",True,ok
42698.png,42698.npy,"(125, 1267, 3)","(1, 125, 1267)","(125, 1267)","(125, 1267)",True,ok
427.png,427.npy,"(94, 366, 3)","(1, 94, 366)","(94, 366)","(94, 366)",True,ok
42735.png,42735.npy,"(1200, 1600, 3)","(1, 1200, 1600)","(1200, 1600)","(1200, 1600)",True,ok
42742.png,42742.npy,"(256, 256, 4)","(2, 256, 256)","(256, 256)","(2, 256)",False,shape_mismatch
42757.png,42757.npy,"(512, 512)","(1, 512, 512)","(512, 512)","(512, 512)",True,ok
42776.png,42776.npy,"(375, 364, 3)","(2, 375, 364)","(375, 364)","(2, 375)",False,shape_mismatch
42801.png,42801.npy,"(97, 620, 3)","(1, 97, 620)","(97, 620)","(97, 620)",True,ok
42827.png,42827.npy,"(666, 1000, 3)","(1, 666, 1000)","(666, 1000)","(666, 1000)",True,ok
42832.png,42832.npy,"(1001, 124, 3)","(1, 1001, 124)","(1001, 124)","(1001, 124)",True,ok
42834.png,42834.npy,"(763, 756, 3)","(2, 763, 756)","(763, 756)","(2, 763)",False,shape_mismatch
42886.png,42886.npy,"(158, 899, 3)","(1, 158, 899)","(158, 899)","(158, 899)",True,ok
42916.png,42916.npy,"(666, 1000, 3)","(1, 666, 1000)","(666, 1000)","(666, 1000)",True,ok
42983.png,42983.npy,"(666, 1000, 3)","(2, 666, 1000)","(666, 1000)","(2, 666)",False,shape_mismatch
43085.png,43085.npy,"(647, 1355, 3)","(1, 647, 1355)","(647, 1355)","(647, 1355)",True,ok
43093.png,43093.npy,"(666, 1000, 3)","(2, 666, 1000)","(666, 1000)","(2, 666)",False,shape_mismatch
43106.png,43106.npy,"(1024, 1280, 3)","(1, 1024, 1280)","(1024, 1280)","(1024, 1280)",True,ok
43120.png,43120.npy,"(1005, 431, 3)","(1, 1005, 431)","(1005, 431)","(1005, 431)",True,ok
43128.png,43128.npy,"(666, 1000, 3)","(1, 666, 1000)","(666, 1000)","(666, 1000)",True,ok
43142.png,43142.npy,"(360, 360, 4)","(1, 360, 360)","(360, 360)","(360, 360)",True,ok
43161.png,43161.npy,"(512, 535, 3)","(2, 512, 535)","(512, 535)","(2, 512)",False,shape_mismatch
43168.png,43168.npy,"(256, 256, 4)","(1, 256, 256)","(256, 256)","(256, 256)",True,ok
4318.png,4318.npy,"(256, 256, 4)","(1, 256, 256)","(256, 256)","(256, 256)",True,ok
43193.png,43193.npy,"(256, 256, 4)","(3, 256, 256)","(256, 256)","(3, 256)",False,shape_mismatch
4321.png,4321.npy,"(357, 981, 3)","(1, 357, 981)","(357, 981)","(357, 981)",True,ok
43222.png,43222.npy,"(360, 360, 4)","(1, 360, 360)","(360, 360)","(360, 360)",True,ok
4326.png,4326.npy,"(360, 360, 4)","(1, 360, 360)","(360, 360)","(360, 360)",True,ok
43269.png,43269.npy,"(512, 514, 3)","(1, 512, 514)","(512, 514)","(512, 514)",True,ok
43270.png,43270.npy,"(666, 1000, 3)","(1, 666, 1000)","(666, 1000)","(666, 1000)",True,ok
43285.png,43285.npy,"(64, 814, 3)","(1, 64, 814)","(64, 814)","(64, 814)",True,ok
43300.png,43300.npy,"(512, 558, 3)","(1, 512, 558)","(512, 558)","(512, 558)",True,ok
43301.png,43301.npy,"(91, 593, 3)","(1, 91, 593)","(91, 593)","(91, 593)",True,ok
43324.png,43324.npy,"(666, 1000, 3)","(1, 666, 1000)","(666, 1000)","(666, 1000)",True,ok
43340.png,43340.npy,"(256, 256, 4)","(1, 256, 256)","(256, 256)","(256, 256)",True,ok
43368.png,43368.npy,"(256, 320, 4)","(1, 256, 320)","(256, 320)","(256, 320)",True,ok
43391.png,43391.npy,"(256, 320, 4)","(2, 256, 320)","(256, 320)","(2, 256)",False,shape_mismatch
43459.png,43459.npy,"(256, 320, 4)","(1, 256, 320)","(256, 320)","(256, 320)",True,ok
43582.png,43582.npy,"(512, 730, 3)","(1, 512, 730)","(512, 730)","(512, 730)",True,ok
43589.png,43589.npy,"(666, 1000, 3)","(2, 666, 1000)","(666, 1000)","(2, 666)",False,shape_mismatch
43610.png,43610.npy,"(1200, 1600, 3)","(1, 1200, 1600)","(1200, 1600)","(1200, 1600)",True,ok
43623.png,43623.npy,"(1200, 1600, 3)","(2, 1200, 1600)","(1200, 1600)","(2, 1200)",False,shape_mismatch
43659.png,43659.npy,"(185, 943, 3)","(1, 185, 943)","(185, 943)","(185, 943)",True,ok
43660.png,43660.npy,"(666, 1000, 3)","(1, 666, 1000)","(666, 1000)","(666, 1000)",True,ok
43703.png,43703.npy,"(573, 355, 3)","(1, 573, 355)","(573, 355)","(573, 355)",True,ok
4371.png,4371.npy,"(379, 506, 3)","(1, 379, 506)","(379, 506)","(379, 506)",True,ok
43712.png,43712.npy,"(1912, 2568)","(1, 1912, 2568)","(1912, 2568)","(1912, 2568)",True,ok
43726.png,43726.npy,"(512, 512, 3)","(1, 512, 512)","(512, 512)","(512, 512)",True,ok
43760.png,43760.npy,"(512, 779, 3)","(2, 512, 779)","(512, 779)","(2, 512)",False,shape_mismatch
43787.png,43787.npy,"(1024, 1280, 3)","(2, 1024, 1280)","(1024, 1280)","(2, 1024)",False,shape_mismatch
43810.png,43810.npy,"(1200, 1600, 3)","(2, 1200, 1600)","(1200, 1600)","(2, 1200)",False,shape_mismatch
43831.png,43831.npy,"(666, 1000, 3)","(2, 666, 1000)","(666, 1000)","(2, 666)",False,shape_mismatch
43839.png,43839.npy,"(1200, 1600, 3)","(2, 1200, 1600)","(1200, 1600)","(2, 1200)",False,shape_mismatch
43850.png,43850.npy,"(520, 696, 3)","(1, 520, 696)","(520, 696)","(520, 696)",True,ok
43877.png,43877.npy,"(520, 696, 4)","(2, 520, 696)","(520, 696)","(2, 520)",False,shape_mismatch
43915.png,43915.npy,"(256, 320, 4)","(1, 256, 320)","(256, 320)","(256, 320)",True,ok
43955.png,43955.npy,"(256, 320, 4)","(1, 256, 320)","(256, 320)","(256, 320)",True,ok
43986.png,43986.npy,"(2592, 3888, 3)","(1, 2592, 3888)","(2592, 3888)","(2592, 3888)",True,ok
43994.png,43994.npy,"(666, 1000, 3)","(2, 666, 1000)","(666, 1000)","(2, 666)",False,shape_mismatch
44000.png,44000.npy,"(256, 320, 4)","(1, 256, 320)","(256, 320)","(256, 320)",True,ok
44020.png,44020.npy,"(256, 320, 4)","(1, 256, 320)","(256, 320)","(256, 320)",True,ok
44040.png,44040.npy,"(1200, 1600, 3)","(1, 1200, 1600)","(1200, 1600)","(1200, 1600)",True,ok
44074.png,44074.npy,"(256, 256, 4)","(1, 256, 256)","(256, 256)","(256, 256)",True,ok
44122.png,44122.npy,"(360, 360, 4)","(2, 360, 360)","(360, 360)","(2, 360)",False,shape_mismatch
44157.png,44157.npy,"(1087, 878, 3)","(2, 1087, 878)","(1087, 878)","(2, 1087)",False,shape_mismatch
44171.png,44171.npy,"(361, 448, 3)","(1, 361, 448)","(361, 448)","(361, 448)",True,ok
44187.png,44187.npy,"(447, 795, 3)","(2, 447, 795)","(447, 795)","(2, 447)",False,shape_mismatch
44208.png,44208.npy,"(158, 630, 3)","(1, 158, 630)","(158, 630)","(158, 630)",True,ok
44212.png,44212.npy,"(2592, 3888, 3)","(1, 2592, 3888)","(2592, 3888)","(2592, 3888)",True,ok
44231.png,44231.npy,"(310, 610, 3)","(1, 310, 610)","(310, 610)","(310, 610)",True,ok
44236.png,44236.npy,"(143, 883, 3)","(1, 143, 883)","(143, 883)","(143, 883)",True,ok
44267.png,44267.npy,"(110, 884, 3)","(1, 110, 884)","(110, 884)","(110, 884)",True,ok
44291.png,44291.npy,"(1024, 1024)","(1, 1024, 1024)","(1024, 1024)","(1024, 1024)",True,ok
44298.png,44298.npy,"(1200, 1600, 3)","(2, 1200, 1600)","(1200, 1600)","(2, 1200)",False,shape_mismatch
44309.png,44309.npy,"(1200, 1600, 3)","(3, 1200, 1600)","(1200, 1600)","(3, 1200)",False,shape_mismatch
44311.png,44311.npy,"(1200, 1600, 3)","(1, 1200, 1600)","(1200, 1600)","(1200, 1600)",True,ok
44347.png,44347.npy,"(666, 1000, 3)","(1, 666, 1000)","(666, 1000)","(666, 1000)",True,ok
44387.png,44387.npy,"(179, 2415, 3)","(1, 179, 2415)","(179, 2415)","(179, 2415)",True,ok
44399.png,44399.npy,"(85, 483, 3)","(1, 85, 483)","(85, 483)","(85, 483)",True,ok
44408.png,44408.npy,"(256, 320, 4)","(1, 256, 320)","(256, 320)","(256, 320)",True,ok
44409.png,44409.npy,"(1200, 1600, 3)","(3, 1200, 1600)","(1200, 1600)","(3, 1200)",False,shape_mismatch
44420.png,44420.npy,"(256, 320, 4)","(1, 256, 320)","(256, 320)","(256, 320)",True,ok
44426.png,44426.npy,"(137, 847, 3)","(1, 137, 847)","(137, 847)","(137, 847)",True,ok
44475.png,44475.npy,"(256, 256, 4)","(1, 256, 256)","(256, 256)","(256, 256)",True,ok
44554.png,44554.npy,"(96, 556, 3)","(1, 96, 556)","(96, 556)","(96, 556)",True,ok
44555.png,44555.npy,"(311, 706, 3)","(1, 311, 706)","(311, 706)","(311, 706)",True,ok
44575.png,44575.npy,"(3888, 2592, 3)","(1, 3888, 2592)","(3888, 2592)","(3888, 2592)",True,ok
4460.png,4460.npy,"(1200, 1600, 3)","(2, 1200, 1600)","(1200, 1600)","(2, 1200)",False,shape_mismatch
44600.png,44600.npy,"(256, 256, 4)","(3, 256, 256)","(256, 256)","(3, 256)",False,shape_mismatch
44606.png,44606.npy,"(256, 256, 4)","(3, 256, 256)","(256, 256)","(3, 256)",False,shape_mismatch
44622.png,44622.npy,"(167, 538, 3)","(1, 167, 538)","(167, 538)","(167, 538)",True,ok
44640.png,44640.npy,"(112, 401, 3)","(1, 112, 401)","(112, 401)","(112, 401)",True,ok
44648.png,44648.npy,"(1200, 1600, 3)","(1, 1200, 1600)","(1200, 1600)","(1200, 1600)",True,ok
44652.png,44652.npy,"(512, 512)","(2, 512, 512)","(512, 512)","(2, 512)",False,shape_mismatch
44656.png,44656.npy,"(256, 256, 4)","(1, 256, 256)","(256, 256)","(256, 256)",True,ok
44666.png,44666.npy,"(137, 502, 3)","(1, 137, 502)","(137, 502)","(137, 502)",True,ok
44701.png,44701.npy,"(666, 1000, 3)","(2, 666, 1000)","(666, 1000)","(2, 666)",False,shape_mismatch
44749.png,44749.npy,"(1912, 2568)","(1, 1912, 2568)","(1912, 2568)","(1912, 2568)",True,ok
44750.png,44750.npy,"(902, 1220, 3)","(2, 902, 1220)","(902, 1220)","(2, 902)",False,shape_mismatch
44751.png,44751.npy,"(3888, 2592, 3)","(1, 3888, 2592)","(3888, 2592)","(3888, 2592)",True,ok
44778.png,44778.npy,"(76, 393, 3)","(1, 76, 393)","(76, 393)","(76, 393)",True,ok
44800.png,44800.npy,"(256, 256, 4)","(3, 256, 256)","(256, 256)","(3, 256)",False,shape_mismatch
4481.png,4481.npy,"(165, 1399, 3)","(2, 165, 1399)","(165, 1399)","(2, 165)",False,shape_mismatch
44821.png,44821.npy,"(1024, 1280, 3)","(1, 1024, 1280)","(1024, 1280)","(1024, 1280)",True,ok
44825.png,44825.npy,"(512, 633, 3)","(1, 512, 633)","(512, 633)","(512, 633)",True,ok
44829.png,44829.npy,"(279, 516, 3)","(1, 279, 516)","(279, 516)","(279, 516)",True,ok
44838.png,44838.npy,"(512, 592, 3)","(1, 512, 592)","(512, 592)","(512, 592)",True,ok
4490.png,4490.npy,"(1200, 1600, 3)","(1, 1200, 1600)","(1200, 1600)","(1200, 1600)",True,ok
44928.png,44928.npy,"(256, 256, 4)","(2, 256, 256)","(256, 256)","(2, 256)",False,shape_mismatch
44940.png,44940.npy,"(1200, 1600, 3)","(2, 1200, 1600)","(1200, 1600)","(2, 1200)",False,shape_mismatch
45004.png,45004.npy,"(256, 256, 4)","(2, 256, 256)","(256, 256)","(2, 256)",False,shape_mismatch
45025.png,45025.npy,"(512, 512, 3)","(1, 512, 512)","(512, 512)","(512, 512)",True,ok
45030.png,45030.npy,"(512, 687, 3)","(1, 512, 687)","(512, 687)","(512, 687)",True,ok
4508.png,4508.npy,"(1912, 2568)","(1, 1912, 2568)","(1912, 2568)","(1912, 2568)",True,ok
45124.png,45124.npy,"(256, 320, 4)","(2, 256, 320)","(256, 320)","(2, 256)",False,shape_mismatch
45133.png,45133.npy,"(256, 256, 4)","(2, 256, 256)","(256, 256)","(2, 256)",False,shape_mismatch
45139.png,45139.npy,"(666, 1000, 3)","(1, 666, 1000)","(666, 1000)","(666, 1000)",True,ok
45151.png,45151.npy,"(117, 558, 3)","(1, 117, 558)","(117, 558)","(117, 558)",True,ok
45152.png,45152.npy,"(360, 360, 4)","(1, 360, 360)","(360, 360)","(360, 360)",True,ok
45180.png,45180.npy,"(1024, 1024, 3)","(1, 1024, 1024)","(1024, 1024)","(1024, 1024)",True,ok
45182.png,45182.npy,"(2592, 3888, 3)","(1, 2592, 3888)","(2592, 3888)","(2592, 3888)",True,ok
45202.png,45202.npy,"(171, 136, 3)","(1, 171, 136)","(171, 136)","(171, 136)",True,ok
45218.png,45218.npy,"(69, 517, 3)","(1, 69, 517)","(69, 517)","(69, 517)",True,ok
45269.png,45269.npy,"(1200, 1600, 3)","(2, 1200, 1600)","(1200, 1600)","(2, 1200)",False,shape_mismatch
45287.png,45287.npy,"(520, 696, 3)","(2, 520, 696)","(520, 696)","(2, 520)",False,shape_mismatch
45310.png,45310.npy,"(1200, 1600, 3)","(2, 1200, 1600)","(1200, 1600)","(2, 1200)",False,shape_mismatch
45315.png,45315.npy,"(666, 1000, 3)","(1, 666, 1000)","(666, 1000)","(666, 1000)",True,ok
45345.png,45345.npy,"(520, 696, 3)","(1, 520, 696)","(520, 696)","(520, 696)",True,ok
45376.png,45376.npy,"(1200, 1600, 3)","(3, 1200, 1600)","(1200, 1600)","(3, 1200)",False,shape_mismatch
45377.png,45377.npy,"(520, 696, 3)","(1, 520, 696)","(520, 696)","(520, 696)",True,ok
45381.png,45381.npy,"(512, 512)","(1, 512, 512)","(512, 512)","(512, 512)",True,ok
45400.png,45400.npy,"(1200, 1600, 3)","(2, 1200, 1600)","(1200, 1600)","(2, 1200)",False,shape_mismatch
45485.png,45485.npy,"(512, 512, 4)","(1, 512, 512)","(512, 512)","(512, 512)",True,ok
45496.png,45496.npy,"(531, 258, 3)","(1, 531, 258)","(531, 258)","(531, 258)",True,ok
45522.png,45522.npy,"(106, 460, 3)","(1, 106, 460)","(106, 460)","(106, 460)",True,ok
45536.png,45536.npy,"(512, 580, 3)","(1, 512, 580)","(512, 580)","(512, 580)",True,ok
45552.png,45552.npy,"(1153, 1307, 3)","(3, 1153, 1307)","(1153, 1307)","(3, 1153)",False,shape_mismatch
4556.png,4556.npy,"(256, 256, 4)","(1, 256, 256)","(256, 256)","(256, 256)",True,ok
45563.png,45563.npy,"(85, 517, 3)","(1, 85, 517)","(85, 517)","(85, 517)",True,ok
45602.png,45602.npy,"(512, 664, 3)","(3, 512, 664)","(512, 664)","(3, 512)",False,shape_mismatch
45620.png,45620.npy,"(212, 1282, 3)","(1, 212, 1282)","(212, 1282)","(212, 1282)",True,ok
45686.png,45686.npy,"(132, 437, 3)","(1, 132, 437)","(132, 437)","(132, 437)",True,ok
45710.png,45710.npy,"(907, 242, 3)","(1, 907, 242)","(907, 242)","(907, 242)",True,ok
45712.png,45712.npy,"(256, 256, 4)","(1, 256, 256)","(256, 256)","(256, 256)",True,ok
45720.png,45720.npy,"(482, 585, 3)","(1, 482, 585)","(482, 585)","(482, 585)",True,ok
45767.png,45767.npy,"(204, 858, 3)","(1, 204, 858)","(204, 858)","(204, 858)",True,ok
45784.png,45784.npy,"(256, 256, 4)","(2, 256, 256)","(256, 256)","(2, 256)",False,shape_mismatch
45821.png,45821.npy,"(256, 256, 4)","(1, 256, 256)","(256, 256)","(256, 256)",True,ok
45838.png,45838.npy,"(1200, 1600, 3)","(1, 1200, 1600)","(1200, 1600)","(1200, 1600)",True,ok
45866.png,45866.npy,"(73, 565, 3)","(1, 73, 565)","(73, 565)","(73, 565)",True,ok
45878.png,45878.npy,"(512, 768, 3)","(1, 512, 768)","(512, 768)","(512, 768)",True,ok
45889.png,45889.npy,"(137, 1170, 3)","(1, 137, 1170)","(137, 1170)","(137, 1170)",True,ok
45911.png,45911.npy,"(132, 166, 3)","(1, 132, 166)","(132, 166)","(132, 166)",True,ok
45913.png,45913.npy,"(256, 256, 4)","(1, 256, 256)","(256, 256)","(256, 256)",True,ok
4592.png,4592.npy,"(512, 612, 3)","(1, 512, 612)","(512, 612)","(512, 612)",True,ok
45958.png,45958.npy,"(1136, 1445, 3)","(2, 1136, 1445)","(1136, 1445)","(2, 1136)",False,shape_mismatch
46006.png,46006.npy,"(233, 1042, 3)","(1, 233, 1042)","(233, 1042)","(233, 1042)",True,ok
46083.png,46083.npy,"(360, 360, 4)","(2, 360, 360)","(360, 360)","(2, 360)",False,shape_mismatch
4609.png,4609.npy,"(520, 696, 3)","(1, 520, 696)","(520, 696)","(520, 696)",True,ok
46098.png,46098.npy,"(80, 465, 3)","(1, 80, 465)","(80, 465)","(80, 465)",True,ok
46106.png,46106.npy,"(512, 512)","(1, 512, 512)","(512, 512)","(512, 512)",True,ok
46109.png,46109.npy,"(192, 527, 3)","(1, 192, 527)","(192, 527)","(192, 527)",True,ok
46171.png,46171.npy,"(65, 440, 3)","(1, 65, 440)","(65, 440)","(65, 440)",True,ok
46175.png,46175.npy,"(512, 741, 3)","(2, 512, 741)","(512, 741)","(2, 512)",False,shape_mismatch
46202.png,46202.npy,"(1912, 2568)","(1, 1912, 2568)","(1912, 2568)","(1912, 2568)",True,ok
46206.png,46206.npy,"(951, 917, 3)","(2, 951, 917)","(951, 917)","(2, 951)",False,shape_mismatch
46212.png,46212.npy,"(256, 256, 4)","(1, 256, 256)","(256, 256)","(256, 256)",True,ok
46226.png,46226.npy,"(666, 1000, 3)","(1, 666, 1000)","(666, 1000)","(666, 1000)",True,ok
46243.png,46243.npy,"(74, 534, 3)","(1, 74, 534)","(74, 534)","(74, 534)",True,ok
46305.png,46305.npy,"(520, 696, 3)","(3, 520, 696)","(520, 696)","(3, 520)",False,shape_mismatch
46309.png,46309.npy,"(75, 1067, 3)","(1, 75, 1067)","(75, 1067)","(75, 1067)",True,ok
46310.png,46310.npy,"(717, 918, 3)","(1, 717, 918)","(717, 918)","(717, 918)",True,ok
46312.png,46312.npy,"(1024, 1024)","(1, 1024, 1024)","(1024, 1024)","(1024, 1024)",True,ok
4634.png,4634.npy,"(256, 256, 4)","(2, 256, 256)","(256, 256)","(2, 256)",False,shape_mismatch
46356.png,46356.npy,"(211, 1189, 3)","(1, 211, 1189)","(211, 1189)","(211, 1189)",True,ok
46366.png,46366.npy,"(528, 512, 3)","(3, 528, 512)","(528, 512)","(3, 528)",False,shape_mismatch
46425.png,46425.npy,"(1200, 1600, 3)","(3, 1200, 1600)","(1200, 1600)","(3, 1200)",False,shape_mismatch
46444.png,46444.npy,"(347, 336, 3)","(2, 347, 336)","(347, 336)","(2, 347)",False,shape_mismatch
46473.png,46473.npy,"(1200, 1600, 3)","(2, 1200, 1600)","(1200, 1600)","(2, 1200)",False,shape_mismatch
4650.png,4650.npy,"(170, 579, 3)","(1, 170, 579)","(170, 579)","(170, 579)",True,ok
46500.png,46500.npy,"(968, 637, 3)","(1, 968, 637)","(968, 637)","(968, 637)",True,ok
46511.png,46511.npy,"(666, 1000, 3)","(1, 666, 1000)","(666, 1000)","(666, 1000)",True,ok
46547.png,46547.npy,"(1024, 1024)","(1, 1024, 1024)","(1024, 1024)","(1024, 1024)",True,ok
46568.png,46568.npy,"(83, 564, 3)","(1, 83, 564)","(83, 564)","(83, 564)",True,ok
46577.png,46577.npy,"(512, 754, 3)","(2, 512, 754)","(512, 754)","(2, 512)",False,shape_mismatch
46698.png,46698.npy,"(70, 371, 3)","(1, 70, 371)","(70, 371)","(70, 371)",True,ok
46733.png,46733.npy,"(512, 512, 3)","(1, 512, 512)","(512, 512)","(512, 512)",True,ok
46735.png,46735.npy,"(177, 93, 3)","(1, 177, 93)","(177, 93)","(177, 93)",True,ok
46754.png,46754.npy,"(2592, 3888, 3)","(1, 2592, 3888)","(2592, 3888)","(2592, 3888)",True,ok
46819.png,46819.npy,"(256, 256, 4)","(2, 256, 256)","(256, 256)","(2, 256)",False,shape_mismatch
46836.png,46836.npy,"(666, 1000, 3)","(1, 666, 1000)","(666, 1000)","(666, 1000)",True,ok
46849.png,46849.npy,"(1912, 2568)","(1, 1912, 2568)","(1912, 2568)","(1912, 2568)",True,ok
46885.png,46885.npy,"(1200, 1600, 3)","(2, 1200, 1600)","(1200, 1600)","(2, 1200)",False,shape_mismatch
46887.png,46887.npy,"(512, 512, 4)","(3, 512, 512)","(512, 512)","(3, 512)",False,shape_mismatch
46898.png,46898.npy,"(512, 512, 4)","(3, 512, 512)","(512, 512)","(3, 512)",False,shape_mismatch
46907.png,46907.npy,"(512, 512, 3)","(1, 512, 512)","(512, 512)","(512, 512)",True,ok
46910.png,46910.npy,"(103, 484, 3)","(1, 103, 484)","(103, 484)","(103, 484)",True,ok
46927.png,46927.npy,"(100, 742, 3)","(1, 100, 742)","(100, 742)","(100, 742)",True,ok
46933.png,46933.npy,"(666, 1000, 3)","(1, 666, 1000)","(666, 1000)","(666, 1000)",True,ok
46935.png,46935.npy,"(256, 320, 4)","(1, 256, 320)","(256, 320)","(256, 320)",True,ok
46969.png,46969.npy,"(512, 701, 3)","(3, 512, 701)","(512, 701)","(3, 512)",False,shape_mismatch
46974.png,46974.npy,"(1200, 1600, 3)","(3, 1200, 1600)","(1200, 1600)","(3, 1200)",False,shape_mismatch
46979.png,46979.npy,"(256, 256, 4)","(1, 256, 256)","(256, 256)","(256, 256)",True,ok
47003.png,47003.npy,"(666, 1000, 3)","(1, 666, 1000)","(666, 1000)","(666, 1000)",True,ok
47017.png,47017.npy,"(66, 319, 3)","(1, 66, 319)","(66, 319)","(66, 319)",True,ok
47030.png,47030.npy,"(512, 777, 3)","(1, 512, 777)","(512, 777)","(512, 777)",True,ok
47033.png,47033.npy,"(1200, 1600, 3)","(2, 1200, 1600)","(1200, 1600)","(2, 1200)",False,shape_mismatch
47049.png,47049.npy,"(1200, 1600, 3)","(3, 1200, 1600)","(1200, 1600)","(3, 1200)",False,shape_mismatch
47052.png,47052.npy,"(256, 256, 4)","(2, 256, 256)","(256, 256)","(2, 256)",False,shape_mismatch
47068.png,47068.npy,"(666, 1000, 3)","(1, 666, 1000)","(666, 1000)","(666, 1000)",True,ok
47069.png,47069.npy,"(360, 360, 4)","(1, 360, 360)","(360, 360)","(360, 360)",True,ok
47090.png,47090.npy,"(256, 256, 4)","(1, 256, 256)","(256, 256)","(256, 256)",True,ok
47097.png,47097.npy,"(520, 696, 3)","(1, 520, 696)","(520, 696)","(520, 696)",True,ok
47101.png,47101.npy,"(360, 360, 4)","(1, 360, 360)","(360, 360)","(360, 360)",True,ok
47133.png,47133.npy,"(512, 512, 4)","(3, 512, 512)","(512, 512)","(3, 512)",False,shape_mismatch
47151.png,47151.npy,"(1200, 1600, 3)","(1, 1200, 1600)","(1200, 1600)","(1200, 1600)",True,ok
4716.png,4716.npy,"(666, 1000, 3)","(1, 666, 1000)","(666, 1000)","(666, 1000)",True,ok
47185.png,47185.npy,"(512, 515, 3)","(3, 512, 515)","(512, 515)","(3, 512)",False,shape_mismatch
47238.png,47238.npy,"(666, 1000, 3)","(1, 666, 1000)","(666, 1000)","(666, 1000)",True,ok
47252.png,47252.npy,"(1200, 1600, 3)","(3, 1200, 1600)","(1200, 1600)","(3, 1200)",False,shape_mismatch
47261.png,47261.npy,"(96, 593, 3)","(1, 96, 593)","(96, 593)","(96, 593)",True,ok
47318.png,47318.npy,"(256, 320, 4)","(1, 256, 320)","(256, 320)","(256, 320)",True,ok
4733.png,4733.npy,"(520, 696, 4)","(1, 520, 696)","(520, 696)","(520, 696)",True,ok
47366.png,47366.npy,"(1200, 1600, 3)","(1, 1200, 1600)","(1200, 1600)","(1200, 1600)",True,ok
47376.png,47376.npy,"(392, 296, 3)","(1, 392, 296)","(392, 296)","(392, 296)",True,ok
4740.png,4740.npy,"(3888, 2592, 3)","(1, 3888, 2592)","(3888, 2592)","(3888, 2592)",True,ok
47405.png,47405.npy,"(1200, 1600, 3)","(1, 1200, 1600)","(1200, 1600)","(1200, 1600)",True,ok
47424.png,47424.npy,"(1912, 2568)","(1, 1912, 2568)","(1912, 2568)","(1912, 2568)",True,ok
47426.png,47426.npy,"(986, 1984, 3)","(2, 986, 1984)","(986, 1984)","(2, 986)",False,shape_mismatch
4743.png,4743.npy,"(256, 256, 4)","(1, 256, 256)","(256, 256)","(256, 256)",True,ok
47441.png,47441.npy,"(512, 512, 3)","(2, 512, 512)","(512, 512)","(2, 512)",False,shape_mismatch
47513.png,47513.npy,"(68, 875, 3)","(1, 68, 875)","(68, 875)","(68, 875)",True,ok
47574.png,47574.npy,"(512, 512)","(1, 512, 512)","(512, 512)","(512, 512)",True,ok
47586.png,47586.npy,"(1200, 1600, 3)","(2, 1200, 1600)","(1200, 1600)","(2, 1200)",False,shape_mismatch
4772.png,4772.npy,"(512, 512, 4)","(2, 512, 512)","(512, 512)","(2, 512)",False,shape_mismatch
47770.png,47770.npy,"(512, 779, 3)","(2, 512, 779)","(512, 779)","(2, 512)",False,shape_mismatch
47777.png,47777.npy,"(511, 705, 3)","(3, 511, 705)","(511, 705)","(3, 511)",False,shape_mismatch
47790.png,47790.npy,"(360, 360, 4)","(1, 360, 360)","(360, 360)","(360, 360)",True,ok
47830.png,47830.npy,"(666, 1000, 3)","(2, 666, 1000)","(666, 1000)","(2, 666)",False,shape_mismatch
47871.png,47871.npy,"(1200, 1600, 3)","(1, 1200, 1600)","(1200, 1600)","(1200, 1600)",True,ok
47916.png,47916.npy,"(342, 1023, 3)","(1, 342, 1023)","(342, 1023)","(342, 1023)",True,ok
47980.png,47980.npy,"(3888, 2592, 3)","(2, 3888, 2592)","(3888, 2592)","(2, 3888)",False,shape_mismatch
48001.png,48001.npy,"(355, 1159, 3)","(1, 355, 1159)","(355, 1159)","(355, 1159)",True,ok
4806.png,4806.npy,"(1912, 2568)","(2, 1912, 2568)","(1912, 2568)","(2, 1912)",False,shape_mismatch
48070.png,48070.npy,"(1024, 1024, 3)","(1, 1024, 1024)","(1024, 1024)","(1024, 1024)",True,ok
48113.png,48113.npy,"(256, 256, 4)","(1, 256, 256)","(256, 256)","(256, 256)",True,ok
48130.png,48130.npy,"(256, 256, 4)","(2, 256, 256)","(256, 256)","(2, 256)",False,shape_mismatch
48131.png,48131.npy,"(512, 545, 3)","(1, 512, 545)","(512, 545)","(512, 545)",True,ok
48147.png,48147.npy,"(256, 256, 4)","(1, 256, 256)","(256, 256)","(256, 256)",True,ok
48184.png,48184.npy,"(520, 696, 3)","(2, 520, 696)","(520, 696)","(2, 520)",False,shape_mismatch
48207.png,48207.npy,"(157, 1523, 3)","(1, 157, 1523)","(157, 1523)","(157, 1523)",True,ok
48216.png,48216.npy,"(909, 312, 3)","(1, 909, 312)","(909, 312)","(909, 312)",True,ok
48219.png,48219.npy,"(512, 512, 3)","(1, 512, 512)","(512, 512)","(512, 512)",True,ok
48255.png,48255.npy,"(256, 256, 4)","(1, 256, 256)","(256, 256)","(256, 256)",True,ok
48271.png,48271.npy,"(1200, 1600, 3)","(2, 1200, 1600)","(1200, 1600)","(2, 1200)",False,shape_mismatch
48272.png,48272.npy,"(512, 695, 3)","(1, 512, 695)","(512, 695)","(512, 695)",True,ok
48275.png,48275.npy,"(256, 256, 4)","(2, 256, 256)","(256, 256)","(2, 256)",False,shape_mismatch
48280.png,48280.npy,"(256, 256, 4)","(1, 256, 256)","(256, 256)","(256, 256)",True,ok
48291.png,48291.npy,"(256, 320, 4)","(3, 256, 320)","(256, 320)","(3, 256)",False,shape_mismatch
48293.png,48293.npy,"(154, 619, 3)","(1, 154, 619)","(154, 619)","(154, 619)",True,ok
48333.png,48333.npy,"(1200, 1600, 3)","(2, 1200, 1600)","(1200, 1600)","(2, 1200)",False,shape_mismatch
48351.png,48351.npy,"(1200, 1600, 3)","(2, 1200, 1600)","(1200, 1600)","(2, 1200)",False,shape_mismatch
48358.png,48358.npy,"(512, 640, 3)","(1, 512, 640)","(512, 640)","(512, 640)",True,ok
48390.png,48390.npy,"(1024, 1024)","(1, 1024, 1024)","(1024, 1024)","(1024, 1024)",True,ok
48419.png,48419.npy,"(256, 256, 4)","(1, 256, 256)","(256, 256)","(256, 256)",True,ok
4845.png,4845.npy,"(256, 320, 4)","(1, 256, 320)","(256, 320)","(256, 320)",True,ok
48454.png,48454.npy,"(711, 560, 3)","(1, 711, 560)","(711, 560)","(711, 560)",True,ok
4853.png,4853.npy,"(1912, 2568)","(2, 1912, 2568)","(1912, 2568)","(2, 1912)",False,shape_mismatch
48562.png,48562.npy,"(520, 696, 4)","(1, 520, 696)","(520, 696)","(520, 696)",True,ok
4858.png,4858.npy,"(3888, 2592, 3)","(2, 3888, 2592)","(3888, 2592)","(2, 3888)",False,shape_mismatch
4865.png,4865.npy,"(256, 256, 4)","(1, 256, 256)","(256, 256)","(256, 256)",True,ok
48680.png,48680.npy,"(1200, 1600, 3)","(1, 1200, 1600)","(1200, 1600)","(1200, 1600)",True,ok
48697.png,48697.npy,"(148, 448, 3)","(1, 148, 448)","(148, 448)","(148, 448)",True,ok
48704.png,48704.npy,"(1912, 2568)","(1, 1912, 2568)","(1912, 2568)","(1912, 2568)",True,ok
48705.png,48705.npy,"(256, 320, 4)","(1, 256, 320)","(256, 320)","(256, 320)",True,ok
48718.png,48718.npy,"(397, 482, 3)","(2, 397, 482)","(397, 482)","(2, 397)",False,shape_mismatch
48730.png,48730.npy,"(114, 1082, 3)","(1, 114, 1082)","(114, 1082)","(114, 1082)",True,ok
48779.png,48779.npy,"(512, 512)","(1, 512, 512)","(512, 512)","(512, 512)",True,ok
48806.png,48806.npy,"(666, 1000, 3)","(1, 666, 1000)","(666, 1000)","(666, 1000)",True,ok
48818.png,48818.npy,"(512, 684, 3)","(1, 512, 684)","(512, 684)","(512, 684)",True,ok
48836.png,48836.npy,"(526, 512, 3)","(1, 526, 512)","(526, 512)","(526, 512)",True,ok
48880.png,48880.npy,"(512, 748, 3)","(3, 512, 748)","(512, 748)","(3, 512)",False,shape_mismatch
48919.png,48919.npy,"(1200, 1600, 3)","(3, 1200, 1600)","(1200, 1600)","(3, 1200)",False,shape_mismatch
48937.png,48937.npy,"(1912, 2568)","(1, 1912, 2568)","(1912, 2568)","(1912, 2568)",True,ok
48945.png,48945.npy,"(256, 320, 4)","(1, 256, 320)","(256, 320)","(256, 320)",True,ok
48981.png,48981.npy,"(666, 1000, 3)","(1, 666, 1000)","(666, 1000)","(666, 1000)",True,ok
4899.png,4899.npy,"(874, 308, 3)","(1, 874, 308)","(874, 308)","(874, 308)",True,ok
48996.png,48996.npy,"(1024, 1024)","(1, 1024, 1024)","(1024, 1024)","(1024, 1024)",True,ok
48997.png,48997.npy,"(1200, 1600, 3)","(1, 1200, 1600)","(1200, 1600)","(1200, 1600)",True,ok
49009.png,49009.npy,"(512, 726, 3)","(1, 512, 726)","(512, 726)","(512, 726)",True,ok
49042.png,49042.npy,"(513, 512, 3)","(1, 513, 512)","(513, 512)","(513, 512)",True,ok
49080.png,49080.npy,"(520, 696, 3)","(2, 520, 696)","(520, 696)","(2, 520)",False,shape_mismatch
49131.png,49131.npy,"(256, 256, 4)","(1, 256, 256)","(256, 256)","(256, 256)",True,ok
49149.png,49149.npy,"(1200, 1600, 3)","(2, 1200, 1600)","(1200, 1600)","(2, 1200)",False,shape_mismatch
4920.png,4920.npy,"(138, 453, 3)","(1, 138, 453)","(138, 453)","(138, 453)",True,ok
49233.png,49233.npy,"(1200, 1600, 3)","(1, 1200, 1600)","(1200, 1600)","(1200, 1600)",True,ok
49237.png,49237.npy,"(666, 1000, 3)","(1, 666, 1000)","(666, 1000)","(666, 1000)",True,ok
49318.png,49318.npy,"(256, 256, 4)","(2, 256, 256)","(256, 256)","(2, 256)",False,shape_mismatch
49351.png,49351.npy,"(3888, 2592, 3)","(2, 3888, 2592)","(3888, 2592)","(2, 3888)",False,shape_mismatch
49410.png,49410.npy,"(341, 763, 3)","(1, 341, 763)","(341, 763)","(341, 763)",True,ok
49506.png,49506.npy,"(520, 696, 3)","(1, 520, 696)","(520, 696)","(520, 696)",True,ok
49514.png,49514.npy,"(360, 360, 4)","(1, 360, 360)","(360, 360)","(360, 360)",True,ok
49541.png,49541.npy,"(1200, 1600, 3)","(3, 1200, 1600)","(1200, 1600)","(3, 1200)",False,shape_mismatch
4955.png,4955.npy,"(666, 1000, 3)","(1, 666, 1000)","(666, 1000)","(666, 1000)",True,ok
49567.png,49567.npy,"(666, 1000, 3)","(1, 666, 1000)","(666, 1000)","(666, 1000)",True,ok
4957.png,4957.npy,"(90, 98, 3)","(1, 90, 98)","(90, 98)","(90, 98)",True,ok
49583.png,49583.npy,"(1912, 2568)","(1, 1912, 2568)","(1912, 2568)","(1912, 2568)",True,ok
49613.png,49613.npy,"(1912, 2568)","(1, 1912, 2568)","(1912, 2568)","(1912, 2568)",True,ok
49622.png,49622.npy,"(1200, 1600, 3)","(3, 1200, 1600)","(1200, 1600)","(3, 1200)",False,shape_mismatch
49672.png,49672.npy,"(360, 360, 4)","(2, 360, 360)","(360, 360)","(2, 360)",False,shape_mismatch
49710.png,49710.npy,"(1200, 1600, 3)","(1, 1200, 1600)","(1200, 1600)","(1200, 1600)",True,ok
49711.png,49711.npy,"(1912, 2568)","(1, 1912, 2568)","(1912, 2568)","(1912, 2568)",True,ok
49712.png,49712.npy,"(97, 719, 3)","(2, 97, 719)","(97, 719)","(2, 97)",False,shape_mismatch
49716.png,49716.npy,"(1912, 2568)","(2, 1912, 2568)","(1912, 2568)","(2, 1912)",False,shape_mismatch
49721.png,49721.npy,"(256, 256, 4)","(3, 256, 256)","(256, 256)","(3, 256)",False,shape_mismatch
49733.png,49733.npy,"(1024, 1280, 3)","(1, 1024, 1280)","(1024, 1280)","(1024, 1280)",True,ok
49740.png,49740.npy,"(1912, 2568)","(1, 1912, 2568)","(1912, 2568)","(1912, 2568)",True,ok
49770.png,49770.npy,"(1024, 1280, 3)","(1, 1024, 1280)","(1024, 1280)","(1024, 1280)",True,ok
49777.png,49777.npy,"(256, 256, 4)","(1, 256, 256)","(256, 256)","(256, 256)",True,ok
49797.png,49797.npy,"(158, 436, 3)","(1, 158, 436)","(158, 436)","(158, 436)",True,ok
49799.png,49799.npy,"(1918, 1109, 3)","(1, 1918, 1109)","(1918, 1109)","(1918, 1109)",True,ok
49819.png,49819.npy,"(1912, 2568)","(1, 1912, 2568)","(1912, 2568)","(1912, 2568)",True,ok
49827.png,49827.npy,"(512, 674, 3)","(2, 512, 674)","(512, 674)","(2, 512)",False,shape_mismatch
4984.png,4984.npy,"(256, 256, 4)","(1, 256, 256)","(256, 256)","(256, 256)",True,ok
49903.png,49903.npy,"(131, 1077, 3)","(1, 131, 1077)","(131, 1077)","(131, 1077)",True,ok
4992.png,4992.npy,"(591, 778, 3)","(1, 591, 778)","(591, 778)","(591, 778)",True,ok
49921.png,49921.npy,"(157, 185, 3)","(1, 157, 185)","(157, 185)","(157, 185)",True,ok
49928.png,49928.npy,"(185, 708, 3)","(1, 185, 708)","(185, 708)","(185, 708)",True,ok
49956.png,49956.npy,"(512, 685, 3)","(1, 512, 685)","(512, 685)","(512, 685)",True,ok
49969.png,49969.npy,"(256, 256, 4)","(2, 256, 256)","(256, 256)","(2, 256)",False,shape_mismatch
49982.png,49982.npy,"(360, 360, 4)","(1, 360, 360)","(360, 360)","(360, 360)",True,ok
4999.png,4999.npy,"(1024, 1280, 3)","(1, 1024, 1280)","(1024, 1280)","(1024, 1280)",True,ok
50000.png,50000.npy,"(718, 854, 3)","(1, 718, 854)","(718, 854)","(718, 854)",True,ok
50028.png,50028.npy,"(520, 696, 4)","(2, 520, 696)","(520, 696)","(2, 520)",False,shape_mismatch
5003.png,5003.npy,"(256, 256, 4)","(2, 256, 256)","(256, 256)","(2, 256)",False,shape_mismatch
50069.png,50069.npy,"(1200, 1600, 3)","(2, 1200, 1600)","(1200, 1600)","(2, 1200)",False,shape_mismatch
5009.png,5009.npy,"(90, 817, 3)","(1, 90, 817)","(90, 817)","(90, 817)",True,ok
50117.png,50117.npy,"(1912, 2568)","(2, 1912, 2568)","(1912, 2568)","(2, 1912)",False,shape_mismatch
50124.png,50124.npy,"(360, 360, 4)","(2, 360, 360)","(360, 360)","(2, 360)",False,shape_mismatch
50126.png,50126.npy,"(256, 256, 4)","(1, 256, 256)","(256, 256)","(256, 256)",True,ok
50158.png,50158.npy,"(134, 1398, 3)","(2, 134, 1398)","(134, 1398)","(2, 134)",False,shape_mismatch
50229.png,50229.npy,"(260, 347, 4)","(1, 260, 347)","(260, 347)","(260, 347)",True,ok
5023.png,5023.npy,"(666, 1000, 3)","(1, 666, 1000)","(666, 1000)","(666, 1000)",True,ok
50237.png,50237.npy,"(1200, 1600, 3)","(2, 1200, 1600)","(1200, 1600)","(2, 1200)",False,shape_mismatch
50245.png,50245.npy,"(256, 256, 4)","(1, 256, 256)","(256, 256)","(256, 256)",True,ok
50255.png,50255.npy,"(256, 256, 4)","(2, 256, 256)","(256, 256)","(2, 256)",False,shape_mismatch
50258.png,50258.npy,"(77, 377, 3)","(1, 77, 377)","(77, 377)","(77, 377)",True,ok
50267.png,50267.npy,"(666, 1000, 3)","(1, 666, 1000)","(666, 1000)","(666, 1000)",True,ok
50280.png,50280.npy,"(419, 528, 3)","(1, 419, 528)","(419, 528)","(419, 528)",True,ok
50294.png,50294.npy,"(256, 256, 4)","(1, 256, 256)","(256, 256)","(256, 256)",True,ok
50311.png,50311.npy,"(256, 320, 4)","(1, 256, 320)","(256, 320)","(256, 320)",True,ok
50315.png,50315.npy,"(1200, 1600, 3)","(3, 1200, 1600)","(1200, 1600)","(3, 1200)",False,shape_mismatch
50357.png,50357.npy,"(512, 783, 3)","(1, 512, 783)","(512, 783)","(512, 783)",True,ok
50362.png,50362.npy,"(1200, 1600, 3)","(1, 1200, 1600)","(1200, 1600)","(1200, 1600)",True,ok
50396.png,50396.npy,"(349, 451, 3)","(1, 349, 451)","(349, 451)","(349, 451)",True,ok
50419.png,50419.npy,"(180, 944, 3)","(1, 180, 944)","(180, 944)","(180, 944)",True,ok
50471.png,50471.npy,"(98, 489, 3)","(1, 98, 489)","(98, 489)","(98, 489)",True,ok
50487.png,50487.npy,"(515, 512, 3)","(1, 515, 512)","(515, 512)","(515, 512)",True,ok
50502.png,50502.npy,"(1200, 1600, 3)","(1, 1200, 1600)","(1200, 1600)","(1200, 1600)",True,ok
50505.png,50505.npy,"(666, 1000, 3)","(1, 666, 1000)","(666, 1000)","(666, 1000)",True,ok
50539.png,50539.npy,"(256, 256, 4)","(2, 256, 256)","(256, 256)","(2, 256)",False,shape_mismatch
50568.png,50568.npy,"(123, 254, 3)","(1, 123, 254)","(123, 254)","(123, 254)",True,ok
50573.png,50573.npy,"(1200, 1600, 3)","(2, 1200, 1600)","(1200, 1600)","(2, 1200)",False,shape_mismatch
50607.png,50607.npy,"(1200, 1600, 3)","(2, 1200, 1600)","(1200, 1600)","(2, 1200)",False,shape_mismatch
50632.png,50632.npy,"(520, 696, 4)","(1, 520, 696)","(520, 696)","(520, 696)",True,ok
50636.png,50636.npy,"(1200, 1600, 3)","(2, 1200, 1600)","(1200, 1600)","(2, 1200)",False,shape_mismatch
50664.png,50664.npy,"(666, 1000, 3)","(2, 666, 1000)","(666, 1000)","(2, 666)",False,shape_mismatch
50666.png,50666.npy,"(256, 256, 4)","(2, 256, 256)","(256, 256)","(2, 256)",False,shape_mismatch
50673.png,50673.npy,"(512, 512, 4)","(1, 512, 512)","(512, 512)","(512, 512)",True,ok
50679.png,50679.npy,"(117, 603, 3)","(1, 117, 603)","(117, 603)","(117, 603)",True,ok
50690.png,50690.npy,"(223, 2019, 3)","(1, 223, 2019)","(223, 2019)","(223, 2019)",True,ok
50698.png,50698.npy,"(102, 738, 3)","(1, 102, 738)","(102, 738)","(102, 738)",True,ok
50720.png,50720.npy,"(666, 1000, 3)","(1, 666, 1000)","(666, 1000)","(666, 1000)",True,ok
50767.png,50767.npy,"(159, 1306, 3)","(1, 159, 1306)","(159, 1306)","(159, 1306)",True,ok
50793.png,50793.npy,"(520, 696, 3)","(1, 520, 696)","(520, 696)","(520, 696)",True,ok
5080.png,5080.npy,"(2592, 3888, 3)","(1, 2592, 3888)","(2592, 3888)","(2592, 3888)",True,ok
50814.png,50814.npy,"(3888, 2592, 3)","(1, 3888, 2592)","(3888, 2592)","(3888, 2592)",True,ok
50848.png,50848.npy,"(512, 512, 4)","(2, 512, 512)","(512, 512)","(2, 512)",False,shape_mismatch
50877.png,50877.npy,"(1200, 1600, 3)","(2, 1200, 1600)","(1200, 1600)","(2, 1200)",False,shape_mismatch
50905.png,50905.npy,"(344, 399, 3)","(3, 344, 399)","(344, 399)","(3, 344)",False,shape_mismatch
50907.png,50907.npy,"(512, 715, 3)","(2, 512, 715)","(512, 715)","(2, 512)",False,shape_mismatch
50921.png,50921.npy,"(1024, 1280, 3)","(1, 1024, 1280)","(1024, 1280)","(1024, 1280)",True,ok
50924.png,50924.npy,"(296, 931, 3)","(1, 296, 931)","(296, 931)","(296, 931)",True,ok
50968.png,50968.npy,"(256, 320, 4)","(1, 256, 320)","(256, 320)","(256, 320)",True,ok
50978.png,50978.npy,"(666, 1000, 3)","(1, 666, 1000)","(666, 1000)","(666, 1000)",True,ok
50983.png,50983.npy,"(709, 1074, 3)","(2, 709, 1074)","(709, 1074)","(2, 709)",False,shape_mismatch
50989.png,50989.npy,"(70, 625, 3)","(2, 70, 625)","(70, 625)","(2, 70)",False,shape_mismatch
50999.png,50999.npy,"(520, 696, 4)","(1, 520, 696)","(520, 696)","(520, 696)",True,ok
51038.png,51038.npy,"(1200, 1600, 3)","(2, 1200, 1600)","(1200, 1600)","(2, 1200)",False,shape_mismatch
51045.png,51045.npy,"(125, 518, 3)","(1, 125, 518)","(125, 518)","(125, 518)",True,ok
51069.png,51069.npy,"(1024, 1024)","(1, 1024, 1024)","(1024, 1024)","(1024, 1024)",True,ok
51085.png,51085.npy,"(1200, 1600, 3)","(2, 1200, 1600)","(1200, 1600)","(2, 1200)",False,shape_mismatch
51087.png,51087.npy,"(107, 560, 3)","(1, 107, 560)","(107, 560)","(107, 560)",True,ok
51101.png,51101.npy,"(3888, 2592, 3)","(1, 3888, 2592)","(3888, 2592)","(3888, 2592)",True,ok
51155.png,51155.npy,"(666, 1000, 3)","(1, 666, 1000)","(666, 1000)","(666, 1000)",True,ok
51165.png,51165.npy,"(1912, 2568)","(1, 1912, 2568)","(1912, 2568)","(1912, 2568)",True,ok
51168.png,51168.npy,"(666, 1000, 3)","(1, 666, 1000)","(666, 1000)","(666, 1000)",True,ok
51169.png,51169.npy,"(512, 512, 4)","(1, 512, 512)","(512, 512)","(512, 512)",True,ok
51177.png,51177.npy,"(512, 512, 4)","(1, 512, 512)","(512, 512)","(512, 512)",True,ok
51198.png,51198.npy,"(1200, 1600, 3)","(3, 1200, 1600)","(1200, 1600)","(3, 1200)",False,shape_mismatch
51227.png,51227.npy,"(382, 298, 3)","(1, 382, 298)","(382, 298)","(382, 298)",True,ok
51234.png,51234.npy,"(512, 556, 3)","(3, 512, 556)","(512, 556)","(3, 512)",False,shape_mismatch
5125.png,5125.npy,"(3888, 2592, 3)","(1, 3888, 2592)","(3888, 2592)","(3888, 2592)",True,ok
5126.png,5126.npy,"(283, 221, 3)","(1, 283, 221)","(283, 221)","(283, 221)",True,ok
51277.png,51277.npy,"(256, 256, 4)","(1, 256, 256)","(256, 256)","(256, 256)",True,ok
5130.png,5130.npy,"(76, 799, 3)","(1, 76, 799)","(76, 799)","(76, 799)",True,ok
51300.png,51300.npy,"(520, 696, 3)","(1, 520, 696)","(520, 696)","(520, 696)",True,ok
51306.png,51306.npy,"(122, 682, 3)","(2, 122, 682)","(122, 682)","(2, 122)",False,shape_mismatch
51313.png,51313.npy,"(606, 412, 3)","(1, 606, 412)","(606, 412)","(606, 412)",True,ok
51342.png,51342.npy,"(256, 256, 4)","(1, 256, 256)","(256, 256)","(256, 256)",True,ok
51345.png,51345.npy,"(2592, 3888, 3)","(1, 2592, 3888)","(2592, 3888)","(2592, 3888)",True,ok
51441.png,51441.npy,"(520, 696, 3)","(1, 520, 696)","(520, 696)","(520, 696)",True,ok
51464.png,51464.npy,"(512, 758, 3)","(1, 512, 758)","(512, 758)","(512, 758)",True,ok
5151.png,5151.npy,"(520, 696, 4)","(1, 520, 696)","(520, 696)","(520, 696)",True,ok
51524.png,51524.npy,"(2592, 3888, 3)","(1, 2592, 3888)","(2592, 3888)","(2592, 3888)",True,ok
51552.png,51552.npy,"(104, 1131, 3)","(1, 104, 1131)","(104, 1131)","(104, 1131)",True,ok
51608.png,51608.npy,"(1200, 1600, 3)","(1, 1200, 1600)","(1200, 1600)","(1200, 1600)",True,ok
51643.png,51643.npy,"(512, 765, 3)","(1, 512, 765)","(512, 765)","(512, 765)",True,ok
51668.png,51668.npy,"(512, 517, 3)","(1, 512, 517)","(512, 517)","(512, 517)",True,ok
51688.png,51688.npy,"(1200, 1600, 3)","(2, 1200, 1600)","(1200, 1600)","(2, 1200)",False,shape_mismatch
51718.png,51718.npy,"(512, 512, 3)","(1, 512, 512)","(512, 512)","(512, 512)",True,ok
51742.png,51742.npy,"(1912, 2568)","(1, 1912, 2568)","(1912, 2568)","(1912, 2568)",True,ok
5175.png,5175.npy,"(512, 512, 3)","(1, 512, 512)","(512, 512)","(512, 512)",True,ok
51771.png,51771.npy,"(67, 396, 3)","(1, 67, 396)","(67, 396)","(67, 396)",True,ok
51787.png,51787.npy,"(666, 1000, 3)","(1, 666, 1000)","(666, 1000)","(666, 1000)",True,ok
51796.png,51796.npy,"(1200, 1600, 3)","(3, 1200, 1600)","(1200, 1600)","(3, 1200)",False,shape_mismatch
5180.png,5180.npy,"(666, 1000, 3)","(1, 666, 1000)","(666, 1000)","(666, 1000)",True,ok
51831.png,51831.npy,"(172, 196, 3)","(1, 172, 196)","(172, 196)","(172, 196)",True,ok
51891.png,51891.npy,"(666, 1000, 3)","(2, 666, 1000)","(666, 1000)","(2, 666)",False,shape_mismatch
51906.png,51906.npy,"(512, 754, 3)","(4, 512, 754)","(512, 754)","(4, 512)",False,shape_mismatch
51924.png,51924.npy,"(512, 589, 3)","(1, 512, 589)","(512, 589)","(512, 589)",True,ok
51927.png,51927.npy,"(512, 671, 3)","(1, 512, 671)","(512, 671)","(512, 671)",True,ok
5195.png,5195.npy,"(1024, 1024)","(1, 1024, 1024)","(1024, 1024)","(1024, 1024)",True,ok
51954.png,51954.npy,"(666, 1000, 3)","(2, 666, 1000)","(666, 1000)","(2, 666)",False,shape_mismatch
51959.png,51959.npy,"(666, 1000, 3)","(1, 666, 1000)","(666, 1000)","(666, 1000)",True,ok
52050.png,52050.npy,"(512, 583, 3)","(1, 512, 583)","(512, 583)","(512, 583)",True,ok
52072.png,52072.npy,"(1070, 757, 3)","(1, 1070, 757)","(1070, 757)","(1070, 757)",True,ok
52116.png,52116.npy,"(520, 696, 3)","(1, 520, 696)","(520, 696)","(520, 696)",True,ok
52188.png,52188.npy,"(666, 1000, 3)","(2, 666, 1000)","(666, 1000)","(2, 666)",False,shape_mismatch
52192.png,52192.npy,"(364, 1068, 3)","(1, 364, 1068)","(364, 1068)","(364, 1068)",True,ok
5220.png,5220.npy,"(68, 697, 3)","(1, 68, 697)","(68, 697)","(68, 697)",True,ok
52205.png,52205.npy,"(666, 1000, 3)","(1, 666, 1000)","(666, 1000)","(666, 1000)",True,ok
52207.png,52207.npy,"(162, 1134, 3)","(1, 162, 1134)","(162, 1134)","(162, 1134)",True,ok
52254.png,52254.npy,"(512, 696, 3)","(1, 512, 696)","(512, 696)","(512, 696)",True,ok
5227.png,5227.npy,"(666, 1000, 3)","(1, 666, 1000)","(666, 1000)","(666, 1000)",True,ok
52298.png,52298.npy,"(1024, 1024)","(1, 1024, 1024)","(1024, 1024)","(1024, 1024)",True,ok
52302.png,52302.npy,"(360, 360, 4)","(1, 360, 360)","(360, 360)","(360, 360)",True,ok
5233.png,5233.npy,"(159, 428, 3)","(1, 159, 428)","(159, 428)","(159, 428)",True,ok
5234.png,5234.npy,"(666, 1000, 3)","(1, 666, 1000)","(666, 1000)","(666, 1000)",True,ok
52385.png,52385.npy,"(74, 533, 3)","(1, 74, 533)","(74, 533)","(74, 533)",True,ok
52396.png,52396.npy,"(223, 513, 3)","(1, 223, 513)","(223, 513)","(223, 513)",True,ok
5250.png,5250.npy,"(512, 512, 3)","(2, 512, 512)","(512, 512)","(2, 512)",False,shape_mismatch
52521.png,52521.npy,"(256, 256, 4)","(1, 256, 256)","(256, 256)","(256, 256)",True,ok
52524.png,52524.npy,"(118, 568, 3)","(1, 118, 568)","(118, 568)","(118, 568)",True,ok
52559.png,52559.npy,"(520, 696, 4)","(2, 520, 696)","(520, 696)","(2, 520)",False,shape_mismatch
52590.png,52590.npy,"(201, 1094, 3)","(1, 201, 1094)","(201, 1094)","(201, 1094)",True,ok
52639.png,52639.npy,"(1024, 1024, 3)","(1, 1024, 1024)","(1024, 1024)","(1024, 1024)",True,ok
52644.png,52644.npy,"(666, 1000, 3)","(2, 666, 1000)","(666, 1000)","(2, 666)",False,shape_mismatch
52666.png,52666.npy,"(256, 256, 4)","(2, 256, 256)","(256, 256)","(2, 256)",False,shape_mismatch
52678.png,52678.npy,"(256, 256, 4)","(2, 256, 256)","(256, 256)","(2, 256)",False,shape_mismatch
5270.png,5270.npy,"(512, 733, 3)","(1, 512, 733)","(512, 733)","(512, 733)",True,ok
52735.png,52735.npy,"(204, 858, 3)","(1, 204, 858)","(204, 858)","(204, 858)",True,ok
52737.png,52737.npy,"(198, 411, 3)","(1, 198, 411)","(198, 411)","(198, 411)",True,ok
52747.png,52747.npy,"(804, 744, 3)","(1, 804, 744)","(804, 744)","(804, 744)",True,ok
5279.png,5279.npy,"(1200, 1600, 3)","(2, 1200, 1600)","(1200, 1600)","(2, 1200)",False,shape_mismatch
52798.png,52798.npy,"(256, 256, 4)","(2, 256, 256)","(256, 256)","(2, 256)",False,shape_mismatch
52825.png,52825.npy,"(256, 320, 4)","(2, 256, 320)","(256, 320)","(2, 256)",False,shape_mismatch
52848.png,52848.npy,"(97, 788, 3)","(1, 97, 788)","(97, 788)","(97, 788)",True,ok
52864.png,52864.npy,"(1912, 2568)","(1, 1912, 2568)","(1912, 2568)","(1912, 2568)",True,ok
52877.png,52877.npy,"(2078, 633, 3)","(1, 2078, 633)","(2078, 633)","(2078, 633)",True,ok
52927.png,52927.npy,"(264, 1157, 3)","(1, 264, 1157)","(264, 1157)","(264, 1157)",True,ok
52991.png,52991.npy,"(512, 668, 3)","(2, 512, 668)","(512, 668)","(2, 512)",False,shape_mismatch
52999.png,52999.npy,"(666, 1000, 3)","(1, 666, 1000)","(666, 1000)","(666, 1000)",True,ok
53028.png,53028.npy,"(2592, 3888, 3)","(1, 2592, 3888)","(2592, 3888)","(2592, 3888)",True,ok
53102.png,53102.npy,"(520, 696, 3)","(2, 520, 696)","(520, 696)","(2, 520)",False,shape_mismatch
53118.png,53118.npy,"(520, 696, 3)","(2, 520, 696)","(520, 696)","(2, 520)",False,shape_mismatch
5312.png,5312.npy,"(666, 1000, 3)","(1, 666, 1000)","(666, 1000)","(666, 1000)",True,ok
53132.png,53132.npy,"(74, 505, 3)","(1, 74, 505)","(74, 505)","(74, 505)",True,ok
53137.png,53137.npy,"(512, 512, 3)","(1, 512, 512)","(512, 512)","(512, 512)",True,ok
53149.png,53149.npy,"(112, 326, 3)","(1, 112, 326)","(112, 326)","(112, 326)",True,ok
53157.png,53157.npy,"(520, 696, 4)","(3, 520, 696)","(520, 696)","(3, 520)",False,shape_mismatch
53177.png,53177.npy,"(520, 696, 4)","(1, 520, 696)","(520, 696)","(520, 696)",True,ok
53206.png,53206.npy,"(811, 1056, 3)","(1, 811, 1056)","(811, 1056)","(811, 1056)",True,ok
53208.png,53208.npy,"(90, 642, 3)","(1, 90, 642)","(90, 642)","(90, 642)",True,ok
53236.png,53236.npy,"(1912, 2568)","(1, 1912, 2568)","(1912, 2568)","(1912, 2568)",True,ok
53248.png,53248.npy,"(360, 360, 4)","(1, 360, 360)","(360, 360)","(360, 360)",True,ok
53296.png,53296.npy,"(526, 512, 3)","(2, 526, 512)","(526, 512)","(2, 526)",False,shape_mismatch
53356.png,53356.npy,"(512, 512, 4)","(3, 512, 512)","(512, 512)","(3, 512)",False,shape_mismatch
53382.png,53382.npy,"(1200, 1600, 3)","(2, 1200, 1600)","(1200, 1600)","(2, 1200)",False,shape_mismatch
53398.png,53398.npy,"(256, 256, 4)","(1, 256, 256)","(256, 256)","(256, 256)",True,ok
53404.png,53404.npy,"(666, 1000, 3)","(1, 666, 1000)","(666, 1000)","(666, 1000)",True,ok
53433.png,53433.npy,"(256, 256, 4)","(3, 256, 256)","(256, 256)","(3, 256)",False,shape_mismatch
53464.png,53464.npy,"(1200, 1600, 3)","(2, 1200, 1600)","(1200, 1600)","(2, 1200)",False,shape_mismatch
53495.png,53495.npy,"(256, 256, 4)","(1, 256, 256)","(256, 256)","(256, 256)",True,ok
5352.png,5352.npy,"(90, 466, 3)","(1, 90, 466)","(90, 466)","(90, 466)",True,ok
53527.png,53527.npy,"(256, 320, 4)","(1, 256, 320)","(256, 320)","(256, 320)",True,ok
53570.png,53570.npy,"(279, 516, 3)","(1, 279, 516)","(279, 516)","(279, 516)",True,ok
53590.png,53590.npy,"(785, 881, 3)","(2, 785, 881)","(785, 881)","(2, 785)",False,shape_mismatch
53626.png,53626.npy,"(1912, 2568)","(1, 1912, 2568)","(1912, 2568)","(1912, 2568)",True,ok
53648.png,53648.npy,"(534, 512, 3)","(1, 534, 512)","(534, 512)","(534, 512)",True,ok
53675.png,53675.npy,"(524, 598, 3)","(2, 524, 598)","(524, 598)","(2, 524)",False,shape_mismatch
53763.png,53763.npy,"(256, 256, 4)","(2, 256, 256)","(256, 256)","(2, 256)",False,shape_mismatch
53772.png,53772.npy,"(1200, 1600, 3)","(2, 1200, 1600)","(1200, 1600)","(2, 1200)",False,shape_mismatch
53806.png,53806.npy,"(1691, 285, 3)","(1, 1691, 285)","(1691, 285)","(1691, 285)",True,ok
5384.png,5384.npy,"(666, 1000, 3)","(1, 666, 1000)","(666, 1000)","(666, 1000)",True,ok
5385.png,5385.npy,"(319, 1713, 3)","(1, 319, 1713)","(319, 1713)","(319, 1713)",True,ok
53877.png,53877.npy,"(176, 891, 3)","(1, 176, 891)","(176, 891)","(176, 891)",True,ok
53882.png,53882.npy,"(512, 513, 3)","(1, 512, 513)","(512, 513)","(512, 513)",True,ok
53889.png,53889.npy,"(512, 578, 3)","(1, 512, 578)","(512, 578)","(512, 578)",True,ok
53912.png,53912.npy,"(666, 1000, 3)","(1, 666, 1000)","(666, 1000)","(666, 1000)",True,ok
53927.png,53927.npy,"(131, 1578, 3)","(1, 131, 1578)","(131, 1578)","(131, 1578)",True,ok
53951.png,53951.npy,"(666, 1000, 3)","(1, 666, 1000)","(666, 1000)","(666, 1000)",True,ok
53961.png,53961.npy,"(1200, 1600, 3)","(2, 1200, 1600)","(1200, 1600)","(2, 1200)",False,shape_mismatch
53963.png,53963.npy,"(70, 632, 3)","(1, 70, 632)","(70, 632)","(70, 632)",True,ok
53993.png,53993.npy,"(90, 1169, 3)","(1, 90, 1169)","(90, 1169)","(90, 1169)",True,ok
54000.png,54000.npy,"(512, 516, 3)","(1, 512, 516)","(512, 516)","(512, 516)",True,ok
54002.png,54002.npy,"(1200, 1600, 3)","(1, 1200, 1600)","(1200, 1600)","(1200, 1600)",True,ok
54003.png,54003.npy,"(1912, 2568)","(1, 1912, 2568)","(1912, 2568)","(1912, 2568)",True,ok
54019.png,54019.npy,"(256, 256, 4)","(2, 256, 256)","(256, 256)","(2, 256)",False,shape_mismatch
54023.png,54023.npy,"(256, 256, 4)","(3, 256, 256)","(256, 256)","(3, 256)",False,shape_mismatch
54040.png,54040.npy,"(117, 603, 3)","(1, 117, 603)","(117, 603)","(117, 603)",True,ok
54076.png,54076.npy,"(666, 1000, 3)","(1, 666, 1000)","(666, 1000)","(666, 1000)",True,ok
5410.png,5410.npy,"(256, 256, 4)","(1, 256, 256)","(256, 256)","(256, 256)",True,ok
5412.png,5412.npy,"(1200, 1600, 3)","(3, 1200, 1600)","(1200, 1600)","(3, 1200)",False,shape_mismatch
54150.png,54150.npy,"(405, 234, 3)","(1, 405, 234)","(405, 234)","(405, 234)",True,ok
54152.png,54152.npy,"(666, 1000, 3)","(1, 666, 1000)","(666, 1000)","(666, 1000)",True,ok
5417.png,5417.npy,"(666, 1000, 3)","(1, 666, 1000)","(666, 1000)","(666, 1000)",True,ok
54268.png,54268.npy,"(256, 256, 4)","(2, 256, 256)","(256, 256)","(2, 256)",False,shape_mismatch
54274.png,54274.npy,"(256, 256, 4)","(1, 256, 256)","(256, 256)","(256, 256)",True,ok
54309.png,54309.npy,"(223, 444, 3)","(1, 223, 444)","(223, 444)","(223, 444)",True,ok
5436.png,5436.npy,"(90, 1169, 3)","(1, 90, 1169)","(90, 1169)","(90, 1169)",True,ok
54386.png,54386.npy,"(486, 487, 3)","(1, 486, 487)","(486, 487)","(486, 487)",True,ok
54397.png,54397.npy,"(256, 256, 4)","(2, 256, 256)","(256, 256)","(2, 256)",False,shape_mismatch
54439.png,54439.npy,"(256, 320, 4)","(1, 256, 320)","(256, 320)","(256, 320)",True,ok
54475.png,54475.npy,"(256, 256, 4)","(1, 256, 256)","(256, 256)","(256, 256)",True,ok
54527.png,54527.npy,"(513, 512, 3)","(1, 513, 512)","(513, 512)","(513, 512)",True,ok
54532.png,54532.npy,"(110, 602, 3)","(1, 110, 602)","(110, 602)","(110, 602)",True,ok
54543.png,54543.npy,"(1024, 1024)","(1, 1024, 1024)","(1024, 1024)","(1024, 1024)",True,ok
54544.png,54544.npy,"(69, 807, 3)","(1, 69, 807)","(69, 807)","(69, 807)",True,ok
54545.png,54545.npy,"(512, 512)","(2, 512, 512)","(512, 512)","(2, 512)",False,shape_mismatch
54553.png,54553.npy,"(520, 696, 3)","(1, 520, 696)","(520, 696)","(520, 696)",True,ok
54573.png,54573.npy,"(666, 1000, 3)","(1, 666, 1000)","(666, 1000)","(666, 1000)",True,ok
5462.png,5462.npy,"(256, 256, 4)","(2, 256, 256)","(256, 256)","(2, 256)",False,shape_mismatch
54636.png,54636.npy,"(520, 696, 4)","(1, 520, 696)","(520, 696)","(520, 696)",True,ok
54680.png,54680.npy,"(528, 512, 3)","(1, 528, 512)","(528, 512)","(528, 512)",True,ok
54689.png,54689.npy,"(256, 320, 4)","(1, 256, 320)","(256, 320)","(256, 320)",True,ok
54710.png,54710.npy,"(165, 413, 3)","(1, 165, 413)","(165, 413)","(165, 413)",True,ok
54735.png,54735.npy,"(123, 612, 3)","(1, 123, 612)","(123, 612)","(123, 612)",True,ok
54737.png,54737.npy,"(666, 1000, 3)","(1, 666, 1000)","(666, 1000)","(666, 1000)",True,ok
54750.png,54750.npy,"(1200, 1600, 3)","(2, 1200, 1600)","(1200, 1600)","(2, 1200)",False,shape_mismatch
54790.png,54790.npy,"(256, 320, 4)","(1, 256, 320)","(256, 320)","(256, 320)",True,ok
54811.png,54811.npy,"(1024, 1024)","(2, 1024, 1024)","(1024, 1024)","(2, 1024)",False,shape_mismatch
54847.png,54847.npy,"(256, 256, 4)","(1, 256, 256)","(256, 256)","(256, 256)",True,ok
54849.png,54849.npy,"(256, 256, 4)","(1, 256, 256)","(256, 256)","(256, 256)",True,ok
54863.png,54863.npy,"(1418, 1440, 3)","(1, 1418, 1440)","(1418, 1440)","(1418, 1440)",True,ok
54870.png,54870.npy,"(203, 481, 3)","(1, 203, 481)","(203, 481)","(203, 481)",True,ok
54880.png,54880.npy,"(520, 696, 3)","(1, 520, 696)","(520, 696)","(520, 696)",True,ok
54922.png,54922.npy,"(1912, 2568)","(1, 1912, 2568)","(1912, 2568)","(1912, 2568)",True,ok
5494.png,5494.npy,"(666, 1000, 3)","(1, 666, 1000)","(666, 1000)","(666, 1000)",True,ok
54942.png,54942.npy,"(90, 502, 3)","(1, 90, 502)","(90, 502)","(90, 502)",True,ok
54945.png,54945.npy,"(3888, 2592, 3)","(2, 3888, 2592)","(3888, 2592)","(2, 3888)",False,shape_mismatch
54950.png,54950.npy,"(360, 360, 4)","(1, 360, 360)","(360, 360)","(360, 360)",True,ok
54974.png,54974.npy,"(1200, 1600, 3)","(2, 1200, 1600)","(1200, 1600)","(2, 1200)",False,shape_mismatch
54998.png,54998.npy,"(1200, 1600, 3)","(2, 1200, 1600)","(1200, 1600)","(2, 1200)",False,shape_mismatch
55005.png,55005.npy,"(293, 380, 3)","(2, 293, 380)","(293, 380)","(2, 293)",False,shape_mismatch
55025.png,55025.npy,"(512, 730, 3)","(3, 512, 730)","(512, 730)","(3, 512)",False,shape_mismatch
55030.png,55030.npy,"(1912, 2568)","(1, 1912, 2568)","(1912, 2568)","(1912, 2568)",True,ok
55031.png,55031.npy,"(512, 640, 4)","(2, 512, 640)","(512, 640)","(2, 512)",False,shape_mismatch
55037.png,55037.npy,"(441, 260, 3)","(1, 441, 260)","(441, 260)","(441, 260)",True,ok
5506.png,5506.npy,"(73, 464, 3)","(1, 73, 464)","(73, 464)","(73, 464)",True,ok
55072.png,55072.npy,"(274, 750, 3)","(1, 274, 750)","(274, 750)","(274, 750)",True,ok
55079.png,55079.npy,"(512, 741, 3)","(1, 512, 741)","(512, 741)","(512, 741)",True,ok
55112.png,55112.npy,"(256, 256, 4)","(1, 256, 256)","(256, 256)","(256, 256)",True,ok
55156.png,55156.npy,"(189, 1131, 3)","(1, 189, 1131)","(189, 1131)","(189, 1131)",True,ok
55165.png,55165.npy,"(274, 750, 3)","(1, 274, 750)","(274, 750)","(274, 750)",True,ok
55175.png,55175.npy,"(666, 1000, 3)","(2, 666, 1000)","(666, 1000)","(2, 666)",False,shape_mismatch
55226.png,55226.npy,"(132, 573, 3)","(2, 132, 573)","(132, 573)","(2, 132)",False,shape_mismatch
55232.png,55232.npy,"(512, 640, 4)","(1, 512, 640)","(512, 640)","(512, 640)",True,ok
55247.png,55247.npy,"(256, 320, 4)","(3, 256, 320)","(256, 320)","(3, 256)",False,shape_mismatch
55249.png,55249.npy,"(666, 1000, 3)","(1, 666, 1000)","(666, 1000)","(666, 1000)",True,ok
55291.png,55291.npy,"(512, 512)","(1, 512, 512)","(512, 512)","(512, 512)",True,ok
55300.png,55300.npy,"(1104, 1236, 3)","(3, 1104, 1236)","(1104, 1236)","(3, 1104)",False,shape_mismatch
55317.png,55317.npy,"(256, 256, 4)","(2, 256, 256)","(256, 256)","(2, 256)",False,shape_mismatch
55333.png,55333.npy,"(152, 1305, 3)","(1, 152, 1305)","(152, 1305)","(152, 1305)",True,ok
55380.png,55380.npy,"(666, 1000, 3)","(1, 666, 1000)","(666, 1000)","(666, 1000)",True,ok
55394.png,55394.npy,"(1912, 2568)","(2, 1912, 2568)","(1912, 2568)","(2, 1912)",False,shape_mismatch
55490.png,55490.npy,"(360, 360, 4)","(1, 360, 360)","(360, 360)","(360, 360)",True,ok
55494.png,55494.npy,"(360, 360, 4)","(1, 360, 360)","(360, 360)","(360, 360)",True,ok
55497.png,55497.npy,"(1024, 1024, 3)","(2, 1024, 1024)","(1024, 1024)","(2, 1024)",False,shape_mismatch
55536.png,55536.npy,"(232, 835, 3)","(2, 232, 835)","(232, 835)","(2, 232)",False,shape_mismatch
55541.png,55541.npy,"(850, 910, 3)","(2, 850, 910)","(850, 910)","(2, 850)",False,shape_mismatch
55585.png,55585.npy,"(512, 547, 3)","(3, 512, 547)","(512, 547)","(3, 512)",False,shape_mismatch
55600.png,55600.npy,"(666, 1000, 3)","(1, 666, 1000)","(666, 1000)","(666, 1000)",True,ok
55639.png,55639.npy,"(512, 733, 3)","(1, 512, 733)","(512, 733)","(512, 733)",True,ok
55650.png,55650.npy,"(2592, 3888, 3)","(1, 2592, 3888)","(2592, 3888)","(2592, 3888)",True,ok
55651.png,55651.npy,"(200, 340, 3)","(1, 200, 340)","(200, 340)","(200, 340)",True,ok
55655.png,55655.npy,"(666, 1000, 3)","(1, 666, 1000)","(666, 1000)","(666, 1000)",True,ok
55667.png,55667.npy,"(666, 1000, 3)","(1, 666, 1000)","(666, 1000)","(666, 1000)",True,ok
55674.png,55674.npy,"(117, 701, 3)","(1, 117, 701)","(117, 701)","(117, 701)",True,ok
55684.png,55684.npy,"(3888, 2592, 3)","(1, 3888, 2592)","(3888, 2592)","(3888, 2592)",True,ok
55695.png,55695.npy,"(393, 275, 3)","(2, 393, 275)","(393, 275)","(2, 393)",False,shape_mismatch
55712.png,55712.npy,"(512, 534, 3)","(1, 512, 534)","(512, 534)","(512, 534)",True,ok
5573.png,5573.npy,"(256, 320, 4)","(2, 256, 320)","(256, 320)","(2, 256)",False,shape_mismatch
55762.png,55762.npy,"(512, 724, 3)","(1, 512, 724)","(512, 724)","(512, 724)",True,ok
55766.png,55766.npy,"(360, 360, 4)","(1, 360, 360)","(360, 360)","(360, 360)",True,ok
55790.png,55790.npy,"(568, 512, 3)","(1, 568, 512)","(568, 512)","(568, 512)",True,ok
55806.png,55806.npy,"(238, 819, 3)","(1, 238, 819)","(238, 819)","(238, 819)",True,ok
55816.png,55816.npy,"(666, 1000, 3)","(1, 666, 1000)","(666, 1000)","(666, 1000)",True,ok
55818.png,55818.npy,"(287, 560, 3)","(1, 287, 560)","(287, 560)","(287, 560)",True,ok
55931.png,55931.npy,"(520, 696, 3)","(1, 520, 696)","(520, 696)","(520, 696)",True,ok
55949.png,55949.npy,"(1200, 1600, 3)","(1, 1200, 1600)","(1200, 1600)","(1200, 1600)",True,ok
56002.png,56002.npy,"(1200, 1600, 3)","(2, 1200, 1600)","(1200, 1600)","(2, 1200)",False,shape_mismatch
5602.png,5602.npy,"(256, 320, 4)","(1, 256, 320)","(256, 320)","(256, 320)",True,ok
56052.png,56052.npy,"(143, 883, 3)","(1, 143, 883)","(143, 883)","(143, 883)",True,ok
56106.png,56106.npy,"(256, 256, 4)","(2, 256, 256)","(256, 256)","(2, 256)",False,shape_mismatch
56127.png,56127.npy,"(451, 665, 3)","(1, 451, 665)","(451, 665)","(451, 665)",True,ok
56145.png,56145.npy,"(1200, 1600, 3)","(2, 1200, 1600)","(1200, 1600)","(2, 1200)",False,shape_mismatch
56173.png,56173.npy,"(256, 256, 4)","(1, 256, 256)","(256, 256)","(256, 256)",True,ok
56181.png,56181.npy,"(205, 251, 3)","(1, 205, 251)","(205, 251)","(205, 251)",True,ok
56232.png,56232.npy,"(205, 382, 3)","(1, 205, 382)","(205, 382)","(205, 382)",True,ok
5626.png,5626.npy,"(360, 360, 4)","(2, 360, 360)","(360, 360)","(2, 360)",False,shape_mismatch
56264.png,56264.npy,"(520, 696, 3)","(1, 520, 696)","(520, 696)","(520, 696)",True,ok
56269.png,56269.npy,"(256, 320, 4)","(1, 256, 320)","(256, 320)","(256, 320)",True,ok
56297.png,56297.npy,"(512, 512, 4)","(2, 512, 512)","(512, 512)","(2, 512)",False,shape_mismatch
56310.png,56310.npy,"(512, 512)","(1, 512, 512)","(512, 512)","(512, 512)",True,ok
56311.png,56311.npy,"(131, 541, 3)","(1, 131, 541)","(131, 541)","(131, 541)",True,ok
56339.png,56339.npy,"(256, 256, 4)","(2, 256, 256)","(256, 256)","(2, 256)",False,shape_mismatch
56376.png,56376.npy,"(666, 1000, 3)","(1, 666, 1000)","(666, 1000)","(666, 1000)",True,ok
56390.png,56390.npy,"(1200, 1600, 3)","(1, 1200, 1600)","(1200, 1600)","(1200, 1600)",True,ok
56402.png,56402.npy,"(512, 662, 3)","(2, 512, 662)","(512, 662)","(2, 512)",False,shape_mismatch
56438.png,56438.npy,"(273, 1615, 3)","(1, 273, 1615)","(273, 1615)","(273, 1615)",True,ok
56442.png,56442.npy,"(1024, 1280, 3)","(2, 1024, 1280)","(1024, 1280)","(2, 1024)",False,shape_mismatch
56443.png,56443.npy,"(256, 256, 4)","(2, 256, 256)","(256, 256)","(2, 256)",False,shape_mismatch
56452.png,56452.npy,"(512, 518, 3)","(3, 512, 518)","(512, 518)","(3, 512)",False,shape_mismatch
56472.png,56472.npy,"(360, 360, 4)","(1, 360, 360)","(360, 360)","(360, 360)",True,ok
56515.png,56515.npy,"(1200, 1600, 3)","(2, 1200, 1600)","(1200, 1600)","(2, 1200)",False,shape_mismatch
56544.png,56544.npy,"(810, 375, 3)","(1, 810, 375)","(810, 375)","(810, 375)",True,ok
56549.png,56549.npy,"(666, 1000, 3)","(2, 666, 1000)","(666, 1000)","(2, 666)",False,shape_mismatch
56563.png,56563.npy,"(1200, 1600, 3)","(1, 1200, 1600)","(1200, 1600)","(1200, 1600)",True,ok
56582.png,56582.npy,"(520, 696, 3)","(1, 520, 696)","(520, 696)","(520, 696)",True,ok
56589.png,56589.npy,"(666, 1000, 3)","(1, 666, 1000)","(666, 1000)","(666, 1000)",True,ok
56623.png,56623.npy,"(1200, 1600, 3)","(2, 1200, 1600)","(1200, 1600)","(2, 1200)",False,shape_mismatch
56659.png,56659.npy,"(1024, 1024, 3)","(1, 1024, 1024)","(1024, 1024)","(1024, 1024)",True,ok
56700.png,56700.npy,"(256, 320, 4)","(1, 256, 320)","(256, 320)","(256, 320)",True,ok
56712.png,56712.npy,"(256, 256, 4)","(1, 256, 256)","(256, 256)","(256, 256)",True,ok
56723.png,56723.npy,"(520, 696, 4)","(1, 520, 696)","(520, 696)","(520, 696)",True,ok
5675.png,5675.npy,"(256, 256, 4)","(2, 256, 256)","(256, 256)","(2, 256)",False,shape_mismatch
56771.png,56771.npy,"(512, 512, 3)","(1, 512, 512)","(512, 512)","(512, 512)",True,ok
56778.png,56778.npy,"(256, 320, 4)","(1, 256, 320)","(256, 320)","(256, 320)",True,ok
56787.png,56787.npy,"(624, 734, 3)","(1, 624, 734)","(624, 734)","(624, 734)",True,ok
56793.png,56793.npy,"(666, 1000, 3)","(2, 666, 1000)","(666, 1000)","(2, 666)",False,shape_mismatch
568.png,568.npy,"(360, 360, 4)","(2, 360, 360)","(360, 360)","(2, 360)",False,shape_mismatch
56838.png,56838.npy,"(1200, 1600, 3)","(2, 1200, 1600)","(1200, 1600)","(2, 1200)",False,shape_mismatch
56839.png,56839.npy,"(79, 775, 3)","(1, 79, 775)","(79, 775)","(79, 775)",True,ok
56859.png,56859.npy,"(256, 256, 4)","(1, 256, 256)","(256, 256)","(256, 256)",True,ok
569.png,569.npy,"(125, 434, 3)","(1, 125, 434)","(125, 434)","(125, 434)",True,ok
56903.png,56903.npy,"(666, 1000, 3)","(2, 666, 1000)","(666, 1000)","(2, 666)",False,shape_mismatch
56964.png,56964.npy,"(256, 320, 4)","(1, 256, 320)","(256, 320)","(256, 320)",True,ok
56992.png,56992.npy,"(1200, 1600, 3)","(2, 1200, 1600)","(1200, 1600)","(2, 1200)",False,shape_mismatch
56994.png,56994.npy,"(250, 231, 3)","(1, 250, 231)","(250, 231)","(250, 231)",True,ok
56997.png,56997.npy,"(1912, 2568)","(1, 1912, 2568)","(1912, 2568)","(1912, 2568)",True,ok
57.png,57.npy,"(256, 320, 4)","(1, 256, 320)","(256, 320)","(256, 320)",True,ok
57011.png,57011.npy,"(3888, 2592, 3)","(1, 3888, 2592)","(3888, 2592)","(3888, 2592)",True,ok
57066.png,57066.npy,"(159, 1017, 3)","(1, 159, 1017)","(159, 1017)","(159, 1017)",True,ok
57076.png,57076.npy,"(666, 1000, 3)","(1, 666, 1000)","(666, 1000)","(666, 1000)",True,ok
57078.png,57078.npy,"(124, 609, 3)","(1, 124, 609)","(124, 609)","(124, 609)",True,ok
57085.png,57085.npy,"(512, 668, 3)","(2, 512, 668)","(512, 668)","(2, 512)",False,shape_mismatch
5714.png,5714.npy,"(1024, 1024)","(1, 1024, 1024)","(1024, 1024)","(1024, 1024)",True,ok
57143.png,57143.npy,"(512, 631, 3)","(1, 512, 631)","(512, 631)","(512, 631)",True,ok
57172.png,57172.npy,"(311, 706, 3)","(1, 311, 706)","(311, 706)","(311, 706)",True,ok
57239.png,57239.npy,"(360, 360, 4)","(1, 360, 360)","(360, 360)","(360, 360)",True,ok
57262.png,57262.npy,"(256, 256, 4)","(1, 256, 256)","(256, 256)","(256, 256)",True,ok
57285.png,57285.npy,"(256, 256, 4)","(3, 256, 256)","(256, 256)","(3, 256)",False,shape_mismatch
57317.png,57317.npy,"(256, 256, 4)","(1, 256, 256)","(256, 256)","(256, 256)",True,ok
57324.png,57324.npy,"(106, 679, 3)","(1, 106, 679)","(106, 679)","(106, 679)",True,ok
57328.png,57328.npy,"(666, 1000, 3)","(1, 666, 1000)","(666, 1000)","(666, 1000)",True,ok
5734.png,5734.npy,"(666, 1000, 3)","(1, 666, 1000)","(666, 1000)","(666, 1000)",True,ok
57342.png,57342.npy,"(256, 256, 4)","(1, 256, 256)","(256, 256)","(256, 256)",True,ok
57390.png,57390.npy,"(256, 256, 4)","(1, 256, 256)","(256, 256)","(256, 256)",True,ok
57398.png,57398.npy,"(666, 1000, 3)","(1, 666, 1000)","(666, 1000)","(666, 1000)",True,ok
57505.png,57505.npy,"(1200, 1600, 3)","(1, 1200, 1600)","(1200, 1600)","(1200, 1600)",True,ok
57512.png,57512.npy,"(1912, 2568)","(2, 1912, 2568)","(1912, 2568)","(2, 1912)",False,shape_mismatch
5756.png,5756.npy,"(86, 398, 3)","(1, 86, 398)","(86, 398)","(86, 398)",True,ok
57567.png,57567.npy,"(1200, 1600, 3)","(3, 1200, 1600)","(1200, 1600)","(3, 1200)",False,shape_mismatch
57635.png,57635.npy,"(2592, 3888, 3)","(1, 2592, 3888)","(2592, 3888)","(2592, 3888)",True,ok
57643.png,57643.npy,"(666, 1000, 3)","(1, 666, 1000)","(666, 1000)","(666, 1000)",True,ok
57652.png,57652.npy,"(112, 1596, 3)","(1, 112, 1596)","(112, 1596)","(112, 1596)",True,ok
57664.png,57664.npy,"(520, 696, 3)","(2, 520, 696)","(520, 696)","(2, 520)",False,shape_mismatch
57681.png,57681.npy,"(512, 512)","(1, 512, 512)","(512, 512)","(512, 512)",True,ok
57713.png,57713.npy,"(1200, 1600, 3)","(3, 1200, 1600)","(1200, 1600)","(3, 1200)",False,shape_mismatch
5772.png,5772.npy,"(512, 678, 3)","(2, 512, 678)","(512, 678)","(2, 512)",False,shape_mismatch
57729.png,57729.npy,"(260, 347, 4)","(3, 260, 347)","(260, 347)","(3, 260)",False,shape_mismatch
5779.png,5779.npy,"(1200, 1600, 3)","(3, 1200, 1600)","(1200, 1600)","(3, 1200)",False,shape_mismatch
57800.png,57800.npy,"(512, 512, 3)","(1, 512, 512)","(512, 512)","(512, 512)",True,ok
57823.png,57823.npy,"(96, 593, 3)","(1, 96, 593)","(96, 593)","(96, 593)",True,ok
57824.png,57824.npy,"(382, 298, 3)","(2, 382, 298)","(382, 298)","(2, 382)",False,shape_mismatch
57875.png,57875.npy,"(666, 1000, 3)","(1, 666, 1000)","(666, 1000)","(666, 1000)",True,ok
57883.png,57883.npy,"(1200, 1600, 3)","(2, 1200, 1600)","(1200, 1600)","(2, 1200)",False,shape_mismatch
57892.png,57892.npy,"(1423, 1619, 3)","(2, 1423, 1619)","(1423, 1619)","(2, 1423)",False,shape_mismatch
5792.png,5792.npy,"(360, 360, 4)","(2, 360, 360)","(360, 360)","(2, 360)",False,shape_mismatch
57927.png,57927.npy,"(512, 512, 3)","(1, 512, 512)","(512, 512)","(512, 512)",True,ok
57993.png,57993.npy,"(520, 696, 4)","(1, 520, 696)","(520, 696)","(520, 696)",True,ok
58055.png,58055.npy,"(256, 320, 4)","(1, 256, 320)","(256, 320)","(256, 320)",True,ok
58065.png,58065.npy,"(666, 1000, 3)","(1, 666, 1000)","(666, 1000)","(666, 1000)",True,ok
5807.png,5807.npy,"(512, 659, 3)","(2, 512, 659)","(512, 659)","(2, 512)",False,shape_mismatch
58081.png,58081.npy,"(88, 732, 3)","(1, 88, 732)","(88, 732)","(88, 732)",True,ok
58090.png,58090.npy,"(439, 419, 3)","(3, 439, 419)","(439, 419)","(3, 439)",False,shape_mismatch
58101.png,58101.npy,"(1200, 1600, 3)","(3, 1200, 1600)","(1200, 1600)","(3, 1200)",False,shape_mismatch
58128.png,58128.npy,"(131, 911, 3)","(1, 131, 911)","(131, 911)","(131, 911)",True,ok
58142.png,58142.npy,"(256, 320, 4)","(1, 256, 320)","(256, 320)","(256, 320)",True,ok
58180.png,58180.npy,"(360, 360, 4)","(1, 360, 360)","(360, 360)","(360, 360)",True,ok
58197.png,58197.npy,"(100, 655, 3)","(1, 100, 655)","(100, 655)","(100, 655)",True,ok
58252.png,58252.npy,"(64, 434, 3)","(1, 64, 434)","(64, 434)","(64, 434)",True,ok
58269.png,58269.npy,"(1912, 2568)","(2, 1912, 2568)","(1912, 2568)","(2, 1912)",False,shape_mismatch
58293.png,58293.npy,"(1200, 1600, 3)","(2, 1200, 1600)","(1200, 1600)","(2, 1200)",False,shape_mismatch
58338.png,58338.npy,"(621, 513, 3)","(1, 621, 513)","(621, 513)","(621, 513)",True,ok
58339.png,58339.npy,"(256, 320, 4)","(2, 256, 320)","(256, 320)","(2, 256)",False,shape_mismatch
58378.png,58378.npy,"(1028, 1384, 3)","(1, 1028, 1384)","(1028, 1384)","(1028, 1384)",True,ok
58419.png,58419.npy,"(666, 1000, 3)","(1, 666, 1000)","(666, 1000)","(666, 1000)",True,ok
58423.png,58423.npy,"(256, 256, 4)","(1, 256, 256)","(256, 256)","(256, 256)",True,ok
58425.png,58425.npy,"(1200, 1600, 3)","(1, 1200, 1600)","(1200, 1600)","(1200, 1600)",True,ok
58445.png,58445.npy,"(512, 640, 4)","(1, 512, 640)","(512, 640)","(512, 640)",True,ok
58486.png,58486.npy,"(1024, 1024, 3)","(1, 1024, 1024)","(1024, 1024)","(1024, 1024)",True,ok
58493.png,58493.npy,"(232, 608, 3)","(1, 232, 608)","(232, 608)","(232, 608)",True,ok
58501.png,58501.npy,"(666, 1000, 3)","(3, 666, 1000)","(666, 1000)","(3, 666)",False,shape_mismatch
58510.png,58510.npy,"(256, 256, 4)","(1, 256, 256)","(256, 256)","(256, 256)",True,ok
58544.png,58544.npy,"(520, 696, 3)","(1, 520, 696)","(520, 696)","(520, 696)",True,ok
58545.png,58545.npy,"(319, 1713, 3)","(1, 319, 1713)","(319, 1713)","(319, 1713)",True,ok
58579.png,58579.npy,"(512, 682, 3)","(1, 512, 682)","(512, 682)","(512, 682)",True,ok
58588.png,58588.npy,"(256, 320, 4)","(2, 256, 320)","(256, 320)","(2, 256)",False,shape_mismatch
58593.png,58593.npy,"(512, 635, 3)","(2, 512, 635)","(512, 635)","(2, 512)",False,shape_mismatch
5863.png,5863.npy,"(2592, 3888, 3)","(1, 2592, 3888)","(2592, 3888)","(2592, 3888)",True,ok
58662.png,58662.npy,"(512, 512, 4)","(1, 512, 512)","(512, 512)","(512, 512)",True,ok
58677.png,58677.npy,"(520, 696, 3)","(1, 520, 696)","(520, 696)","(520, 696)",True,ok
58692.png,58692.npy,"(151, 211, 3)","(1, 151, 211)","(151, 211)","(151, 211)",True,ok
58697.png,58697.npy,"(360, 360, 4)","(1, 360, 360)","(360, 360)","(360, 360)",True,ok
58710.png,58710.npy,"(360, 360, 4)","(1, 360, 360)","(360, 360)","(360, 360)",True,ok
58718.png,58718.npy,"(512, 777, 3)","(1, 512, 777)","(512, 777)","(512, 777)",True,ok
58723.png,58723.npy,"(256, 256, 4)","(2, 256, 256)","(256, 256)","(2, 256)",False,shape_mismatch
58730.png,58730.npy,"(473, 925, 3)","(1, 473, 925)","(473, 925)","(473, 925)",True,ok
58782.png,58782.npy,"(2592, 3888, 3)","(2, 2592, 3888)","(2592, 3888)","(2, 2592)",False,shape_mismatch
58876.png,58876.npy,"(874, 308, 3)","(1, 874, 308)","(874, 308)","(874, 308)",True,ok
58888.png,58888.npy,"(1200, 1600, 3)","(2, 1200, 1600)","(1200, 1600)","(2, 1200)",False,shape_mismatch
58894.png,58894.npy,"(134, 457, 3)","(1, 134, 457)","(134, 457)","(134, 457)",True,ok
58910.png,58910.npy,"(256, 256, 4)","(1, 256, 256)","(256, 256)","(256, 256)",True,ok
58955.png,58955.npy,"(256, 256, 4)","(3, 256, 256)","(256, 256)","(3, 256)",False,shape_mismatch
58975.png,58975.npy,"(512, 512)","(2, 512, 512)","(512, 512)","(2, 512)",False,shape_mismatch
59000.png,59000.npy,"(67, 449, 3)","(1, 67, 449)","(67, 449)","(67, 449)",True,ok
59018.png,59018.npy,"(520, 512, 3)","(1, 520, 512)","(520, 512)","(520, 512)",True,ok
5902.png,5902.npy,"(256, 320, 4)","(1, 256, 320)","(256, 320)","(256, 320)",True,ok
59022.png,59022.npy,"(1200, 1600, 3)","(3, 1200, 1600)","(1200, 1600)","(3, 1200)",False,shape_mismatch
59028.png,59028.npy,"(520, 696, 3)","(1, 520, 696)","(520, 696)","(520, 696)",True,ok
59069.png,59069.npy,"(512, 711, 3)","(1, 512, 711)","(512, 711)","(512, 711)",True,ok
59142.png,59142.npy,"(512, 514, 3)","(2, 512, 514)","(512, 514)","(2, 512)",False,shape_mismatch
59144.png,59144.npy,"(1024, 1280, 3)","(2, 1024, 1280)","(1024, 1280)","(2, 1024)",False,shape_mismatch
59148.png,59148.npy,"(360, 360, 4)","(1, 360, 360)","(360, 360)","(360, 360)",True,ok
5915.png,5915.npy,"(1912, 2568)","(1, 1912, 2568)","(1912, 2568)","(1912, 2568)",True,ok
59183.png,59183.npy,"(666, 1000, 3)","(1, 666, 1000)","(666, 1000)","(666, 1000)",True,ok
59193.png,59193.npy,"(1602, 1525, 3)","(2, 1602, 1525)","(1602, 1525)","(2, 1602)",False,shape_mismatch
59214.png,59214.npy,"(2592, 3888, 3)","(2, 2592, 3888)","(2592, 3888)","(2, 2592)",False,shape_mismatch
59255.png,59255.npy,"(928, 650, 3)","(3, 928, 650)","(928, 650)","(3, 928)",False,shape_mismatch
59297.png,59297.npy,"(2592, 3888, 3)","(1, 2592, 3888)","(2592, 3888)","(2592, 3888)",True,ok
59320.png,59320.npy,"(343, 1021, 3)","(1, 343, 1021)","(343, 1021)","(343, 1021)",True,ok
59327.png,59327.npy,"(666, 1000, 3)","(1, 666, 1000)","(666, 1000)","(666, 1000)",True,ok
5937.png,5937.npy,"(256, 256, 4)","(1, 256, 256)","(256, 256)","(256, 256)",True,ok
59375.png,59375.npy,"(547, 554, 3)","(1, 547, 554)","(547, 554)","(547, 554)",True,ok
59380.png,59380.npy,"(331, 341, 3)","(2, 331, 341)","(331, 341)","(2, 331)",False,shape_mismatch
59381.png,59381.npy,"(256, 256, 4)","(1, 256, 256)","(256, 256)","(256, 256)",True,ok
5939.png,5939.npy,"(360, 360, 4)","(1, 360, 360)","(360, 360)","(360, 360)",True,ok
59413.png,59413.npy,"(520, 696, 4)","(3, 520, 696)","(520, 696)","(3, 520)",False,shape_mismatch
59453.png,59453.npy,"(256, 320, 4)","(1, 256, 320)","(256, 320)","(256, 320)",True,ok
59456.png,59456.npy,"(360, 360, 4)","(2, 360, 360)","(360, 360)","(2, 360)",False,shape_mismatch
59467.png,59467.npy,"(106, 616, 3)","(1, 106, 616)","(106, 616)","(106, 616)",True,ok
59531.png,59531.npy,"(256, 256, 4)","(1, 256, 256)","(256, 256)","(256, 256)",True,ok
59597.png,59597.npy,"(1200, 1600, 3)","(2, 1200, 1600)","(1200, 1600)","(2, 1200)",False,shape_mismatch
59617.png,59617.npy,"(258, 613, 3)","(1, 258, 613)","(258, 613)","(258, 613)",True,ok
59619.png,59619.npy,"(833, 989, 3)","(4, 833, 989)","(833, 989)","(4, 833)",False,shape_mismatch
59645.png,59645.npy,"(512, 614, 3)","(1, 512, 614)","(512, 614)","(512, 614)",True,ok
59651.png,59651.npy,"(666, 1000, 3)","(1, 666, 1000)","(666, 1000)","(666, 1000)",True,ok
59655.png,59655.npy,"(1200, 1600, 3)","(2, 1200, 1600)","(1200, 1600)","(2, 1200)",False,shape_mismatch
5967.png,5967.npy,"(256, 256, 4)","(3, 256, 256)","(256, 256)","(3, 256)",False,shape_mismatch
59679.png,59679.npy,"(256, 256, 4)","(1, 256, 256)","(256, 256)","(256, 256)",True,ok
59710.png,59710.npy,"(256, 256, 4)","(2, 256, 256)","(256, 256)","(2, 256)",False,shape_mismatch
59715.png,59715.npy,"(512, 522, 3)","(2, 512, 522)","(512, 522)","(2, 512)",False,shape_mismatch
598.png,598.npy,"(666, 1000, 3)","(1, 666, 1000)","(666, 1000)","(666, 1000)",True,ok
59832.png,59832.npy,"(512, 759, 3)","(1, 512, 759)","(512, 759)","(512, 759)",True,ok
59840.png,59840.npy,"(227, 1161, 3)","(1, 227, 1161)","(227, 1161)","(227, 1161)",True,ok
59856.png,59856.npy,"(1170, 1090, 3)","(2, 1170, 1090)","(1170, 1090)","(2, 1170)",False,shape_mismatch
59910.png,59910.npy,"(3888, 2592, 3)","(1, 3888, 2592)","(3888, 2592)","(3888, 2592)",True,ok
59919.png,59919.npy,"(3888, 2592, 3)","(1, 3888, 2592)","(3888, 2592)","(3888, 2592)",True,ok
59951.png,59951.npy,"(666, 1000, 3)","(1, 666, 1000)","(666, 1000)","(666, 1000)",True,ok
59969.png,59969.npy,"(666, 1000, 3)","(1, 666, 1000)","(666, 1000)","(666, 1000)",True,ok
59979.png,59979.npy,"(419, 1608, 3)","(1, 419, 1608)","(419, 1608)","(419, 1608)",True,ok
59991.png,59991.npy,"(1200, 1600, 3)","(2, 1200, 1600)","(1200, 1600)","(2, 1200)",False,shape_mismatch
60033.png,60033.npy,"(163, 930, 3)","(1, 163, 930)","(163, 930)","(163, 930)",True,ok
60046.png,60046.npy,"(520, 696, 3)","(1, 520, 696)","(520, 696)","(520, 696)",True,ok
60057.png,60057.npy,"(151, 477, 3)","(1, 151, 477)","(151, 477)","(151, 477)",True,ok
6006.png,6006.npy,"(287, 274, 3)","(2, 287, 274)","(287, 274)","(2, 287)",False,shape_mismatch
60075.png,60075.npy,"(203, 481, 3)","(1, 203, 481)","(203, 481)","(203, 481)",True,ok
60076.png,60076.npy,"(109, 614, 3)","(1, 109, 614)","(109, 614)","(109, 614)",True,ok
6011.png,6011.npy,"(263, 253, 3)","(1, 263, 253)","(263, 253)","(263, 253)",True,ok
60113.png,60113.npy,"(1024, 1024, 3)","(1, 1024, 1024)","(1024, 1024)","(1024, 1024)",True,ok
60122.png,60122.npy,"(520, 696, 3)","(2, 520, 696)","(520, 696)","(2, 520)",False,shape_mismatch
60154.png,60154.npy,"(1200, 1600, 3)","(1, 1200, 1600)","(1200, 1600)","(1200, 1600)",True,ok
60193.png,60193.npy,"(666, 1000, 3)","(1, 666, 1000)","(666, 1000)","(666, 1000)",True,ok
60195.png,60195.npy,"(256, 256, 4)","(1, 256, 256)","(256, 256)","(256, 256)",True,ok
60233.png,60233.npy,"(512, 512, 4)","(1, 512, 512)","(512, 512)","(512, 512)",True,ok
60244.png,60244.npy,"(529, 512, 3)","(2, 529, 512)","(529, 512)","(2, 529)",False,shape_mismatch
60265.png,60265.npy,"(1024, 1024, 3)","(1, 1024, 1024)","(1024, 1024)","(1024, 1024)",True,ok
60269.png,60269.npy,"(512, 640, 4)","(2, 512, 640)","(512, 640)","(2, 512)",False,shape_mismatch
60298.png,60298.npy,"(1200, 1600, 3)","(3, 1200, 1600)","(1200, 1600)","(3, 1200)",False,shape_mismatch
6030.png,6030.npy,"(256, 256, 4)","(2, 256, 256)","(256, 256)","(2, 256)",False,shape_mismatch
60319.png,60319.npy,"(256, 320, 4)","(2, 256, 320)","(256, 320)","(2, 256)",False,shape_mismatch
60323.png,60323.npy,"(1200, 1600, 3)","(2, 1200, 1600)","(1200, 1600)","(2, 1200)",False,shape_mismatch
60327.png,60327.npy,"(512, 772, 3)","(2, 512, 772)","(512, 772)","(2, 512)",False,shape_mismatch
60340.png,60340.npy,"(821, 932, 3)","(2, 821, 932)","(821, 932)","(2, 821)",False,shape_mismatch
60378.png,60378.npy,"(1200, 1600, 3)","(2, 1200, 1600)","(1200, 1600)","(2, 1200)",False,shape_mismatch
60399.png,60399.npy,"(1200, 1600, 3)","(2, 1200, 1600)","(1200, 1600)","(2, 1200)",False,shape_mismatch
60408.png,60408.npy,"(1912, 2568)","(1, 1912, 2568)","(1912, 2568)","(1912, 2568)",True,ok
60434.png,60434.npy,"(256, 320, 4)","(1, 256, 320)","(256, 320)","(256, 320)",True,ok
60457.png,60457.npy,"(3888, 2592, 3)","(1, 3888, 2592)","(3888, 2592)","(3888, 2592)",True,ok
60486.png,60486.npy,"(928, 650, 3)","(1, 928, 650)","(928, 650)","(928, 650)",True,ok
60501.png,60501.npy,"(360, 360, 4)","(1, 360, 360)","(360, 360)","(360, 360)",True,ok
60527.png,60527.npy,"(180, 901, 3)","(1, 180, 901)","(180, 901)","(180, 901)",True,ok
60539.png,60539.npy,"(520, 696, 3)","(2, 520, 696)","(520, 696)","(2, 520)",False,shape_mismatch
6060.png,6060.npy,"(119, 726, 3)","(1, 119, 726)","(119, 726)","(119, 726)",True,ok
60687.png,60687.npy,"(1024, 1024, 3)","(2, 1024, 1024)","(1024, 1024)","(2, 1024)",False,shape_mismatch
60701.png,60701.npy,"(666, 1000, 3)","(1, 666, 1000)","(666, 1000)","(666, 1000)",True,ok
60705.png,60705.npy,"(512, 512, 4)","(2, 512, 512)","(512, 512)","(2, 512)",False,shape_mismatch
60760.png,60760.npy,"(666, 1000, 3)","(1, 666, 1000)","(666, 1000)","(666, 1000)",True,ok
60829.png,60829.npy,"(173, 194, 3)","(1, 173, 194)","(173, 194)","(173, 194)",True,ok
60867.png,60867.npy,"(3888, 2592, 3)","(1, 3888, 2592)","(3888, 2592)","(3888, 2592)",True,ok
60927.png,60927.npy,"(173, 74, 3)","(1, 173, 74)","(173, 74)","(173, 74)",True,ok
60947.png,60947.npy,"(2592, 3888, 3)","(1, 2592, 3888)","(2592, 3888)","(2592, 3888)",True,ok
60954.png,60954.npy,"(222, 1401, 3)","(1, 222, 1401)","(222, 1401)","(222, 1401)",True,ok
60986.png,60986.npy,"(157, 515, 3)","(2, 157, 515)","(157, 515)","(2, 157)",False,shape_mismatch
60993.png,60993.npy,"(1912, 2568)","(2, 1912, 2568)","(1912, 2568)","(2, 1912)",False,shape_mismatch
610.png,610.npy,"(185, 497, 3)","(1, 185, 497)","(185, 497)","(185, 497)",True,ok
61022.png,61022.npy,"(256, 320, 4)","(1, 256, 320)","(256, 320)","(256, 320)",True,ok
61028.png,61028.npy,"(1200, 1600, 3)","(3, 1200, 1600)","(1200, 1600)","(3, 1200)",False,shape_mismatch
6103.png,6103.npy,"(209, 538, 3)","(1, 209, 538)","(209, 538)","(209, 538)",True,ok
61030.png,61030.npy,"(211, 344, 3)","(2, 211, 344)","(211, 344)","(2, 211)",False,shape_mismatch
61072.png,61072.npy,"(256, 256, 4)","(2, 256, 256)","(256, 256)","(2, 256)",False,shape_mismatch
61078.png,61078.npy,"(318, 338, 3)","(1, 318, 338)","(318, 338)","(318, 338)",True,ok
6111.png,6111.npy,"(512, 640, 4)","(2, 512, 640)","(512, 640)","(2, 512)",False,shape_mismatch
61134.png,61134.npy,"(1200, 1600, 3)","(2, 1200, 1600)","(1200, 1600)","(2, 1200)",False,shape_mismatch
61166.png,61166.npy,"(512, 512, 3)","(1, 512, 512)","(512, 512)","(512, 512)",True,ok
6117.png,6117.npy,"(116, 757, 3)","(1, 116, 757)","(116, 757)","(116, 757)",True,ok
61212.png,61212.npy,"(398, 265, 3)","(1, 398, 265)","(398, 265)","(398, 265)",True,ok
61221.png,61221.npy,"(512, 632, 3)","(2, 512, 632)","(512, 632)","(2, 512)",False,shape_mismatch
61270.png,61270.npy,"(360, 360, 4)","(1, 360, 360)","(360, 360)","(360, 360)",True,ok
61298.png,61298.npy,"(2592, 3888, 3)","(1, 2592, 3888)","(2592, 3888)","(2592, 3888)",True,ok
6130.png,6130.npy,"(666, 1000, 3)","(1, 666, 1000)","(666, 1000)","(666, 1000)",True,ok
61326.png,61326.npy,"(512, 512, 3)","(2, 512, 512)","(512, 512)","(2, 512)",False,shape_mismatch
61338.png,61338.npy,"(256, 320, 4)","(1, 256, 320)","(256, 320)","(256, 320)",True,ok
61355.png,61355.npy,"(363, 576, 3)","(1, 363, 576)","(363, 576)","(363, 576)",True,ok
61450.png,61450.npy,"(666, 1000, 3)","(1, 666, 1000)","(666, 1000)","(666, 1000)",True,ok
61492.png,61492.npy,"(1200, 1600, 3)","(1, 1200, 1600)","(1200, 1600)","(1200, 1600)",True,ok
61506.png,61506.npy,"(666, 1000, 3)","(2, 666, 1000)","(666, 1000)","(2, 666)",False,shape_mismatch
61540.png,61540.npy,"(256, 256, 4)","(1, 256, 256)","(256, 256)","(256, 256)",True,ok
61566.png,61566.npy,"(256, 320, 4)","(1, 256, 320)","(256, 320)","(256, 320)",True,ok
6159.png,6159.npy,"(256, 256, 4)","(1, 256, 256)","(256, 256)","(256, 256)",True,ok
61595.png,61595.npy,"(1912, 2568)","(1, 1912, 2568)","(1912, 2568)","(1912, 2568)",True,ok
6164.png,6164.npy,"(512, 591, 3)","(1, 512, 591)","(512, 591)","(512, 591)",True,ok
61674.png,61674.npy,"(666, 1000, 3)","(1, 666, 1000)","(666, 1000)","(666, 1000)",True,ok
61725.png,61725.npy,"(512, 687, 3)","(1, 512, 687)","(512, 687)","(512, 687)",True,ok
61741.png,61741.npy,"(475, 1413, 3)","(1, 475, 1413)","(475, 1413)","(475, 1413)",True,ok
61744.png,61744.npy,"(512, 512, 4)","(1, 512, 512)","(512, 512)","(512, 512)",True,ok
61868.png,61868.npy,"(512, 684, 3)","(1, 512, 684)","(512, 684)","(512, 684)",True,ok
6187.png,6187.npy,"(163, 1382, 3)","(1, 163, 1382)","(163, 1382)","(163, 1382)",True,ok
61883.png,61883.npy,"(512, 515, 3)","(1, 512, 515)","(512, 515)","(512, 515)",True,ok
6190.png,6190.npy,"(256, 320, 4)","(1, 256, 320)","(256, 320)","(256, 320)",True,ok
61903.png,61903.npy,"(360, 360, 4)","(1, 360, 360)","(360, 360)","(360, 360)",True,ok
61946.png,61946.npy,"(256, 320, 4)","(2, 256, 320)","(256, 320)","(2, 256)",False,shape_mismatch
61966.png,61966.npy,"(666, 1000, 3)","(1, 666, 1000)","(666, 1000)","(666, 1000)",True,ok
61997.png,61997.npy,"(162, 187, 3)","(1, 162, 187)","(162, 187)","(162, 187)",True,ok
62029.png,62029.npy,"(520, 696, 3)","(1, 520, 696)","(520, 696)","(520, 696)",True,ok
62032.png,62032.npy,"(666, 1000, 3)","(1, 666, 1000)","(666, 1000)","(666, 1000)",True,ok
62064.png,62064.npy,"(1024, 1024, 3)","(1, 1024, 1024)","(1024, 1024)","(1024, 1024)",True,ok
62095.png,62095.npy,"(79, 679, 3)","(1, 79, 679)","(79, 679)","(79, 679)",True,ok
6212.png,6212.npy,"(1912, 2568)","(2, 1912, 2568)","(1912, 2568)","(2, 1912)",False,shape_mismatch
62151.png,62151.npy,"(520, 696, 4)","(1, 520, 696)","(520, 696)","(520, 696)",True,ok
62161.png,62161.npy,"(1200, 1600, 3)","(3, 1200, 1600)","(1200, 1600)","(3, 1200)",False,shape_mismatch
62164.png,62164.npy,"(1200, 1600, 3)","(1, 1200, 1600)","(1200, 1600)","(1200, 1600)",True,ok
62195.png,62195.npy,"(512, 687, 3)","(1, 512, 687)","(512, 687)","(512, 687)",True,ok
62249.png,62249.npy,"(512, 512, 3)","(1, 512, 512)","(512, 512)","(512, 512)",True,ok
62273.png,62273.npy,"(3888, 2592, 3)","(2, 3888, 2592)","(3888, 2592)","(2, 3888)",False,shape_mismatch
62276.png,62276.npy,"(256, 256, 4)","(3, 256, 256)","(256, 256)","(3, 256)",False,shape_mismatch
62284.png,62284.npy,"(131, 1578, 3)","(1, 131, 1578)","(131, 1578)","(131, 1578)",True,ok
62327.png,62327.npy,"(1200, 1600, 3)","(2, 1200, 1600)","(1200, 1600)","(2, 1200)",False,shape_mismatch
62330.png,62330.npy,"(1200, 1600, 3)","(1, 1200, 1600)","(1200, 1600)","(1200, 1600)",True,ok
62358.png,62358.npy,"(1028, 1384, 3)","(1, 1028, 1384)","(1028, 1384)","(1028, 1384)",True,ok
62359.png,62359.npy,"(666, 1000, 3)","(2, 666, 1000)","(666, 1000)","(2, 666)",False,shape_mismatch
62463.png,62463.npy,"(2592, 3888, 3)","(1, 2592, 3888)","(2592, 3888)","(2592, 3888)",True,ok
62504.png,62504.npy,"(1200, 1600, 3)","(2, 1200, 1600)","(1200, 1600)","(2, 1200)",False,shape_mismatch
62519.png,62519.npy,"(123, 435, 3)","(1, 123, 435)","(123, 435)","(123, 435)",True,ok
62623.png,62623.npy,"(360, 360, 4)","(1, 360, 360)","(360, 360)","(360, 360)",True,ok
62625.png,62625.npy,"(520, 696, 4)","(2, 520, 696)","(520, 696)","(2, 520)",False,shape_mismatch
62628.png,62628.npy,"(1200, 1600, 3)","(2, 1200, 1600)","(1200, 1600)","(2, 1200)",False,shape_mismatch
62643.png,62643.npy,"(666, 1000, 3)","(1, 666, 1000)","(666, 1000)","(666, 1000)",True,ok
62663.png,62663.npy,"(213, 367, 3)","(1, 213, 367)","(213, 367)","(213, 367)",True,ok
6269.png,6269.npy,"(256, 256, 4)","(2, 256, 256)","(256, 256)","(2, 256)",False,shape_mismatch
62733.png,62733.npy,"(256, 320, 4)","(2, 256, 320)","(256, 320)","(2, 256)",False,shape_mismatch
62748.png,62748.npy,"(512, 632, 3)","(2, 512, 632)","(512, 632)","(2, 512)",False,shape_mismatch
62754.png,62754.npy,"(1024, 1024, 3)","(1, 1024, 1024)","(1024, 1024)","(1024, 1024)",True,ok
62767.png,62767.npy,"(128, 813, 3)","(1, 128, 813)","(128, 813)","(128, 813)",True,ok
62793.png,62793.npy,"(512, 772, 3)","(2, 512, 772)","(512, 772)","(2, 512)",False,shape_mismatch
62828.png,62828.npy,"(170, 1581, 3)","(1, 170, 1581)","(170, 1581)","(170, 1581)",True,ok
62833.png,62833.npy,"(512, 512)","(1, 512, 512)","(512, 512)","(512, 512)",True,ok
62848.png,62848.npy,"(167, 538, 3)","(1, 167, 538)","(167, 538)","(167, 538)",True,ok
62865.png,62865.npy,"(375, 364, 3)","(2, 375, 364)","(375, 364)","(2, 375)",False,shape_mismatch
62871.png,62871.npy,"(1200, 1600, 3)","(1, 1200, 1600)","(1200, 1600)","(1200, 1600)",True,ok
62893.png,62893.npy,"(178, 254, 3)","(2, 178, 254)","(178, 254)","(2, 178)",False,shape_mismatch
6301.png,6301.npy,"(256, 320, 4)","(1, 256, 320)","(256, 320)","(256, 320)",True,ok
63025.png,63025.npy,"(1912, 2568)","(1, 1912, 2568)","(1912, 2568)","(1912, 2568)",True,ok
63046.png,63046.npy,"(256, 256, 4)","(1, 256, 256)","(256, 256)","(256, 256)",True,ok
6309.png,6309.npy,"(116, 830, 3)","(1, 116, 830)","(116, 830)","(116, 830)",True,ok
63095.png,63095.npy,"(1912, 2568)","(1, 1912, 2568)","(1912, 2568)","(1912, 2568)",True,ok
63100.png,63100.npy,"(666, 1000, 3)","(1, 666, 1000)","(666, 1000)","(666, 1000)",True,ok
63102.png,63102.npy,"(256, 256, 4)","(1, 256, 256)","(256, 256)","(256, 256)",True,ok
63117.png,63117.npy,"(256, 320, 4)","(2, 256, 320)","(256, 320)","(2, 256)",False,shape_mismatch
63146.png,63146.npy,"(666, 1000, 3)","(1, 666, 1000)","(666, 1000)","(666, 1000)",True,ok
63197.png,63197.npy,"(1200, 1600, 3)","(2, 1200, 1600)","(1200, 1600)","(2, 1200)",False,shape_mismatch
63205.png,63205.npy,"(204, 1867, 3)","(1, 204, 1867)","(204, 1867)","(204, 1867)",True,ok
63224.png,63224.npy,"(144, 652, 3)","(1, 144, 652)","(144, 652)","(144, 652)",True,ok
63245.png,63245.npy,"(97, 1150, 3)","(1, 97, 1150)","(97, 1150)","(97, 1150)",True,ok
63257.png,63257.npy,"(666, 1000, 3)","(2, 666, 1000)","(666, 1000)","(2, 666)",False,shape_mismatch
63262.png,63262.npy,"(512, 512, 4)","(2, 512, 512)","(512, 512)","(2, 512)",False,shape_mismatch
63282.png,63282.npy,"(404, 447, 3)","(1, 404, 447)","(404, 447)","(404, 447)",True,ok
63286.png,63286.npy,"(512, 512, 4)","(2, 512, 512)","(512, 512)","(2, 512)",False,shape_mismatch
633.png,633.npy,"(256, 256, 4)","(1, 256, 256)","(256, 256)","(256, 256)",True,ok
63306.png,63306.npy,"(206, 1301, 3)","(1, 206, 1301)","(206, 1301)","(206, 1301)",True,ok
63312.png,63312.npy,"(86, 1123, 3)","(1, 86, 1123)","(86, 1123)","(86, 1123)",True,ok
63348.png,63348.npy,"(3888, 2592, 3)","(1, 3888, 2592)","(3888, 2592)","(3888, 2592)",True,ok
63350.png,63350.npy,"(360, 360, 4)","(1, 360, 360)","(360, 360)","(360, 360)",True,ok
63355.png,63355.npy,"(1200, 1600, 3)","(2, 1200, 1600)","(1200, 1600)","(2, 1200)",False,shape_mismatch
63357.png,63357.npy,"(922, 771, 3)","(2, 922, 771)","(922, 771)","(2, 922)",False,shape_mismatch
63371.png,63371.npy,"(520, 696, 3)","(1, 520, 696)","(520, 696)","(520, 696)",True,ok
63397.png,63397.npy,"(1200, 1600, 3)","(1, 1200, 1600)","(1200, 1600)","(1200, 1600)",True,ok
63425.png,63425.npy,"(238, 683, 3)","(1, 238, 683)","(238, 683)","(238, 683)",True,ok
63427.png,63427.npy,"(256, 256, 4)","(1, 256, 256)","(256, 256)","(256, 256)",True,ok
63456.png,63456.npy,"(512, 512, 4)","(2, 512, 512)","(512, 512)","(2, 512)",False,shape_mismatch
63531.png,63531.npy,"(256, 256, 4)","(2, 256, 256)","(256, 256)","(2, 256)",False,shape_mismatch
63544.png,63544.npy,"(256, 256, 4)","(1, 256, 256)","(256, 256)","(256, 256)",True,ok
63547.png,63547.npy,"(666, 1000, 3)","(1, 666, 1000)","(666, 1000)","(666, 1000)",True,ok
63654.png,63654.npy,"(1040, 1388, 4)","(1, 1040, 1388)","(1040, 1388)","(1040, 1388)",True,ok
63687.png,63687.npy,"(666, 1000, 3)","(1, 666, 1000)","(666, 1000)","(666, 1000)",True,ok
63689.png,63689.npy,"(72, 641, 3)","(1, 72, 641)","(72, 641)","(72, 641)",True,ok
63694.png,63694.npy,"(3888, 2592, 3)","(2, 3888, 2592)","(3888, 2592)","(2, 3888)",False,shape_mismatch
63707.png,63707.npy,"(666, 1000, 3)","(1, 666, 1000)","(666, 1000)","(666, 1000)",True,ok
63713.png,63713.npy,"(512, 732, 3)","(1, 512, 732)","(512, 732)","(512, 732)",True,ok
6372.png,6372.npy,"(666, 1000, 3)","(2, 666, 1000)","(666, 1000)","(2, 666)",False,shape_mismatch
63757.png,63757.npy,"(1200, 1600, 3)","(2, 1200, 1600)","(1200, 1600)","(2, 1200)",False,shape_mismatch
63793.png,63793.npy,"(360, 360, 4)","(1, 360, 360)","(360, 360)","(360, 360)",True,ok
63798.png,63798.npy,"(98, 588, 3)","(1, 98, 588)","(98, 588)","(98, 588)",True,ok
63834.png,63834.npy,"(360, 360, 4)","(1, 360, 360)","(360, 360)","(360, 360)",True,ok
63839.png,63839.npy,"(415, 477, 3)","(3, 415, 477)","(415, 477)","(3, 415)",False,shape_mismatch
63871.png,63871.npy,"(514, 488, 3)","(2, 514, 488)","(514, 488)","(2, 514)",False,shape_mismatch
639.png,639.npy,"(256, 256, 4)","(1, 256, 256)","(256, 256)","(256, 256)",True,ok
63918.png,63918.npy,"(1200, 1600, 3)","(1, 1200, 1600)","(1200, 1600)","(1200, 1600)",True,ok
63947.png,63947.npy,"(341, 763, 3)","(1, 341, 763)","(341, 763)","(341, 763)",True,ok
63968.png,63968.npy,"(513, 512, 3)","(3, 513, 512)","(513, 512)","(3, 513)",False,shape_mismatch
64006.png,64006.npy,"(360, 360, 4)","(2, 360, 360)","(360, 360)","(2, 360)",False,shape_mismatch
64026.png,64026.npy,"(512, 697, 3)","(1, 512, 697)","(512, 697)","(512, 697)",True,ok
6406.png,6406.npy,"(512, 774, 3)","(1, 512, 774)","(512, 774)","(512, 774)",True,ok
6407.png,6407.npy,"(256, 256, 4)","(2, 256, 256)","(256, 256)","(2, 256)",False,shape_mismatch
64084.png,64084.npy,"(1912, 2568)","(1, 1912, 2568)","(1912, 2568)","(1912, 2568)",True,ok
64098.png,64098.npy,"(256, 320, 4)","(1, 256, 320)","(256, 320)","(256, 320)",True,ok
64116.png,64116.npy,"(512, 512, 3)","(2, 512, 512)","(512, 512)","(2, 512)",False,shape_mismatch
64120.png,64120.npy,"(360, 360, 4)","(1, 360, 360)","(360, 360)","(360, 360)",True,ok
64128.png,64128.npy,"(666, 1000, 3)","(2, 666, 1000)","(666, 1000)","(2, 666)",False,shape_mismatch
64134.png,64134.npy,"(256, 256, 4)","(1, 256, 256)","(256, 256)","(256, 256)",True,ok
64165.png,64165.npy,"(1717, 447, 3)","(1, 1717, 447)","(1717, 447)","(1717, 447)",True,ok
64173.png,64173.npy,"(1912, 2568)","(1, 1912, 2568)","(1912, 2568)","(1912, 2568)",True,ok
64188.png,64188.npy,"(512, 779, 3)","(1, 512, 779)","(512, 779)","(512, 779)",True,ok
6419.png,6419.npy,"(182, 1144, 3)","(1, 182, 1144)","(182, 1144)","(182, 1144)",True,ok
64194.png,64194.npy,"(256, 256, 4)","(2, 256, 256)","(256, 256)","(2, 256)",False,shape_mismatch
64216.png,64216.npy,"(512, 512, 4)","(2, 512, 512)","(512, 512)","(2, 512)",False,shape_mismatch
64233.png,64233.npy,"(520, 696, 3)","(1, 520, 696)","(520, 696)","(520, 696)",True,ok
64239.png,64239.npy,"(520, 696, 3)","(1, 520, 696)","(520, 696)","(520, 696)",True,ok
64245.png,64245.npy,"(520, 696, 4)","(1, 520, 696)","(520, 696)","(520, 696)",True,ok
64268.png,64268.npy,"(512, 512, 3)","(2, 512, 512)","(512, 512)","(2, 512)",False,shape_mismatch
64272.png,64272.npy,"(512, 715, 3)","(1, 512, 715)","(512, 715)","(512, 715)",True,ok
64280.png,64280.npy,"(2592, 3888, 3)","(1, 2592, 3888)","(2592, 3888)","(2592, 3888)",True,ok
64285.png,64285.npy,"(214, 187, 3)","(1, 214, 187)","(214, 187)","(214, 187)",True,ok
64289.png,64289.npy,"(1912, 2568)","(1, 1912, 2568)","(1912, 2568)","(1912, 2568)",True,ok
6432.png,6432.npy,"(1200, 1600, 3)","(1, 1200, 1600)","(1200, 1600)","(1200, 1600)",True,ok
64332.png,64332.npy,"(1200, 1600, 3)","(2, 1200, 1600)","(1200, 1600)","(2, 1200)",False,shape_mismatch
64360.png,64360.npy,"(520, 696, 3)","(1, 520, 696)","(520, 696)","(520, 696)",True,ok
64362.png,64362.npy,"(1200, 1600, 3)","(2, 1200, 1600)","(1200, 1600)","(2, 1200)",False,shape_mismatch
64391.png,64391.npy,"(360, 360, 4)","(1, 360, 360)","(360, 360)","(360, 360)",True,ok
64435.png,64435.npy,"(70, 510, 3)","(2, 70, 510)","(70, 510)","(2, 70)",False,shape_mismatch
64449.png,64449.npy,"(256, 256, 4)","(1, 256, 256)","(256, 256)","(256, 256)",True,ok
6448.png,6448.npy,"(256, 256, 4)","(3, 256, 256)","(256, 256)","(3, 256)",False,shape_mismatch
64524.png,64524.npy,"(167, 610, 3)","(1, 167, 610)","(167, 610)","(167, 610)",True,ok
6454.png,6454.npy,"(352, 491, 3)","(2, 352, 491)","(352, 491)","(2, 352)",False,shape_mismatch
64589.png,64589.npy,"(2592, 3888, 3)","(1, 2592, 3888)","(2592, 3888)","(2592, 3888)",True,ok
64601.png,64601.npy,"(1200, 1600, 3)","(1, 1200, 1600)","(1200, 1600)","(1200, 1600)",True,ok
64649.png,64649.npy,"(520, 696, 3)","(2, 520, 696)","(520, 696)","(2, 520)",False,shape_mismatch
64685.png,64685.npy,"(841, 1177, 3)","(2, 841, 1177)","(841, 1177)","(2, 841)",False,shape_mismatch
64717.png,64717.npy,"(512, 826, 3)","(1, 512, 826)","(512, 826)","(512, 826)",True,ok
64749.png,64749.npy,"(1200, 1600, 3)","(2, 1200, 1600)","(1200, 1600)","(2, 1200)",False,shape_mismatch
64750.png,64750.npy,"(104, 615, 3)","(1, 104, 615)","(104, 615)","(104, 615)",True,ok
64756.png,64756.npy,"(512, 554, 3)","(1, 512, 554)","(512, 554)","(512, 554)",True,ok
6476.png,6476.npy,"(256, 256, 4)","(1, 256, 256)","(256, 256)","(256, 256)",True,ok
64773.png,64773.npy,"(1200, 1600, 3)","(1, 1200, 1600)","(1200, 1600)","(1200, 1600)",True,ok
64821.png,64821.npy,"(657, 1139, 3)","(1, 657, 1139)","(657, 1139)","(657, 1139)",True,ok
6488.png,6488.npy,"(520, 696, 3)","(1, 520, 696)","(520, 696)","(520, 696)",True,ok
64881.png,64881.npy,"(256, 256, 4)","(2, 256, 256)","(256, 256)","(2, 256)",False,shape_mismatch
64935.png,64935.npy,"(1912, 2568)","(2, 1912, 2568)","(1912, 2568)","(2, 1912)",False,shape_mismatch
64941.png,64941.npy,"(101, 626, 3)","(1, 101, 626)","(101, 626)","(101, 626)",True,ok
64971.png,64971.npy,"(666, 1000, 3)","(1, 666, 1000)","(666, 1000)","(666, 1000)",True,ok
64972.png,64972.npy,"(512, 772, 3)","(1, 512, 772)","(512, 772)","(512, 772)",True,ok
65039.png,65039.npy,"(100, 1071, 3)","(1, 100, 1071)","(100, 1071)","(100, 1071)",True,ok
65065.png,65065.npy,"(666, 1000, 3)","(1, 666, 1000)","(666, 1000)","(666, 1000)",True,ok
6508.png,6508.npy,"(3888, 2592, 3)","(1, 3888, 2592)","(3888, 2592)","(3888, 2592)",True,ok
6516.png,6516.npy,"(256, 256, 4)","(1, 256, 256)","(256, 256)","(256, 256)",True,ok
65167.png,65167.npy,"(1912, 2568)","(2, 1912, 2568)","(1912, 2568)","(2, 1912)",False,shape_mismatch
65177.png,65177.npy,"(512, 642, 3)","(1, 512, 642)","(512, 642)","(512, 642)",True,ok
65189.png,65189.npy,"(666, 1000, 3)","(1, 666, 1000)","(666, 1000)","(666, 1000)",True,ok
65200.png,65200.npy,"(1200, 1600, 3)","(2, 1200, 1600)","(1200, 1600)","(2, 1200)",False,shape_mismatch
65214.png,65214.npy,"(256, 256, 4)","(1, 256, 256)","(256, 256)","(256, 256)",True,ok
65230.png,65230.npy,"(1200, 1600, 3)","(2, 1200, 1600)","(1200, 1600)","(2, 1200)",False,shape_mismatch
65242.png,65242.npy,"(152, 133, 3)","(1, 152, 133)","(152, 133)","(152, 133)",True,ok
653.png,653.npy,"(666, 1000, 3)","(1, 666, 1000)","(666, 1000)","(666, 1000)",True,ok
65311.png,65311.npy,"(1024, 1024)","(1, 1024, 1024)","(1024, 1024)","(1024, 1024)",True,ok
65322.png,65322.npy,"(666, 1000, 3)","(1, 666, 1000)","(666, 1000)","(666, 1000)",True,ok
65371.png,65371.npy,"(233, 1042, 3)","(1, 233, 1042)","(233, 1042)","(233, 1042)",True,ok
65382.png,65382.npy,"(1200, 1600, 3)","(2, 1200, 1600)","(1200, 1600)","(2, 1200)",False,shape_mismatch
65396.png,65396.npy,"(512, 634, 3)","(1, 512, 634)","(512, 634)","(512, 634)",True,ok
65399.png,65399.npy,"(1200, 1600, 3)","(1, 1200, 1600)","(1200, 1600)","(1200, 1600)",True,ok
6540.png,6540.npy,"(666, 1000, 3)","(2, 666, 1000)","(666, 1000)","(2, 666)",False,shape_mismatch
65463.png,65463.npy,"(388, 523, 3)","(2, 388, 523)","(388, 523)","(2, 388)",False,shape_mismatch
65465.png,65465.npy,"(256, 256, 4)","(2, 256, 256)","(256, 256)","(2, 256)",False,shape_mismatch
65481.png,65481.npy,"(1200, 1600, 3)","(1, 1200, 1600)","(1200, 1600)","(1200, 1600)",True,ok
65532.png,65532.npy,"(1200, 1600, 3)","(1, 1200, 1600)","(1200, 1600)","(1200, 1600)",True,ok
6566.png,6566.npy,"(512, 512, 4)","(2, 512, 512)","(512, 512)","(2, 512)",False,shape_mismatch
6580.png,6580.npy,"(512, 512, 3)","(1, 512, 512)","(512, 512)","(512, 512)",True,ok
6581.png,6581.npy,"(256, 320, 4)","(1, 256, 320)","(256, 320)","(256, 320)",True,ok
6596.png,6596.npy,"(80, 552, 3)","(1, 80, 552)","(80, 552)","(80, 552)",True,ok
6618.png,6618.npy,"(520, 696, 3)","(1, 520, 696)","(520, 696)","(520, 696)",True,ok
6620.png,6620.npy,"(360, 360, 4)","(1, 360, 360)","(360, 360)","(360, 360)",True,ok
6633.png,6633.npy,"(256, 256, 4)","(2, 256, 256)","(256, 256)","(2, 256)",False,shape_mismatch
6658.png,6658.npy,"(109, 678, 3)","(1, 109, 678)","(109, 678)","(109, 678)",True,ok
6676.png,6676.npy,"(256, 256, 4)","(3, 256, 256)","(256, 256)","(3, 256)",False,shape_mismatch
6696.png,6696.npy,"(256, 256, 4)","(1, 256, 256)","(256, 256)","(256, 256)",True,ok
6729.png,6729.npy,"(1056, 597, 3)","(1, 1056, 597)","(1056, 597)","(1056, 597)",True,ok
6737.png,6737.npy,"(256, 256, 4)","(2, 256, 256)","(256, 256)","(2, 256)",False,shape_mismatch
6775.png,6775.npy,"(256, 256, 4)","(1, 256, 256)","(256, 256)","(256, 256)",True,ok
6782.png,6782.npy,"(666, 1000, 3)","(1, 666, 1000)","(666, 1000)","(666, 1000)",True,ok
6800.png,6800.npy,"(360, 360, 4)","(1, 360, 360)","(360, 360)","(360, 360)",True,ok
6811.png,6811.npy,"(186, 518, 3)","(1, 186, 518)","(186, 518)","(186, 518)",True,ok
6845.png,6845.npy,"(256, 256, 4)","(2, 256, 256)","(256, 256)","(2, 256)",False,shape_mismatch
6857.png,6857.npy,"(256, 320, 4)","(1, 256, 320)","(256, 320)","(256, 320)",True,ok
6892.png,6892.npy,"(256, 256, 4)","(1, 256, 256)","(256, 256)","(256, 256)",True,ok
6932.png,6932.npy,"(256, 256, 4)","(3, 256, 256)","(256, 256)","(3, 256)",False,shape_mismatch
6942.png,6942.npy,"(512, 687, 3)","(2, 512, 687)","(512, 687)","(2, 512)",False,shape_mismatch
6959.png,6959.npy,"(520, 696, 3)","(1, 520, 696)","(520, 696)","(520, 696)",True,ok
6993.png,6993.npy,"(1024, 1024)","(1, 1024, 1024)","(1024, 1024)","(1024, 1024)",True,ok
6999.png,6999.npy,"(468, 532, 3)","(2, 468, 532)","(468, 532)","(2, 468)",False,shape_mismatch
7004.png,7004.npy,"(1200, 1600, 3)","(2, 1200, 1600)","(1200, 1600)","(2, 1200)",False,shape_mismatch
7013.png,7013.npy,"(512, 512, 4)","(2, 512, 512)","(512, 512)","(2, 512)",False,shape_mismatch
7050.png,7050.npy,"(1200, 1600, 3)","(1, 1200, 1600)","(1200, 1600)","(1200, 1600)",True,ok
7120.png,7120.npy,"(512, 560, 3)","(2, 512, 560)","(512, 560)","(2, 512)",False,shape_mismatch
7127.png,7127.npy,"(666, 1000, 3)","(1, 666, 1000)","(666, 1000)","(666, 1000)",True,ok
7130.png,7130.npy,"(677, 769, 3)","(2, 677, 769)","(677, 769)","(2, 677)",False,shape_mismatch
7146.png,7146.npy,"(520, 696, 3)","(2, 520, 696)","(520, 696)","(2, 520)",False,shape_mismatch
7179.png,7179.npy,"(256, 256, 4)","(1, 256, 256)","(256, 256)","(256, 256)",True,ok
7210.png,7210.npy,"(520, 696, 4)","(2, 520, 696)","(520, 696)","(2, 520)",False,shape_mismatch
7274.png,7274.npy,"(520, 696, 4)","(1, 520, 696)","(520, 696)","(520, 696)",True,ok
7279.png,7279.npy,"(562, 878, 3)","(1, 562, 878)","(562, 878)","(562, 878)",True,ok
7282.png,7282.npy,"(76, 393, 3)","(1, 76, 393)","(76, 393)","(76, 393)",True,ok
732.png,732.npy,"(1912, 2568)","(2, 1912, 2568)","(1912, 2568)","(2, 1912)",False,shape_mismatch
7320.png,7320.npy,"(256, 256, 4)","(1, 256, 256)","(256, 256)","(256, 256)",True,ok
7333.png,7333.npy,"(512, 609, 3)","(2, 512, 609)","(512, 609)","(2, 512)",False,shape_mismatch
7411.png,7411.npy,"(666, 1000, 3)","(1, 666, 1000)","(666, 1000)","(666, 1000)",True,ok
7430.png,7430.npy,"(666, 1000, 3)","(1, 666, 1000)","(666, 1000)","(666, 1000)",True,ok
745.png,745.npy,"(512, 574, 3)","(2, 512, 574)","(512, 574)","(2, 512)",False,shape_mismatch
7455.png,7455.npy,"(1200, 1600, 3)","(3, 1200, 1600)","(1200, 1600)","(3, 1200)",False,shape_mismatch
7465.png,7465.npy,"(1912, 2568)","(1, 1912, 2568)","(1912, 2568)","(1912, 2568)",True,ok
7498.png,7498.npy,"(1024, 1280, 3)","(2, 1024, 1280)","(1024, 1280)","(2, 1024)",False,shape_mismatch
751.png,751.npy,"(1200, 1600, 3)","(2, 1200, 1600)","(1200, 1600)","(2, 1200)",False,shape_mismatch
752.png,752.npy,"(74, 426, 3)","(1, 74, 426)","(74, 426)","(74, 426)",True,ok
7561.png,7561.npy,"(1200, 1600, 3)","(2, 1200, 1600)","(1200, 1600)","(2, 1200)",False,shape_mismatch
7574.png,7574.npy,"(968, 637, 3)","(1, 968, 637)","(968, 637)","(968, 637)",True,ok
7610.png,7610.npy,"(1200, 1600, 3)","(2, 1200, 1600)","(1200, 1600)","(2, 1200)",False,shape_mismatch
7649.png,7649.npy,"(1024, 1280, 3)","(1, 1024, 1280)","(1024, 1280)","(1024, 1280)",True,ok
765.png,765.npy,"(520, 696, 3)","(2, 520, 696)","(520, 696)","(2, 520)",False,shape_mismatch
767.png,767.npy,"(666, 1000, 3)","(1, 666, 1000)","(666, 1000)","(666, 1000)",True,ok
7698.png,7698.npy,"(500, 786, 3)","(2, 500, 786)","(500, 786)","(2, 500)",False,shape_mismatch
770.png,770.npy,"(256, 320, 4)","(3, 256, 320)","(256, 320)","(3, 256)",False,shape_mismatch
7703.png,7703.npy,"(666, 1000, 3)","(1, 666, 1000)","(666, 1000)","(666, 1000)",True,ok
7705.png,7705.npy,"(666, 1000, 3)","(2, 666, 1000)","(666, 1000)","(2, 666)",False,shape_mismatch
7712.png,7712.npy,"(204, 1867, 3)","(1, 204, 1867)","(204, 1867)","(204, 1867)",True,ok
7713.png,7713.npy,"(256, 256, 4)","(1, 256, 256)","(256, 256)","(256, 256)",True,ok
7715.png,7715.npy,"(666, 1000, 3)","(1, 666, 1000)","(666, 1000)","(666, 1000)",True,ok
7716.png,7716.npy,"(1200, 1600, 3)","(3, 1200, 1600)","(1200, 1600)","(3, 1200)",False,shape_mismatch
775.png,775.npy,"(1912, 2568)","(1, 1912, 2568)","(1912, 2568)","(1912, 2568)",True,ok
7759.png,7759.npy,"(240, 778, 3)","(1, 240, 778)","(240, 778)","(240, 778)",True,ok
7770.png,7770.npy,"(1200, 1600, 3)","(1, 1200, 1600)","(1200, 1600)","(1200, 1600)",True,ok
7771.png,7771.npy,"(520, 696, 3)","(1, 520, 696)","(520, 696)","(520, 696)",True,ok
7827.png,7827.npy,"(1912, 2568)","(1, 1912, 2568)","(1912, 2568)","(1912, 2568)",True,ok
7829.png,7829.npy,"(512, 512, 3)","(1, 512, 512)","(512, 512)","(512, 512)",True,ok
7904.png,7904.npy,"(1200, 1600, 3)","(2, 1200, 1600)","(1200, 1600)","(2, 1200)",False,shape_mismatch
7914.png,7914.npy,"(512, 640, 4)","(2, 512, 640)","(512, 640)","(2, 512)",False,shape_mismatch
7972.png,7972.npy,"(190, 1188, 3)","(1, 190, 1188)","(190, 1188)","(190, 1188)",True,ok
7986.png,7986.npy,"(520, 696, 3)","(1, 520, 696)","(520, 696)","(520, 696)",True,ok
8017.png,8017.npy,"(512, 679, 3)","(2, 512, 679)","(512, 679)","(2, 512)",False,shape_mismatch
8034.png,8034.npy,"(666, 1000, 3)","(1, 666, 1000)","(666, 1000)","(666, 1000)",True,ok
804.png,804.npy,"(1200, 1600, 3)","(2, 1200, 1600)","(1200, 1600)","(2, 1200)",False,shape_mismatch
8074.png,8074.npy,"(666, 1000, 3)","(1, 666, 1000)","(666, 1000)","(666, 1000)",True,ok
8080.png,8080.npy,"(105, 1255, 3)","(1, 105, 1255)","(105, 1255)","(105, 1255)",True,ok
8081.png,8081.npy,"(666, 1000, 3)","(1, 666, 1000)","(666, 1000)","(666, 1000)",True,ok
8092.png,8092.npy,"(1200, 1600, 3)","(1, 1200, 1600)","(1200, 1600)","(1200, 1600)",True,ok
8109.png,8109.npy,"(666, 1000, 3)","(1, 666, 1000)","(666, 1000)","(666, 1000)",True,ok
8130.png,8130.npy,"(256, 320, 4)","(1, 256, 320)","(256, 320)","(256, 320)",True,ok
8169.png,8169.npy,"(256, 256, 4)","(1, 256, 256)","(256, 256)","(256, 256)",True,ok
8175.png,8175.npy,"(486, 487, 3)","(1, 486, 487)","(486, 487)","(486, 487)",True,ok
8214.png,8214.npy,"(1024, 1024)","(1, 1024, 1024)","(1024, 1024)","(1024, 1024)",True,ok
8246.png,8246.npy,"(666, 1000, 3)","(1, 666, 1000)","(666, 1000)","(666, 1000)",True,ok
8259.png,8259.npy,"(512, 669, 3)","(1, 512, 669)","(512, 669)","(512, 669)",True,ok
8266.png,8266.npy,"(256, 256, 4)","(1, 256, 256)","(256, 256)","(256, 256)",True,ok
8268.png,8268.npy,"(582, 113, 3)","(1, 582, 113)","(582, 113)","(582, 113)",True,ok
8288.png,8288.npy,"(360, 360, 4)","(1, 360, 360)","(360, 360)","(360, 360)",True,ok
8300.png,8300.npy,"(1200, 1600, 3)","(3, 1200, 1600)","(1200, 1600)","(3, 1200)",False,shape_mismatch
8388.png,8388.npy,"(666, 1000, 3)","(1, 666, 1000)","(666, 1000)","(666, 1000)",True,ok
8401.png,8401.npy,"(512, 512, 3)","(1, 512, 512)","(512, 512)","(512, 512)",True,ok
842.png,842.npy,"(717, 1044, 3)","(3, 717, 1044)","(717, 1044)","(3, 717)",False,shape_mismatch
8424.png,8424.npy,"(666, 1000, 3)","(1, 666, 1000)","(666, 1000)","(666, 1000)",True,ok
8431.png,8431.npy,"(1024, 1024, 3)","(1, 1024, 1024)","(1024, 1024)","(1024, 1024)",True,ok
8481.png,8481.npy,"(520, 696, 3)","(1, 520, 696)","(520, 696)","(520, 696)",True,ok
8517.png,8517.npy,"(256, 256, 4)","(1, 256, 256)","(256, 256)","(256, 256)",True,ok
8565.png,8565.npy,"(512, 512, 3)","(1, 512, 512)","(512, 512)","(512, 512)",True,ok
8613.png,8613.npy,"(360, 360, 4)","(1, 360, 360)","(360, 360)","(360, 360)",True,ok
8622.png,8622.npy,"(1024, 1024)","(1, 1024, 1024)","(1024, 1024)","(1024, 1024)",True,ok
8678.png,8678.npy,"(1912, 2568)","(1, 1912, 2568)","(1912, 2568)","(1912, 2568)",True,ok
868.png,868.npy,"(188, 441, 3)","(1, 188, 441)","(188, 441)","(188, 441)",True,ok
8681.png,8681.npy,"(256, 320, 4)","(1, 256, 320)","(256, 320)","(256, 320)",True,ok
8711.png,8711.npy,"(256, 256, 4)","(3, 256, 256)","(256, 256)","(3, 256)",False,shape_mismatch
8715.png,8715.npy,"(1024, 1024)","(1, 1024, 1024)","(1024, 1024)","(1024, 1024)",True,ok
8721.png,8721.npy,"(520, 696, 3)","(2, 520, 696)","(520, 696)","(2, 520)",False,shape_mismatch
8733.png,8733.npy,"(763, 251, 3)","(1, 763, 251)","(763, 251)","(763, 251)",True,ok
8783.png,8783.npy,"(512, 557, 3)","(2, 512, 557)","(512, 557)","(2, 512)",False,shape_mismatch
8807.png,8807.npy,"(256, 256, 4)","(2, 256, 256)","(256, 256)","(2, 256)",False,shape_mismatch
8808.png,8808.npy,"(1200, 1600, 3)","(2, 1200, 1600)","(1200, 1600)","(2, 1200)",False,shape_mismatch
8874.png,8874.npy,"(513, 512, 3)","(1, 513, 512)","(513, 512)","(513, 512)",True,ok
8886.png,8886.npy,"(121, 495, 3)","(1, 121, 495)","(121, 495)","(121, 495)",True,ok
8929.png,8929.npy,"(666, 1000, 3)","(2, 666, 1000)","(666, 1000)","(2, 666)",False,shape_mismatch
8935.png,8935.npy,"(666, 1000, 3)","(1, 666, 1000)","(666, 1000)","(666, 1000)",True,ok
8976.png,8976.npy,"(256, 256, 4)","(1, 256, 256)","(256, 256)","(256, 256)",True,ok
899.png,899.npy,"(100, 1071, 3)","(1, 100, 1071)","(100, 1071)","(100, 1071)",True,ok
90.png,90.npy,"(1200, 1600, 3)","(3, 1200, 1600)","(1200, 1600)","(3, 1200)",False,shape_mismatch
9042.png,9042.npy,"(137, 777, 3)","(1, 137, 777)","(137, 777)","(137, 777)",True,ok
9045.png,9045.npy,"(256, 256, 4)","(1, 256, 256)","(256, 256)","(256, 256)",True,ok
9083.png,9083.npy,"(520, 696, 4)","(1, 520, 696)","(520, 696)","(520, 696)",True,ok
9086.png,9086.npy,"(1024, 1280, 3)","(1, 1024, 1280)","(1024, 1280)","(1024, 1280)",True,ok
9096.png,9096.npy,"(97, 901, 3)","(1, 97, 901)","(97, 901)","(97, 901)",True,ok
9164.png,9164.npy,"(256, 256, 4)","(3, 256, 256)","(256, 256)","(3, 256)",False,shape_mismatch
9178.png,9178.npy,"(512, 649, 3)","(1, 512, 649)","(512, 649)","(512, 649)",True,ok
9206.png,9206.npy,"(256, 320, 4)","(2, 256, 320)","(256, 320)","(2, 256)",False,shape_mismatch
9218.png,9218.npy,"(507, 180, 3)","(1, 507, 180)","(507, 180)","(507, 180)",True,ok
9299.png,9299.npy,"(512, 696, 3)","(2, 512, 696)","(512, 696)","(2, 512)",False,shape_mismatch
9309.png,9309.npy,"(520, 696, 3)","(2, 520, 696)","(520, 696)","(2, 520)",False,shape_mismatch
937.png,937.npy,"(79, 957, 3)","(1, 79, 957)","(79, 957)","(79, 957)",True,ok
9533.png,9533.npy,"(666, 1000, 3)","(1, 666, 1000)","(666, 1000)","(666, 1000)",True,ok
9568.png,9568.npy,"(666, 1000, 3)","(1, 666, 1000)","(666, 1000)","(666, 1000)",True,ok
9590.png,9590.npy,"(488, 475, 3)","(1, 488, 475)","(488, 475)","(488, 475)",True,ok
9651.png,9651.npy,"(666, 1000, 3)","(1, 666, 1000)","(666, 1000)","(666, 1000)",True,ok
9720.png,9720.npy,"(475, 1413, 3)","(1, 475, 1413)","(475, 1413)","(475, 1413)",True,ok
9732.png,9732.npy,"(152, 713, 3)","(1, 152, 713)","(152, 713)","(152, 713)",True,ok
9759.png,9759.npy,"(526, 512, 3)","(5, 526, 512)","(526, 512)","(5, 526)",False,shape_mismatch
9768.png,9768.npy,"(1024, 1024, 3)","(1, 1024, 1024)","(1024, 1024)","(1024, 1024)",True,ok
9791.png,9791.npy,"(520, 696, 3)","(1, 520, 696)","(520, 696)","(520, 696)",True,ok
9807.png,9807.npy,"(256, 320, 4)","(2, 256, 320)","(256, 320)","(2, 256)",False,shape_mismatch
9822.png,9822.npy,"(256, 256, 4)","(3, 256, 256)","(256, 256)","(3, 256)",False,shape_mismatch
9849.png,9849.npy,"(2592, 3888, 3)","(1, 2592, 3888)","(2592, 3888)","(2592, 3888)",True,ok
9954.png,9954.npy,"(666, 1000, 3)","(1, 666, 1000)","(666, 1000)","(666, 1000)",True,ok
9960.png,9960.npy,"(1200, 1600, 3)","(2, 1200, 1600)","(1200, 1600)","(2, 1200)",False,shape_mismatch
9967.png,9967.npy,"(346, 620, 3)","(1, 346, 620)","(346, 620)","(346, 620)",True,ok
9976.png,9976.npy,"(666, 1000, 3)","(1, 666, 1000)","(666, 1000)","(666, 1000)",True,ok
9977.png,9977.npy,"(256, 320, 4)","(1, 256, 320)","(256, 320)","(256, 320)",True,ok
