mask_file,mask_stem,mask_shape,mask_dtype,mask_min,mask_max,mask_unique_count,mask_unique_preview,nonzero_pixels,total_pixels,mask_area_ratio
10.npy,10,"(512, 648)",uint8,0.0,1.0,2,"[0, 1]",928,331776,0.0027970679012345677
10015.npy,10015,"(1200, 1600)",uint8,0.0,1.0,2,"[0, 1]",3747,1920000,0.0019515625
10017.npy,10017,"(256, 320)",uint8,0.0,1.0,2,"[0, 1]",1175,81920,0.01434326171875
10030.npy,10030,"(666, 1000)",uint8,0.0,1.0,2,"[0, 1]",45946,666000,0.06898798798798798
10070.npy,10070,"(2, 712, 414)",uint8,0.0,1.0,2,"[0, 1]",12693,589536,0.02153049177658362
1008.npy,1008,"(158, 1310)",uint8,0.0,1.0,2,"[0, 1]",12674,206980,0.06123296936902116
10138.npy,10138,"(3888, 2592)",uint8,0.0,1.0,2,"[0, 1]",597145,10077696,0.05925411919549865
10139.npy,10139,"(3, 846, 759)",uint8,0.0,1.0,2,"[0, 1]",3714,1926342,0.0019280065533534543
10147.npy,10147,"(1912, 2568)",uint8,0.0,1.0,2,"[0, 1]",29953,4910016,0.006100387452912577
10152.npy,10152,"(152, 1201)",uint8,0.0,1.0,2,"[0, 1]",13306,182552,0.0728888207195758
10176.npy,10176,"(2, 666, 1000)",uint8,0.0,1.0,2,"[0, 1]",97529,1332000,0.07321996996996998
10180.npy,10180,"(666, 1000)",uint8,0.0,1.0,2,"[0, 1]",42580,666000,0.06393393393393393
10208.npy,10208,"(520, 696)",uint8,0.0,1.0,2,"[0, 1]",4626,361920,0.012781830238726791
10266.npy,10266,"(2, 666, 1000)",uint8,0.0,1.0,2,"[0, 1]",98862,1332000,0.07422072072072072
10277.npy,10277,"(666, 1000)",uint8,0.0,1.0,2,"[0, 1]",65549,666000,0.09842192192192192
10290.npy,10290,"(1200, 1600)",uint8,0.0,1.0,2,"[0, 1]",11306,1920000,0.005888541666666667
10296.npy,10296,"(81, 113)",uint8,0.0,1.0,2,"[0, 1]",793,9153,0.08663826067955861
10307.npy,10307,"(2, 1200, 1600)",uint8,0.0,1.0,2,"[0, 1]",8086,3840000,0.0021057291666666668
10348.npy,10348,"(2, 256, 320)",uint8,0.0,1.0,2,"[0, 1]",4245,163840,0.025909423828125
10398.npy,10398,"(402, 618)",uint8,0.0,1.0,2,"[0, 1]",1063,248436,0.004278767972435557
10408.npy,10408,"(64, 434)",uint8,0.0,1.0,2,"[0, 1]",2498,27776,0.08993375576036866
1041.npy,1041,"(140, 403)",uint8,0.0,1.0,2,"[0, 1]",1425,56420,0.025257001063452675
10435.npy,10435,"(2, 422, 1137)",uint8,0.0,1.0,2,"[0, 1]",110474,959628,0.11512169298936671
10448.npy,10448,"(68, 753)",uint8,0.0,1.0,2,"[0, 1]",7238,51204,0.141356144051246
10457.npy,10457,"(256, 256)",uint8,0.0,1.0,2,"[0, 1]",287,65536,0.0043792724609375
10458.npy,10458,"(156, 536)",uint8,0.0,1.0,2,"[0, 1]",4974,83616,0.05948622273249139
10476.npy,10476,"(666, 1000)",uint8,0.0,1.0,2,"[0, 1]",40380,666000,0.06063063063063063
10505.npy,10505,"(102, 986)",uint8,0.0,1.0,2,"[0, 1]",17580,100572,0.17480014318100465
10570.npy,10570,"(458, 1216)",uint8,0.0,1.0,2,"[0, 1]",159018,556928,0.28552703401516893
10602.npy,10602,"(490, 655)",uint8,0.0,1.0,2,"[0, 1]",9048,320950,0.028191307057174014
10632.npy,10632,"(256, 256)",uint8,0.0,1.0,2,"[0, 1]",324,65536,0.00494384765625
10636.npy,10636,"(360, 360)",uint8,0.0,1.0,2,"[0, 1]",6625,129600,0.051118827160493825
10645.npy,10645,"(120, 640)",uint8,0.0,1.0,2,"[0, 1]",13074,76800,0.170234375
1070.npy,1070,"(3, 520, 696)",uint8,0.0,1.0,2,"[0, 1]",16446,1085760,0.015146993810786914
10703.npy,10703,"(512, 620)",uint8,0.0,1.0,2,"[0, 1]",2222,317440,0.006999747983870968
10730.npy,10730,"(2, 666, 1000)",uint8,0.0,1.0,2,"[0, 1]",76010,1332000,0.05706456456456457
10742.npy,10742,"(256, 256)",uint8,0.0,1.0,2,"[0, 1]",334,65536,0.005096435546875
10799.npy,10799,"(3888, 2592)",uint8,0.0,1.0,2,"[0, 1]",579887,10077696,0.05754162459355789
10838.npy,10838,"(573, 355)",uint8,0.0,1.0,2,"[0, 1]",7694,203415,0.03782415259444977
10855.npy,10855,"(2, 360, 360)",uint8,0.0,1.0,2,"[0, 1]",10746,259200,0.04145833333333333
10878.npy,10878,"(507, 180)",uint8,0.0,1.0,2,"[0, 1]",2970,91260,0.03254437869822485
10884.npy,10884,"(392, 380)",uint8,0.0,1.0,2,"[0, 1]",56274,148960,0.37777926960257785
10886.npy,10886,"(666, 1000)",uint8,0.0,1.0,2,"[0, 1]",80460,666000,0.12081081081081081
10911.npy,10911,"(256, 256)",uint8,0.0,1.0,2,"[0, 1]",198,65536,0.003021240234375
10939.npy,10939,"(2, 360, 360)",uint8,0.0,1.0,2,"[0, 1]",7639,259200,0.02947145061728395
10951.npy,10951,"(177, 673)",uint8,0.0,1.0,2,"[0, 1]",5938,119121,0.04984847340099562
1097.npy,1097,"(3, 360, 360)",uint8,0.0,1.0,2,"[0, 1]",6876,388800,0.017685185185185186
10980.npy,10980,"(2, 512, 512)",uint8,0.0,1.0,2,"[0, 1]",2978,524288,0.005680084228515625
10986.npy,10986,"(2, 231, 275)",uint8,0.0,1.0,2,"[0, 1]",3674,127050,0.02891774891774892
10991.npy,10991,"(2, 256, 256)",uint8,0.0,1.0,2,"[0, 1]",407,131072,0.00310516357421875
10992.npy,10992,"(2, 666, 1000)",uint8,0.0,1.0,2,"[0, 1]",115825,1332000,0.08695570570570571
1101.npy,1101,"(2, 1200, 1600)",uint8,0.0,1.0,2,"[0, 1]",2983,3840000,0.0007768229166666667
11010.npy,11010,"(2, 1200, 1600)",uint8,0.0,1.0,2,"[0, 1]",4487,3840000,0.0011684895833333332
11014.npy,11014,"(1200, 1600)",uint8,0.0,1.0,2,"[0, 1]",7826,1920000,0.004076041666666667
11128.npy,11128,"(365, 483)",uint8,0.0,1.0,2,"[0, 1]",12338,176295,0.06998496837686832
11130.npy,11130,"(2, 439, 419)",uint8,0.0,1.0,2,"[0, 1]",3322,367882,0.00903006942443501
11206.npy,11206,"(2, 666, 1000)",uint8,0.0,1.0,2,"[0, 1]",69044,1332000,0.051834834834834836
11223.npy,11223,"(2, 1200, 1600)",uint8,0.0,1.0,2,"[0, 1]",5203,3840000,0.0013549479166666666
11240.npy,11240,"(214, 755)",uint8,0.0,1.0,2,"[0, 1]",17562,161570,0.10869592127251346
11249.npy,11249,"(512, 704)",uint8,0.0,1.0,2,"[0, 1]",43306,360448,0.12014493075284091
11277.npy,11277,"(2, 1200, 1600)",uint8,0.0,1.0,2,"[0, 1]",6000,3840000,0.0015625
11296.npy,11296,"(512, 512)",uint8,0.0,1.0,2,"[0, 1]",2035,262144,0.007762908935546875
11299.npy,11299,"(2, 473, 925)",uint8,0.0,1.0,2,"[0, 1]",38532,875050,0.044034055196845896
11307.npy,11307,"(520, 696)",uint8,0.0,1.0,2,"[0, 1]",2105,361920,0.005816202475685235
11333.npy,11333,"(3, 1200, 1600)",uint8,0.0,1.0,2,"[0, 1]",13380,5760000,0.0023229166666666667
11356.npy,11356,"(3, 256, 256)",uint8,0.0,1.0,2,"[0, 1]",2365,196608,0.012029012044270834
1137.npy,1137,"(2, 270, 480)",uint8,0.0,1.0,2,"[0, 1]",6180,259200,0.023842592592592592
11392.npy,11392,"(666, 1000)",uint8,0.0,1.0,2,"[0, 1]",36396,666000,0.05464864864864865
11399.npy,11399,"(2, 1200, 1600)",uint8,0.0,1.0,2,"[0, 1]",17711,3840000,0.004612239583333334
11426.npy,11426,"(512, 696)",uint8,0.0,1.0,2,"[0, 1]",69739,356352,0.1957025637571839
1143.npy,1143,"(3, 788, 636)",uint8,0.0,1.0,2,"[0, 1]",2969,1503504,0.001974720386510445
11440.npy,11440,"(256, 320)",uint8,0.0,1.0,2,"[0, 1]",546,81920,0.0066650390625
11446.npy,11446,"(2, 1200, 1600)",uint8,0.0,1.0,2,"[0, 1]",5117,3840000,0.0013325520833333334
11501.npy,11501,"(418, 1409)",uint8,0.0,1.0,2,"[0, 1]",181615,588962,0.30836454643932887
11508.npy,11508,"(1024, 1280)",uint8,0.0,1.0,2,"[0, 1]",2921,1310720,0.002228546142578125
11513.npy,11513,"(2, 256, 320)",uint8,0.0,1.0,2,"[0, 1]",3290,163840,0.02008056640625
11547.npy,11547,"(1200, 1600)",uint8,0.0,1.0,2,"[0, 1]",4355,1920000,0.0022682291666666667
11548.npy,11548,"(2, 666, 1000)",uint8,0.0,1.0,2,"[0, 1]",143561,1332000,0.10777852852852852
11639.npy,11639,"(666, 1000)",uint8,0.0,1.0,2,"[0, 1]",44501,666000,0.06681831831831832
11646.npy,11646,"(2, 512, 683)",uint8,0.0,1.0,2,"[0, 1]",30457,699392,0.043547824396046854
11662.npy,11662,"(256, 256)",uint8,0.0,1.0,2,"[0, 1]",470,65536,0.007171630859375
11698.npy,11698,"(67, 398)",uint8,0.0,1.0,2,"[0, 1]",3208,26666,0.12030300757518939
11708.npy,11708,"(184, 1435)",uint8,0.0,1.0,2,"[0, 1]",14226,264040,0.05387820027268596
1173.npy,1173,"(256, 256)",uint8,0.0,1.0,2,"[0, 1]",1195,65536,0.0182342529296875
1174.npy,1174,"(1041, 250)",uint8,0.0,1.0,2,"[0, 1]",5559,260250,0.021360230547550433
11740.npy,11740,"(512, 512)",uint8,0.0,1.0,2,"[0, 1]",624,262144,0.00238037109375
11747.npy,11747,"(2, 512, 680)",uint8,0.0,1.0,2,"[0, 1]",1399,696320,0.002009133731617647
11761.npy,11761,"(512, 628)",uint8,0.0,1.0,2,"[0, 1]",32099,321536,0.09983019008757962
11764.npy,11764,"(3, 1200, 1600)",uint8,0.0,1.0,2,"[0, 1]",19024,5760000,0.0033027777777777777
11785.npy,11785,"(3, 528, 512)",uint8,0.0,1.0,2,"[0, 1]",26298,811008,0.032426313920454544
11854.npy,11854,"(2, 1200, 1600)",uint8,0.0,1.0,2,"[0, 1]",12374,3840000,0.003222395833333333
11904.npy,11904,"(256, 256)",uint8,0.0,1.0,2,"[0, 1]",1264,65536,0.019287109375
11910.npy,11910,"(666, 1000)",uint8,0.0,1.0,2,"[0, 1]",43918,666000,0.06594294294294294
11919.npy,11919,"(128, 1486)",uint8,0.0,1.0,2,"[0, 1]",36765,190208,0.19328840006729475
11942.npy,11942,"(256, 256)",uint8,0.0,1.0,2,"[0, 1]",576,65536,0.0087890625
11954.npy,11954,"(2, 512, 512)",uint8,0.0,1.0,2,"[0, 1]",1394,524288,0.002658843994140625
11964.npy,11964,"(360, 360)",uint8,0.0,1.0,2,"[0, 1]",6731,129600,0.05193672839506173
11985.npy,11985,"(666, 1000)",uint8,0.0,1.0,2,"[0, 1]",67748,666000,0.10172372372372372
1201.npy,1201,"(865, 1101)",uint8,0.0,1.0,2,"[0, 1]",2235,952365,0.002346789308720921
12019.npy,12019,"(1200, 1600)",uint8,0.0,1.0,2,"[0, 1]",3614,1920000,0.0018822916666666667
12025.npy,12025,"(1024, 1024)",uint8,0.0,1.0,2,"[0, 1]",84672,1048576,0.08074951171875
12046.npy,12046,"(1200, 1600)",uint8,0.0,1.0,2,"[0, 1]",5301,1920000,0.0027609375
12051.npy,12051,"(2, 520, 696)",uint8,0.0,1.0,2,"[0, 1]",5824,723840,0.008045977011494253
12063.npy,12063,"(2, 520, 696)",uint8,0.0,1.0,2,"[0, 1]",2616,723840,0.0036140583554376657
12064.npy,12064,"(216, 569)",uint8,0.0,1.0,2,"[0, 1]",31238,122904,0.25416585302349803
12073.npy,12073,"(256, 256)",uint8,0.0,1.0,2,"[0, 1]",266,65536,0.004058837890625
12115.npy,12115,"(3, 597, 657)",uint8,0.0,1.0,2,"[0, 1]",3775,1176687,0.003208159858993938
12124.npy,12124,"(2, 520, 696)",uint8,0.0,1.0,2,"[0, 1]",19296,723840,0.026657824933687003
12143.npy,12143,"(2, 1200, 1600)",uint8,0.0,1.0,2,"[0, 1]",4343,3840000,0.0011309895833333332
12149.npy,12149,"(360, 360)",uint8,0.0,1.0,2,"[0, 1]",3291,129600,0.02539351851851852
12150.npy,12150,"(5, 512, 748)",uint8,0.0,1.0,2,"[0, 1]",6798,1914880,0.003550091911764706
12184.npy,12184,"(512, 512)",uint8,0.0,1.0,2,"[0, 1]",4209,262144,0.016056060791015625
12244.npy,12244,"(2592, 3888)",uint8,0.0,1.0,2,"[0, 1]",318797,10077696,0.03163391711756338
1225.npy,1225,"(254, 600)",uint8,0.0,1.0,2,"[0, 1]",18806,152400,0.1233989501312336
12261.npy,12261,"(2, 256, 320)",uint8,0.0,1.0,2,"[0, 1]",1946,163840,0.01187744140625
12262.npy,12262,"(2, 341, 311)",uint8,0.0,1.0,2,"[0, 1]",1621,212102,0.007642549339468746
12265.npy,12265,"(2, 1200, 1600)",uint8,0.0,1.0,2,"[0, 1]",6581,3840000,0.0017138020833333332
12289.npy,12289,"(3888, 2592)",uint8,0.0,1.0,2,"[0, 1]",410997,10077696,0.04078283369532083
12298.npy,12298,"(666, 1000)",uint8,0.0,1.0,2,"[0, 1]",47541,666000,0.07138288288288289
12299.npy,12299,"(1200, 1600)",uint8,0.0,1.0,2,"[0, 1]",2427,1920000,0.0012640625
12300.npy,12300,"(512, 512)",uint8,0.0,1.0,2,"[0, 1]",1962,262144,0.00748443603515625
12307.npy,12307,"(161, 1171)",uint8,0.0,1.0,2,"[0, 1]",33534,188531,0.17786995242161766
12335.npy,12335,"(512, 512)",uint8,0.0,1.0,2,"[0, 1]",1484,262144,0.0056610107421875
12355.npy,12355,"(666, 1000)",uint8,0.0,1.0,2,"[0, 1]",51868,666000,0.07787987987987988
12363.npy,12363,"(256, 256)",uint8,0.0,1.0,2,"[0, 1]",187,65536,0.0028533935546875
12364.npy,12364,"(204, 975)",uint8,0.0,1.0,2,"[0, 1]",11572,198900,0.05817998994469583
12366.npy,12366,"(2, 256, 320)",uint8,0.0,1.0,2,"[0, 1]",2001,163840,0.012213134765625
1237.npy,1237,"(2, 262, 1541)",uint8,0.0,1.0,2,"[0, 1]",14082,807484,0.01743935483551377
12412.npy,12412,"(512, 701)",uint8,0.0,1.0,2,"[0, 1]",51424,358912,0.1432774607703281
12427.npy,12427,"(133, 615)",uint8,0.0,1.0,2,"[0, 1]",21959,81795,0.2684638425331622
12446.npy,12446,"(256, 320)",uint8,0.0,1.0,2,"[0, 1]",1287,81920,0.01571044921875
12459.npy,12459,"(2, 1024, 1280)",uint8,0.0,1.0,2,"[0, 1]",5664,2621440,0.00216064453125
12505.npy,12505,"(1912, 2568)",uint8,0.0,1.0,2,"[0, 1]",57408,4910016,0.011692018926211238
1251.npy,1251,"(1418, 1440)",uint8,0.0,1.0,2,"[0, 1]",32044,2041920,0.015693073186021
12557.npy,12557,"(3, 3888, 2592)",uint8,0.0,1.0,2,"[0, 1]",812654,30233088,0.02687962274975021
12572.npy,12572,"(2, 1912, 2568)",uint8,0.0,1.0,2,"[0, 1]",59456,9820032,0.006054562754988986
12574.npy,12574,"(666, 1000)",uint8,0.0,1.0,2,"[0, 1]",44939,666000,0.06747597597597597
12589.npy,12589,"(256, 320)",uint8,0.0,1.0,2,"[0, 1]",1203,81920,0.01468505859375
12612.npy,12612,"(2592, 3888)",uint8,0.0,1.0,2,"[0, 1]",419620,10077696,0.04163848562211045
12615.npy,12615,"(2, 512, 914)",uint8,0.0,1.0,2,"[0, 1]",2637,935936,0.00281750034190372
12629.npy,12629,"(270, 480)",uint8,0.0,1.0,2,"[0, 1]",513,129600,0.003958333333333334
1270.npy,1270,"(2, 1200, 1600)",uint8,0.0,1.0,2,"[0, 1]",5355,3840000,0.00139453125
12705.npy,12705,"(256, 320)",uint8,0.0,1.0,2,"[0, 1]",286,81920,0.0034912109375
1272.npy,1272,"(256, 256)",uint8,0.0,1.0,2,"[0, 1]",538,65536,0.008209228515625
12747.npy,12747,"(666, 1000)",uint8,0.0,1.0,2,"[0, 1]",77229,666000,0.11595945945945946
12793.npy,12793,"(666, 1000)",uint8,0.0,1.0,2,"[0, 1]",73035,666000,0.10966216216216217
12798.npy,12798,"(1912, 2568)",uint8,0.0,1.0,2,"[0, 1]",146170,4910016,0.02976976042440595
12809.npy,12809,"(97, 621)",uint8,0.0,1.0,2,"[0, 1]",4008,60237,0.06653717814632203
12823.npy,12823,"(360, 360)",uint8,0.0,1.0,2,"[0, 1]",3816,129600,0.029444444444444443
12862.npy,12862,"(2, 256, 256)",uint8,0.0,1.0,2,"[0, 1]",286,131072,0.0021820068359375
12879.npy,12879,"(2, 360, 360)",uint8,0.0,1.0,2,"[0, 1]",10190,259200,0.03931327160493827
12908.npy,12908,"(3, 512, 664)",uint8,0.0,1.0,2,"[0, 1]",15774,1019904,0.015466161521084338
12912.npy,12912,"(256, 320)",uint8,0.0,1.0,2,"[0, 1]",1922,81920,0.0234619140625
12919.npy,12919,"(2, 1200, 1600)",uint8,0.0,1.0,2,"[0, 1]",24671,3840000,0.0064247395833333335
12924.npy,12924,"(2, 2592, 3888)",uint8,0.0,1.0,2,"[0, 1]",1085424,20155392,0.05385278539856729
13020.npy,13020,"(96, 416)",uint8,0.0,1.0,2,"[0, 1]",5842,39936,0.1462840544871795
13072.npy,13072,"(2, 1024, 1024)",uint8,0.0,1.0,2,"[0, 1]",3532,2097152,0.0016841888427734375
13108.npy,13108,"(256, 256)",uint8,0.0,1.0,2,"[0, 1]",525,65536,0.0080108642578125
13115.npy,13115,"(256, 256)",uint8,0.0,1.0,2,"[0, 1]",679,65536,0.0103607177734375
13121.npy,13121,"(326, 474)",uint8,0.0,1.0,2,"[0, 1]",4462,154524,0.028875773342652275
13123.npy,13123,"(514, 512)",uint8,0.0,1.0,2,"[0, 1]",672,263168,0.002553501945525292
13187.npy,13187,"(1200, 1600)",uint8,0.0,1.0,2,"[0, 1]",17895,1920000,0.0093203125
13219.npy,13219,"(1200, 1600)",uint8,0.0,1.0,2,"[0, 1]",2898,1920000,0.001509375
13254.npy,13254,"(512, 512)",uint8,0.0,1.0,2,"[0, 1]",2689,262144,0.010257720947265625
13315.npy,13315,"(512, 516)",uint8,0.0,1.0,2,"[0, 1]",2385,264192,0.009027525436046511
13333.npy,13333,"(2, 1200, 1600)",uint8,0.0,1.0,2,"[0, 1]",17330,3840000,0.004513020833333333
13361.npy,13361,"(419, 497)",uint8,0.0,1.0,2,"[0, 1]",2073,208243,0.00995471636501587
13415.npy,13415,"(512, 635)",uint8,0.0,1.0,2,"[0, 1]",5649,325120,0.017375123031496062
13426.npy,13426,"(665, 332)",uint8,0.0,1.0,2,"[0, 1]",3440,220780,0.015581121478394782
13444.npy,13444,"(666, 1000)",uint8,0.0,1.0,2,"[0, 1]",59258,666000,0.08897597597597598
13451.npy,13451,"(512, 568)",uint8,0.0,1.0,2,"[0, 1]",92233,290816,0.31715242627640844
13510.npy,13510,"(2, 341, 311)",uint8,0.0,1.0,2,"[0, 1]",7148,212102,0.033700766612290316
13511.npy,13511,"(2, 2592, 3888)",uint8,0.0,1.0,2,"[0, 1]",968447,20155392,0.04804902826995377
13516.npy,13516,"(666, 1000)",uint8,0.0,1.0,2,"[0, 1]",62742,666000,0.09420720720720721
1353.npy,1353,"(419, 1841)",uint8,0.0,1.0,2,"[0, 1]",96384,771379,0.12495025143282355
13603.npy,13603,"(256, 320)",uint8,0.0,1.0,2,"[0, 1]",473,81920,0.00577392578125
13611.npy,13611,"(256, 256)",uint8,0.0,1.0,2,"[0, 1]",3575,65536,0.0545501708984375
13624.npy,13624,"(3, 917, 1301)",uint8,0.0,1.0,2,"[0, 1]",2882,3579051,0.0008052413894074155
13635.npy,13635,"(247, 655)",uint8,0.0,1.0,2,"[0, 1]",30118,161785,0.18616064530086227
13665.npy,13665,"(1912, 2568)",uint8,0.0,1.0,2,"[0, 1]",58309,4910016,0.011875521383229708
13670.npy,13670,"(666, 1000)",uint8,0.0,1.0,2,"[0, 1]",76096,666000,0.11425825825825826
13677.npy,13677,"(2, 291, 266)",uint8,0.0,1.0,2,"[0, 1]",1124,154812,0.007260419088959512
13725.npy,13725,"(2, 1200, 1600)",uint8,0.0,1.0,2,"[0, 1]",9771,3840000,0.00254453125
13732.npy,13732,"(512, 520)",uint8,0.0,1.0,2,"[0, 1]",1930,266240,0.007249098557692308
13734.npy,13734,"(1024, 1280)",uint8,0.0,1.0,2,"[0, 1]",5736,1310720,0.004376220703125
13742.npy,13742,"(1200, 1600)",uint8,0.0,1.0,2,"[0, 1]",6976,1920000,0.0036333333333333335
13744.npy,13744,"(512, 512)",uint8,0.0,1.0,2,"[0, 1]",378,262144,0.00144195556640625
13785.npy,13785,"(2, 1024, 1024)",uint8,0.0,1.0,2,"[0, 1]",6966,2097152,0.0033216476440429688
13799.npy,13799,"(100, 742)",uint8,0.0,1.0,2,"[0, 1]",36764,74200,0.49547169811320757
13813.npy,13813,"(666, 1000)",uint8,0.0,1.0,2,"[0, 1]",54137,666000,0.08128678678678679
13839.npy,13839,"(3, 351, 694)",uint8,0.0,1.0,2,"[0, 1]",2926,730782,0.00400393003659094
13846.npy,13846,"(467, 417)",uint8,0.0,1.0,2,"[0, 1]",9090,194739,0.04667786113721443
1385.npy,1385,"(2, 520, 696)",uint8,0.0,1.0,2,"[0, 1]",7855,723840,0.010851845711759504
1386.npy,1386,"(666, 1000)",uint8,0.0,1.0,2,"[0, 1]",104777,666000,0.1573228228228228
13863.npy,13863,"(1024, 1280)",uint8,0.0,1.0,2,"[0, 1]",7223,1310720,0.005510711669921875
13893.npy,13893,"(184, 1264)",uint8,0.0,1.0,2,"[0, 1]",16430,232576,0.07064357457347276
13898.npy,13898,"(2, 512, 700)",uint8,0.0,1.0,2,"[0, 1]",5874,716800,0.008194754464285714
13905.npy,13905,"(1200, 1600)",uint8,0.0,1.0,2,"[0, 1]",5816,1920000,0.0030291666666666666
13920.npy,13920,"(1200, 1600)",uint8,0.0,1.0,2,"[0, 1]",3126,1920000,0.001628125
13957.npy,13957,"(256, 256)",uint8,0.0,1.0,2,"[0, 1]",361,65536,0.0055084228515625
13971.npy,13971,"(512, 512)",uint8,0.0,1.0,2,"[0, 1]",970,262144,0.00370025634765625
13986.npy,13986,"(2, 1956, 1398)",uint8,0.0,1.0,2,"[0, 1]",1527,5468976,0.000279211318535682
13989.npy,13989,"(260, 347)",uint8,0.0,1.0,2,"[0, 1]",355,90220,0.003934825980935491
14010.npy,14010,"(2, 256, 256)",uint8,0.0,1.0,2,"[0, 1]",1343,131072,0.01024627685546875
14048.npy,14048,"(2, 666, 1000)",uint8,0.0,1.0,2,"[0, 1]",71743,1332000,0.05386111111111111
14070.npy,14070,"(1024, 1024)",uint8,0.0,1.0,2,"[0, 1]",101220,1048576,0.09653091430664062
14087.npy,14087,"(2, 256, 256)",uint8,0.0,1.0,2,"[0, 1]",573,131072,0.00437164306640625
14094.npy,14094,"(512, 514)",uint8,0.0,1.0,2,"[0, 1]",28214,263168,0.10720908317120623
14101.npy,14101,"(3, 1200, 1600)",uint8,0.0,1.0,2,"[0, 1]",17530,5760000,0.0030434027777777777
14111.npy,14111,"(3, 1200, 1600)",uint8,0.0,1.0,2,"[0, 1]",5954,5760000,0.0010336805555555555
14114.npy,14114,"(2, 666, 1000)",uint8,0.0,1.0,2,"[0, 1]",96796,1332000,0.07266966966966967
14123.npy,14123,"(666, 1000)",uint8,0.0,1.0,2,"[0, 1]",61334,666000,0.09209309309309309
14153.npy,14153,"(512, 512)",uint8,0.0,1.0,2,"[0, 1]",446,262144,0.00170135498046875
14170.npy,14170,"(263, 306)",uint8,0.0,1.0,2,"[0, 1]",723,80478,0.008983821665548349
14184.npy,14184,"(2, 520, 696)",uint8,0.0,1.0,2,"[0, 1]",21905,723840,0.03026221264367816
1419.npy,1419,"(1912, 2568)",uint8,0.0,1.0,2,"[0, 1]",38699,4910016,0.007881644377533597
14203.npy,14203,"(256, 320)",uint8,0.0,1.0,2,"[0, 1]",1132,81920,0.013818359375
14205.npy,14205,"(77, 984)",uint8,0.0,1.0,2,"[0, 1]",14891,75768,0.19653415690001055
14227.npy,14227,"(528, 512)",uint8,0.0,1.0,2,"[0, 1]",6476,270336,0.023955374053030304
14324.npy,14324,"(256, 320)",uint8,0.0,1.0,2,"[0, 1]",1819,81920,0.02220458984375
14331.npy,14331,"(1200, 1600)",uint8,0.0,1.0,2,"[0, 1]",7368,1920000,0.0038375
14371.npy,14371,"(2, 1200, 1600)",uint8,0.0,1.0,2,"[0, 1]",22980,3840000,0.005984375
14389.npy,14389,"(232, 608)",uint8,0.0,1.0,2,"[0, 1]",12002,141056,0.08508677404718694
14401.npy,14401,"(67, 398)",uint8,0.0,1.0,2,"[0, 1]",4464,26666,0.16740418510462762
14403.npy,14403,"(2, 1200, 1600)",uint8,0.0,1.0,2,"[0, 1]",11756,3840000,0.003061458333333333
14436.npy,14436,"(256, 320)",uint8,0.0,1.0,2,"[0, 1]",2413,81920,0.02945556640625
14462.npy,14462,"(424, 375)",uint8,0.0,1.0,2,"[0, 1]",4664,159000,0.029333333333333333
14478.npy,14478,"(1912, 2568)",uint8,0.0,1.0,2,"[0, 1]",47923,4910016,0.009760253327076734
14498.npy,14498,"(2, 256, 256)",uint8,0.0,1.0,2,"[0, 1]",1830,131072,0.0139617919921875
14506.npy,14506,"(520, 696)",uint8,0.0,1.0,2,"[0, 1]",2212,361920,0.006111847922192749
14594.npy,14594,"(3, 1200, 1600)",uint8,0.0,1.0,2,"[0, 1]",17924,5760000,0.0031118055555555556
14605.npy,14605,"(1912, 2568)",uint8,0.0,1.0,2,"[0, 1]",61487,4910016,0.012522769783234923
14608.npy,14608,"(256, 256)",uint8,0.0,1.0,2,"[0, 1]",531,65536,0.0081024169921875
14618.npy,14618,"(256, 256)",uint8,0.0,1.0,2,"[0, 1]",1455,65536,0.0222015380859375
14622.npy,14622,"(2, 666, 1000)",uint8,0.0,1.0,2,"[0, 1]",91026,1332000,0.06833783783783784
14624.npy,14624,"(360, 360)",uint8,0.0,1.0,2,"[0, 1]",7532,129600,0.058117283950617285
14664.npy,14664,"(2, 512, 640)",uint8,0.0,1.0,2,"[0, 1]",6357,655360,0.00970001220703125
1467.npy,1467,"(1200, 1600)",uint8,0.0,1.0,2,"[0, 1]",4399,1920000,0.0022911458333333334
14690.npy,14690,"(666, 1000)",uint8,0.0,1.0,2,"[0, 1]",76727,666000,0.11520570570570571
14692.npy,14692,"(1200, 1600)",uint8,0.0,1.0,2,"[0, 1]",6312,1920000,0.0032875
14700.npy,14700,"(512, 512)",uint8,0.0,1.0,2,"[0, 1]",1527,262144,0.005825042724609375
14710.npy,14710,"(256, 256)",uint8,0.0,1.0,2,"[0, 1]",286,65536,0.004364013671875
14716.npy,14716,"(2, 1200, 1600)",uint8,0.0,1.0,2,"[0, 1]",8904,3840000,0.00231875
14720.npy,14720,"(360, 360)",uint8,0.0,1.0,2,"[0, 1]",4328,129600,0.03339506172839506
14747.npy,14747,"(256, 256)",uint8,0.0,1.0,2,"[0, 1]",660,65536,0.01007080078125
14770.npy,14770,"(96, 517)",uint8,0.0,1.0,2,"[0, 1]",13137,49632,0.26468810444874274
14776.npy,14776,"(107, 534)",uint8,0.0,1.0,2,"[0, 1]",10926,57138,0.19122125380657357
1482.npy,1482,"(4, 1136, 1445)",uint8,0.0,1.0,2,"[0, 1]",15806,6566080,0.002407220137433598
14820.npy,14820,"(419, 1608)",uint8,0.0,1.0,2,"[0, 1]",33246,673752,0.04934456595305097
14822.npy,14822,"(256, 320)",uint8,0.0,1.0,2,"[0, 1]",1128,81920,0.01376953125
14829.npy,14829,"(2, 1200, 1600)",uint8,0.0,1.0,2,"[0, 1]",11509,3840000,0.0029971354166666666
14868.npy,14868,"(512, 687)",uint8,0.0,1.0,2,"[0, 1]",2278,351744,0.006476300946142649
14891.npy,14891,"(617, 1283)",uint8,0.0,1.0,2,"[0, 1]",18222,791611,0.023018881748737702
14898.npy,14898,"(666, 1000)",uint8,0.0,1.0,2,"[0, 1]",57402,666000,0.08618918918918919
14908.npy,14908,"(520, 696)",uint8,0.0,1.0,2,"[0, 1]",497,361920,0.0013732316534040671
14930.npy,14930,"(1028, 1384)",uint8,0.0,1.0,2,"[0, 1]",48900,1422752,0.0343700096713974
14944.npy,14944,"(121, 495)",uint8,0.0,1.0,2,"[0, 1]",5232,59895,0.08735286751815677
14954.npy,14954,"(256, 256)",uint8,0.0,1.0,2,"[0, 1]",571,65536,0.0087127685546875
14959.npy,14959,"(2, 520, 696)",uint8,0.0,1.0,2,"[0, 1]",15696,723840,0.021684350132625995
14965.npy,14965,"(512, 740)",uint8,0.0,1.0,2,"[0, 1]",22540,378880,0.05949113175675676
14988.npy,14988,"(2, 256, 256)",uint8,0.0,1.0,2,"[0, 1]",847,131072,0.00646209716796875
14999.npy,14999,"(2, 256, 320)",uint8,0.0,1.0,2,"[0, 1]",3717,163840,0.022686767578125
15010.npy,15010,"(520, 696)",uint8,0.0,1.0,2,"[0, 1]",2477,361920,0.006844053934571176
15035.npy,15035,"(1024, 1024)",uint8,0.0,1.0,2,"[0, 1]",38120,1048576,0.03635406494140625
15056.npy,15056,"(2, 256, 256)",uint8,0.0,1.0,2,"[0, 1]",1013,131072,0.00772857666015625
15061.npy,15061,"(2, 1024, 1280)",uint8,0.0,1.0,2,"[0, 1]",9231,2621440,0.0035213470458984376
15120.npy,15120,"(512, 776)",uint8,0.0,1.0,2,"[0, 1]",32265,397312,0.08120821923324742
15171.npy,15171,"(2, 360, 360)",uint8,0.0,1.0,2,"[0, 1]",6631,259200,0.025582561728395063
15176.npy,15176,"(89, 260)",uint8,0.0,1.0,2,"[0, 1]",1220,23140,0.052722558340535866
15205.npy,15205,"(88, 502)",uint8,0.0,1.0,2,"[0, 1]",5100,44176,0.11544730170228178
15269.npy,15269,"(2, 3888, 2592)",uint8,0.0,1.0,2,"[0, 1]",894045,20155392,0.04435760912017985
15285.npy,15285,"(2, 666, 1000)",uint8,0.0,1.0,2,"[0, 1]",106877,1332000,0.080237987987988
15295.npy,15295,"(2, 666, 1000)",uint8,0.0,1.0,2,"[0, 1]",99921,1332000,0.07501576576576577
15314.npy,15314,"(2, 256, 256)",uint8,0.0,1.0,2,"[0, 1]",1293,131072,0.00986480712890625
15321.npy,15321,"(256, 256)",uint8,0.0,1.0,2,"[0, 1]",579,65536,0.0088348388671875
1536.npy,1536,"(117, 558)",uint8,0.0,1.0,2,"[0, 1]",4606,65286,0.07055111356186625
15369.npy,15369,"(1912, 2568)",uint8,0.0,1.0,2,"[0, 1]",102130,4910016,0.02080033955082835
1538.npy,1538,"(666, 1000)",uint8,0.0,1.0,2,"[0, 1]",57396,666000,0.08618018018018019
15389.npy,15389,"(3, 1200, 1600)",uint8,0.0,1.0,2,"[0, 1]",11412,5760000,0.00198125
15409.npy,15409,"(3, 666, 1266)",uint8,0.0,1.0,2,"[0, 1]",3950,2529468,0.0015615931887653846
15426.npy,15426,"(525, 512)",uint8,0.0,1.0,2,"[0, 1]",33472,268800,0.12452380952380952
15453.npy,15453,"(666, 1000)",uint8,0.0,1.0,2,"[0, 1]",64082,666000,0.09621921921921922
15463.npy,15463,"(512, 519)",uint8,0.0,1.0,2,"[0, 1]",79645,265728,0.2997237776974952
15566.npy,15566,"(621, 626)",uint8,0.0,1.0,2,"[0, 1]",1098,388746,0.002824466361068667
15573.npy,15573,"(256, 256)",uint8,0.0,1.0,2,"[0, 1]",757,65536,0.0115509033203125
15579.npy,15579,"(256, 256)",uint8,0.0,1.0,2,"[0, 1]",558,65536,0.008514404296875
156.npy,156,"(2, 1200, 1600)",uint8,0.0,1.0,2,"[0, 1]",6883,3840000,0.0017924479166666666
15657.npy,15657,"(514, 512)",uint8,0.0,1.0,2,"[0, 1]",768,263168,0.0029182879377431907
15660.npy,15660,"(2, 256, 256)",uint8,0.0,1.0,2,"[0, 1]",2524,131072,0.019256591796875
15670.npy,15670,"(512, 781)",uint8,0.0,1.0,2,"[0, 1]",10644,399872,0.026618517925736235
15733.npy,15733,"(666, 1000)",uint8,0.0,1.0,2,"[0, 1]",53976,666000,0.08104504504504505
1574.npy,1574,"(666, 1000)",uint8,0.0,1.0,2,"[0, 1]",53970,666000,0.08103603603603604
1575.npy,1575,"(2, 256, 256)",uint8,0.0,1.0,2,"[0, 1]",598,131072,0.0045623779296875
15767.npy,15767,"(2, 445, 1608)",uint8,0.0,1.0,2,"[0, 1]",63770,1431120,0.044559505841578625
15784.npy,15784,"(520, 696)",uint8,0.0,1.0,2,"[0, 1]",3630,361920,0.010029840848806365
1580.npy,1580,"(1200, 1600)",uint8,0.0,1.0,2,"[0, 1]",17166,1920000,0.008940625
15813.npy,15813,"(166, 261)",uint8,0.0,1.0,2,"[0, 1]",3106,43326,0.07168905507085814
15815.npy,15815,"(1200, 1600)",uint8,0.0,1.0,2,"[0, 1]",8507,1920000,0.004430729166666667
15816.npy,15816,"(2, 256, 256)",uint8,0.0,1.0,2,"[0, 1]",2714,131072,0.0207061767578125
15835.npy,15835,"(167, 941)",uint8,0.0,1.0,2,"[0, 1]",16296,157147,0.10369908429686854
15860.npy,15860,"(360, 360)",uint8,0.0,1.0,2,"[0, 1]",5784,129600,0.04462962962962963
1587.npy,1587,"(2, 256, 256)",uint8,0.0,1.0,2,"[0, 1]",590,131072,0.0045013427734375
15879.npy,15879,"(512, 634)",uint8,0.0,1.0,2,"[0, 1]",23002,324608,0.07086085370662461
15886.npy,15886,"(3, 1254, 1796)",uint8,0.0,1.0,2,"[0, 1]",8416,6756552,0.0012456057468365521
15913.npy,15913,"(256, 256)",uint8,0.0,1.0,2,"[0, 1]",423,65536,0.0064544677734375
15940.npy,15940,"(2, 496, 623)",uint8,0.0,1.0,2,"[0, 1]",13522,618016,0.02187969243514731
15987.npy,15987,"(3, 358, 941)",uint8,0.0,1.0,2,"[0, 1]",2343,1010634,0.0023183467011796553
15994.npy,15994,"(2592, 3888)",uint8,0.0,1.0,2,"[0, 1]",267626,10077696,0.02655626841690799
16037.npy,16037,"(1024, 1024)",uint8,0.0,1.0,2,"[0, 1]",1140,1048576,0.001087188720703125
16061.npy,16061,"(2592, 3888)",uint8,0.0,1.0,2,"[0, 1]",225430,10077696,0.022369200261647106
1608.npy,1608,"(3, 1492, 1311)",uint8,0.0,1.0,2,"[0, 1]",8581,5868036,0.0014623291336317637
16097.npy,16097,"(2, 1200, 1600)",uint8,0.0,1.0,2,"[0, 1]",7318,3840000,0.0019057291666666667
16108.npy,16108,"(666, 1000)",uint8,0.0,1.0,2,"[0, 1]",84572,666000,0.12698498498498498
16112.npy,16112,"(2, 125, 1126)",uint8,0.0,1.0,2,"[0, 1]",19230,281500,0.0683126110124334
16130.npy,16130,"(2, 3888, 2592)",uint8,0.0,1.0,2,"[0, 1]",544022,20155392,0.026991387714017174
16161.npy,16161,"(1912, 2568)",uint8,0.0,1.0,2,"[0, 1]",39853,4910016,0.008116674161550593
16184.npy,16184,"(666, 1000)",uint8,0.0,1.0,2,"[0, 1]",65208,666000,0.09790990990990991
16191.npy,16191,"(91, 593)",uint8,0.0,1.0,2,"[0, 1]",8226,53963,0.15243778144284045
16205.npy,16205,"(1912, 2568)",uint8,0.0,1.0,2,"[0, 1]",251554,4910016,0.05123282693987148
16215.npy,16215,"(3888, 2592)",uint8,0.0,1.0,2,"[0, 1]",665951,10077696,0.06608167184245288
16219.npy,16219,"(666, 1000)",uint8,0.0,1.0,2,"[0, 1]",64010,666000,0.0961111111111111
16221.npy,16221,"(3, 500, 500)",uint8,0.0,1.0,2,"[0, 1]",3625,750000,0.004833333333333334
16227.npy,16227,"(2, 512, 638)",uint8,0.0,1.0,2,"[0, 1]",4718,653312,0.007221664380877743
1625.npy,1625,"(512, 512)",uint8,0.0,1.0,2,"[0, 1]",991,262144,0.003780364990234375
16293.npy,16293,"(666, 1000)",uint8,0.0,1.0,2,"[0, 1]",105002,666000,0.15766066066066067
16294.npy,16294,"(127, 719)",uint8,0.0,1.0,2,"[0, 1]",12016,91313,0.13159133967781148
16336.npy,16336,"(105, 1309)",uint8,0.0,1.0,2,"[0, 1]",11250,137445,0.08185092218705664
16357.npy,16357,"(1024, 1024)",uint8,0.0,1.0,2,"[0, 1]",4116,1048576,0.003925323486328125
16359.npy,16359,"(2, 520, 696)",uint8,0.0,1.0,2,"[0, 1]",15431,723840,0.021318247126436783
1638.npy,1638,"(2, 1200, 1600)",uint8,0.0,1.0,2,"[0, 1]",3886,3840000,0.0010119791666666667
1641.npy,1641,"(2, 512, 513)",uint8,0.0,1.0,2,"[0, 1]",5162,525312,0.009826541179337232
16410.npy,16410,"(256, 256)",uint8,0.0,1.0,2,"[0, 1]",385,65536,0.0058746337890625
16442.npy,16442,"(133, 615)",uint8,0.0,1.0,2,"[0, 1]",24420,81795,0.2985512561892536
16485.npy,16485,"(94, 518)",uint8,0.0,1.0,2,"[0, 1]",15522,48692,0.31877926558777625
16526.npy,16526,"(512, 559)",uint8,0.0,1.0,2,"[0, 1]",1405,286208,0.004909017218246869
16534.npy,16534,"(172, 196)",uint8,0.0,1.0,2,"[0, 1]",630,33712,0.018687707641196014
16538.npy,16538,"(256, 256)",uint8,0.0,1.0,2,"[0, 1]",373,65536,0.0056915283203125
16550.npy,16550,"(2, 1024, 1024)",uint8,0.0,1.0,2,"[0, 1]",10572,2097152,0.0050411224365234375
16566.npy,16566,"(2, 512, 518)",uint8,0.0,1.0,2,"[0, 1]",7668,530432,0.01445614140926641
16579.npy,16579,"(843, 1042)",uint8,0.0,1.0,2,"[0, 1]",2463,878406,0.0028039425960205188
16590.npy,16590,"(512, 512)",uint8,0.0,1.0,2,"[0, 1]",6778,262144,0.02585601806640625
1661.npy,1661,"(3, 1200, 1600)",uint8,0.0,1.0,2,"[0, 1]",37570,5760000,0.0065225694444444446
16612.npy,16612,"(273, 753)",uint8,0.0,1.0,2,"[0, 1]",24540,205569,0.11937597594968113
16614.npy,16614,"(1024, 1280)",uint8,0.0,1.0,2,"[0, 1]",5269,1310720,0.004019927978515625
16630.npy,16630,"(206, 715)",uint8,0.0,1.0,2,"[0, 1]",11132,147290,0.07557879014189693
16647.npy,16647,"(2, 666, 1000)",uint8,0.0,1.0,2,"[0, 1]",128168,1332000,0.09622222222222222
16648.npy,16648,"(360, 360)",uint8,0.0,1.0,2,"[0, 1]",5529,129600,0.04266203703703704
16649.npy,16649,"(256, 256)",uint8,0.0,1.0,2,"[0, 1]",561,65536,0.0085601806640625
16667.npy,16667,"(2, 256, 256)",uint8,0.0,1.0,2,"[0, 1]",548,131072,0.004180908203125
16683.npy,16683,"(1912, 2568)",uint8,0.0,1.0,2,"[0, 1]",49233,4910016,0.010027054901654089
16703.npy,16703,"(360, 360)",uint8,0.0,1.0,2,"[0, 1]",3741,129600,0.02886574074074074
16729.npy,16729,"(2, 256, 256)",uint8,0.0,1.0,2,"[0, 1]",1953,131072,0.01490020751953125
16751.npy,16751,"(1024, 1024)",uint8,0.0,1.0,2,"[0, 1]",932,1048576,0.000888824462890625
16855.npy,16855,"(633, 854)",uint8,0.0,1.0,2,"[0, 1]",31648,540582,0.05854430965144974
1686.npy,1686,"(103, 484)",uint8,0.0,1.0,2,"[0, 1]",21800,49852,0.43729439139853965
16866.npy,16866,"(512, 515)",uint8,0.0,1.0,2,"[0, 1]",57696,263680,0.2188106796116505
16884.npy,16884,"(2, 512, 776)",uint8,0.0,1.0,2,"[0, 1]",13372,794624,0.016828084729381444
16897.npy,16897,"(2, 520, 696)",uint8,0.0,1.0,2,"[0, 1]",2250,723840,0.00310842175066313
16939.npy,16939,"(666, 1000)",uint8,0.0,1.0,2,"[0, 1]",54180,666000,0.08135135135135135
16951.npy,16951,"(256, 256)",uint8,0.0,1.0,2,"[0, 1]",1046,65536,0.015960693359375
16960.npy,16960,"(666, 1000)",uint8,0.0,1.0,2,"[0, 1]",54479,666000,0.0818003003003003
16974.npy,16974,"(2, 552, 685)",uint8,0.0,1.0,2,"[0, 1]",2456,756240,0.003247646249867767
17008.npy,17008,"(164, 659)",uint8,0.0,1.0,2,"[0, 1]",7122,108076,0.06589807172730301
17030.npy,17030,"(512, 512)",uint8,0.0,1.0,2,"[0, 1]",24070,262144,0.09181976318359375
17052.npy,17052,"(563, 734)",uint8,0.0,1.0,2,"[0, 1]",19296,413242,0.04669418887721964
17071.npy,17071,"(274, 462)",uint8,0.0,1.0,2,"[0, 1]",966,126588,0.007631055076310551
17124.npy,17124,"(2, 935, 447)",uint8,0.0,1.0,2,"[0, 1]",2653,835890,0.0031738625895751833
17128.npy,17128,"(2, 666, 1000)",uint8,0.0,1.0,2,"[0, 1]",93299,1332000,0.07004429429429429
17134.npy,17134,"(2, 424, 684)",uint8,0.0,1.0,2,"[0, 1]",2687,580032,0.004632503034315348
17218.npy,17218,"(360, 360)",uint8,0.0,1.0,2,"[0, 1]",4535,129600,0.034992283950617285
17245.npy,17245,"(256, 256)",uint8,0.0,1.0,2,"[0, 1]",536,65536,0.0081787109375
17249.npy,17249,"(2, 512, 727)",uint8,0.0,1.0,2,"[0, 1]",4562,744448,0.006128030433287483
17268.npy,17268,"(99, 1041)",uint8,0.0,1.0,2,"[0, 1]",8018,103059,0.07780009509116137
17279.npy,17279,"(512, 512)",uint8,0.0,1.0,2,"[0, 1]",8710,262144,0.03322601318359375
17280.npy,17280,"(512, 556)",uint8,0.0,1.0,2,"[0, 1]",18660,284672,0.06554912320143885
17298.npy,17298,"(2, 1200, 1600)",uint8,0.0,1.0,2,"[0, 1]",9162,3840000,0.0023859375
17324.npy,17324,"(666, 1000)",uint8,0.0,1.0,2,"[0, 1]",33325,666000,0.050037537537537535
17334.npy,17334,"(2, 1200, 1600)",uint8,0.0,1.0,2,"[0, 1]",6446,3840000,0.0016786458333333334
17388.npy,17388,"(100, 609)",uint8,0.0,1.0,2,"[0, 1]",7344,60900,0.1205911330049261
17418.npy,17418,"(360, 360)",uint8,0.0,1.0,2,"[0, 1]",4644,129600,0.035833333333333335
17493.npy,17493,"(205, 1376)",uint8,0.0,1.0,2,"[0, 1]",48636,282080,0.17241917186613726
17528.npy,17528,"(666, 1000)",uint8,0.0,1.0,2,"[0, 1]",37821,666000,0.05678828828828829
17555.npy,17555,"(2, 1200, 1600)",uint8,0.0,1.0,2,"[0, 1]",5049,3840000,0.00131484375
17583.npy,17583,"(86, 410)",uint8,0.0,1.0,2,"[0, 1]",5898,35260,0.1672716959727737
176.npy,176,"(85, 517)",uint8,0.0,1.0,2,"[0, 1]",20424,43945,0.46476277164637614
17625.npy,17625,"(2, 512, 545)",uint8,0.0,1.0,2,"[0, 1]",4593,558080,0.008230002866972477
17648.npy,17648,"(2, 1200, 1600)",uint8,0.0,1.0,2,"[0, 1]",24020,3840000,0.006255208333333333
17651.npy,17651,"(78, 733)",uint8,0.0,1.0,2,"[0, 1]",6354,57174,0.11113443173470458
17660.npy,17660,"(2, 512, 545)",uint8,0.0,1.0,2,"[0, 1]",2772,558080,0.0049670298165137615
17695.npy,17695,"(2, 512, 525)",uint8,0.0,1.0,2,"[0, 1]",776,537600,0.001443452380952381
17754.npy,17754,"(2, 1912, 2568)",uint8,0.0,1.0,2,"[0, 1]",343628,9820032,0.03499255399575073
17756.npy,17756,"(666, 1000)",uint8,0.0,1.0,2,"[0, 1]",61427,666000,0.09223273273273273
17815.npy,17815,"(1200, 1600)",uint8,0.0,1.0,2,"[0, 1]",3710,1920000,0.0019322916666666666
17826.npy,17826,"(520, 696)",uint8,0.0,1.0,2,"[0, 1]",10898,361920,0.03011162687886826
1783.npy,1783,"(2, 520, 696)",uint8,0.0,1.0,2,"[0, 1]",7256,723840,0.010024314765694075
17846.npy,17846,"(91, 530)",uint8,0.0,1.0,2,"[0, 1]",13469,48230,0.27926601700186604
17878.npy,17878,"(1200, 1600)",uint8,0.0,1.0,2,"[0, 1]",10732,1920000,0.0055895833333333336
17904.npy,17904,"(2, 512, 664)",uint8,0.0,1.0,2,"[0, 1]",7061,679936,0.01038480092243976
17923.npy,17923,"(581, 233)",uint8,0.0,1.0,2,"[0, 1]",3798,135373,0.02805581615240853
17980.npy,17980,"(2, 534, 512)",uint8,0.0,1.0,2,"[0, 1]",29213,546816,0.053423820809925096
18000.npy,18000,"(112, 1596)",uint8,0.0,1.0,2,"[0, 1]",11752,178752,0.06574471894020766
18017.npy,18017,"(666, 1000)",uint8,0.0,1.0,2,"[0, 1]",126410,666000,0.1898048048048048
18037.npy,18037,"(2, 132, 1006)",uint8,0.0,1.0,2,"[0, 1]",18448,265584,0.06946201578408338
1804.npy,1804,"(95, 919)",uint8,0.0,1.0,2,"[0, 1]",13938,87305,0.15964721379073363
18054.npy,18054,"(2, 610, 610)",uint8,0.0,1.0,2,"[0, 1]",2259,744200,0.0030354743348562216
1813.npy,1813,"(2, 816, 360)",uint8,0.0,1.0,2,"[0, 1]",1376,587520,0.0023420479302832245
18153.npy,18153,"(360, 360)",uint8,0.0,1.0,2,"[0, 1]",4514,129600,0.03483024691358025
18316.npy,18316,"(2, 1200, 1600)",uint8,0.0,1.0,2,"[0, 1]",15918,3840000,0.0041453125
18362.npy,18362,"(666, 1000)",uint8,0.0,1.0,2,"[0, 1]",49791,666000,0.07476126126126126
18425.npy,18425,"(3, 512, 711)",uint8,0.0,1.0,2,"[0, 1]",29640,1092096,0.027140471167369902
18440.npy,18440,"(666, 1000)",uint8,0.0,1.0,2,"[0, 1]",38898,666000,0.058405405405405404
18462.npy,18462,"(1912, 2568)",uint8,0.0,1.0,2,"[0, 1]",43589,4910016,0.008877567812406313
18463.npy,18463,"(2, 464, 633)",uint8,0.0,1.0,2,"[0, 1]",771,587424,0.0013125102140872692
18472.npy,18472,"(256, 256)",uint8,0.0,1.0,2,"[0, 1]",446,65536,0.006805419921875
18554.npy,18554,"(256, 320)",uint8,0.0,1.0,2,"[0, 1]",790,81920,0.0096435546875
1856.npy,1856,"(143, 528)",uint8,0.0,1.0,2,"[0, 1]",33056,75504,0.4378046196228014
1859.npy,1859,"(360, 360)",uint8,0.0,1.0,2,"[0, 1]",6241,129600,0.048155864197530866
18617.npy,18617,"(666, 1000)",uint8,0.0,1.0,2,"[0, 1]",58330,666000,0.08758258258258259
18679.npy,18679,"(512, 683)",uint8,0.0,1.0,2,"[0, 1]",5994,349696,0.017140602122986823
18696.npy,18696,"(512, 784)",uint8,0.0,1.0,2,"[0, 1]",16284,401408,0.04056720344387755
187.npy,187,"(2, 877, 802)",uint8,0.0,1.0,2,"[0, 1]",7388,1406708,0.005251978377886527
1873.npy,1873,"(666, 1000)",uint8,0.0,1.0,2,"[0, 1]",46998,666000,0.07056756756756757
18760.npy,18760,"(90, 817)",uint8,0.0,1.0,2,"[0, 1]",2370,73530,0.03223174214606283
18781.npy,18781,"(2, 256, 320)",uint8,0.0,1.0,2,"[0, 1]",7238,163840,0.04417724609375
18788.npy,18788,"(574, 421)",uint8,0.0,1.0,2,"[0, 1]",1126,241654,0.00465955456975676
1879.npy,1879,"(3888, 2592)",uint8,0.0,1.0,2,"[0, 1]",464610,10077696,0.04610279968754763
18877.npy,18877,"(176, 138)",uint8,0.0,1.0,2,"[0, 1]",538,24288,0.022150856389986824
18929.npy,18929,"(256, 320)",uint8,0.0,1.0,2,"[0, 1]",1131,81920,0.01380615234375
18940.npy,18940,"(666, 1000)",uint8,0.0,1.0,2,"[0, 1]",57702,666000,0.08663963963963964
18971.npy,18971,"(666, 1000)",uint8,0.0,1.0,2,"[0, 1]",76154,666000,0.11434534534534535
18995.npy,18995,"(666, 1000)",uint8,0.0,1.0,2,"[0, 1]",65535,666000,0.0984009009009009
19054.npy,19054,"(70, 448)",uint8,0.0,1.0,2,"[0, 1]",8496,31360,0.27091836734693875
19074.npy,19074,"(666, 1000)",uint8,0.0,1.0,2,"[0, 1]",72675,666000,0.10912162162162162
19116.npy,19116,"(2, 940, 492)",uint8,0.0,1.0,2,"[0, 1]",2128,924960,0.0023006400276768726
19121.npy,19121,"(2, 1200, 1600)",uint8,0.0,1.0,2,"[0, 1]",7846,3840000,0.0020432291666666667
19130.npy,19130,"(256, 256)",uint8,0.0,1.0,2,"[0, 1]",726,65536,0.011077880859375
19148.npy,19148,"(617, 1283)",uint8,0.0,1.0,2,"[0, 1]",21004,791611,0.026533234126357517
19162.npy,19162,"(129, 460)",uint8,0.0,1.0,2,"[0, 1]",7162,59340,0.1206943040107853
19193.npy,19193,"(2, 512, 661)",uint8,0.0,1.0,2,"[0, 1]",14562,676864,0.021513923033282905
19253.npy,19253,"(1912, 2568)",uint8,0.0,1.0,2,"[0, 1]",28737,4910016,0.005852730418801079
19281.npy,19281,"(391, 978)",uint8,0.0,1.0,2,"[0, 1]",3168,382398,0.008284562157751871
19294.npy,19294,"(256, 320)",uint8,0.0,1.0,2,"[0, 1]",436,81920,0.005322265625
19331.npy,19331,"(2, 1225, 1489)",uint8,0.0,1.0,2,"[0, 1]",5596,3648050,0.0015339702032592755
19332.npy,19332,"(2, 256, 256)",uint8,0.0,1.0,2,"[0, 1]",489,131072,0.00373077392578125
19361.npy,19361,"(3, 520, 696)",uint8,0.0,1.0,2,"[0, 1]",20928,1085760,0.01927497789566755
1940.npy,1940,"(88, 502)",uint8,0.0,1.0,2,"[0, 1]",3210,44176,0.0726638898949656
19467.npy,19467,"(2592, 3888)",uint8,0.0,1.0,2,"[0, 1]",1101084,10077696,0.10925949740893157
19512.npy,19512,"(76, 745)",uint8,0.0,1.0,2,"[0, 1]",4178,56620,0.07379018014835748
19554.npy,19554,"(1200, 1600)",uint8,0.0,1.0,2,"[0, 1]",7027,1920000,0.003659895833333333
19563.npy,19563,"(525, 246)",uint8,0.0,1.0,2,"[0, 1]",19356,129150,0.14987224157955864
19593.npy,19593,"(214, 1368)",uint8,0.0,1.0,2,"[0, 1]",16142,292752,0.05513882057167842
19620.npy,19620,"(2, 1200, 1600)",uint8,0.0,1.0,2,"[0, 1]",5368,3840000,0.0013979166666666667
19621.npy,19621,"(2, 1024, 1280)",uint8,0.0,1.0,2,"[0, 1]",4387,2621440,0.0016735076904296875
19622.npy,19622,"(360, 360)",uint8,0.0,1.0,2,"[0, 1]",5836,129600,0.045030864197530864
19627.npy,19627,"(2, 256, 256)",uint8,0.0,1.0,2,"[0, 1]",2084,131072,0.015899658203125
19633.npy,19633,"(2, 666, 1000)",uint8,0.0,1.0,2,"[0, 1]",110337,1332000,0.08283558558558558
19668.npy,19668,"(256, 256)",uint8,0.0,1.0,2,"[0, 1]",1094,65536,0.016693115234375
19684.npy,19684,"(3888, 2592)",uint8,0.0,1.0,2,"[0, 1]",1284894,10077696,0.12749878543667123
19709.npy,19709,"(520, 696)",uint8,0.0,1.0,2,"[0, 1]",3604,361920,0.009958001768346596
19718.npy,19718,"(118, 843)",uint8,0.0,1.0,2,"[0, 1]",4352,99474,0.04375012566097674
19728.npy,19728,"(127, 305)",uint8,0.0,1.0,2,"[0, 1]",1162,38735,0.029998709177746226
19734.npy,19734,"(3888, 2592)",uint8,0.0,1.0,2,"[0, 1]",541919,10077696,0.05377409677767617
19775.npy,19775,"(2, 256, 256)",uint8,0.0,1.0,2,"[0, 1]",736,131072,0.005615234375
19777.npy,19777,"(2, 1912, 2568)",uint8,0.0,1.0,2,"[0, 1]",95525,9820032,0.009727565042557906
19844.npy,19844,"(666, 1000)",uint8,0.0,1.0,2,"[0, 1]",36298,666000,0.0545015015015015
19847.npy,19847,"(2, 1912, 2568)",uint8,0.0,1.0,2,"[0, 1]",97038,9820032,0.009881637860243226
19895.npy,19895,"(256, 256)",uint8,0.0,1.0,2,"[0, 1]",252,65536,0.00384521484375
19915.npy,19915,"(2592, 3888)",uint8,0.0,1.0,2,"[0, 1]",678942,10077696,0.06737075617283951
19933.npy,19933,"(631, 211)",uint8,0.0,1.0,2,"[0, 1]",8158,133141,0.061273386860546335
19935.npy,19935,"(3, 520, 696)",uint8,0.0,1.0,2,"[0, 1]",11940,1085760,0.010996905393457117
19953.npy,19953,"(666, 1000)",uint8,0.0,1.0,2,"[0, 1]",94272,666000,0.14154954954954954
19964.npy,19964,"(666, 1000)",uint8,0.0,1.0,2,"[0, 1]",91776,666000,0.1378018018018018
19981.npy,19981,"(180, 901)",uint8,0.0,1.0,2,"[0, 1]",15768,162180,0.0972253052164262
19986.npy,19986,"(420, 590)",uint8,0.0,1.0,2,"[0, 1]",8029,247800,0.032401129943502825
19993.npy,19993,"(2, 1311, 1449)",uint8,0.0,1.0,2,"[0, 1]",9473,3799278,0.002493368476852707
20007.npy,20007,"(256, 256)",uint8,0.0,1.0,2,"[0, 1]",764,65536,0.01165771484375
20009.npy,20009,"(3888, 2592)",uint8,0.0,1.0,2,"[0, 1]",313827,10077696,0.0311407488378296
20010.npy,20010,"(3, 512, 723)",uint8,0.0,1.0,2,"[0, 1]",2388,1110528,0.002150328492392808
20096.npy,20096,"(512, 740)",uint8,0.0,1.0,2,"[0, 1]",31826,378880,0.08400021114864865
20097.npy,20097,"(512, 514)",uint8,0.0,1.0,2,"[0, 1]",28493,263168,0.10826924246108949
20103.npy,20103,"(256, 256)",uint8,0.0,1.0,2,"[0, 1]",559,65536,0.0085296630859375
20144.npy,20144,"(2, 256, 256)",uint8,0.0,1.0,2,"[0, 1]",707,131072,0.00539398193359375
20151.npy,20151,"(520, 696)",uint8,0.0,1.0,2,"[0, 1]",5781,361920,0.01597314323607427
20193.npy,20193,"(256, 256)",uint8,0.0,1.0,2,"[0, 1]",1184,65536,0.01806640625
20194.npy,20194,"(512, 687)",uint8,0.0,1.0,2,"[0, 1]",7242,351744,0.02058883733624454
20270.npy,20270,"(2, 360, 360)",uint8,0.0,1.0,2,"[0, 1]",8661,259200,0.033414351851851855
20282.npy,20282,"(2, 360, 360)",uint8,0.0,1.0,2,"[0, 1]",1094,259200,0.004220679012345679
2032.npy,2032,"(3888, 2592)",uint8,0.0,1.0,2,"[0, 1]",518938,10077696,0.051493714436315605
20342.npy,20342,"(2, 2592, 3888)",uint8,0.0,1.0,2,"[0, 1]",1301852,20155392,0.06459075566478688
20343.npy,20343,"(121, 128)",uint8,0.0,1.0,2,"[0, 1]",1046,15488,0.06753615702479339
20379.npy,20379,"(256, 256)",uint8,0.0,1.0,2,"[0, 1]",319,65536,0.0048675537109375
20391.npy,20391,"(520, 696)",uint8,0.0,1.0,2,"[0, 1]",3679,361920,0.010165229885057471
20401.npy,20401,"(2, 666, 1000)",uint8,0.0,1.0,2,"[0, 1]",139577,1332000,0.10478753753753754
20409.npy,20409,"(2, 256, 256)",uint8,0.0,1.0,2,"[0, 1]",366,131072,0.0027923583984375
20437.npy,20437,"(2, 1200, 1600)",uint8,0.0,1.0,2,"[0, 1]",21834,3840000,0.0056859375
20490.npy,20490,"(2, 520, 696)",uint8,0.0,1.0,2,"[0, 1]",6423,723840,0.008873507957559682
20498.npy,20498,"(256, 256)",uint8,0.0,1.0,2,"[0, 1]",478,65536,0.007293701171875
2050.npy,2050,"(256, 256)",uint8,0.0,1.0,2,"[0, 1]",349,65536,0.0053253173828125
20507.npy,20507,"(2, 340, 494)",uint8,0.0,1.0,2,"[0, 1]",25578,335920,0.07614312931650392
20518.npy,20518,"(161, 110)",uint8,0.0,1.0,2,"[0, 1]",988,17710,0.05578769057029927
2053.npy,2053,"(4, 666, 1266)",uint8,0.0,1.0,2,"[0, 1]",6450,3372624,0.0019124574811778604
20541.npy,20541,"(1024, 1280)",uint8,0.0,1.0,2,"[0, 1]",4492,1310720,0.0034271240234375
20569.npy,20569,"(1912, 2568)",uint8,0.0,1.0,2,"[0, 1]",28724,4910016,0.005850082769587716
20577.npy,20577,"(2, 1024, 1024)",uint8,0.0,1.0,2,"[0, 1]",8438,2097152,0.004023551940917969
20578.npy,20578,"(2, 1200, 1600)",uint8,0.0,1.0,2,"[0, 1]",10098,3840000,0.0026296875
20587.npy,20587,"(2, 666, 1000)",uint8,0.0,1.0,2,"[0, 1]",104061,1332000,0.07812387387387387
20619.npy,20619,"(66, 319)",uint8,0.0,1.0,2,"[0, 1]",2112,21054,0.10031347962382445
2064.npy,2064,"(194, 887)",uint8,0.0,1.0,2,"[0, 1]",5716,172078,0.03321749439207801
20645.npy,20645,"(512, 598)",uint8,0.0,1.0,2,"[0, 1]",2826,306176,0.009229985367892976
20662.npy,20662,"(1912, 2568)",uint8,0.0,1.0,2,"[0, 1]",70450,4910016,0.014348222083186694
20666.npy,20666,"(3, 512, 640)",uint8,0.0,1.0,2,"[0, 1]",19780,983040,0.020121256510416668
20736.npy,20736,"(256, 256)",uint8,0.0,1.0,2,"[0, 1]",399,65536,0.0060882568359375
20749.npy,20749,"(185, 350)",uint8,0.0,1.0,2,"[0, 1]",1100,64750,0.01698841698841699
20751.npy,20751,"(2, 256, 256)",uint8,0.0,1.0,2,"[0, 1]",374,131072,0.0028533935546875
20752.npy,20752,"(2, 256, 256)",uint8,0.0,1.0,2,"[0, 1]",1120,131072,0.008544921875
20753.npy,20753,"(119, 562)",uint8,0.0,1.0,2,"[0, 1]",25025,66878,0.3741888214360477
20755.npy,20755,"(1024, 1024)",uint8,0.0,1.0,2,"[0, 1]",5965,1048576,0.005688667297363281
20764.npy,20764,"(2, 512, 523)",uint8,0.0,1.0,2,"[0, 1]",7044,535552,0.013152784416826003
20768.npy,20768,"(110, 724)",uint8,0.0,1.0,2,"[0, 1]",27330,79640,0.34316926167754896
20795.npy,20795,"(666, 1000)",uint8,0.0,1.0,2,"[0, 1]",42640,666000,0.06402402402402402
20800.npy,20800,"(2, 273, 1615)",uint8,0.0,1.0,2,"[0, 1]",30018,881790,0.034042118871840235
20816.npy,20816,"(174, 183)",uint8,0.0,1.0,2,"[0, 1]",1986,31842,0.06237045411720369
20819.npy,20819,"(360, 360)",uint8,0.0,1.0,2,"[0, 1]",9572,129600,0.07385802469135802
20828.npy,20828,"(308, 1305)",uint8,0.0,1.0,2,"[0, 1]",145283,401940,0.36145444593720455
2083.npy,2083,"(666, 1000)",uint8,0.0,1.0,2,"[0, 1]",88331,666000,0.13262912912912914
20833.npy,20833,"(132, 1325)",uint8,0.0,1.0,2,"[0, 1]",13618,174900,0.07786163522012579
20850.npy,20850,"(520, 696)",uint8,0.0,1.0,2,"[0, 1]",1844,361920,0.005095048629531388
2087.npy,2087,"(3, 601, 560)",uint8,0.0,1.0,2,"[0, 1]",4076,1009680,0.004036922589335235
20882.npy,20882,"(501, 98)",uint8,0.0,1.0,2,"[0, 1]",3060,49098,0.06232433092997678
209.npy,209,"(1501, 233)",uint8,0.0,1.0,2,"[0, 1]",28959,349733,0.08280316698738752
20920.npy,20920,"(1200, 1600)",uint8,0.0,1.0,2,"[0, 1]",10297,1920000,0.005363020833333333
20985.npy,20985,"(199, 1346)",uint8,0.0,1.0,2,"[0, 1]",20304,267854,0.0758024894158758
210.npy,210,"(666, 1000)",uint8,0.0,1.0,2,"[0, 1]",53808,666000,0.08079279279279279
21004.npy,21004,"(1200, 1600)",uint8,0.0,1.0,2,"[0, 1]",5747,1920000,0.0029932291666666666
21014.npy,21014,"(256, 256)",uint8,0.0,1.0,2,"[0, 1]",330,65536,0.005035400390625
21034.npy,21034,"(287, 1440)",uint8,0.0,1.0,2,"[0, 1]",53878,413280,0.1303668215253581
21095.npy,21095,"(2, 256, 320)",uint8,0.0,1.0,2,"[0, 1]",10315,163840,0.062957763671875
21134.npy,21134,"(2, 1200, 1600)",uint8,0.0,1.0,2,"[0, 1]",3868,3840000,0.0010072916666666668
21156.npy,21156,"(97, 719)",uint8,0.0,1.0,2,"[0, 1]",4970,69743,0.07126163199174111
21202.npy,21202,"(2, 645, 956)",uint8,0.0,1.0,2,"[0, 1]",9232,1233240,0.007485971911387889
21204.npy,21204,"(3, 887, 878)",uint8,0.0,1.0,2,"[0, 1]",3894,2336358,0.0016666966278284408
2121.npy,2121,"(3, 512, 774)",uint8,0.0,1.0,2,"[0, 1]",1656,1188864,0.0013929263565891474
21213.npy,21213,"(3, 512, 536)",uint8,0.0,1.0,2,"[0, 1]",1200,823296,0.0014575559701492538
21239.npy,21239,"(319, 403)",uint8,0.0,1.0,2,"[0, 1]",3802,128557,0.02957443001936884
21253.npy,21253,"(2, 666, 1000)",uint8,0.0,1.0,2,"[0, 1]",123017,1332000,0.09235510510510511
21264.npy,21264,"(2, 666, 1000)",uint8,0.0,1.0,2,"[0, 1]",94658,1332000,0.07106456456456456
21266.npy,21266,"(666, 1000)",uint8,0.0,1.0,2,"[0, 1]",63871,666000,0.0959024024024024
21331.npy,21331,"(397, 276)",uint8,0.0,1.0,2,"[0, 1]",3986,109572,0.03637790676450188
21375.npy,21375,"(256, 256)",uint8,0.0,1.0,2,"[0, 1]",337,65536,0.0051422119140625
21525.npy,21525,"(520, 696)",uint8,0.0,1.0,2,"[0, 1]",3432,361920,0.009482758620689655
21540.npy,21540,"(256, 256)",uint8,0.0,1.0,2,"[0, 1]",392,65536,0.0059814453125
21562.npy,21562,"(87, 614)",uint8,0.0,1.0,2,"[0, 1]",5594,53418,0.10472125500767532
21603.npy,21603,"(3, 360, 360)",uint8,0.0,1.0,2,"[0, 1]",10474,388800,0.026939300411522635
21631.npy,21631,"(512, 512)",uint8,0.0,1.0,2,"[0, 1]",1256,262144,0.004791259765625
21633.npy,21633,"(164, 659)",uint8,0.0,1.0,2,"[0, 1]",9204,108076,0.08516229320108072
2164.npy,2164,"(2, 520, 696)",uint8,0.0,1.0,2,"[0, 1]",3295,723840,0.004552110963748895
21640.npy,21640,"(256, 256)",uint8,0.0,1.0,2,"[0, 1]",268,65536,0.00408935546875
21652.npy,21652,"(170, 1159)",uint8,0.0,1.0,2,"[0, 1]",10496,197030,0.053271075470740496
21671.npy,21671,"(520, 696)",uint8,0.0,1.0,2,"[0, 1]",3544,361920,0.009792219274977896
21706.npy,21706,"(666, 1000)",uint8,0.0,1.0,2,"[0, 1]",98380,666000,0.14771771771771772
21728.npy,21728,"(2, 101, 610)",uint8,0.0,1.0,2,"[0, 1]",13240,123220,0.10745008927122221
21734.npy,21734,"(2, 512, 640)",uint8,0.0,1.0,2,"[0, 1]",6999,655360,0.01067962646484375
21740.npy,21740,"(339, 794)",uint8,0.0,1.0,2,"[0, 1]",39818,269166,0.1479310165474094
21747.npy,21747,"(512, 615)",uint8,0.0,1.0,2,"[0, 1]",28034,314880,0.0890307418699187
21765.npy,21765,"(2, 1200, 1600)",uint8,0.0,1.0,2,"[0, 1]",10487,3840000,0.0027309895833333335
2177.npy,2177,"(520, 696)",uint8,0.0,1.0,2,"[0, 1]",7048,361920,0.01947391688770999
21770.npy,21770,"(72, 589)",uint8,0.0,1.0,2,"[0, 1]",8288,42408,0.19543482361818526
21773.npy,21773,"(666, 1000)",uint8,0.0,1.0,2,"[0, 1]",86302,666000,0.1295825825825826
21798.npy,21798,"(1024, 1280)",uint8,0.0,1.0,2,"[0, 1]",4422,1310720,0.00337371826171875
21809.npy,21809,"(1912, 2568)",uint8,0.0,1.0,2,"[0, 1]",33287,4910016,0.006779407643478148
21851.npy,21851,"(360, 360)",uint8,0.0,1.0,2,"[0, 1]",5057,129600,0.03902006172839506
21892.npy,21892,"(666, 1000)",uint8,0.0,1.0,2,"[0, 1]",74265,666000,0.11150900900900901
21933.npy,21933,"(1912, 2568)",uint8,0.0,1.0,2,"[0, 1]",58835,4910016,0.01198264934370886
21946.npy,21946,"(186, 518)",uint8,0.0,1.0,2,"[0, 1]",10710,96348,0.11115954664341761
21968.npy,21968,"(256, 320)",uint8,0.0,1.0,2,"[0, 1]",941,81920,0.01148681640625
22046.npy,22046,"(256, 320)",uint8,0.0,1.0,2,"[0, 1]",2384,81920,0.0291015625
22052.npy,22052,"(666, 1000)",uint8,0.0,1.0,2,"[0, 1]",67141,666000,0.10081231231231232
22066.npy,22066,"(666, 1000)",uint8,0.0,1.0,2,"[0, 1]",64231,666000,0.09644294294294295
22078.npy,22078,"(2, 1200, 1600)",uint8,0.0,1.0,2,"[0, 1]",3636,3840000,0.000946875
22141.npy,22141,"(2, 1422, 2162)",uint8,0.0,1.0,2,"[0, 1]",2970,6148728,0.000483026733334114
22155.npy,22155,"(666, 1000)",uint8,0.0,1.0,2,"[0, 1]",22395,666000,0.03362612612612612
22158.npy,22158,"(1024, 1280)",uint8,0.0,1.0,2,"[0, 1]",16039,1310720,0.012236785888671876
22164.npy,22164,"(360, 360)",uint8,0.0,1.0,2,"[0, 1]",3867,129600,0.029837962962962962
22173.npy,22173,"(360, 360)",uint8,0.0,1.0,2,"[0, 1]",5283,129600,0.04076388888888889
22175.npy,22175,"(3, 1310, 951)",uint8,0.0,1.0,2,"[0, 1]",19713,3737430,0.005274480057151572
22182.npy,22182,"(512, 518)",uint8,0.0,1.0,2,"[0, 1]",16756,265216,0.06317869208494209
22216.npy,22216,"(3, 512, 732)",uint8,0.0,1.0,2,"[0, 1]",12518,1124352,0.011133524020947177
22224.npy,22224,"(1200, 1600)",uint8,0.0,1.0,2,"[0, 1]",17316,1920000,0.00901875
22226.npy,22226,"(256, 256)",uint8,0.0,1.0,2,"[0, 1]",162,65536,0.002471923828125
22274.npy,22274,"(1200, 1600)",uint8,0.0,1.0,2,"[0, 1]",5027,1920000,0.0026182291666666667
2228.npy,2228,"(182, 177)",uint8,0.0,1.0,2,"[0, 1]",1835,32214,0.056962811200099335
22293.npy,22293,"(512, 579)",uint8,0.0,1.0,2,"[0, 1]",6060,296448,0.020442033678756476
22298.npy,22298,"(2, 2592, 3888)",uint8,0.0,1.0,2,"[0, 1]",1292410,20155392,0.06412229541355484
2230.npy,2230,"(479, 283)",uint8,0.0,1.0,2,"[0, 1]",8666,135557,0.06392882698790915
22323.npy,22323,"(92, 569)",uint8,0.0,1.0,2,"[0, 1]",9268,52348,0.17704592343547032
22337.npy,22337,"(2, 256, 256)",uint8,0.0,1.0,2,"[0, 1]",1444,131072,0.011016845703125
22346.npy,22346,"(2, 1200, 1600)",uint8,0.0,1.0,2,"[0, 1]",18455,3840000,0.004805989583333333
22372.npy,22372,"(498, 246)",uint8,0.0,1.0,2,"[0, 1]",4368,122508,0.035654814379469095
22416.npy,22416,"(512, 513)",uint8,0.0,1.0,2,"[0, 1]",25572,262656,0.097359283625731
22430.npy,22430,"(2, 512, 512)",uint8,0.0,1.0,2,"[0, 1]",1122,524288,0.002140045166015625
22456.npy,22456,"(419, 1539)",uint8,0.0,1.0,2,"[0, 1]",5092,644841,0.007896520227466926
2249.npy,2249,"(512, 512)",uint8,0.0,1.0,2,"[0, 1]",26368,262144,0.1005859375
22507.npy,22507,"(256, 256)",uint8,0.0,1.0,2,"[0, 1]",496,65536,0.007568359375
22524.npy,22524,"(2, 512, 533)",uint8,0.0,1.0,2,"[0, 1]",61330,545792,0.1123688144934334
22556.npy,22556,"(1200, 1600)",uint8,0.0,1.0,2,"[0, 1]",5986,1920000,0.0031177083333333334
22565.npy,22565,"(1912, 2568)",uint8,0.0,1.0,2,"[0, 1]",43701,4910016,0.008900378328706058
22638.npy,22638,"(144, 794)",uint8,0.0,1.0,2,"[0, 1]",25490,114336,0.22293940666106912
22666.npy,22666,"(2, 512, 640)",uint8,0.0,1.0,2,"[0, 1]",3915,655360,0.00597381591796875
22719.npy,22719,"(512, 512)",uint8,0.0,1.0,2,"[0, 1]",5257,262144,0.020053863525390625
22732.npy,22732,"(2, 100, 609)",uint8,0.0,1.0,2,"[0, 1]",12700,121800,0.10426929392446634
22739.npy,22739,"(1200, 1600)",uint8,0.0,1.0,2,"[0, 1]",7116,1920000,0.00370625
2275.npy,2275,"(2, 512, 512)",uint8,0.0,1.0,2,"[0, 1]",1165,524288,0.0022220611572265625
22751.npy,22751,"(2592, 3888)",uint8,0.0,1.0,2,"[0, 1]",336568,10077696,0.03339731621195956
2276.npy,2276,"(170, 1127)",uint8,0.0,1.0,2,"[0, 1]",10194,191590,0.053207369904483534
22787.npy,22787,"(666, 1000)",uint8,0.0,1.0,2,"[0, 1]",66651,666000,0.10007657657657658
22797.npy,22797,"(199, 192)",uint8,0.0,1.0,2,"[0, 1]",723,38208,0.018922738693467337
22821.npy,22821,"(515, 512)",uint8,0.0,1.0,2,"[0, 1]",45355,263680,0.17200773665048544
22834.npy,22834,"(2, 256, 256)",uint8,0.0,1.0,2,"[0, 1]",356,131072,0.002716064453125
22842.npy,22842,"(550, 512)",uint8,0.0,1.0,2,"[0, 1]",3162,281600,0.011228693181818182
22864.npy,22864,"(666, 1000)",uint8,0.0,1.0,2,"[0, 1]",58020,666000,0.08711711711711712
2290.npy,2290,"(2, 168, 1641)",uint8,0.0,1.0,2,"[0, 1]",21572,551376,0.03912393720437596
22901.npy,22901,"(115, 662)",uint8,0.0,1.0,2,"[0, 1]",3538,76130,0.04647313805332983
22918.npy,22918,"(666, 1000)",uint8,0.0,1.0,2,"[0, 1]",137045,666000,0.20577327327327327
2293.npy,2293,"(2, 909, 898)",uint8,0.0,1.0,2,"[0, 1]",15736,1632564,0.009638825797947278
22933.npy,22933,"(256, 320)",uint8,0.0,1.0,2,"[0, 1]",2205,81920,0.02691650390625
22951.npy,22951,"(1200, 1600)",uint8,0.0,1.0,2,"[0, 1]",2488,1920000,0.0012958333333333333
22959.npy,22959,"(3, 512, 512)",uint8,0.0,1.0,2,"[0, 1]",2972,786432,0.0037790934244791665
230.npy,230,"(3888, 2592)",uint8,0.0,1.0,2,"[0, 1]",693868,10077696,0.06885184867652289
23006.npy,23006,"(2, 666, 1000)",uint8,0.0,1.0,2,"[0, 1]",173343,1332000,0.1301373873873874
23038.npy,23038,"(961, 1211)",uint8,0.0,1.0,2,"[0, 1]",1820,1163771,0.0015638815540170703
2305.npy,2305,"(666, 1000)",uint8,0.0,1.0,2,"[0, 1]",70808,666000,0.10631831831831833
2307.npy,2307,"(1028, 1384)",uint8,0.0,1.0,2,"[0, 1]",68916,1422752,0.048438519151616025
23105.npy,23105,"(89, 820)",uint8,0.0,1.0,2,"[0, 1]",9794,72980,0.13420115100027405
23115.npy,23115,"(666, 1000)",uint8,0.0,1.0,2,"[0, 1]",75465,666000,0.1133108108108108
23128.npy,23128,"(512, 823)",uint8,0.0,1.0,2,"[0, 1]",28472,421376,0.06756910692588092
23143.npy,23143,"(2, 2592, 3888)",uint8,0.0,1.0,2,"[0, 1]",925845,20155392,0.045935350699207435
23146.npy,23146,"(666, 1000)",uint8,0.0,1.0,2,"[0, 1]",53850,666000,0.08085585585585586
23157.npy,23157,"(520, 696)",uint8,0.0,1.0,2,"[0, 1]",3160,361920,0.008731211317418214
23175.npy,23175,"(666, 1000)",uint8,0.0,1.0,2,"[0, 1]",87686,666000,0.13166066066066065
23223.npy,23223,"(85, 461)",uint8,0.0,1.0,2,"[0, 1]",10402,39185,0.26545872144953425
23236.npy,23236,"(1028, 1384)",uint8,0.0,1.0,2,"[0, 1]",34367,1422752,0.024155299026112773
23247.npy,23247,"(1024, 1024)",uint8,0.0,1.0,2,"[0, 1]",9667,1048576,0.009219169616699219
23251.npy,23251,"(512, 690)",uint8,0.0,1.0,2,"[0, 1]",14521,353280,0.0411033740942029
2326.npy,2326,"(3, 649, 884)",uint8,0.0,1.0,2,"[0, 1]",5291,1721148,0.003074111000332336
2329.npy,2329,"(1200, 1600)",uint8,0.0,1.0,2,"[0, 1]",3051,1920000,0.0015890625
23357.npy,23357,"(666, 1000)",uint8,0.0,1.0,2,"[0, 1]",35718,666000,0.05363063063063063
23391.npy,23391,"(98, 723)",uint8,0.0,1.0,2,"[0, 1]",9530,70854,0.1345019335535044
23398.npy,23398,"(1200, 1600)",uint8,0.0,1.0,2,"[0, 1]",9614,1920000,0.005007291666666667
23428.npy,23428,"(2, 256, 256)",uint8,0.0,1.0,2,"[0, 1]",712,131072,0.00543212890625
23432.npy,23432,"(256, 320)",uint8,0.0,1.0,2,"[0, 1]",2993,81920,0.03653564453125
23460.npy,23460,"(344, 1652)",uint8,0.0,1.0,2,"[0, 1]",42990,568288,0.07564826285263809
23463.npy,23463,"(2592, 3888)",uint8,0.0,1.0,2,"[0, 1]",334867,10077696,0.03322852763171265
23499.npy,23499,"(2, 666, 1000)",uint8,0.0,1.0,2,"[0, 1]",81383,1332000,0.06109834834834835
23502.npy,23502,"(2, 512, 638)",uint8,0.0,1.0,2,"[0, 1]",1830,653312,0.0028011118730407523
23510.npy,23510,"(2, 666, 1000)",uint8,0.0,1.0,2,"[0, 1]",97575,1332000,0.0732545045045045
23527.npy,23527,"(666, 1000)",uint8,0.0,1.0,2,"[0, 1]",72324,666000,0.1085945945945946
2357.npy,2357,"(187, 1451)",uint8,0.0,1.0,2,"[0, 1]",12574,271337,0.046340897113183975
23606.npy,23606,"(512, 640)",uint8,0.0,1.0,2,"[0, 1]",3042,327680,0.009283447265625
23636.npy,23636,"(2592, 3888)",uint8,0.0,1.0,2,"[0, 1]",492502,10077696,0.04887049579586445
23665.npy,23665,"(2, 512, 595)",uint8,0.0,1.0,2,"[0, 1]",12775,609280,0.02096737132352941
23726.npy,23726,"(520, 696)",uint8,0.0,1.0,2,"[0, 1]",3640,361920,0.010057471264367816
23772.npy,23772,"(157, 1295)",uint8,0.0,1.0,2,"[0, 1]",13822,203315,0.06798317881120429
23818.npy,23818,"(666, 1000)",uint8,0.0,1.0,2,"[0, 1]",35895,666000,0.053896396396396394
23860.npy,23860,"(256, 320)",uint8,0.0,1.0,2,"[0, 1]",976,81920,0.0119140625
23868.npy,23868,"(262, 2225)",uint8,0.0,1.0,2,"[0, 1]",6900,582950,0.01183634960116648
23904.npy,23904,"(666, 1000)",uint8,0.0,1.0,2,"[0, 1]",102641,666000,0.15411561561561563
23930.npy,23930,"(2, 512, 683)",uint8,0.0,1.0,2,"[0, 1]",17094,699392,0.024441228953147875
23976.npy,23976,"(2, 512, 514)",uint8,0.0,1.0,2,"[0, 1]",374,526336,0.0007105727140077821
24012.npy,24012,"(512, 697)",uint8,0.0,1.0,2,"[0, 1]",62648,356864,0.17555147058823528
24027.npy,24027,"(2, 1912, 2568)",uint8,0.0,1.0,2,"[0, 1]",63211,9820032,0.0064369444009958416
24029.npy,24029,"(2, 1200, 1600)",uint8,0.0,1.0,2,"[0, 1]",4501,3840000,0.0011721354166666666
24032.npy,24032,"(2, 1200, 1600)",uint8,0.0,1.0,2,"[0, 1]",6000,3840000,0.0015625
2404.npy,2404,"(97, 620)",uint8,0.0,1.0,2,"[0, 1]",7040,60140,0.11706019288327237
24043.npy,24043,"(512, 744)",uint8,0.0,1.0,2,"[0, 1]",51010,380928,0.13390982022849462
24097.npy,24097,"(256, 256)",uint8,0.0,1.0,2,"[0, 1]",800,65536,0.01220703125
24111.npy,24111,"(256, 256)",uint8,0.0,1.0,2,"[0, 1]",850,65536,0.012969970703125
24135.npy,24135,"(2, 1200, 1600)",uint8,0.0,1.0,2,"[0, 1]",8584,3840000,0.002235416666666667
24147.npy,24147,"(135, 616)",uint8,0.0,1.0,2,"[0, 1]",12818,83160,0.15413660413660413
24193.npy,24193,"(3, 1678, 1463)",uint8,0.0,1.0,2,"[0, 1]",7533,7364742,0.0010228464215039713
24201.npy,24201,"(1200, 1600)",uint8,0.0,1.0,2,"[0, 1]",3723,1920000,0.0019390625
24218.npy,24218,"(2, 512, 640)",uint8,0.0,1.0,2,"[0, 1]",6075,655360,0.00926971435546875
24249.npy,24249,"(3, 1200, 1600)",uint8,0.0,1.0,2,"[0, 1]",22396,5760000,0.0038881944444444446
24268.npy,24268,"(256, 256)",uint8,0.0,1.0,2,"[0, 1]",671,65536,0.0102386474609375
2430.npy,2430,"(98, 736)",uint8,0.0,1.0,2,"[0, 1]",5226,72128,0.07245452528837622
24300.npy,24300,"(3, 520, 696)",uint8,0.0,1.0,2,"[0, 1]",20326,1085760,0.018720527556734454
24332.npy,24332,"(100, 428)",uint8,0.0,1.0,2,"[0, 1]",6250,42800,0.14602803738317757
24336.npy,24336,"(128, 653)",uint8,0.0,1.0,2,"[0, 1]",17406,83584,0.20824559724349156
24348.npy,24348,"(256, 320)",uint8,0.0,1.0,2,"[0, 1]",1551,81920,0.01893310546875
24351.npy,24351,"(2, 256, 256)",uint8,0.0,1.0,2,"[0, 1]",677,131072,0.00516510009765625
2436.npy,2436,"(512, 776)",uint8,0.0,1.0,2,"[0, 1]",4527,397312,0.011394068137886598
24381.npy,24381,"(2, 256, 320)",uint8,0.0,1.0,2,"[0, 1]",1272,163840,0.007763671875
24386.npy,24386,"(264, 241)",uint8,0.0,1.0,2,"[0, 1]",2113,63624,0.033210738086256755
24402.npy,24402,"(666, 1000)",uint8,0.0,1.0,2,"[0, 1]",72579,666000,0.10897747747747748
24473.npy,24473,"(513, 512)",uint8,0.0,1.0,2,"[0, 1]",5671,262656,0.021590978313840156
24482.npy,24482,"(666, 1000)",uint8,0.0,1.0,2,"[0, 1]",64123,666000,0.09628078078078078
2450.npy,2450,"(3888, 2592)",uint8,0.0,1.0,2,"[0, 1]",434981,10077696,0.0431627427538993
24505.npy,24505,"(3, 512, 738)",uint8,0.0,1.0,2,"[0, 1]",665,1133568,0.0005866432362240289
24554.npy,24554,"(256, 320)",uint8,0.0,1.0,2,"[0, 1]",641,81920,0.00782470703125
24555.npy,24555,"(512, 565)",uint8,0.0,1.0,2,"[0, 1]",12238,289280,0.04230503318584071
24578.npy,24578,"(665, 332)",uint8,0.0,1.0,2,"[0, 1]",10698,220780,0.048455476039496334
24600.npy,24600,"(100, 808)",uint8,0.0,1.0,2,"[0, 1]",10098,80800,0.12497524752475248
24606.npy,24606,"(512, 512)",uint8,0.0,1.0,2,"[0, 1]",2208,262144,0.0084228515625
24615.npy,24615,"(256, 320)",uint8,0.0,1.0,2,"[0, 1]",296,81920,0.00361328125
24635.npy,24635,"(268, 297)",uint8,0.0,1.0,2,"[0, 1]",818,79596,0.01027689833659983
24654.npy,24654,"(360, 360)",uint8,0.0,1.0,2,"[0, 1]",6198,129600,0.047824074074074074
24676.npy,24676,"(666, 1000)",uint8,0.0,1.0,2,"[0, 1]",74244,666000,0.11147747747747748
24682.npy,24682,"(2, 1200, 1600)",uint8,0.0,1.0,2,"[0, 1]",15890,3840000,0.004138020833333333
24686.npy,24686,"(2, 256, 256)",uint8,0.0,1.0,2,"[0, 1]",503,131072,0.00383758544921875
24696.npy,24696,"(2, 666, 1000)",uint8,0.0,1.0,2,"[0, 1]",177011,1332000,0.13289114114114114
24736.npy,24736,"(256, 256)",uint8,0.0,1.0,2,"[0, 1]",551,65536,0.0084075927734375
24749.npy,24749,"(2, 512, 512)",uint8,0.0,1.0,2,"[0, 1]",30187,524288,0.05757713317871094
24755.npy,24755,"(80, 1259)",uint8,0.0,1.0,2,"[0, 1]",13338,100720,0.13242652899126292
2476.npy,2476,"(256, 256)",uint8,0.0,1.0,2,"[0, 1]",425,65536,0.0064849853515625
24770.npy,24770,"(666, 1000)",uint8,0.0,1.0,2,"[0, 1]",97384,666000,0.14622222222222223
24795.npy,24795,"(256, 256)",uint8,0.0,1.0,2,"[0, 1]",1626,65536,0.024810791015625
24850.npy,24850,"(2, 1912, 2568)",uint8,0.0,1.0,2,"[0, 1]",623956,9820032,0.06353910048358294
24867.npy,24867,"(2, 1200, 1600)",uint8,0.0,1.0,2,"[0, 1]",1716,3840000,0.000446875
24894.npy,24894,"(2, 1256, 1411)",uint8,0.0,1.0,2,"[0, 1]",7043,3544432,0.00198706026804859
24912.npy,24912,"(2592, 3888)",uint8,0.0,1.0,2,"[0, 1]",823889,10077696,0.08175370640273333
24934.npy,24934,"(256, 256)",uint8,0.0,1.0,2,"[0, 1]",616,65536,0.0093994140625
24937.npy,24937,"(1912, 2568)",uint8,0.0,1.0,2,"[0, 1]",60511,4910016,0.012323992426908589
24958.npy,24958,"(3, 1024, 1024)",uint8,0.0,1.0,2,"[0, 1]",48880,3145728,0.015538533528645834
24960.npy,24960,"(2, 666, 1000)",uint8,0.0,1.0,2,"[0, 1]",87762,1332000,0.06588738738738739
24980.npy,24980,"(2, 289, 535)",uint8,0.0,1.0,2,"[0, 1]",14976,309230,0.04842997121883388
25001.npy,25001,"(3888, 2592)",uint8,0.0,1.0,2,"[0, 1]",599589,10077696,0.059496634945130314
25003.npy,25003,"(256, 256)",uint8,0.0,1.0,2,"[0, 1]",300,65536,0.00457763671875
25022.npy,25022,"(512, 512)",uint8,0.0,1.0,2,"[0, 1]",628,262144,0.0023956298828125
2506.npy,2506,"(666, 1000)",uint8,0.0,1.0,2,"[0, 1]",40811,666000,0.06127777777777778
25064.npy,25064,"(143, 938)",uint8,0.0,1.0,2,"[0, 1]",65122,134134,0.48549957505181385
25067.npy,25067,"(1200, 1600)",uint8,0.0,1.0,2,"[0, 1]",3839,1920000,0.0019994791666666668
25124.npy,25124,"(141, 340)",uint8,0.0,1.0,2,"[0, 1]",1249,47940,0.02605340008343763
25142.npy,25142,"(2, 256, 256)",uint8,0.0,1.0,2,"[0, 1]",623,131072,0.00475311279296875
25245.npy,25245,"(512, 540)",uint8,0.0,1.0,2,"[0, 1]",14240,276480,0.05150462962962963
25285.npy,25285,"(2, 1302, 1730)",uint8,0.0,1.0,2,"[0, 1]",2077,4504920,0.00046105147261216623
25311.npy,25311,"(2, 1028, 1384)",uint8,0.0,1.0,2,"[0, 1]",66408,2845504,0.023337869143743955
2534.npy,2534,"(256, 256)",uint8,0.0,1.0,2,"[0, 1]",269,65536,0.0041046142578125
25340.npy,25340,"(520, 696)",uint8,0.0,1.0,2,"[0, 1]",3590,361920,0.009919319186560567
25344.npy,25344,"(361, 448)",uint8,0.0,1.0,2,"[0, 1]",23914,161728,0.1478655520379897
25351.npy,25351,"(1921, 482)",uint8,0.0,1.0,2,"[0, 1]",26370,925922,0.028479720754015996
25356.npy,25356,"(512, 686)",uint8,0.0,1.0,2,"[0, 1]",8870,351232,0.025253963192419824
25388.npy,25388,"(514, 512)",uint8,0.0,1.0,2,"[0, 1]",31703,263168,0.12046677407587549
25390.npy,25390,"(666, 1000)",uint8,0.0,1.0,2,"[0, 1]",81468,666000,0.12232432432432433
25434.npy,25434,"(96, 416)",uint8,0.0,1.0,2,"[0, 1]",7770,39936,0.19456129807692307
25443.npy,25443,"(2, 512, 512)",uint8,0.0,1.0,2,"[0, 1]",3982,524288,0.007595062255859375
25450.npy,25450,"(2, 520, 696)",uint8,0.0,1.0,2,"[0, 1]",4891,723840,0.006757018125552608
25458.npy,25458,"(2, 256, 256)",uint8,0.0,1.0,2,"[0, 1]",348,131072,0.002655029296875
25472.npy,25472,"(256, 320)",uint8,0.0,1.0,2,"[0, 1]",690,81920,0.0084228515625
25486.npy,25486,"(666, 1000)",uint8,0.0,1.0,2,"[0, 1]",90450,666000,0.1358108108108108
25502.npy,25502,"(2, 545, 620)",uint8,0.0,1.0,2,"[0, 1]",3560,675800,0.0052678307191476766
25520.npy,25520,"(256, 256)",uint8,0.0,1.0,2,"[0, 1]",1930,65536,0.029449462890625
25525.npy,25525,"(2, 440, 570)",uint8,0.0,1.0,2,"[0, 1]",1863,501600,0.003714114832535885
25552.npy,25552,"(3888, 2592)",uint8,0.0,1.0,2,"[0, 1]",431147,10077696,0.04278229865239039
25555.npy,25555,"(256, 256)",uint8,0.0,1.0,2,"[0, 1]",393,65536,0.0059967041015625
25570.npy,25570,"(666, 1000)",uint8,0.0,1.0,2,"[0, 1]",46152,666000,0.06929729729729729
25604.npy,25604,"(512, 526)",uint8,0.0,1.0,2,"[0, 1]",12010,269312,0.04459511644486692
25638.npy,25638,"(2, 1024, 1024)",uint8,0.0,1.0,2,"[0, 1]",3409,2097152,0.0016255378723144531
25654.npy,25654,"(1200, 1600)",uint8,0.0,1.0,2,"[0, 1]",5559,1920000,0.0028953125
25715.npy,25715,"(666, 1000)",uint8,0.0,1.0,2,"[0, 1]",56746,666000,0.0852042042042042
25749.npy,25749,"(2, 360, 360)",uint8,0.0,1.0,2,"[0, 1]",8745,259200,0.03373842592592593
25764.npy,25764,"(106, 924)",uint8,0.0,1.0,2,"[0, 1]",4242,97944,0.043310463121783875
2577.npy,2577,"(2, 512, 685)",uint8,0.0,1.0,2,"[0, 1]",448,701440,0.0006386861313868613
25861.npy,25861,"(2, 512, 519)",uint8,0.0,1.0,2,"[0, 1]",2813,531456,0.005293006382466281
25907.npy,25907,"(512, 519)",uint8,0.0,1.0,2,"[0, 1]",812,265728,0.0030557562620423893
25908.npy,25908,"(711, 560)",uint8,0.0,1.0,2,"[0, 1]",13330,398160,0.03347900341571228
25957.npy,25957,"(2, 512, 583)",uint8,0.0,1.0,2,"[0, 1]",1176,596992,0.0019698756432247
25981.npy,25981,"(1200, 1600)",uint8,0.0,1.0,2,"[0, 1]",3931,1920000,0.0020473958333333334
26015.npy,26015,"(256, 256)",uint8,0.0,1.0,2,"[0, 1]",317,65536,0.0048370361328125
26020.npy,26020,"(169, 526)",uint8,0.0,1.0,2,"[0, 1]",6840,88894,0.07694557562940131
26021.npy,26021,"(393, 275)",uint8,0.0,1.0,2,"[0, 1]",9800,108075,0.09067777006708304
26023.npy,26023,"(3, 512, 514)",uint8,0.0,1.0,2,"[0, 1]",6383,789504,0.00808482287613489
26035.npy,26035,"(2, 1200, 1600)",uint8,0.0,1.0,2,"[0, 1]",4728,3840000,0.00123125
26049.npy,26049,"(1200, 1600)",uint8,0.0,1.0,2,"[0, 1]",3568,1920000,0.0018583333333333334
26119.npy,26119,"(2, 1200, 1600)",uint8,0.0,1.0,2,"[0, 1]",13621,3840000,0.0035471354166666668
26121.npy,26121,"(64, 1192)",uint8,0.0,1.0,2,"[0, 1]",12818,76288,0.16802118288590603
26140.npy,26140,"(1024, 1024)",uint8,0.0,1.0,2,"[0, 1]",7699,1048576,0.007342338562011719
26148.npy,26148,"(2, 666, 1000)",uint8,0.0,1.0,2,"[0, 1]",112242,1332000,0.08426576576576576
26200.npy,26200,"(2, 520, 696)",uint8,0.0,1.0,2,"[0, 1]",1802,723840,0.002489500442086649
26206.npy,26206,"(85, 549)",uint8,0.0,1.0,2,"[0, 1]",4752,46665,0.10183220829315333
26208.npy,26208,"(149, 288)",uint8,0.0,1.0,2,"[0, 1]",2910,42912,0.06781319910514541
26211.npy,26211,"(2, 1200, 1600)",uint8,0.0,1.0,2,"[0, 1]",8552,3840000,0.0022270833333333335
2622.npy,2622,"(1024, 1024)",uint8,0.0,1.0,2,"[0, 1]",2798,1048576,0.0026683807373046875
26252.npy,26252,"(666, 1000)",uint8,0.0,1.0,2,"[0, 1]",73407,666000,0.11022072072072073
26286.npy,26286,"(3, 512, 768)",uint8,0.0,1.0,2,"[0, 1]",10286,1179648,0.008719550238715278
26292.npy,26292,"(110, 602)",uint8,0.0,1.0,2,"[0, 1]",9738,66220,0.14705527031108426
26313.npy,26313,"(75, 1067)",uint8,0.0,1.0,2,"[0, 1]",4422,80025,0.055257731958762886
26329.npy,26329,"(2, 256, 256)",uint8,0.0,1.0,2,"[0, 1]",551,131072,0.00420379638671875
26335.npy,26335,"(2592, 3888)",uint8,0.0,1.0,2,"[0, 1]",523301,10077696,0.051926650694761975
26370.npy,26370,"(360, 360)",uint8,0.0,1.0,2,"[0, 1]",4013,129600,0.030964506172839506
26402.npy,26402,"(3, 1200, 1600)",uint8,0.0,1.0,2,"[0, 1]",25082,5760000,0.004354513888888889
26430.npy,26430,"(2592, 3888)",uint8,0.0,1.0,2,"[0, 1]",624296,10077696,0.061948286592490985
26435.npy,26435,"(666, 1000)",uint8,0.0,1.0,2,"[0, 1]",48215,666000,0.0723948948948949
26436.npy,26436,"(1200, 1600)",uint8,0.0,1.0,2,"[0, 1]",2198,1920000,0.0011447916666666666
26442.npy,26442,"(512, 515)",uint8,0.0,1.0,2,"[0, 1]",8424,263680,0.03194781553398058
26461.npy,26461,"(3, 512, 512)",uint8,0.0,1.0,2,"[0, 1]",5263,786432,0.006692250569661458
26477.npy,26477,"(666, 1000)",uint8,0.0,1.0,2,"[0, 1]",58671,666000,0.0880945945945946
26492.npy,26492,"(512, 567)",uint8,0.0,1.0,2,"[0, 1]",18919,290304,0.06516961529982364
26499.npy,26499,"(164, 1015)",uint8,0.0,1.0,2,"[0, 1]",26379,166460,0.15847050342424607
26523.npy,26523,"(256, 256)",uint8,0.0,1.0,2,"[0, 1]",286,65536,0.004364013671875
26560.npy,26560,"(515, 512)",uint8,0.0,1.0,2,"[0, 1]",15251,263680,0.057839047330097086
2657.npy,2657,"(520, 696)",uint8,0.0,1.0,2,"[0, 1]",6903,361920,0.019073275862068965
26580.npy,26580,"(1024, 1280)",uint8,0.0,1.0,2,"[0, 1]",8508,1310720,0.0064910888671875
26581.npy,26581,"(205, 1376)",uint8,0.0,1.0,2,"[0, 1]",48600,282080,0.17229154849688033
26583.npy,26583,"(256, 256)",uint8,0.0,1.0,2,"[0, 1]",311,65536,0.0047454833984375
26606.npy,26606,"(3, 256, 320)",uint8,0.0,1.0,2,"[0, 1]",1445,245760,0.005879720052083333
26644.npy,26644,"(200, 604)",uint8,0.0,1.0,2,"[0, 1]",39252,120800,0.3249337748344371
26730.npy,26730,"(256, 256)",uint8,0.0,1.0,2,"[0, 1]",460,65536,0.00701904296875
26766.npy,26766,"(666, 1000)",uint8,0.0,1.0,2,"[0, 1]",101023,666000,0.15168618618618618
26868.npy,26868,"(3, 256, 256)",uint8,0.0,1.0,2,"[0, 1]",296,196608,0.0015055338541666667
26894.npy,26894,"(117, 565)",uint8,0.0,1.0,2,"[0, 1]",20978,66105,0.31734361999848726
26929.npy,26929,"(273, 232)",uint8,0.0,1.0,2,"[0, 1]",6444,63336,0.10174308450170519
26933.npy,26933,"(3, 1200, 1600)",uint8,0.0,1.0,2,"[0, 1]",25446,5760000,0.004417708333333333
26968.npy,26968,"(512, 574)",uint8,0.0,1.0,2,"[0, 1]",5612,293888,0.01909570993031359
26977.npy,26977,"(2, 666, 1000)",uint8,0.0,1.0,2,"[0, 1]",127136,1332000,0.09544744744744744
27023.npy,27023,"(2, 666, 1000)",uint8,0.0,1.0,2,"[0, 1]",115305,1332000,0.08656531531531532
27034.npy,27034,"(512, 759)",uint8,0.0,1.0,2,"[0, 1]",90528,388608,0.23295454545454544
27061.npy,27061,"(355, 1159)",uint8,0.0,1.0,2,"[0, 1]",28138,411445,0.06838824144174799
27091.npy,27091,"(393, 176)",uint8,0.0,1.0,2,"[0, 1]",4917,69168,0.07108778625954199
27148.npy,27148,"(2, 177, 1295)",uint8,0.0,1.0,2,"[0, 1]",56104,458430,0.12238291560325458
27152.npy,27152,"(256, 320)",uint8,0.0,1.0,2,"[0, 1]",4658,81920,0.0568603515625
27168.npy,27168,"(2, 1200, 1600)",uint8,0.0,1.0,2,"[0, 1]",10718,3840000,0.0027911458333333334
27195.npy,27195,"(187, 991)",uint8,0.0,1.0,2,"[0, 1]",46598,185317,0.2514502177350162
27284.npy,27284,"(256, 256)",uint8,0.0,1.0,2,"[0, 1]",398,65536,0.006072998046875
27300.npy,27300,"(256, 320)",uint8,0.0,1.0,2,"[0, 1]",9991,81920,0.12196044921875
27312.npy,27312,"(2, 512, 512)",uint8,0.0,1.0,2,"[0, 1]",1532,524288,0.00292205810546875
27376.npy,27376,"(184, 1264)",uint8,0.0,1.0,2,"[0, 1]",17670,232576,0.07597516510731976
27409.npy,27409,"(512, 512)",uint8,0.0,1.0,2,"[0, 1]",584,262144,0.002227783203125
27419.npy,27419,"(2, 256, 256)",uint8,0.0,1.0,2,"[0, 1]",1031,131072,0.00786590576171875
27454.npy,27454,"(1912, 2568)",uint8,0.0,1.0,2,"[0, 1]",102057,4910016,0.020785471982168693
27462.npy,27462,"(3, 666, 1000)",uint8,0.0,1.0,2,"[0, 1]",87203,1998000,0.04364514514514514
27490.npy,27490,"(264, 1267)",uint8,0.0,1.0,2,"[0, 1]",67488,334488,0.2017650857429863
27586.npy,27586,"(360, 360)",uint8,0.0,1.0,2,"[0, 1]",3292,129600,0.025401234567901235
27606.npy,27606,"(2, 256, 256)",uint8,0.0,1.0,2,"[0, 1]",447,131072,0.00341033935546875
27620.npy,27620,"(2, 1200, 1600)",uint8,0.0,1.0,2,"[0, 1]",5076,3840000,0.001321875
27639.npy,27639,"(621, 512)",uint8,0.0,1.0,2,"[0, 1]",9429,317952,0.02965541968599034
27666.npy,27666,"(571, 390)",uint8,0.0,1.0,2,"[0, 1]",8904,222690,0.03998383402936818
27694.npy,27694,"(520, 696)",uint8,0.0,1.0,2,"[0, 1]",2564,361920,0.007084438549955791
27705.npy,27705,"(256, 256)",uint8,0.0,1.0,2,"[0, 1]",539,65536,0.0082244873046875
27722.npy,27722,"(223, 513)",uint8,0.0,1.0,2,"[0, 1]",31312,114399,0.2737086862647401
27807.npy,27807,"(1200, 1600)",uint8,0.0,1.0,2,"[0, 1]",5391,1920000,0.0028078125
27822.npy,27822,"(520, 696)",uint8,0.0,1.0,2,"[0, 1]",3512,361920,0.009703801945181256
27829.npy,27829,"(112, 401)",uint8,0.0,1.0,2,"[0, 1]",2640,44912,0.058781617385108655
27849.npy,27849,"(256, 320)",uint8,0.0,1.0,2,"[0, 1]",1637,81920,0.01998291015625
27856.npy,27856,"(3, 360, 360)",uint8,0.0,1.0,2,"[0, 1]",11624,388800,0.029897119341563787
27862.npy,27862,"(179, 2415)",uint8,0.0,1.0,2,"[0, 1]",36418,432285,0.08424534739812856
27889.npy,27889,"(2, 1024, 1024)",uint8,0.0,1.0,2,"[0, 1]",5248,2097152,0.00250244140625
27896.npy,27896,"(1200, 1600)",uint8,0.0,1.0,2,"[0, 1]",3804,1920000,0.00198125
27929.npy,27929,"(118, 431)",uint8,0.0,1.0,2,"[0, 1]",2450,50858,0.04817334539305517
27957.npy,27957,"(2, 633, 854)",uint8,0.0,1.0,2,"[0, 1]",7060,1081164,0.006529999149065267
28002.npy,28002,"(85, 483)",uint8,0.0,1.0,2,"[0, 1]",3570,41055,0.08695652173913043
28011.npy,28011,"(1024, 1024)",uint8,0.0,1.0,2,"[0, 1]",5070,1048576,0.0048351287841796875
28014.npy,28014,"(666, 1000)",uint8,0.0,1.0,2,"[0, 1]",45290,666000,0.068003003003003
28059.npy,28059,"(2, 446, 627)",uint8,0.0,1.0,2,"[0, 1]",2169,559284,0.0038781728066599437
28061.npy,28061,"(2, 666, 1000)",uint8,0.0,1.0,2,"[0, 1]",83150,1332000,0.06242492492492493
28081.npy,28081,"(3, 512, 512)",uint8,0.0,1.0,2,"[0, 1]",1892,786432,0.0024058024088541665
28179.npy,28179,"(256, 320)",uint8,0.0,1.0,2,"[0, 1]",1968,81920,0.0240234375
28195.npy,28195,"(2, 514, 512)",uint8,0.0,1.0,2,"[0, 1]",535,526336,0.0010164609678988328
28207.npy,28207,"(3, 1200, 1600)",uint8,0.0,1.0,2,"[0, 1]",8844,5760000,0.0015354166666666667
28209.npy,28209,"(512, 512)",uint8,0.0,1.0,2,"[0, 1]",782,262144,0.00298309326171875
28213.npy,28213,"(256, 320)",uint8,0.0,1.0,2,"[0, 1]",1774,81920,0.0216552734375
28226.npy,28226,"(3888, 2592)",uint8,0.0,1.0,2,"[0, 1]",288056,10077696,0.02858351750241325
28245.npy,28245,"(86, 1123)",uint8,0.0,1.0,2,"[0, 1]",16138,96578,0.16709809687506472
28248.npy,28248,"(256, 256)",uint8,0.0,1.0,2,"[0, 1]",279,65536,0.0042572021484375
28251.npy,28251,"(666, 1000)",uint8,0.0,1.0,2,"[0, 1]",91657,666000,0.13762312312312314
28264.npy,28264,"(2, 666, 1000)",uint8,0.0,1.0,2,"[0, 1]",103301,1332000,0.0775533033033033
28279.npy,28279,"(2, 256, 256)",uint8,0.0,1.0,2,"[0, 1]",745,131072,0.00568389892578125
28283.npy,28283,"(138, 1641)",uint8,0.0,1.0,2,"[0, 1]",20019,226458,0.08840049810560899
28307.npy,28307,"(2, 256, 256)",uint8,0.0,1.0,2,"[0, 1]",853,131072,0.00650787353515625
28310.npy,28310,"(104, 441)",uint8,0.0,1.0,2,"[0, 1]",5946,45864,0.12964416535845108
28355.npy,28355,"(256, 256)",uint8,0.0,1.0,2,"[0, 1]",865,65536,0.0131988525390625
28390.npy,28390,"(2, 256, 256)",uint8,0.0,1.0,2,"[0, 1]",1022,131072,0.0077972412109375
28412.npy,28412,"(666, 1000)",uint8,0.0,1.0,2,"[0, 1]",84689,666000,0.12716066066066067
28438.npy,28438,"(94, 518)",uint8,0.0,1.0,2,"[0, 1]",18094,48692,0.3716010843670418
28449.npy,28449,"(2, 256, 256)",uint8,0.0,1.0,2,"[0, 1]",1264,131072,0.0096435546875
28465.npy,28465,"(2, 256, 256)",uint8,0.0,1.0,2,"[0, 1]",731,131072,0.00557708740234375
28469.npy,28469,"(2, 512, 520)",uint8,0.0,1.0,2,"[0, 1]",871,532480,0.0016357421875
28496.npy,28496,"(256, 256)",uint8,0.0,1.0,2,"[0, 1]",158,65536,0.002410888671875
28548.npy,28548,"(520, 696)",uint8,0.0,1.0,2,"[0, 1]",8015,361920,0.02214577807250221
2855.npy,2855,"(115, 662)",uint8,0.0,1.0,2,"[0, 1]",7210,76130,0.0947064232234336
28559.npy,28559,"(2, 1200, 1600)",uint8,0.0,1.0,2,"[0, 1]",14816,3840000,0.0038583333333333334
28571.npy,28571,"(256, 256)",uint8,0.0,1.0,2,"[0, 1]",826,65536,0.012603759765625
28578.npy,28578,"(1024, 1024)",uint8,0.0,1.0,2,"[0, 1]",1645,1048576,0.0015687942504882812
286.npy,286,"(3, 1200, 1600)",uint8,0.0,1.0,2,"[0, 1]",20022,5760000,0.0034760416666666668
28602.npy,28602,"(1912, 2568)",uint8,0.0,1.0,2,"[0, 1]",78436,4910016,0.01597469336148803
28614.npy,28614,"(666, 1000)",uint8,0.0,1.0,2,"[0, 1]",48112,666000,0.07224024024024024
28617.npy,28617,"(624, 170)",uint8,0.0,1.0,2,"[0, 1]",17438,106080,0.16438536953242835
28645.npy,28645,"(68, 697)",uint8,0.0,1.0,2,"[0, 1]",4480,47396,0.09452274453540384
287.npy,287,"(343, 1021)",uint8,0.0,1.0,2,"[0, 1]",32178,350203,0.09188385022401294
28714.npy,28714,"(1912, 2568)",uint8,0.0,1.0,2,"[0, 1]",92919,4910016,0.018924378250498572
28800.npy,28800,"(256, 256)",uint8,0.0,1.0,2,"[0, 1]",1157,65536,0.0176544189453125
28818.npy,28818,"(311, 286)",uint8,0.0,1.0,2,"[0, 1]",3274,88946,0.036808850313673466
28878.npy,28878,"(1024, 1024)",uint8,0.0,1.0,2,"[0, 1]",28307,1048576,0.02699565887451172
28879.npy,28879,"(2, 666, 1000)",uint8,0.0,1.0,2,"[0, 1]",129588,1332000,0.09728828828828828
28904.npy,28904,"(666, 1000)",uint8,0.0,1.0,2,"[0, 1]",55720,666000,0.08366366366366366
28921.npy,28921,"(3, 1225, 1489)",uint8,0.0,1.0,2,"[0, 1]",8137,5472075,0.0014870044727091642
28922.npy,28922,"(2, 520, 696)",uint8,0.0,1.0,2,"[0, 1]",2689,723840,0.0037149093722369585
28928.npy,28928,"(2, 1200, 1600)",uint8,0.0,1.0,2,"[0, 1]",10823,3840000,0.0028184895833333334
28949.npy,28949,"(113, 698)",uint8,0.0,1.0,2,"[0, 1]",3826,78874,0.04850774653244415
28953.npy,28953,"(1024, 1280)",uint8,0.0,1.0,2,"[0, 1]",4532,1310720,0.0034576416015625
2896.npy,2896,"(512, 512)",uint8,0.0,1.0,2,"[0, 1]",1042,262144,0.00397491455078125
28962.npy,28962,"(666, 1000)",uint8,0.0,1.0,2,"[0, 1]",79360,666000,0.11915915915915916
28965.npy,28965,"(360, 360)",uint8,0.0,1.0,2,"[0, 1]",4618,129600,0.035632716049382715
28971.npy,28971,"(512, 750)",uint8,0.0,1.0,2,"[0, 1]",16737,384000,0.0435859375
28972.npy,28972,"(3, 1232, 925)",uint8,0.0,1.0,2,"[0, 1]",11753,3418800,0.003437755937755938
29010.npy,29010,"(2, 590, 741)",uint8,0.0,1.0,2,"[0, 1]",12753,874380,0.014585191793041926
29025.npy,29025,"(270, 1668)",uint8,0.0,1.0,2,"[0, 1]",110648,450360,0.24568789412914113
29058.npy,29058,"(2, 591, 778)",uint8,0.0,1.0,2,"[0, 1]",3852,919596,0.004188795949525662
29076.npy,29076,"(436, 638)",uint8,0.0,1.0,2,"[0, 1]",42722,278168,0.15358344597509418
29083.npy,29083,"(528, 512)",uint8,0.0,1.0,2,"[0, 1]",16309,270336,0.06032862807765151
29087.npy,29087,"(2, 512, 640)",uint8,0.0,1.0,2,"[0, 1]",8506,655360,0.0129791259765625
2910.npy,2910,"(311, 944)",uint8,0.0,1.0,2,"[0, 1]",20853,293584,0.07102907515395934
29129.npy,29129,"(360, 360)",uint8,0.0,1.0,2,"[0, 1]",5287,129600,0.040794753086419756
29146.npy,29146,"(512, 517)",uint8,0.0,1.0,2,"[0, 1]",535,264704,0.0020211254835589944
29171.npy,29171,"(520, 696)",uint8,0.0,1.0,2,"[0, 1]",6762,361920,0.01868368700265252
29189.npy,29189,"(1200, 1600)",uint8,0.0,1.0,2,"[0, 1]",7458,1920000,0.003884375
29220.npy,29220,"(2, 256, 256)",uint8,0.0,1.0,2,"[0, 1]",1223,131072,0.00933074951171875
29229.npy,29229,"(666, 1000)",uint8,0.0,1.0,2,"[0, 1]",131104,666000,0.19685285285285287
29234.npy,29234,"(666, 1000)",uint8,0.0,1.0,2,"[0, 1]",61744,666000,0.0927087087087087
29277.npy,29277,"(2, 1024, 1024)",uint8,0.0,1.0,2,"[0, 1]",9146,2097152,0.004361152648925781
29281.npy,29281,"(611, 521)",uint8,0.0,1.0,2,"[0, 1]",14220,318331,0.044670484495697875
29380.npy,29380,"(2, 512, 512)",uint8,0.0,1.0,2,"[0, 1]",974,524288,0.001857757568359375
29464.npy,29464,"(256, 256)",uint8,0.0,1.0,2,"[0, 1]",296,65536,0.0045166015625
29465.npy,29465,"(132, 1006)",uint8,0.0,1.0,2,"[0, 1]",11520,132792,0.0867522139887945
29466.npy,29466,"(135, 475)",uint8,0.0,1.0,2,"[0, 1]",3698,64125,0.05766861598440546
29472.npy,29472,"(2, 1200, 1600)",uint8,0.0,1.0,2,"[0, 1]",11161,3840000,0.0029065104166666666
29475.npy,29475,"(512, 768)",uint8,0.0,1.0,2,"[0, 1]",3583,393216,0.009112040201822916
29482.npy,29482,"(1912, 2568)",uint8,0.0,1.0,2,"[0, 1]",127972,4910016,0.026063458856345884
29503.npy,29503,"(94, 405)",uint8,0.0,1.0,2,"[0, 1]",8796,38070,0.2310480693459417
29508.npy,29508,"(2, 512, 688)",uint8,0.0,1.0,2,"[0, 1]",33242,704512,0.047184434047965115
29524.npy,29524,"(2, 1200, 1600)",uint8,0.0,1.0,2,"[0, 1]",10279,3840000,0.0026768229166666668
29535.npy,29535,"(157, 787)",uint8,0.0,1.0,2,"[0, 1]",9678,123559,0.07832695311551567
29593.npy,29593,"(2, 512, 675)",uint8,0.0,1.0,2,"[0, 1]",8484,691200,0.012274305555555556
29605.npy,29605,"(2, 256, 320)",uint8,0.0,1.0,2,"[0, 1]",3752,163840,0.022900390625
29607.npy,29607,"(256, 320)",uint8,0.0,1.0,2,"[0, 1]",2434,81920,0.0297119140625
2961.npy,2961,"(666, 1000)",uint8,0.0,1.0,2,"[0, 1]",54772,666000,0.08224024024024024
2966.npy,2966,"(256, 256)",uint8,0.0,1.0,2,"[0, 1]",192,65536,0.0029296875
29663.npy,29663,"(512, 689)",uint8,0.0,1.0,2,"[0, 1]",3466,352768,0.009825154208998549
29668.npy,29668,"(216, 569)",uint8,0.0,1.0,2,"[0, 1]",35028,122904,0.28500292911540714
29671.npy,29671,"(520, 696)",uint8,0.0,1.0,2,"[0, 1]",4281,361920,0.011828580901856765
29675.npy,29675,"(666, 1000)",uint8,0.0,1.0,2,"[0, 1]",57206,666000,0.0858948948948949
29679.npy,29679,"(256, 256)",uint8,0.0,1.0,2,"[0, 1]",624,65536,0.009521484375
29689.npy,29689,"(2, 1200, 1600)",uint8,0.0,1.0,2,"[0, 1]",21082,3840000,0.005490104166666667
29736.npy,29736,"(666, 1000)",uint8,0.0,1.0,2,"[0, 1]",51680,666000,0.0775975975975976
29770.npy,29770,"(520, 696)",uint8,0.0,1.0,2,"[0, 1]",3447,361920,0.00952420424403183
29793.npy,29793,"(1912, 2568)",uint8,0.0,1.0,2,"[0, 1]",71282,4910016,0.01451767163284193
29797.npy,29797,"(81, 547)",uint8,0.0,1.0,2,"[0, 1]",6738,44307,0.15207529284311733
298.npy,298,"(82, 571)",uint8,0.0,1.0,2,"[0, 1]",6900,46822,0.14736662252787153
29876.npy,29876,"(2, 520, 696)",uint8,0.0,1.0,2,"[0, 1]",17168,723840,0.023717948717948717
29894.npy,29894,"(520, 696)",uint8,0.0,1.0,2,"[0, 1]",6248,361920,0.017263483642793988
29899.npy,29899,"(2, 666, 1000)",uint8,0.0,1.0,2,"[0, 1]",99998,1332000,0.07507357357357357
29912.npy,29912,"(666, 1000)",uint8,0.0,1.0,2,"[0, 1]",74728,666000,0.11220420420420421
29935.npy,29935,"(67, 396)",uint8,0.0,1.0,2,"[0, 1]",3100,26532,0.11684004221317654
29988.npy,29988,"(192, 1129)",uint8,0.0,1.0,2,"[0, 1]",8712,216768,0.040190434012400356
30015.npy,30015,"(65, 1181)",uint8,0.0,1.0,2,"[0, 1]",4542,76765,0.05916758939620921
30023.npy,30023,"(2, 1415, 1878)",uint8,0.0,1.0,2,"[0, 1]",9704,5314740,0.0018258654233320915
30040.npy,30040,"(512, 513)",uint8,0.0,1.0,2,"[0, 1]",48002,262656,0.18275615253411306
30045.npy,30045,"(512, 597)",uint8,0.0,1.0,2,"[0, 1]",28329,305664,0.0926801978643216
30050.npy,30050,"(704, 204)",uint8,0.0,1.0,2,"[0, 1]",6958,143616,0.04844864081996435
30060.npy,30060,"(666, 1000)",uint8,0.0,1.0,2,"[0, 1]",56924,666000,0.08547147147147147
30100.npy,30100,"(171, 876)",uint8,0.0,1.0,2,"[0, 1]",13242,149796,0.08840022430505487
30191.npy,30191,"(512, 545)",uint8,0.0,1.0,2,"[0, 1]",1336,279040,0.004787844036697248
30217.npy,30217,"(666, 1000)",uint8,0.0,1.0,2,"[0, 1]",74656,666000,0.1120960960960961
30232.npy,30232,"(256, 256)",uint8,0.0,1.0,2,"[0, 1]",636,65536,0.00970458984375
30235.npy,30235,"(1200, 1600)",uint8,0.0,1.0,2,"[0, 1]",3290,1920000,0.0017135416666666666
30283.npy,30283,"(512, 687)",uint8,0.0,1.0,2,"[0, 1]",22078,351744,0.06276723981077147
30297.npy,30297,"(520, 696)",uint8,0.0,1.0,2,"[0, 1]",4236,361920,0.011704244031830239
30298.npy,30298,"(2, 514, 512)",uint8,0.0,1.0,2,"[0, 1]",839,526336,0.0015940387889105058
30307.npy,30307,"(159, 1306)",uint8,0.0,1.0,2,"[0, 1]",15214,207654,0.07326610611883229
30308.npy,30308,"(2, 512, 512)",uint8,0.0,1.0,2,"[0, 1]",1657,524288,0.0031604766845703125
30340.npy,30340,"(3, 256, 256)",uint8,0.0,1.0,2,"[0, 1]",4270,196608,0.021718343098958332
30344.npy,30344,"(512, 777)",uint8,0.0,1.0,2,"[0, 1]",7391,397824,0.018578567406692406
30354.npy,30354,"(1912, 2568)",uint8,0.0,1.0,2,"[0, 1]",29631,4910016,0.006034807218550815
30389.npy,30389,"(2, 256, 256)",uint8,0.0,1.0,2,"[0, 1]",409,131072,0.00312042236328125
30408.npy,30408,"(256, 256)",uint8,0.0,1.0,2,"[0, 1]",275,65536,0.0041961669921875
30419.npy,30419,"(3, 1200, 1600)",uint8,0.0,1.0,2,"[0, 1]",15854,5760000,0.0027524305555555557
30476.npy,30476,"(2, 666, 1000)",uint8,0.0,1.0,2,"[0, 1]",112878,1332000,0.08474324324324324
30494.npy,30494,"(3, 1200, 1600)",uint8,0.0,1.0,2,"[0, 1]",40876,5760000,0.007096527777777778
30503.npy,30503,"(2, 512, 515)",uint8,0.0,1.0,2,"[0, 1]",13464,527360,0.02553094660194175
30572.npy,30572,"(2, 256, 256)",uint8,0.0,1.0,2,"[0, 1]",868,131072,0.006622314453125
30587.npy,30587,"(3, 1200, 1600)",uint8,0.0,1.0,2,"[0, 1]",10890,5760000,0.001890625
30614.npy,30614,"(512, 513)",uint8,0.0,1.0,2,"[0, 1]",32036,262656,0.1219694200779727
3062.npy,3062,"(2, 512, 687)",uint8,0.0,1.0,2,"[0, 1]",915,703488,0.001300661844978166
30624.npy,30624,"(3, 526, 669)",uint8,0.0,1.0,2,"[0, 1]",5938,1055682,0.005624799892391837
30629.npy,30629,"(379, 470)",uint8,0.0,1.0,2,"[0, 1]",7038,178130,0.03951046988154718
30634.npy,30634,"(1912, 2568)",uint8,0.0,1.0,2,"[0, 1]",29457,4910016,0.005999369452156572
30649.npy,30649,"(131, 1329)",uint8,0.0,1.0,2,"[0, 1]",16398,174099,0.094187789705857
30715.npy,30715,"(1912, 2568)",uint8,0.0,1.0,2,"[0, 1]",35439,4910016,0.007217695420951785
30716.npy,30716,"(2, 512, 512)",uint8,0.0,1.0,2,"[0, 1]",2238,524288,0.004268646240234375
3073.npy,3073,"(2, 512, 583)",uint8,0.0,1.0,2,"[0, 1]",21084,596992,0.03531705617495712
30748.npy,30748,"(666, 1000)",uint8,0.0,1.0,2,"[0, 1]",43241,666000,0.06492642642642643
3087.npy,3087,"(212, 1083)",uint8,0.0,1.0,2,"[0, 1]",17418,229596,0.07586369100506977
30871.npy,30871,"(2, 512, 729)",uint8,0.0,1.0,2,"[0, 1]",4399,746496,0.005892864797668039
30881.npy,30881,"(516, 529)",uint8,0.0,1.0,2,"[0, 1]",1029,272964,0.0037697278762034553
30883.npy,30883,"(739, 639)",uint8,0.0,1.0,2,"[0, 1]",766,472221,0.0016221218454918354
30909.npy,30909,"(3, 340, 355)",uint8,0.0,1.0,2,"[0, 1]",1703,362100,0.0047031206848936755
30914.npy,30914,"(1200, 1600)",uint8,0.0,1.0,2,"[0, 1]",1938,1920000,0.001009375
30917.npy,30917,"(3, 520, 696)",uint8,0.0,1.0,2,"[0, 1]",12408,1085760,0.011427939876215739
30923.npy,30923,"(1912, 2568)",uint8,0.0,1.0,2,"[0, 1]",20408,4910016,0.004156401934331783
30931.npy,30931,"(1200, 1600)",uint8,0.0,1.0,2,"[0, 1]",4002,1920000,0.002084375
30950.npy,30950,"(666, 1000)",uint8,0.0,1.0,2,"[0, 1]",59946,666000,0.090009009009009
30996.npy,30996,"(2592, 3888)",uint8,0.0,1.0,2,"[0, 1]",554222,10077696,0.05499491153533506
31040.npy,31040,"(135, 1443)",uint8,0.0,1.0,2,"[0, 1]",30488,194805,0.15650522317188983
31077.npy,31077,"(2, 256, 256)",uint8,0.0,1.0,2,"[0, 1]",709,131072,0.00540924072265625
31086.npy,31086,"(287, 1440)",uint8,0.0,1.0,2,"[0, 1]",48114,413280,0.1164198606271777
31089.npy,31089,"(589, 1106)",uint8,0.0,1.0,2,"[0, 1]",112558,651434,0.17278496363407497
31098.npy,31098,"(256, 256)",uint8,0.0,1.0,2,"[0, 1]",409,65536,0.0062408447265625
3110.npy,3110,"(167, 941)",uint8,0.0,1.0,2,"[0, 1]",13108,157147,0.08341234640177668
31156.npy,31156,"(2, 1024, 1024)",uint8,0.0,1.0,2,"[0, 1]",9842,2097152,0.004693031311035156
31168.npy,31168,"(2, 256, 256)",uint8,0.0,1.0,2,"[0, 1]",693,131072,0.00528717041015625
31186.npy,31186,"(360, 360)",uint8,0.0,1.0,2,"[0, 1]",886,129600,0.0068364197530864194
31188.npy,31188,"(2, 504, 655)",uint8,0.0,1.0,2,"[0, 1]",25908,660240,0.039240276263177026
31218.npy,31218,"(256, 320)",uint8,0.0,1.0,2,"[0, 1]",407,81920,0.00496826171875
31222.npy,31222,"(360, 360)",uint8,0.0,1.0,2,"[0, 1]",5222,129600,0.04029320987654321
31232.npy,31232,"(256, 320)",uint8,0.0,1.0,2,"[0, 1]",565,81920,0.00689697265625
31245.npy,31245,"(1867, 920)",uint8,0.0,1.0,2,"[0, 1]",16188,1717640,0.009424559279010735
3125.npy,3125,"(256, 256)",uint8,0.0,1.0,2,"[0, 1]",218,65536,0.003326416015625
31262.npy,31262,"(2, 1200, 1600)",uint8,0.0,1.0,2,"[0, 1]",11698,3840000,0.003046354166666667
31301.npy,31301,"(213, 367)",uint8,0.0,1.0,2,"[0, 1]",3238,78171,0.04142201072008801
31313.npy,31313,"(2, 563, 1917)",uint8,0.0,1.0,2,"[0, 1]",84266,2158542,0.03903838794890255
31329.npy,31329,"(571, 390)",uint8,0.0,1.0,2,"[0, 1]",4914,222690,0.022066549912434327
31330.npy,31330,"(1200, 1600)",uint8,0.0,1.0,2,"[0, 1]",4938,1920000,0.002571875
31336.npy,31336,"(1912, 2568)",uint8,0.0,1.0,2,"[0, 1]",39500,4910016,0.008044780302141582
31354.npy,31354,"(2, 256, 256)",uint8,0.0,1.0,2,"[0, 1]",543,131072,0.00414276123046875
31405.npy,31405,"(98, 790)",uint8,0.0,1.0,2,"[0, 1]",4998,77420,0.06455696202531645
31425.npy,31425,"(2, 3888, 2592)",uint8,0.0,1.0,2,"[0, 1]",1153092,20155392,0.05721010040390184
31465.npy,31465,"(3, 1200, 1600)",uint8,0.0,1.0,2,"[0, 1]",41822,5760000,0.007260763888888889
31468.npy,31468,"(666, 1000)",uint8,0.0,1.0,2,"[0, 1]",45396,666000,0.06816216216216216
31476.npy,31476,"(151, 1660)",uint8,0.0,1.0,2,"[0, 1]",11956,250660,0.04769807707651799
31540.npy,31540,"(666, 1000)",uint8,0.0,1.0,2,"[0, 1]",39986,666000,0.06003903903903904
3159.npy,3159,"(666, 1000)",uint8,0.0,1.0,2,"[0, 1]",80586,666000,0.121
3167.npy,3167,"(666, 1000)",uint8,0.0,1.0,2,"[0, 1]",148799,666000,0.22342192192192192
31725.npy,31725,"(538, 381)",uint8,0.0,1.0,2,"[0, 1]",4738,204978,0.02311467572129692
31783.npy,31783,"(85, 549)",uint8,0.0,1.0,2,"[0, 1]",2410,46665,0.05164470159648559
31803.npy,31803,"(1200, 1600)",uint8,0.0,1.0,2,"[0, 1]",10752,1920000,0.0056
31812.npy,31812,"(1200, 1600)",uint8,0.0,1.0,2,"[0, 1]",3884,1920000,0.002022916666666667
31826.npy,31826,"(666, 1000)",uint8,0.0,1.0,2,"[0, 1]",24679,666000,0.03705555555555556
31834.npy,31834,"(106, 717)",uint8,0.0,1.0,2,"[0, 1]",2826,76002,0.03718323202021
31864.npy,31864,"(666, 1000)",uint8,0.0,1.0,2,"[0, 1]",54076,666000,0.08119519519519519
31891.npy,31891,"(123, 612)",uint8,0.0,1.0,2,"[0, 1]",4506,75276,0.05985971624422127
31893.npy,31893,"(3888, 2592)",uint8,0.0,1.0,2,"[0, 1]",201595,10077696,0.02000407632855764
31907.npy,31907,"(256, 256)",uint8,0.0,1.0,2,"[0, 1]",139,65536,0.0021209716796875
31942.npy,31942,"(2, 256, 256)",uint8,0.0,1.0,2,"[0, 1]",705,131072,0.00537872314453125
31956.npy,31956,"(360, 360)",uint8,0.0,1.0,2,"[0, 1]",5786,129600,0.04464506172839506
3197.npy,3197,"(2, 2592, 3888)",uint8,0.0,1.0,2,"[0, 1]",850948,20155392,0.04221937236447696
31979.npy,31979,"(666, 1000)",uint8,0.0,1.0,2,"[0, 1]",80432,666000,0.12076876876876877
32011.npy,32011,"(1200, 1600)",uint8,0.0,1.0,2,"[0, 1]",12455,1920000,0.006486979166666667
32013.npy,32013,"(520, 696)",uint8,0.0,1.0,2,"[0, 1]",2217,361920,0.006125663129973475
32018.npy,32018,"(909, 898)",uint8,0.0,1.0,2,"[0, 1]",3965,816282,0.004857389970622897
32023.npy,32023,"(666, 1000)",uint8,0.0,1.0,2,"[0, 1]",59670,666000,0.0895945945945946
32053.npy,32053,"(2, 1200, 1600)",uint8,0.0,1.0,2,"[0, 1]",6953,3840000,0.0018106770833333334
32061.npy,32061,"(1024, 1024)",uint8,0.0,1.0,2,"[0, 1]",11082,1048576,0.010568618774414062
32139.npy,32139,"(2, 360, 360)",uint8,0.0,1.0,2,"[0, 1]",13677,259200,0.052766203703703704
32146.npy,32146,"(2, 1200, 1600)",uint8,0.0,1.0,2,"[0, 1]",3140,3840000,0.0008177083333333334
32154.npy,32154,"(2, 256, 256)",uint8,0.0,1.0,2,"[0, 1]",534,131072,0.0040740966796875
32162.npy,32162,"(360, 360)",uint8,0.0,1.0,2,"[0, 1]",7201,129600,0.05556327160493827
32170.npy,32170,"(2, 512, 518)",uint8,0.0,1.0,2,"[0, 1]",5470,530432,0.010312349179536679
32196.npy,32196,"(3, 520, 696)",uint8,0.0,1.0,2,"[0, 1]",19304,1085760,0.017779251399941055
32201.npy,32201,"(212, 1083)",uint8,0.0,1.0,2,"[0, 1]",14042,229596,0.061159602083659996
32220.npy,32220,"(512, 691)",uint8,0.0,1.0,2,"[0, 1]",5444,353792,0.015387572358900144
32222.npy,32222,"(2, 256, 256)",uint8,0.0,1.0,2,"[0, 1]",395,131072,0.00301361083984375
32259.npy,32259,"(360, 360)",uint8,0.0,1.0,2,"[0, 1]",2874,129600,0.022175925925925925
3228.npy,3228,"(2592, 3888)",uint8,0.0,1.0,2,"[0, 1]",730224,10077696,0.07245941929583904
32293.npy,32293,"(666, 1000)",uint8,0.0,1.0,2,"[0, 1]",116525,666000,0.17496246246246247
32317.npy,32317,"(3, 1200, 1600)",uint8,0.0,1.0,2,"[0, 1]",26024,5760000,0.0045180555555555555
32383.npy,32383,"(3, 512, 512)",uint8,0.0,1.0,2,"[0, 1]",14574,786432,0.01853179931640625
32393.npy,32393,"(1028, 1384)",uint8,0.0,1.0,2,"[0, 1]",2272,1422752,0.0015969051528305707
32398.npy,32398,"(2, 3888, 2592)",uint8,0.0,1.0,2,"[0, 1]",800733,20155392,0.03972797949055022
32428.npy,32428,"(3, 1024, 1024)",uint8,0.0,1.0,2,"[0, 1]",41824,3145728,0.013295491536458334
32470.npy,32470,"(666, 1000)",uint8,0.0,1.0,2,"[0, 1]",61274,666000,0.092003003003003
32486.npy,32486,"(520, 696)",uint8,0.0,1.0,2,"[0, 1]",444,361920,0.001226790450928382
32493.npy,32493,"(512, 514)",uint8,0.0,1.0,2,"[0, 1]",4512,263168,0.017144941634241247
32535.npy,32535,"(404, 447)",uint8,0.0,1.0,2,"[0, 1]",4310,180588,0.023866480607792322
32575.npy,32575,"(116, 444)",uint8,0.0,1.0,2,"[0, 1]",23468,51504,0.4556539297918608
3260.npy,3260,"(1867, 920)",uint8,0.0,1.0,2,"[0, 1]",19096,1717640,0.011117579935260007
32662.npy,32662,"(644, 577)",uint8,0.0,1.0,2,"[0, 1]",24322,371588,0.0654542127302281
32714.npy,32714,"(1200, 1600)",uint8,0.0,1.0,2,"[0, 1]",5972,1920000,0.0031104166666666667
32722.npy,32722,"(470, 945)",uint8,0.0,1.0,2,"[0, 1]",11785,444150,0.026533828661488235
32818.npy,32818,"(1024, 1024)",uint8,0.0,1.0,2,"[0, 1]",105149,1048576,0.10027790069580078
32845.npy,32845,"(666, 1000)",uint8,0.0,1.0,2,"[0, 1]",64746,666000,0.09721621621621622
32880.npy,32880,"(2, 512, 512)",uint8,0.0,1.0,2,"[0, 1]",4612,524288,0.00879669189453125
32883.npy,32883,"(2, 666, 1000)",uint8,0.0,1.0,2,"[0, 1]",128075,1332000,0.0961524024024024
32884.npy,32884,"(360, 360)",uint8,0.0,1.0,2,"[0, 1]",2342,129600,0.018070987654320986
32920.npy,32920,"(2, 512, 619)",uint8,0.0,1.0,2,"[0, 1]",23444,633856,0.036986318659127625
32931.npy,32931,"(2, 512, 512)",uint8,0.0,1.0,2,"[0, 1]",1717,524288,0.0032749176025390625
32934.npy,32934,"(3, 1200, 1600)",uint8,0.0,1.0,2,"[0, 1]",11408,5760000,0.0019805555555555557
32945.npy,32945,"(348, 271)",uint8,0.0,1.0,2,"[0, 1]",398,94308,0.004220214615939263
32973.npy,32973,"(121, 467)",uint8,0.0,1.0,2,"[0, 1]",19874,56507,0.35170863786787476
32979.npy,32979,"(488, 586)",uint8,0.0,1.0,2,"[0, 1]",8004,285968,0.027989145638672858
32989.npy,32989,"(144, 794)",uint8,0.0,1.0,2,"[0, 1]",19220,114336,0.16810103554436048
330.npy,330,"(314, 418)",uint8,0.0,1.0,2,"[0, 1]",1081,131252,0.008236064974248012
33041.npy,33041,"(360, 360)",uint8,0.0,1.0,2,"[0, 1]",3092,129600,0.023858024691358025
33053.npy,33053,"(215, 483)",uint8,0.0,1.0,2,"[0, 1]",15496,103845,0.1492223987673937
33057.npy,33057,"(1912, 2568)",uint8,0.0,1.0,2,"[0, 1]",35300,4910016,0.007189385940901211
33064.npy,33064,"(360, 360)",uint8,0.0,1.0,2,"[0, 1]",3287,129600,0.025362654320987655
33071.npy,33071,"(256, 320)",uint8,0.0,1.0,2,"[0, 1]",1722,81920,0.0210205078125
33119.npy,33119,"(512, 542)",uint8,0.0,1.0,2,"[0, 1]",9578,277504,0.03451481780442804
33127.npy,33127,"(3, 520, 696)",uint8,0.0,1.0,2,"[0, 1]",10976,1085760,0.010109048040082523
33160.npy,33160,"(256, 320)",uint8,0.0,1.0,2,"[0, 1]",4847,81920,0.05916748046875
3318.npy,3318,"(666, 1000)",uint8,0.0,1.0,2,"[0, 1]",52579,666000,0.07894744744744744
33199.npy,33199,"(666, 1000)",uint8,0.0,1.0,2,"[0, 1]",50694,666000,0.07611711711711712
33205.npy,33205,"(1024, 1024)",uint8,0.0,1.0,2,"[0, 1]",917,1048576,0.0008745193481445312
33235.npy,33235,"(2, 1024, 1024)",uint8,0.0,1.0,2,"[0, 1]",11276,2097152,0.0053768157958984375
33256.npy,33256,"(666, 1000)",uint8,0.0,1.0,2,"[0, 1]",67339,666000,0.10110960960960962
33266.npy,33266,"(3, 512, 512)",uint8,0.0,1.0,2,"[0, 1]",3074,786432,0.003908793131510417
33273.npy,33273,"(666, 1000)",uint8,0.0,1.0,2,"[0, 1]",42288,666000,0.06349549549549549
33287.npy,33287,"(1200, 1600)",uint8,0.0,1.0,2,"[0, 1]",4505,1920000,0.0023463541666666667
33295.npy,33295,"(365, 483)",uint8,0.0,1.0,2,"[0, 1]",14994,176295,0.08505062537224538
33296.npy,33296,"(302, 518)",uint8,0.0,1.0,2,"[0, 1]",15570,156436,0.09952952005932138
33304.npy,33304,"(167, 779)",uint8,0.0,1.0,2,"[0, 1]",20324,130093,0.1562266993612262
33319.npy,33319,"(2, 1200, 1600)",uint8,0.0,1.0,2,"[0, 1]",10562,3840000,0.0027505208333333336
33340.npy,33340,"(1200, 1600)",uint8,0.0,1.0,2,"[0, 1]",5443,1920000,0.0028348958333333334
33343.npy,33343,"(666, 1000)",uint8,0.0,1.0,2,"[0, 1]",52511,666000,0.07884534534534535
3339.npy,3339,"(2, 1912, 2568)",uint8,0.0,1.0,2,"[0, 1]",122866,9820032,0.01251177185573326
33392.npy,33392,"(2, 687, 712)",uint8,0.0,1.0,2,"[0, 1]",12603,978288,0.012882709386193023
33397.npy,33397,"(512, 683)",uint8,0.0,1.0,2,"[0, 1]",41187,349696,0.117779442715959
33474.npy,33474,"(512, 512)",uint8,0.0,1.0,2,"[0, 1]",911,262144,0.003475189208984375
33513.npy,33513,"(3, 1200, 1600)",uint8,0.0,1.0,2,"[0, 1]",30680,5760000,0.005326388888888889
33580.npy,33580,"(68, 657)",uint8,0.0,1.0,2,"[0, 1]",17563,44676,0.3931193481958994
33588.npy,33588,"(2, 666, 1000)",uint8,0.0,1.0,2,"[0, 1]",123266,1332000,0.09254204204204204
33618.npy,33618,"(520, 696)",uint8,0.0,1.0,2,"[0, 1]",2926,361920,0.008084659593280284
3367.npy,3367,"(2, 1024, 1280)",uint8,0.0,1.0,2,"[0, 1]",7537,2621440,0.0028751373291015627
33686.npy,33686,"(204, 1662)",uint8,0.0,1.0,2,"[0, 1]",34382,339048,0.10140747032868502
33689.npy,33689,"(256, 256)",uint8,0.0,1.0,2,"[0, 1]",559,65536,0.0085296630859375
3371.npy,3371,"(3, 900, 900)",uint8,0.0,1.0,2,"[0, 1]",17694,2430000,0.007281481481481482
33735.npy,33735,"(104, 419)",uint8,0.0,1.0,2,"[0, 1]",5694,43576,0.13066825775656324
33772.npy,33772,"(666, 1000)",uint8,0.0,1.0,2,"[0, 1]",60778,666000,0.09125825825825826
33778.npy,33778,"(3, 1200, 1600)",uint8,0.0,1.0,2,"[0, 1]",17196,5760000,0.0029854166666666666
33791.npy,33791,"(2, 692, 680)",uint8,0.0,1.0,2,"[0, 1]",1758,941120,0.0018679870792247535
33877.npy,33877,"(2, 1200, 1600)",uint8,0.0,1.0,2,"[0, 1]",7008,3840000,0.001825
33878.npy,33878,"(2, 666, 1000)",uint8,0.0,1.0,2,"[0, 1]",99973,1332000,0.07505480480480481
33898.npy,33898,"(3, 256, 256)",uint8,0.0,1.0,2,"[0, 1]",4598,196608,0.023386637369791668
339.npy,339,"(220, 821)",uint8,0.0,1.0,2,"[0, 1]",56106,180620,0.3106300520429631
33928.npy,33928,"(177, 712)",uint8,0.0,1.0,2,"[0, 1]",8234,126024,0.06533676125182505
3394.npy,3394,"(1912, 2568)",uint8,0.0,1.0,2,"[0, 1]",106386,4910016,0.02166713917021859
33949.npy,33949,"(96, 442)",uint8,0.0,1.0,2,"[0, 1]",16498,42432,0.3888103318250377
33968.npy,33968,"(1912, 2568)",uint8,0.0,1.0,2,"[0, 1]",65526,4910016,0.013345374027294412
33985.npy,33985,"(2, 666, 1000)",uint8,0.0,1.0,2,"[0, 1]",114318,1332000,0.08582432432432432
34005.npy,34005,"(256, 256)",uint8,0.0,1.0,2,"[0, 1]",823,65536,0.0125579833984375
3402.npy,3402,"(142, 353)",uint8,0.0,1.0,2,"[0, 1]",12534,50126,0.2500498743167219
34027.npy,34027,"(2, 1024, 1024)",uint8,0.0,1.0,2,"[0, 1]",7155,2097152,0.0034117698669433594
34035.npy,34035,"(666, 1000)",uint8,0.0,1.0,2,"[0, 1]",102342,666000,0.15366666666666667
34036.npy,34036,"(270, 750)",uint8,0.0,1.0,2,"[0, 1]",20106,202500,0.09928888888888888
34103.npy,34103,"(512, 550)",uint8,0.0,1.0,2,"[0, 1]",8510,281600,0.030220170454545454
34132.npy,34132,"(313, 474)",uint8,0.0,1.0,2,"[0, 1]",3154,148362,0.02125881290357369
34171.npy,34171,"(2, 666, 1000)",uint8,0.0,1.0,2,"[0, 1]",79047,1332000,0.059344594594594596
34174.npy,34174,"(2, 512, 759)",uint8,0.0,1.0,2,"[0, 1]",7753,777216,0.009975347908432148
34211.npy,34211,"(94, 366)",uint8,0.0,1.0,2,"[0, 1]",4136,34404,0.12021857923497267
34237.npy,34237,"(185, 708)",uint8,0.0,1.0,2,"[0, 1]",27740,130980,0.21178805924568636
34255.npy,34255,"(461, 118)",uint8,0.0,1.0,2,"[0, 1]",3308,54398,0.06081105923011875
34265.npy,34265,"(2, 666, 1000)",uint8,0.0,1.0,2,"[0, 1]",109988,1332000,0.08257357357357357
34295.npy,34295,"(105, 1255)",uint8,0.0,1.0,2,"[0, 1]",10812,131775,0.08204894706886738
34306.npy,34306,"(119, 604)",uint8,0.0,1.0,2,"[0, 1]",6838,71876,0.09513606767210195
34317.npy,34317,"(2, 512, 513)",uint8,0.0,1.0,2,"[0, 1]",276,525312,0.0005254020467836257
34319.npy,34319,"(2, 1200, 1600)",uint8,0.0,1.0,2,"[0, 1]",3618,3840000,0.0009421875
34367.npy,34367,"(2, 174, 1037)",uint8,0.0,1.0,2,"[0, 1]",13428,360876,0.037209456987995874
34383.npy,34383,"(2, 828, 535)",uint8,0.0,1.0,2,"[0, 1]",3790,885960,0.00427784550092555
34415.npy,34415,"(666, 1000)",uint8,0.0,1.0,2,"[0, 1]",97065,666000,0.14574324324324325
34526.npy,34526,"(186, 875)",uint8,0.0,1.0,2,"[0, 1]",19318,162750,0.1186973886328725
34527.npy,34527,"(512, 724)",uint8,0.0,1.0,2,"[0, 1]",58219,370688,0.15705660825276244
34528.npy,34528,"(256, 256)",uint8,0.0,1.0,2,"[0, 1]",522,65536,0.007965087890625
34572.npy,34572,"(520, 696)",uint8,0.0,1.0,2,"[0, 1]",3288,361920,0.009084880636604774
34597.npy,34597,"(666, 1000)",uint8,0.0,1.0,2,"[0, 1]",56030,666000,0.08412912912912913
346.npy,346,"(520, 696)",uint8,0.0,1.0,2,"[0, 1]",3719,361920,0.010275751547303272
34672.npy,34672,"(123, 736)",uint8,0.0,1.0,2,"[0, 1]",10210,90528,0.11278278543655001
34744.npy,34744,"(2592, 3888)",uint8,0.0,1.0,2,"[0, 1]",459117,10077696,0.045557734625057154
34769.npy,34769,"(498, 246)",uint8,0.0,1.0,2,"[0, 1]",4900,122508,0.03999738792568649
34824.npy,34824,"(2, 1200, 1600)",uint8,0.0,1.0,2,"[0, 1]",13961,3840000,0.003635677083333333
3483.npy,3483,"(2, 1024, 1024)",uint8,0.0,1.0,2,"[0, 1]",4256,2097152,0.0020294189453125
34842.npy,34842,"(2, 520, 696)",uint8,0.0,1.0,2,"[0, 1]",5009,723840,0.006920037577365164
34845.npy,34845,"(2, 1200, 1600)",uint8,0.0,1.0,2,"[0, 1]",2586,3840000,0.0006734375
34869.npy,34869,"(159, 428)",uint8,0.0,1.0,2,"[0, 1]",6066,68052,0.08913771821548228
34873.npy,34873,"(666, 1000)",uint8,0.0,1.0,2,"[0, 1]",37755,666000,0.056689189189189186
34883.npy,34883,"(266, 185)",uint8,0.0,1.0,2,"[0, 1]",5008,49210,0.10176793334688071
34908.npy,34908,"(2, 256, 320)",uint8,0.0,1.0,2,"[0, 1]",953,163840,0.005816650390625
34914.npy,34914,"(512, 740)",uint8,0.0,1.0,2,"[0, 1]",12757,378880,0.03367029138513514
34992.npy,34992,"(550, 512)",uint8,0.0,1.0,2,"[0, 1]",6085,281600,0.021608664772727274
350.npy,350,"(192, 1129)",uint8,0.0,1.0,2,"[0, 1]",7008,216768,0.032329495128432244
35018.npy,35018,"(2, 1200, 1600)",uint8,0.0,1.0,2,"[0, 1]",9848,3840000,0.002564583333333333
35035.npy,35035,"(100, 686)",uint8,0.0,1.0,2,"[0, 1]",4768,68600,0.06950437317784257
35038.npy,35038,"(1200, 1600)",uint8,0.0,1.0,2,"[0, 1]",6020,1920000,0.0031354166666666666
35068.npy,35068,"(194, 887)",uint8,0.0,1.0,2,"[0, 1]",7392,172078,0.04295726356652216
35069.npy,35069,"(223, 444)",uint8,0.0,1.0,2,"[0, 1]",4260,99012,0.0430250878681372
35094.npy,35094,"(512, 512)",uint8,0.0,1.0,2,"[0, 1]",1183,262144,0.004512786865234375
35107.npy,35107,"(1024, 1024)",uint8,0.0,1.0,2,"[0, 1]",42499,1048576,0.04053020477294922
35112.npy,35112,"(256, 320)",uint8,0.0,1.0,2,"[0, 1]",976,81920,0.0119140625
35117.npy,35117,"(256, 320)",uint8,0.0,1.0,2,"[0, 1]",1372,81920,0.016748046875
35127.npy,35127,"(73, 522)",uint8,0.0,1.0,2,"[0, 1]",5298,38106,0.13903322311447017
35143.npy,35143,"(4, 512, 518)",uint8,0.0,1.0,2,"[0, 1]",3574,1060864,0.0033689520994208493
35176.npy,35176,"(666, 1000)",uint8,0.0,1.0,2,"[0, 1]",55154,666000,0.08281381381381381
35208.npy,35208,"(3, 512, 512)",uint8,0.0,1.0,2,"[0, 1]",3281,786432,0.004172007242838542
35216.npy,35216,"(2, 833, 989)",uint8,0.0,1.0,2,"[0, 1]",1915,1647674,0.001162244473117862
35222.npy,35222,"(119, 420)",uint8,0.0,1.0,2,"[0, 1]",11442,49980,0.22893157262905162
35234.npy,35234,"(2, 520, 696)",uint8,0.0,1.0,2,"[0, 1]",2343,723840,0.0032369031830238727
35322.npy,35322,"(139, 1075)",uint8,0.0,1.0,2,"[0, 1]",29460,149425,0.19715576376108415
35347.npy,35347,"(2, 256, 320)",uint8,0.0,1.0,2,"[0, 1]",5505,163840,0.033599853515625
35374.npy,35374,"(2592, 3888)",uint8,0.0,1.0,2,"[0, 1]",496616,10077696,0.04927872402580907
35378.npy,35378,"(2, 512, 512)",uint8,0.0,1.0,2,"[0, 1]",1691,524288,0.0032253265380859375
35385.npy,35385,"(152, 1305)",uint8,0.0,1.0,2,"[0, 1]",11810,198360,0.059538213349465616
35390.npy,35390,"(1200, 1600)",uint8,0.0,1.0,2,"[0, 1]",8014,1920000,0.004173958333333333
35412.npy,35412,"(2, 256, 256)",uint8,0.0,1.0,2,"[0, 1]",469,131072,0.00357818603515625
35467.npy,35467,"(1024, 1024)",uint8,0.0,1.0,2,"[0, 1]",988,1048576,0.000942230224609375
35471.npy,35471,"(1200, 1600)",uint8,0.0,1.0,2,"[0, 1]",2392,1920000,0.0012458333333333334
35522.npy,35522,"(1912, 2568)",uint8,0.0,1.0,2,"[0, 1]",73701,4910016,0.015010338051851563
35559.npy,35559,"(3, 1200, 1600)",uint8,0.0,1.0,2,"[0, 1]",17992,5760000,0.0031236111111111113
35570.npy,35570,"(69, 517)",uint8,0.0,1.0,2,"[0, 1]",4728,35673,0.13253721301824908
35578.npy,35578,"(564, 179)",uint8,0.0,1.0,2,"[0, 1]",9090,100956,0.09003922500891477
35586.npy,35586,"(512, 640)",uint8,0.0,1.0,2,"[0, 1]",46814,327680,0.142864990234375
35610.npy,35610,"(2, 766, 570)",uint8,0.0,1.0,2,"[0, 1]",1215,873240,0.0013913700700838257
35616.npy,35616,"(2, 512, 512)",uint8,0.0,1.0,2,"[0, 1]",1600,524288,0.0030517578125
35628.npy,35628,"(1200, 1600)",uint8,0.0,1.0,2,"[0, 1]",8399,1920000,0.004374479166666666
35670.npy,35670,"(256, 320)",uint8,0.0,1.0,2,"[0, 1]",2515,81920,0.03070068359375
35715.npy,35715,"(512, 512)",uint8,0.0,1.0,2,"[0, 1]",618,262144,0.00235748291015625
35717.npy,35717,"(1912, 2568)",uint8,0.0,1.0,2,"[0, 1]",64362,4910016,0.013108307590036367
35719.npy,35719,"(666, 1000)",uint8,0.0,1.0,2,"[0, 1]",55410,666000,0.0831981981981982
35723.npy,35723,"(924, 171)",uint8,0.0,1.0,2,"[0, 1]",6090,158004,0.03854332801701223
3574.npy,3574,"(2, 256, 320)",uint8,0.0,1.0,2,"[0, 1]",1681,163840,0.010260009765625
35744.npy,35744,"(666, 1000)",uint8,0.0,1.0,2,"[0, 1]",53556,666000,0.08041441441441441
35763.npy,35763,"(2, 666, 1000)",uint8,0.0,1.0,2,"[0, 1]",85709,1332000,0.0643460960960961
35781.npy,35781,"(666, 1000)",uint8,0.0,1.0,2,"[0, 1]",64874,666000,0.0974084084084084
35814.npy,35814,"(666, 1000)",uint8,0.0,1.0,2,"[0, 1]",54049,666000,0.08115465465465466
35827.npy,35827,"(3, 520, 696)",uint8,0.0,1.0,2,"[0, 1]",23212,1085760,0.021378573533745948
35829.npy,35829,"(360, 360)",uint8,0.0,1.0,2,"[0, 1]",5912,129600,0.04561728395061728
35849.npy,35849,"(177, 712)",uint8,0.0,1.0,2,"[0, 1]",18706,126024,0.14843204468990034
35850.npy,35850,"(297, 204)",uint8,0.0,1.0,2,"[0, 1]",1594,60588,0.02630884003433023
35861.npy,35861,"(2, 528, 512)",uint8,0.0,1.0,2,"[0, 1]",4541,540672,0.008398807410037878
35871.npy,35871,"(2, 256, 256)",uint8,0.0,1.0,2,"[0, 1]",1138,131072,0.0086822509765625
35885.npy,35885,"(2, 256, 320)",uint8,0.0,1.0,2,"[0, 1]",1492,163840,0.0091064453125
35933.npy,35933,"(3888, 2592)",uint8,0.0,1.0,2,"[0, 1]",542773,10077696,0.05385883836940507
35950.npy,35950,"(666, 1000)",uint8,0.0,1.0,2,"[0, 1]",54654,666000,0.08206306306306306
3598.npy,3598,"(2, 243, 1138)",uint8,0.0,1.0,2,"[0, 1]",40672,553068,0.07353887767869412
360.npy,360,"(256, 320)",uint8,0.0,1.0,2,"[0, 1]",535,81920,0.00653076171875
36010.npy,36010,"(256, 320)",uint8,0.0,1.0,2,"[0, 1]",162,81920,0.0019775390625
36035.npy,36035,"(256, 256)",uint8,0.0,1.0,2,"[0, 1]",247,65536,0.0037689208984375
3606.npy,3606,"(2, 666, 1000)",uint8,0.0,1.0,2,"[0, 1]",151195,1332000,0.11350975975975976
36106.npy,36106,"(133, 609)",uint8,0.0,1.0,2,"[0, 1]",10626,80997,0.1311900440757065
36175.npy,36175,"(1200, 1600)",uint8,0.0,1.0,2,"[0, 1]",6866,1920000,0.0035760416666666666
36181.npy,36181,"(2, 256, 256)",uint8,0.0,1.0,2,"[0, 1]",1337,131072,0.01020050048828125
36190.npy,36190,"(3, 512, 512)",uint8,0.0,1.0,2,"[0, 1]",3656,786432,0.004648844401041667
36223.npy,36223,"(117, 565)",uint8,0.0,1.0,2,"[0, 1]",24012,66105,0.36324029952348535
36245.npy,36245,"(666, 1000)",uint8,0.0,1.0,2,"[0, 1]",48665,666000,0.07307057057057056
36292.npy,36292,"(2, 360, 360)",uint8,0.0,1.0,2,"[0, 1]",13302,259200,0.051319444444444445
36295.npy,36295,"(666, 1000)",uint8,0.0,1.0,2,"[0, 1]",39208,666000,0.058870870870870874
3632.npy,3632,"(1200, 1600)",uint8,0.0,1.0,2,"[0, 1]",10921,1920000,0.005688020833333333
36323.npy,36323,"(1200, 1600)",uint8,0.0,1.0,2,"[0, 1]",12241,1920000,0.006375520833333334
36343.npy,36343,"(2, 512, 593)",uint8,0.0,1.0,2,"[0, 1]",3572,607232,0.005882430438448567
36371.npy,36371,"(2, 666, 1000)",uint8,0.0,1.0,2,"[0, 1]",94518,1332000,0.07095945945945946
36390.npy,36390,"(520, 696)",uint8,0.0,1.0,2,"[0, 1]",3831,361920,0.010585212201591513
36412.npy,36412,"(535, 711)",uint8,0.0,1.0,2,"[0, 1]",5370,380385,0.014117275917820103
36413.npy,36413,"(113, 698)",uint8,0.0,1.0,2,"[0, 1]",3660,78874,0.046403123969876
36423.npy,36423,"(512, 620)",uint8,0.0,1.0,2,"[0, 1]",7222,317440,0.022750756048387097
36434.npy,36434,"(3, 1200, 1600)",uint8,0.0,1.0,2,"[0, 1]",16764,5760000,0.0029104166666666666
36453.npy,36453,"(256, 256)",uint8,0.0,1.0,2,"[0, 1]",818,65536,0.012481689453125
36460.npy,36460,"(2, 666, 1000)",uint8,0.0,1.0,2,"[0, 1]",167244,1332000,0.12555855855855855
36511.npy,36511,"(1912, 2568)",uint8,0.0,1.0,2,"[0, 1]",21750,4910016,0.0044297207992804915
36553.npy,36553,"(666, 1000)",uint8,0.0,1.0,2,"[0, 1]",47624,666000,0.0715075075075075
36580.npy,36580,"(512, 512)",uint8,0.0,1.0,2,"[0, 1]",13915,262144,0.053081512451171875
36597.npy,36597,"(520, 696)",uint8,0.0,1.0,2,"[0, 1]",4528,361920,0.01251105216622458
3662.npy,3662,"(2, 256, 256)",uint8,0.0,1.0,2,"[0, 1]",325,131072,0.00247955322265625
36640.npy,36640,"(611, 521)",uint8,0.0,1.0,2,"[0, 1]",16330,318331,0.0512988053315574
36648.npy,36648,"(666, 1000)",uint8,0.0,1.0,2,"[0, 1]",35559,666000,0.05339189189189189
36705.npy,36705,"(360, 360)",uint8,0.0,1.0,2,"[0, 1]",10143,129600,0.07826388888888888
36707.npy,36707,"(1912, 2568)",uint8,0.0,1.0,2,"[0, 1]",56708,4910016,0.011549453199337843
3671.npy,3671,"(666, 1000)",uint8,0.0,1.0,2,"[0, 1]",134088,666000,0.20133333333333334
36715.npy,36715,"(2, 256, 320)",uint8,0.0,1.0,2,"[0, 1]",825,163840,0.005035400390625
3672.npy,3672,"(1024, 1280)",uint8,0.0,1.0,2,"[0, 1]",6270,1310720,0.00478363037109375
36724.npy,36724,"(666, 1000)",uint8,0.0,1.0,2,"[0, 1]",33079,666000,0.049668168168168166
36746.npy,36746,"(141, 1009)",uint8,0.0,1.0,2,"[0, 1]",14274,142269,0.10033106298631465
3678.npy,3678,"(536, 512)",uint8,0.0,1.0,2,"[0, 1]",52384,274432,0.19088152985074627
36794.npy,36794,"(520, 696)",uint8,0.0,1.0,2,"[0, 1]",3644,361920,0.010068523430592396
36840.npy,36840,"(2, 360, 360)",uint8,0.0,1.0,2,"[0, 1]",7038,259200,0.02715277777777778
36945.npy,36945,"(512, 512)",uint8,0.0,1.0,2,"[0, 1]",706,262144,0.00269317626953125
36949.npy,36949,"(2, 360, 360)",uint8,0.0,1.0,2,"[0, 1]",8177,259200,0.03154706790123457
36968.npy,36968,"(2592, 3888)",uint8,0.0,1.0,2,"[0, 1]",440635,10077696,0.04372378369024031
36986.npy,36986,"(3, 1105, 1105)",uint8,0.0,1.0,2,"[0, 1]",9815,3663075,0.0026794428178511225
3704.npy,3704,"(666, 1000)",uint8,0.0,1.0,2,"[0, 1]",86768,666000,0.13028228228228228
37050.npy,37050,"(3, 520, 696)",uint8,0.0,1.0,2,"[0, 1]",9060,1085760,0.008344385499557913
37076.npy,37076,"(2, 256, 256)",uint8,0.0,1.0,2,"[0, 1]",489,131072,0.00373077392578125
37084.npy,37084,"(666, 1000)",uint8,0.0,1.0,2,"[0, 1]",67590,666000,0.10148648648648649
37135.npy,37135,"(520, 696)",uint8,0.0,1.0,2,"[0, 1]",6401,361920,0.017686229000884172
3714.npy,3714,"(666, 1000)",uint8,0.0,1.0,2,"[0, 1]",119301,666000,0.17913063063063064
37143.npy,37143,"(131, 546)",uint8,0.0,1.0,2,"[0, 1]",6738,71526,0.09420350641724687
37149.npy,37149,"(2, 1024, 1280)",uint8,0.0,1.0,2,"[0, 1]",8387,2621440,0.0031993865966796877
37164.npy,37164,"(1200, 1600)",uint8,0.0,1.0,2,"[0, 1]",8813,1920000,0.004590104166666667
3719.npy,3719,"(256, 256)",uint8,0.0,1.0,2,"[0, 1]",977,65536,0.0149078369140625
37195.npy,37195,"(512, 544)",uint8,0.0,1.0,2,"[0, 1]",31470,278528,0.11298684512867647
37253.npy,37253,"(2, 1200, 1600)",uint8,0.0,1.0,2,"[0, 1]",20889,3840000,0.00543984375
37280.npy,37280,"(520, 696)",uint8,0.0,1.0,2,"[0, 1]",6263,361920,0.017304929266136162
37321.npy,37321,"(1024, 1024)",uint8,0.0,1.0,2,"[0, 1]",11306,1048576,0.010782241821289062
37348.npy,37348,"(706, 859)",uint8,0.0,1.0,2,"[0, 1]",5731,606454,0.009450015994617894
37361.npy,37361,"(3, 512, 512)",uint8,0.0,1.0,2,"[0, 1]",2595,786432,0.003299713134765625
37364.npy,37364,"(1912, 2568)",uint8,0.0,1.0,2,"[0, 1]",42786,4910016,0.008714024557150118
37400.npy,37400,"(2, 520, 696)",uint8,0.0,1.0,2,"[0, 1]",5295,723840,0.007315152519893899
37401.npy,37401,"(1200, 1600)",uint8,0.0,1.0,2,"[0, 1]",6736,1920000,0.0035083333333333334
37421.npy,37421,"(3, 512, 731)",uint8,0.0,1.0,2,"[0, 1]",1225,1122816,0.0010910068969448245
37423.npy,37423,"(666, 1000)",uint8,0.0,1.0,2,"[0, 1]",61504,666000,0.09234834834834835
37424.npy,37424,"(666, 1000)",uint8,0.0,1.0,2,"[0, 1]",87920,666000,0.13201201201201201
37448.npy,37448,"(2, 666, 1000)",uint8,0.0,1.0,2,"[0, 1]",102160,1332000,0.0766966966966967
37451.npy,37451,"(3, 1200, 1600)",uint8,0.0,1.0,2,"[0, 1]",20248,5760000,0.0035152777777777778
37476.npy,37476,"(1918, 1109)",uint8,0.0,1.0,2,"[0, 1]",6456,2127062,0.0030351724585367047
37495.npy,37495,"(512, 615)",uint8,0.0,1.0,2,"[0, 1]",28309,314880,0.08990409044715447
37504.npy,37504,"(2, 256, 256)",uint8,0.0,1.0,2,"[0, 1]",1714,131072,0.0130767822265625
3751.npy,3751,"(256, 256)",uint8,0.0,1.0,2,"[0, 1]",706,65536,0.010772705078125
37528.npy,37528,"(2, 256, 320)",uint8,0.0,1.0,2,"[0, 1]",1674,163840,0.01021728515625
37553.npy,37553,"(1200, 1600)",uint8,0.0,1.0,2,"[0, 1]",12164,1920000,0.006335416666666666
37556.npy,37556,"(256, 256)",uint8,0.0,1.0,2,"[0, 1]",468,65536,0.00714111328125
37583.npy,37583,"(666, 1000)",uint8,0.0,1.0,2,"[0, 1]",59479,666000,0.08930780780780781
37586.npy,37586,"(2, 1087, 1022)",uint8,0.0,1.0,2,"[0, 1]",22152,2221828,0.009970168707928787
37605.npy,37605,"(2, 256, 256)",uint8,0.0,1.0,2,"[0, 1]",919,131072,0.00701141357421875
37639.npy,37639,"(2, 3888, 2592)",uint8,0.0,1.0,2,"[0, 1]",581263,20155392,0.02883908186950668
377.npy,377,"(696, 767)",uint8,0.0,1.0,2,"[0, 1]",26118,533832,0.04892550465314931
37708.npy,37708,"(2, 589, 512)",uint8,0.0,1.0,2,"[0, 1]",8234,603136,0.013651978989813242
37735.npy,37735,"(2592, 3888)",uint8,0.0,1.0,2,"[0, 1]",225518,10077696,0.02237793241629833
37768.npy,37768,"(512, 772)",uint8,0.0,1.0,2,"[0, 1]",11148,395264,0.028203934585492228
37783.npy,37783,"(2, 251, 483)",uint8,0.0,1.0,2,"[0, 1]",3891,242466,0.016047610799039866
37802.npy,37802,"(1024, 1024)",uint8,0.0,1.0,2,"[0, 1]",3602,1048576,0.0034351348876953125
37816.npy,37816,"(2, 121, 963)",uint8,0.0,1.0,2,"[0, 1]",6681,233046,0.028668159934090266
37817.npy,37817,"(2, 447, 373)",uint8,0.0,1.0,2,"[0, 1]",3609,333462,0.010822822390557246
37827.npy,37827,"(419, 1539)",uint8,0.0,1.0,2,"[0, 1]",3738,644841,0.005796777810343945
37830.npy,37830,"(256, 256)",uint8,0.0,1.0,2,"[0, 1]",250,65536,0.003814697265625
3785.npy,3785,"(501, 98)",uint8,0.0,1.0,2,"[0, 1]",1712,49098,0.034869037435333414
37855.npy,37855,"(515, 512)",uint8,0.0,1.0,2,"[0, 1]",25870,263680,0.09811134708737865
37856.npy,37856,"(2, 264, 241)",uint8,0.0,1.0,2,"[0, 1]",4106,127248,0.03226769772412926
37857.npy,37857,"(119, 761)",uint8,0.0,1.0,2,"[0, 1]",15762,90559,0.1740522753122274
37880.npy,37880,"(2, 246, 226)",uint8,0.0,1.0,2,"[0, 1]",3865,111192,0.03475969494208216
37894.npy,37894,"(1200, 1600)",uint8,0.0,1.0,2,"[0, 1]",8242,1920000,0.004292708333333333
37902.npy,37902,"(360, 360)",uint8,0.0,1.0,2,"[0, 1]",5643,129600,0.043541666666666666
37903.npy,37903,"(256, 320)",uint8,0.0,1.0,2,"[0, 1]",1387,81920,0.01693115234375
37909.npy,37909,"(512, 640)",uint8,0.0,1.0,2,"[0, 1]",3386,327680,0.010333251953125
37912.npy,37912,"(118, 843)",uint8,0.0,1.0,2,"[0, 1]",3866,99474,0.038864426885417296
37921.npy,37921,"(3, 638, 686)",uint8,0.0,1.0,2,"[0, 1]",3115,1313004,0.0023724223231612394
37934.npy,37934,"(256, 256)",uint8,0.0,1.0,2,"[0, 1]",377,65536,0.0057525634765625
37942.npy,37942,"(666, 1000)",uint8,0.0,1.0,2,"[0, 1]",78801,666000,0.11831981981981982
3795.npy,3795,"(256, 320)",uint8,0.0,1.0,2,"[0, 1]",6187,81920,0.07552490234375
37966.npy,37966,"(360, 360)",uint8,0.0,1.0,2,"[0, 1]",4713,129600,0.03636574074074074
37975.npy,37975,"(81, 726)",uint8,0.0,1.0,2,"[0, 1]",2646,58806,0.04499540863177227
37980.npy,37980,"(68, 391)",uint8,0.0,1.0,2,"[0, 1]",8188,26588,0.3079584775086505
38034.npy,38034,"(475, 469)",uint8,0.0,1.0,2,"[0, 1]",631,222775,0.0028324542700033668
38038.npy,38038,"(102, 986)",uint8,0.0,1.0,2,"[0, 1]",14858,100572,0.14773495605138606
38055.npy,38055,"(520, 696)",uint8,0.0,1.0,2,"[0, 1]",8518,361920,0.023535587975243147
3811.npy,3811,"(666, 1000)",uint8,0.0,1.0,2,"[0, 1]",61827,666000,0.09283333333333334
38129.npy,38129,"(2, 520, 696)",uint8,0.0,1.0,2,"[0, 1]",3651,723840,0.005043932360742706
38136.npy,38136,"(1912, 2568)",uint8,0.0,1.0,2,"[0, 1]",46153,4910016,0.00939976570341115
38160.npy,38160,"(264, 1267)",uint8,0.0,1.0,2,"[0, 1]",62798,334488,0.18774365597570017
38205.npy,38205,"(256, 256)",uint8,0.0,1.0,2,"[0, 1]",940,65536,0.01434326171875
38228.npy,38228,"(2, 1912, 2568)",uint8,0.0,1.0,2,"[0, 1]",107093,9820032,0.01090556527718036
3824.npy,3824,"(134, 1398)",uint8,0.0,1.0,2,"[0, 1]",20680,187332,0.11039224478466039
38256.npy,38256,"(2, 520, 696)",uint8,0.0,1.0,2,"[0, 1]",20707,723840,0.028607150751547305
3826.npy,3826,"(512, 648)",uint8,0.0,1.0,2,"[0, 1]",37403,331776,0.11273570119598765
38283.npy,38283,"(3888, 2592)",uint8,0.0,1.0,2,"[0, 1]",407820,10077696,0.0404675830666057
38285.npy,38285,"(666, 1000)",uint8,0.0,1.0,2,"[0, 1]",84277,666000,0.12654204204204203
38292.npy,38292,"(2, 256, 256)",uint8,0.0,1.0,2,"[0, 1]",725,131072,0.00553131103515625
38294.npy,38294,"(939, 1049)",uint8,0.0,1.0,2,"[0, 1]",69456,985011,0.07051291812984829
38339.npy,38339,"(256, 256)",uint8,0.0,1.0,2,"[0, 1]",322,65536,0.004913330078125
38396.npy,38396,"(666, 1000)",uint8,0.0,1.0,2,"[0, 1]",93731,666000,0.14073723723723724
384.npy,384,"(2, 1200, 1600)",uint8,0.0,1.0,2,"[0, 1]",15120,3840000,0.0039375
38409.npy,38409,"(520, 696)",uint8,0.0,1.0,2,"[0, 1]",420,361920,0.0011604774535809018
38440.npy,38440,"(256, 320)",uint8,0.0,1.0,2,"[0, 1]",668,81920,0.008154296875
38456.npy,38456,"(1200, 1600)",uint8,0.0,1.0,2,"[0, 1]",10374,1920000,0.005403125
38471.npy,38471,"(3, 256, 256)",uint8,0.0,1.0,2,"[0, 1]",1851,196608,0.0094146728515625
38481.npy,38481,"(79, 482)",uint8,0.0,1.0,2,"[0, 1]",1746,38078,0.04585324859498923
38484.npy,38484,"(1912, 2568)",uint8,0.0,1.0,2,"[0, 1]",105376,4910016,0.02146143719287269
38486.npy,38486,"(2, 1200, 1600)",uint8,0.0,1.0,2,"[0, 1]",4302,3840000,0.0011203125
38495.npy,38495,"(145, 1544)",uint8,0.0,1.0,2,"[0, 1]",39398,223880,0.1759782026085403
38500.npy,38500,"(3, 256, 256)",uint8,0.0,1.0,2,"[0, 1]",1738,196608,0.008839925130208334
38521.npy,38521,"(2, 520, 696)",uint8,0.0,1.0,2,"[0, 1]",11790,723840,0.016288129973474803
38534.npy,38534,"(2, 666, 1000)",uint8,0.0,1.0,2,"[0, 1]",99225,1332000,0.07449324324324325
38548.npy,38548,"(1024, 1280)",uint8,0.0,1.0,2,"[0, 1]",2258,1310720,0.00172271728515625
38567.npy,38567,"(666, 1000)",uint8,0.0,1.0,2,"[0, 1]",46089,666000,0.0692027027027027
38582.npy,38582,"(256, 256)",uint8,0.0,1.0,2,"[0, 1]",587,65536,0.0089569091796875
38613.npy,38613,"(256, 256)",uint8,0.0,1.0,2,"[0, 1]",175,65536,0.0026702880859375
38625.npy,38625,"(3, 256, 256)",uint8,0.0,1.0,2,"[0, 1]",1551,196608,0.0078887939453125
38633.npy,38633,"(1200, 1600)",uint8,0.0,1.0,2,"[0, 1]",4367,1920000,0.002274479166666667
38660.npy,38660,"(2, 520, 696)",uint8,0.0,1.0,2,"[0, 1]",8878,723840,0.012265141467727675
38667.npy,38667,"(360, 360)",uint8,0.0,1.0,2,"[0, 1]",3061,129600,0.02361882716049383
38679.npy,38679,"(666, 1000)",uint8,0.0,1.0,2,"[0, 1]",56461,666000,0.08477627627627628
38698.npy,38698,"(1200, 1600)",uint8,0.0,1.0,2,"[0, 1]",8513,1920000,0.004433854166666667
38699.npy,38699,"(256, 256)",uint8,0.0,1.0,2,"[0, 1]",297,65536,0.0045318603515625
38780.npy,38780,"(1024, 1024)",uint8,0.0,1.0,2,"[0, 1]",886,1048576,0.0008449554443359375
3880.npy,3880,"(666, 1000)",uint8,0.0,1.0,2,"[0, 1]",91599,666000,0.13753603603603604
38800.npy,38800,"(1200, 1600)",uint8,0.0,1.0,2,"[0, 1]",9876,1920000,0.00514375
38842.npy,38842,"(360, 360)",uint8,0.0,1.0,2,"[0, 1]",6810,129600,0.0525462962962963
38913.npy,38913,"(666, 1000)",uint8,0.0,1.0,2,"[0, 1]",49284,666000,0.074
38945.npy,38945,"(2, 256, 256)",uint8,0.0,1.0,2,"[0, 1]",713,131072,0.00543975830078125
3895.npy,3895,"(3, 516, 512)",uint8,0.0,1.0,2,"[0, 1]",3054,792576,0.0038532582364341084
38953.npy,38953,"(511, 506)",uint8,0.0,1.0,2,"[0, 1]",1665,258566,0.00643936171035635
38979.npy,38979,"(666, 1000)",uint8,0.0,1.0,2,"[0, 1]",48054,666000,0.07215315315315315
38996.npy,38996,"(2, 512, 650)",uint8,0.0,1.0,2,"[0, 1]",2280,665600,0.003425480769230769
39007.npy,39007,"(2, 1200, 1600)",uint8,0.0,1.0,2,"[0, 1]",6410,3840000,0.0016692708333333334
39015.npy,39015,"(2, 256, 256)",uint8,0.0,1.0,2,"[0, 1]",507,131072,0.00386810302734375
39078.npy,39078,"(2, 360, 360)",uint8,0.0,1.0,2,"[0, 1]",7501,259200,0.028939043209876544
39097.npy,39097,"(83, 666)",uint8,0.0,1.0,2,"[0, 1]",9342,55278,0.16900032562683165
39099.npy,39099,"(256, 256)",uint8,0.0,1.0,2,"[0, 1]",268,65536,0.00408935546875
39113.npy,39113,"(666, 1000)",uint8,0.0,1.0,2,"[0, 1]",70877,666000,0.10642192192192192
39156.npy,39156,"(187, 1676)",uint8,0.0,1.0,2,"[0, 1]",36330,313412,0.11591770576748817
39162.npy,39162,"(512, 669)",uint8,0.0,1.0,2,"[0, 1]",13552,342528,0.039564648729446934
39245.npy,39245,"(666, 1000)",uint8,0.0,1.0,2,"[0, 1]",56852,666000,0.08536336336336336
39299.npy,39299,"(103, 691)",uint8,0.0,1.0,2,"[0, 1]",5758,71173,0.08090146544335633
3933.npy,3933,"(1024, 1024)",uint8,0.0,1.0,2,"[0, 1]",5996,1048576,0.005718231201171875
39338.npy,39338,"(2, 1200, 1600)",uint8,0.0,1.0,2,"[0, 1]",9884,3840000,0.0025739583333333335
3934.npy,3934,"(256, 256)",uint8,0.0,1.0,2,"[0, 1]",739,65536,0.0112762451171875
39341.npy,39341,"(81, 418)",uint8,0.0,1.0,2,"[0, 1]",10204,33858,0.30137633646405576
39366.npy,39366,"(512, 732)",uint8,0.0,1.0,2,"[0, 1]",16596,374784,0.044281506147540985
39385.npy,39385,"(1200, 1600)",uint8,0.0,1.0,2,"[0, 1]",3526,1920000,0.0018364583333333334
39388.npy,39388,"(127, 719)",uint8,0.0,1.0,2,"[0, 1]",15412,91313,0.16878210112470293
39397.npy,39397,"(512, 699)",uint8,0.0,1.0,2,"[0, 1]",8656,357888,0.024186337625178828
39486.npy,39486,"(1024, 1024)",uint8,0.0,1.0,2,"[0, 1]",1242,1048576,0.0011844635009765625
39549.npy,39549,"(512, 512)",uint8,0.0,1.0,2,"[0, 1]",1026,262144,0.00391387939453125
39573.npy,39573,"(360, 360)",uint8,0.0,1.0,2,"[0, 1]",3806,129600,0.029367283950617284
39579.npy,39579,"(2, 666, 1000)",uint8,0.0,1.0,2,"[0, 1]",97386,1332000,0.0731126126126126
3958.npy,3958,"(311, 341)",uint8,0.0,1.0,2,"[0, 1]",2803,106051,0.02643067957869327
39620.npy,39620,"(666, 1000)",uint8,0.0,1.0,2,"[0, 1]",78733,666000,0.11821771771771772
39625.npy,39625,"(2, 256, 256)",uint8,0.0,1.0,2,"[0, 1]",514,131072,0.0039215087890625
39637.npy,39637,"(3888, 2592)",uint8,0.0,1.0,2,"[0, 1]",468661,10077696,0.04650477648859422
39638.npy,39638,"(2, 256, 256)",uint8,0.0,1.0,2,"[0, 1]",380,131072,0.002899169921875
39702.npy,39702,"(2, 256, 320)",uint8,0.0,1.0,2,"[0, 1]",8856,163840,0.054052734375
39719.npy,39719,"(118, 568)",uint8,0.0,1.0,2,"[0, 1]",28280,67024,0.42193841012174743
39728.npy,39728,"(1024, 1280)",uint8,0.0,1.0,2,"[0, 1]",1336,1310720,0.001019287109375
39737.npy,39737,"(666, 1000)",uint8,0.0,1.0,2,"[0, 1]",48616,666000,0.072996996996997
39740.npy,39740,"(106, 466)",uint8,0.0,1.0,2,"[0, 1]",2140,49396,0.04332334601992064
39795.npy,39795,"(666, 1000)",uint8,0.0,1.0,2,"[0, 1]",60302,666000,0.09054354354354355
39831.npy,39831,"(3888, 2592)",uint8,0.0,1.0,2,"[0, 1]",457390,10077696,0.04538636609002693
39875.npy,39875,"(159, 137)",uint8,0.0,1.0,2,"[0, 1]",1067,21783,0.048983151999265485
39903.npy,39903,"(256, 320)",uint8,0.0,1.0,2,"[0, 1]",665,81920,0.00811767578125
3991.npy,3991,"(3, 586, 460)",uint8,0.0,1.0,2,"[0, 1]",4704,808680,0.0058168867784537765
39917.npy,39917,"(2, 2592, 3888)",uint8,0.0,1.0,2,"[0, 1]",801822,20155392,0.03978200969745466
39921.npy,39921,"(1200, 1600)",uint8,0.0,1.0,2,"[0, 1]",5626,1920000,0.0029302083333333333
39944.npy,39944,"(328, 1022)",uint8,0.0,1.0,2,"[0, 1]",45326,335216,0.135214309579495
40000.npy,40000,"(256, 256)",uint8,0.0,1.0,2,"[0, 1]",678,65536,0.010345458984375
40009.npy,40009,"(3, 1200, 1600)",uint8,0.0,1.0,2,"[0, 1]",14518,5760000,0.002520486111111111
40017.npy,40017,"(512, 572)",uint8,0.0,1.0,2,"[0, 1]",12597,292864,0.043013139204545456
40022.npy,40022,"(666, 1000)",uint8,0.0,1.0,2,"[0, 1]",46223,666000,0.0694039039039039
40033.npy,40033,"(3888, 2592)",uint8,0.0,1.0,2,"[0, 1]",531908,10077696,0.052780714957069555
40072.npy,40072,"(1200, 1600)",uint8,0.0,1.0,2,"[0, 1]",11664,1920000,0.006075
4011.npy,4011,"(2, 1200, 1600)",uint8,0.0,1.0,2,"[0, 1]",7085,3840000,0.0018450520833333333
40191.npy,40191,"(256, 320)",uint8,0.0,1.0,2,"[0, 1]",409,81920,0.00499267578125
40215.npy,40215,"(1200, 1600)",uint8,0.0,1.0,2,"[0, 1]",3415,1920000,0.0017786458333333333
4022.npy,4022,"(2, 256, 320)",uint8,0.0,1.0,2,"[0, 1]",1087,163840,0.006634521484375
40250.npy,40250,"(1200, 1600)",uint8,0.0,1.0,2,"[0, 1]",5754,1920000,0.002996875
40276.npy,40276,"(108, 715)",uint8,0.0,1.0,2,"[0, 1]",8712,77220,0.11282051282051282
40279.npy,40279,"(1200, 1600)",uint8,0.0,1.0,2,"[0, 1]",1302,1920000,0.000678125
4028.npy,4028,"(256, 256)",uint8,0.0,1.0,2,"[0, 1]",302,65536,0.004608154296875
40298.npy,40298,"(3, 658, 545)",uint8,0.0,1.0,2,"[0, 1]",2436,1075830,0.0022642982627366776
403.npy,403,"(666, 1000)",uint8,0.0,1.0,2,"[0, 1]",62909,666000,0.09445795795795796
40303.npy,40303,"(520, 696)",uint8,0.0,1.0,2,"[0, 1]",2387,361920,0.006595380194518125
40315.npy,40315,"(560, 600)",uint8,0.0,1.0,2,"[0, 1]",2072,336000,0.006166666666666667
40325.npy,40325,"(256, 320)",uint8,0.0,1.0,2,"[0, 1]",4228,81920,0.051611328125
40349.npy,40349,"(256, 256)",uint8,0.0,1.0,2,"[0, 1]",229,65536,0.0034942626953125
40351.npy,40351,"(206, 715)",uint8,0.0,1.0,2,"[0, 1]",13442,147290,0.0912621359223301
40354.npy,40354,"(105, 541)",uint8,0.0,1.0,2,"[0, 1]",8818,56805,0.155232814012851
40364.npy,40364,"(2592, 3888)",uint8,0.0,1.0,2,"[0, 1]",350211,10077696,0.03475109786998933
40372.npy,40372,"(1912, 2568)",uint8,0.0,1.0,2,"[0, 1]",77199,4910016,0.01572275935557033
40373.npy,40373,"(183, 979)",uint8,0.0,1.0,2,"[0, 1]",42046,179157,0.23468801107408585
40398.npy,40398,"(3, 783, 915)",uint8,0.0,1.0,2,"[0, 1]",6319,2149335,0.0029399791098176876
40411.npy,40411,"(2, 256, 320)",uint8,0.0,1.0,2,"[0, 1]",6230,163840,0.03802490234375
4042.npy,4042,"(254, 600)",uint8,0.0,1.0,2,"[0, 1]",23328,152400,0.1530708661417323
40442.npy,40442,"(256, 256)",uint8,0.0,1.0,2,"[0, 1]",513,65536,0.0078277587890625
4045.npy,4045,"(2, 256, 256)",uint8,0.0,1.0,2,"[0, 1]",411,131072,0.00313568115234375
40450.npy,40450,"(2, 512, 526)",uint8,0.0,1.0,2,"[0, 1]",14113,538624,0.02620195163973384
40478.npy,40478,"(2, 256, 256)",uint8,0.0,1.0,2,"[0, 1]",1508,131072,0.011505126953125
40491.npy,40491,"(260, 347)",uint8,0.0,1.0,2,"[0, 1]",1550,90220,0.017180226113943695
40494.npy,40494,"(256, 320)",uint8,0.0,1.0,2,"[0, 1]",960,81920,0.01171875
40519.npy,40519,"(256, 256)",uint8,0.0,1.0,2,"[0, 1]",301,65536,0.0045928955078125
40532.npy,40532,"(666, 1000)",uint8,0.0,1.0,2,"[0, 1]",85846,666000,0.1288978978978979
40559.npy,40559,"(666, 1000)",uint8,0.0,1.0,2,"[0, 1]",70848,666000,0.10637837837837838
4057.npy,4057,"(1912, 2568)",uint8,0.0,1.0,2,"[0, 1]",145651,4910016,0.029664058121195533
40580.npy,40580,"(2, 360, 360)",uint8,0.0,1.0,2,"[0, 1]",5054,259200,0.019498456790123457
40582.npy,40582,"(1024, 1024)",uint8,0.0,1.0,2,"[0, 1]",5040,1048576,0.0048065185546875
40656.npy,40656,"(2, 256, 256)",uint8,0.0,1.0,2,"[0, 1]",766,131072,0.0058441162109375
40678.npy,40678,"(2, 256, 256)",uint8,0.0,1.0,2,"[0, 1]",620,131072,0.004730224609375
40684.npy,40684,"(169, 526)",uint8,0.0,1.0,2,"[0, 1]",11012,88894,0.12387787702207123
40718.npy,40718,"(520, 696)",uint8,0.0,1.0,2,"[0, 1]",1049,361920,0.0028984305923961096
40728.npy,40728,"(2, 1200, 1600)",uint8,0.0,1.0,2,"[0, 1]",6337,3840000,0.0016502604166666666
40732.npy,40732,"(694, 824)",uint8,0.0,1.0,2,"[0, 1]",1967,571856,0.003439677121513108
40782.npy,40782,"(123, 370)",uint8,0.0,1.0,2,"[0, 1]",16644,45510,0.365721819380356
40803.npy,40803,"(666, 1000)",uint8,0.0,1.0,2,"[0, 1]",105730,666000,0.15875375375375375
40823.npy,40823,"(666, 1000)",uint8,0.0,1.0,2,"[0, 1]",52293,666000,0.07851801801801801
40828.npy,40828,"(666, 1000)",uint8,0.0,1.0,2,"[0, 1]",32043,666000,0.04811261261261261
40834.npy,40834,"(3, 256, 256)",uint8,0.0,1.0,2,"[0, 1]",2682,196608,0.013641357421875
40835.npy,40835,"(1912, 2568)",uint8,0.0,1.0,2,"[0, 1]",25830,4910016,0.00526067532162828
40859.npy,40859,"(2, 1200, 1600)",uint8,0.0,1.0,2,"[0, 1]",12545,3840000,0.0032669270833333335
4087.npy,4087,"(2, 1731, 1772)",uint8,0.0,1.0,2,"[0, 1]",14525,6134664,0.002367692835337029
40919.npy,40919,"(2592, 3888)",uint8,0.0,1.0,2,"[0, 1]",822542,10077696,0.08162004489915155
40934.npy,40934,"(2, 1200, 1600)",uint8,0.0,1.0,2,"[0, 1]",14314,3840000,0.003727604166666667
40938.npy,40938,"(2, 256, 256)",uint8,0.0,1.0,2,"[0, 1]",984,131072,0.00750732421875
40949.npy,40949,"(2, 512, 650)",uint8,0.0,1.0,2,"[0, 1]",1273,665600,0.0019125600961538462
40960.npy,40960,"(2, 256, 256)",uint8,0.0,1.0,2,"[0, 1]",2315,131072,0.01766204833984375
40974.npy,40974,"(1024, 1024)",uint8,0.0,1.0,2,"[0, 1]",4607,1048576,0.004393577575683594
40994.npy,40994,"(512, 514)",uint8,0.0,1.0,2,"[0, 1]",6105,263168,0.023198109192607005
41001.npy,41001,"(512, 512)",uint8,0.0,1.0,2,"[0, 1]",659,262144,0.002513885498046875
41011.npy,41011,"(360, 360)",uint8,0.0,1.0,2,"[0, 1]",10965,129600,0.08460648148148148
41017.npy,41017,"(3, 520, 696)",uint8,0.0,1.0,2,"[0, 1]",3676,1085760,0.0033856469201296786
41024.npy,41024,"(3888, 2592)",uint8,0.0,1.0,2,"[0, 1]",477715,10077696,0.0474031961273688
41037.npy,41037,"(2, 442, 204)",uint8,0.0,1.0,2,"[0, 1]",5106,180336,0.028313814213468194
41043.npy,41043,"(666, 1000)",uint8,0.0,1.0,2,"[0, 1]",65902,666000,0.09895195195195196
41073.npy,41073,"(2, 360, 360)",uint8,0.0,1.0,2,"[0, 1]",7120,259200,0.027469135802469135
41079.npy,41079,"(2, 1024, 1024)",uint8,0.0,1.0,2,"[0, 1]",6567,2097152,0.003131389617919922
41080.npy,41080,"(2592, 3888)",uint8,0.0,1.0,2,"[0, 1]",695690,10077696,0.06903264396941523
41081.npy,41081,"(909, 312)",uint8,0.0,1.0,2,"[0, 1]",18744,283608,0.06609122450706609
41090.npy,41090,"(666, 1000)",uint8,0.0,1.0,2,"[0, 1]",51341,666000,0.0770885885885886
41125.npy,41125,"(2, 666, 1000)",uint8,0.0,1.0,2,"[0, 1]",143549,1332000,0.10776951951951952
41142.npy,41142,"(1912, 2568)",uint8,0.0,1.0,2,"[0, 1]",57233,4910016,0.01165637749449289
41171.npy,41171,"(131, 1265)",uint8,0.0,1.0,2,"[0, 1]",8991,165715,0.05425580062154905
41172.npy,41172,"(1024, 1024)",uint8,0.0,1.0,2,"[0, 1]",8954,1048576,0.008539199829101562
41201.npy,41201,"(2, 160, 543)",uint8,0.0,1.0,2,"[0, 1]",1357,173760,0.007809622467771639
41227.npy,41227,"(2, 1200, 1600)",uint8,0.0,1.0,2,"[0, 1]",10344,3840000,0.00269375
41229.npy,41229,"(256, 256)",uint8,0.0,1.0,2,"[0, 1]",1428,65536,0.02178955078125
41255.npy,41255,"(3, 1024, 1024)",uint8,0.0,1.0,2,"[0, 1]",9226,3145728,0.002932866414388021
41284.npy,41284,"(220, 259)",uint8,0.0,1.0,2,"[0, 1]",3943,56980,0.0691997191997192
4129.npy,4129,"(512, 629)",uint8,0.0,1.0,2,"[0, 1]",8763,322048,0.02721022953100159
41295.npy,41295,"(666, 1000)",uint8,0.0,1.0,2,"[0, 1]",48900,666000,0.07342342342342342
41322.npy,41322,"(1912, 2568)",uint8,0.0,1.0,2,"[0, 1]",28412,4910016,0.005786539188467003
414.npy,414,"(222, 368)",uint8,0.0,1.0,2,"[0, 1]",9314,81696,0.11400802976889933
41406.npy,41406,"(2, 493, 545)",uint8,0.0,1.0,2,"[0, 1]",10820,537370,0.020135102443381656
41462.npy,41462,"(2, 1200, 1600)",uint8,0.0,1.0,2,"[0, 1]",7839,3840000,0.00204140625
41484.npy,41484,"(256, 256)",uint8,0.0,1.0,2,"[0, 1]",2460,65536,0.03753662109375
41499.npy,41499,"(3888, 2592)",uint8,0.0,1.0,2,"[0, 1]",266498,10077696,0.026444338070924146
41517.npy,41517,"(666, 1000)",uint8,0.0,1.0,2,"[0, 1]",61025,666000,0.09162912912912913
41553.npy,41553,"(1912, 2568)",uint8,0.0,1.0,2,"[0, 1]",38326,4910016,0.007805677211642488
41565.npy,41565,"(1912, 2568)",uint8,0.0,1.0,2,"[0, 1]",25124,4910016,0.005116887602810255
41583.npy,41583,"(2, 512, 640)",uint8,0.0,1.0,2,"[0, 1]",3829,655360,0.00584259033203125
41585.npy,41585,"(360, 360)",uint8,0.0,1.0,2,"[0, 1]",4137,129600,0.031921296296296295
41600.npy,41600,"(512, 779)",uint8,0.0,1.0,2,"[0, 1]",6976,398848,0.017490372272143773
41618.npy,41618,"(2, 360, 360)",uint8,0.0,1.0,2,"[0, 1]",4542,259200,0.01752314814814815
41625.npy,41625,"(256, 256)",uint8,0.0,1.0,2,"[0, 1]",139,65536,0.0021209716796875
41629.npy,41629,"(256, 256)",uint8,0.0,1.0,2,"[0, 1]",255,65536,0.0038909912109375
41696.npy,41696,"(666, 1000)",uint8,0.0,1.0,2,"[0, 1]",123558,666000,0.18552252252252252
41697.npy,41697,"(1912, 2568)",uint8,0.0,1.0,2,"[0, 1]",76043,4910016,0.015487322240905122
41702.npy,41702,"(256, 320)",uint8,0.0,1.0,2,"[0, 1]",229,81920,0.00279541015625
41719.npy,41719,"(520, 696)",uint8,0.0,1.0,2,"[0, 1]",4516,361920,0.01247789566755084
41726.npy,41726,"(360, 360)",uint8,0.0,1.0,2,"[0, 1]",3161,129600,0.024390432098765433
41816.npy,41816,"(3888, 2592)",uint8,0.0,1.0,2,"[0, 1]",383206,10077696,0.038025159719046894
41822.npy,41822,"(1912, 2568)",uint8,0.0,1.0,2,"[0, 1]",57588,4910016,0.011728678684550112
41830.npy,41830,"(3888, 2592)",uint8,0.0,1.0,2,"[0, 1]",422092,10077696,0.041883779784585684
41852.npy,41852,"(65, 391)",uint8,0.0,1.0,2,"[0, 1]",6906,25415,0.27172929372417864
41879.npy,41879,"(210, 1193)",uint8,0.0,1.0,2,"[0, 1]",25766,250530,0.10284596655091206
41886.npy,41886,"(2592, 3888)",uint8,0.0,1.0,2,"[0, 1]",254849,10077696,0.025288419098968652
41895.npy,41895,"(1200, 1600)",uint8,0.0,1.0,2,"[0, 1]",2696,1920000,0.0014041666666666666
41926.npy,41926,"(114, 731)",uint8,0.0,1.0,2,"[0, 1]",11442,83334,0.13730290157678737
41930.npy,41930,"(669, 309)",uint8,0.0,1.0,2,"[0, 1]",9822,206721,0.047513315047818076
420.npy,420,"(3, 256, 256)",uint8,0.0,1.0,2,"[0, 1]",415,196608,0.0021107991536458335
42034.npy,42034,"(324, 1878)",uint8,0.0,1.0,2,"[0, 1]",41730,608472,0.06858162742081805
42035.npy,42035,"(2592, 3888)",uint8,0.0,1.0,2,"[0, 1]",477165,10077696,0.04734862016079866
42039.npy,42039,"(512, 512)",uint8,0.0,1.0,2,"[0, 1]",32447,262144,0.12377548217773438
42083.npy,42083,"(1200, 1600)",uint8,0.0,1.0,2,"[0, 1]",2112,1920000,0.0011
42097.npy,42097,"(666, 1000)",uint8,0.0,1.0,2,"[0, 1]",33120,666000,0.04972972972972973
42118.npy,42118,"(256, 256)",uint8,0.0,1.0,2,"[0, 1]",152,65536,0.0023193359375
42121.npy,42121,"(3, 1200, 1600)",uint8,0.0,1.0,2,"[0, 1]",10386,5760000,0.001803125
42187.npy,42187,"(2, 108, 715)",uint8,0.0,1.0,2,"[0, 1]",15000,154440,0.09712509712509712
422.npy,422,"(520, 696)",uint8,0.0,1.0,2,"[0, 1]",3766,361920,0.010405614500442086
42203.npy,42203,"(125, 518)",uint8,0.0,1.0,2,"[0, 1]",15680,64750,0.24216216216216216
4221.npy,4221,"(2, 1225, 1599)",uint8,0.0,1.0,2,"[0, 1]",5035,3917550,0.0012852420517925744
4222.npy,4222,"(513, 512)",uint8,0.0,1.0,2,"[0, 1]",49159,262656,0.18716115375243664
42246.npy,42246,"(2, 512, 555)",uint8,0.0,1.0,2,"[0, 1]",30210,568320,0.0531566722972973
42266.npy,42266,"(2, 256, 256)",uint8,0.0,1.0,2,"[0, 1]",584,131072,0.00445556640625
42268.npy,42268,"(123, 570)",uint8,0.0,1.0,2,"[0, 1]",10053,70110,0.14338896020539152
42287.npy,42287,"(256, 256)",uint8,0.0,1.0,2,"[0, 1]",98,65536,0.001495361328125
42289.npy,42289,"(215, 816)",uint8,0.0,1.0,2,"[0, 1]",1153,175440,0.006572047423620611
42305.npy,42305,"(520, 696)",uint8,0.0,1.0,2,"[0, 1]",510,361920,0.0014091511936339522
42308.npy,42308,"(512, 598)",uint8,0.0,1.0,2,"[0, 1]",31545,306176,0.10302897679765886
42333.npy,42333,"(2, 479, 923)",uint8,0.0,1.0,2,"[0, 1]",1389,884234,0.0015708511547848194
42340.npy,42340,"(3, 512, 779)",uint8,0.0,1.0,2,"[0, 1]",31012,1196544,0.025917977107402655
42385.npy,42385,"(107, 1411)",uint8,0.0,1.0,2,"[0, 1]",11826,150977,0.07832981182564232
42391.npy,42391,"(2, 479, 923)",uint8,0.0,1.0,2,"[0, 1]",3746,884234,0.00423643515178109
42419.npy,42419,"(360, 360)",uint8,0.0,1.0,2,"[0, 1]",5706,129600,0.04402777777777778
42427.npy,42427,"(2, 1200, 1600)",uint8,0.0,1.0,2,"[0, 1]",12112,3840000,0.0031541666666666667
42443.npy,42443,"(1200, 1600)",uint8,0.0,1.0,2,"[0, 1]",3732,1920000,0.00194375
42461.npy,42461,"(95, 620)",uint8,0.0,1.0,2,"[0, 1]",4386,58900,0.07446519524617996
42498.npy,42498,"(2, 512, 517)",uint8,0.0,1.0,2,"[0, 1]",22618,529408,0.04272319269825919
42512.npy,42512,"(3, 512, 512)",uint8,0.0,1.0,2,"[0, 1]",1903,786432,0.0024197896321614585
42528.npy,42528,"(2, 256, 256)",uint8,0.0,1.0,2,"[0, 1]",909,131072,0.00693511962890625
42630.npy,42630,"(256, 256)",uint8,0.0,1.0,2,"[0, 1]",323,65536,0.0049285888671875
42632.npy,42632,"(666, 1000)",uint8,0.0,1.0,2,"[0, 1]",68024,666000,0.10213813813813814
42641.npy,42641,"(360, 360)",uint8,0.0,1.0,2,"[0, 1]",5945,129600,0.04587191358024691
42698.npy,42698,"(125, 1267)",uint8,0.0,1.0,2,"[0, 1]",10666,158375,0.06734648776637726
427.npy,427,"(94, 366)",uint8,0.0,1.0,2,"[0, 1]",5418,34404,0.1574816881757935
42735.npy,42735,"(1200, 1600)",uint8,0.0,1.0,2,"[0, 1]",9477,1920000,0.0049359375
42742.npy,42742,"(2, 256, 256)",uint8,0.0,1.0,2,"[0, 1]",461,131072,0.00351715087890625
42757.npy,42757,"(512, 512)",uint8,0.0,1.0,2,"[0, 1]",2346,262144,0.00894927978515625
42776.npy,42776,"(2, 375, 364)",uint8,0.0,1.0,2,"[0, 1]",1298,273000,0.004754578754578754
42801.npy,42801,"(97, 620)",uint8,0.0,1.0,2,"[0, 1]",6590,60140,0.10957765214499501
42827.npy,42827,"(666, 1000)",uint8,0.0,1.0,2,"[0, 1]",70255,666000,0.10548798798798799
42832.npy,42832,"(1001, 124)",uint8,0.0,1.0,2,"[0, 1]",941,124124,0.007581128548870484
42834.npy,42834,"(2, 763, 756)",uint8,0.0,1.0,2,"[0, 1]",8721,1153656,0.007559445796667291
42886.npy,42886,"(158, 899)",uint8,0.0,1.0,2,"[0, 1]",64367,142042,0.45315470072232156
42916.npy,42916,"(666, 1000)",uint8,0.0,1.0,2,"[0, 1]",84851,666000,0.1274039039039039
42983.npy,42983,"(2, 666, 1000)",uint8,0.0,1.0,2,"[0, 1]",105568,1332000,0.07925525525525526
43085.npy,43085,"(647, 1355)",uint8,0.0,1.0,2,"[0, 1]",54924,876685,0.06264964040675955
43093.npy,43093,"(2, 666, 1000)",uint8,0.0,1.0,2,"[0, 1]",75682,1332000,0.056818318318318316
43106.npy,43106,"(1024, 1280)",uint8,0.0,1.0,2,"[0, 1]",4348,1310720,0.0033172607421875
43120.npy,43120,"(1005, 431)",uint8,0.0,1.0,2,"[0, 1]",6174,433155,0.014253558195103369
43128.npy,43128,"(666, 1000)",uint8,0.0,1.0,2,"[0, 1]",47620,666000,0.0715015015015015
43142.npy,43142,"(360, 360)",uint8,0.0,1.0,2,"[0, 1]",4153,129600,0.032044753086419756
43161.npy,43161,"(2, 512, 535)",uint8,0.0,1.0,2,"[0, 1]",2413,547840,0.004404570677570094
43168.npy,43168,"(256, 256)",uint8,0.0,1.0,2,"[0, 1]",1716,65536,0.02618408203125
4318.npy,4318,"(256, 256)",uint8,0.0,1.0,2,"[0, 1]",1336,65536,0.0203857421875
43193.npy,43193,"(3, 256, 256)",uint8,0.0,1.0,2,"[0, 1]",2656,196608,0.013509114583333334
4321.npy,4321,"(357, 981)",uint8,0.0,1.0,2,"[0, 1]",36398,350217,0.1039298492077769
43222.npy,43222,"(360, 360)",uint8,0.0,1.0,2,"[0, 1]",4250,129600,0.03279320987654321
4326.npy,4326,"(360, 360)",uint8,0.0,1.0,2,"[0, 1]",4683,129600,0.03613425925925926
43269.npy,43269,"(512, 514)",uint8,0.0,1.0,2,"[0, 1]",29258,263168,0.11117613083657588
43270.npy,43270,"(666, 1000)",uint8,0.0,1.0,2,"[0, 1]",58445,666000,0.08775525525525525
43285.npy,43285,"(64, 814)",uint8,0.0,1.0,2,"[0, 1]",3058,52096,0.05869932432432432
43300.npy,43300,"(512, 558)",uint8,0.0,1.0,2,"[0, 1]",27253,285696,0.09539160506272401
43301.npy,43301,"(91, 593)",uint8,0.0,1.0,2,"[0, 1]",13416,53963,0.24861479161647795
43324.npy,43324,"(666, 1000)",uint8,0.0,1.0,2,"[0, 1]",86271,666000,0.12953603603603603
43340.npy,43340,"(256, 256)",uint8,0.0,1.0,2,"[0, 1]",204,65536,0.00311279296875
43368.npy,43368,"(256, 320)",uint8,0.0,1.0,2,"[0, 1]",441,81920,0.00538330078125
43391.npy,43391,"(2, 256, 320)",uint8,0.0,1.0,2,"[0, 1]",2087,163840,0.012738037109375
43459.npy,43459,"(256, 320)",uint8,0.0,1.0,2,"[0, 1]",675,81920,0.00823974609375
43582.npy,43582,"(512, 730)",uint8,0.0,1.0,2,"[0, 1]",7590,373760,0.02030714897260274
43589.npy,43589,"(2, 666, 1000)",uint8,0.0,1.0,2,"[0, 1]",70823,1332000,0.053170420420420424
43610.npy,43610,"(1200, 1600)",uint8,0.0,1.0,2,"[0, 1]",5670,1920000,0.002953125
43623.npy,43623,"(2, 1200, 1600)",uint8,0.0,1.0,2,"[0, 1]",5001,3840000,0.00130234375
43659.npy,43659,"(185, 943)",uint8,0.0,1.0,2,"[0, 1]",21918,174455,0.12563698374939097
43660.npy,43660,"(666, 1000)",uint8,0.0,1.0,2,"[0, 1]",112337,666000,0.16867417417417419
43703.npy,43703,"(573, 355)",uint8,0.0,1.0,2,"[0, 1]",9720,203415,0.04778408671926849
4371.npy,4371,"(379, 506)",uint8,0.0,1.0,2,"[0, 1]",31873,191774,0.16620084057275752
43712.npy,43712,"(1912, 2568)",uint8,0.0,1.0,2,"[0, 1]",271773,4910016,0.05535073612794744
43726.npy,43726,"(512, 512)",uint8,0.0,1.0,2,"[0, 1]",25144,262144,0.095916748046875
43760.npy,43760,"(2, 512, 779)",uint8,0.0,1.0,2,"[0, 1]",941,797696,0.0011796473844672658
43787.npy,43787,"(2, 1024, 1280)",uint8,0.0,1.0,2,"[0, 1]",1966,2621440,0.000749969482421875
43810.npy,43810,"(2, 1200, 1600)",uint8,0.0,1.0,2,"[0, 1]",16235,3840000,0.0042278645833333335
43831.npy,43831,"(2, 666, 1000)",uint8,0.0,1.0,2,"[0, 1]",101423,1332000,0.07614339339339339
43839.npy,43839,"(2, 1200, 1600)",uint8,0.0,1.0,2,"[0, 1]",15469,3840000,0.004028385416666667
43850.npy,43850,"(520, 696)",uint8,0.0,1.0,2,"[0, 1]",5811,361920,0.01605603448275862
43877.npy,43877,"(2, 520, 696)",uint8,0.0,1.0,2,"[0, 1]",12127,723840,0.016753702475685233
43915.npy,43915,"(256, 320)",uint8,0.0,1.0,2,"[0, 1]",1675,81920,0.02044677734375
43955.npy,43955,"(256, 320)",uint8,0.0,1.0,2,"[0, 1]",245,81920,0.00299072265625
43986.npy,43986,"(2592, 3888)",uint8,0.0,1.0,2,"[0, 1]",414366,10077696,0.041117136297820454
43994.npy,43994,"(2, 666, 1000)",uint8,0.0,1.0,2,"[0, 1]",112428,1332000,0.0844054054054054
44000.npy,44000,"(256, 320)",uint8,0.0,1.0,2,"[0, 1]",859,81920,0.01048583984375
44020.npy,44020,"(256, 320)",uint8,0.0,1.0,2,"[0, 1]",670,81920,0.0081787109375
44040.npy,44040,"(1200, 1600)",uint8,0.0,1.0,2,"[0, 1]",4401,1920000,0.0022921875
44074.npy,44074,"(256, 256)",uint8,0.0,1.0,2,"[0, 1]",215,65536,0.0032806396484375
44122.npy,44122,"(2, 360, 360)",uint8,0.0,1.0,2,"[0, 1]",10563,259200,0.04075231481481482
44157.npy,44157,"(2, 1087, 878)",uint8,0.0,1.0,2,"[0, 1]",4094,1908772,0.0021448344799693208
44171.npy,44171,"(361, 448)",uint8,0.0,1.0,2,"[0, 1]",8832,161728,0.054610209734863475
44187.npy,44187,"(2, 447, 795)",uint8,0.0,1.0,2,"[0, 1]",1165,710730,0.0016391597371716404
44208.npy,44208,"(158, 630)",uint8,0.0,1.0,2,"[0, 1]",17490,99540,0.175708257986739
44212.npy,44212,"(2592, 3888)",uint8,0.0,1.0,2,"[0, 1]",330375,10077696,0.03278279082837982
44231.npy,44231,"(310, 610)",uint8,0.0,1.0,2,"[0, 1]",34818,189100,0.18412480169222634
44236.npy,44236,"(143, 883)",uint8,0.0,1.0,2,"[0, 1]",11132,126269,0.08816098963324331
44267.npy,44267,"(110, 884)",uint8,0.0,1.0,2,"[0, 1]",9720,97240,0.09995886466474702
44291.npy,44291,"(1024, 1024)",uint8,0.0,1.0,2,"[0, 1]",1154,1048576,0.0011005401611328125
44298.npy,44298,"(2, 1200, 1600)",uint8,0.0,1.0,2,"[0, 1]",3552,3840000,0.000925
44309.npy,44309,"(3, 1200, 1600)",uint8,0.0,1.0,2,"[0, 1]",41948,5760000,0.007282638888888889
44311.npy,44311,"(1200, 1600)",uint8,0.0,1.0,2,"[0, 1]",6366,1920000,0.003315625
44347.npy,44347,"(666, 1000)",uint8,0.0,1.0,2,"[0, 1]",64680,666000,0.09711711711711711
44387.npy,44387,"(179, 2415)",uint8,0.0,1.0,2,"[0, 1]",34780,432285,0.08045618052904913
44399.npy,44399,"(85, 483)",uint8,0.0,1.0,2,"[0, 1]",5828,41055,0.14195591279990258
44408.npy,44408,"(256, 320)",uint8,0.0,1.0,2,"[0, 1]",391,81920,0.00477294921875
44409.npy,44409,"(3, 1200, 1600)",uint8,0.0,1.0,2,"[0, 1]",43812,5760000,0.00760625
44420.npy,44420,"(256, 320)",uint8,0.0,1.0,2,"[0, 1]",1891,81920,0.02308349609375
44426.npy,44426,"(137, 847)",uint8,0.0,1.0,2,"[0, 1]",14018,116039,0.12080421237687329
44475.npy,44475,"(256, 256)",uint8,0.0,1.0,2,"[0, 1]",316,65536,0.00482177734375
44554.npy,44554,"(96, 556)",uint8,0.0,1.0,2,"[0, 1]",6554,53376,0.1227892685851319
44555.npy,44555,"(311, 706)",uint8,0.0,1.0,2,"[0, 1]",15336,219566,0.06984687975369593
44575.npy,44575,"(3888, 2592)",uint8,0.0,1.0,2,"[0, 1]",383832,10077696,0.03808727709190672
4460.npy,4460,"(2, 1200, 1600)",uint8,0.0,1.0,2,"[0, 1]",22596,3840000,0.005884375
44600.npy,44600,"(3, 256, 256)",uint8,0.0,1.0,2,"[0, 1]",2201,196608,0.011194864908854166
44606.npy,44606,"(3, 256, 256)",uint8,0.0,1.0,2,"[0, 1]",2956,196608,0.015034993489583334
44622.npy,44622,"(167, 538)",uint8,0.0,1.0,2,"[0, 1]",10854,89846,0.12080671371012622
44640.npy,44640,"(112, 401)",uint8,0.0,1.0,2,"[0, 1]",6578,44912,0.14646419665122906
44648.npy,44648,"(1200, 1600)",uint8,0.0,1.0,2,"[0, 1]",15016,1920000,0.007820833333333334
44652.npy,44652,"(2, 512, 512)",uint8,0.0,1.0,2,"[0, 1]",7489,524288,0.014284133911132812
44656.npy,44656,"(256, 256)",uint8,0.0,1.0,2,"[0, 1]",528,65536,0.008056640625
44666.npy,44666,"(137, 502)",uint8,0.0,1.0,2,"[0, 1]",12728,68774,0.1850699392212173
44701.npy,44701,"(2, 666, 1000)",uint8,0.0,1.0,2,"[0, 1]",86071,1332000,0.06461786786786787
44749.npy,44749,"(1912, 2568)",uint8,0.0,1.0,2,"[0, 1]",41740,4910016,0.008500990628136446
44750.npy,44750,"(2, 902, 1220)",uint8,0.0,1.0,2,"[0, 1]",2705,2200880,0.0012290538330122496
44751.npy,44751,"(3888, 2592)",uint8,0.0,1.0,2,"[0, 1]",240068,10077696,0.02382171480465376
44778.npy,44778,"(76, 393)",uint8,0.0,1.0,2,"[0, 1]",2800,29868,0.09374581491897684
44800.npy,44800,"(3, 256, 256)",uint8,0.0,1.0,2,"[0, 1]",2960,196608,0.015055338541666666
4481.npy,4481,"(2, 165, 1399)",uint8,0.0,1.0,2,"[0, 1]",25352,461670,0.05491368293369723
44821.npy,44821,"(1024, 1280)",uint8,0.0,1.0,2,"[0, 1]",5024,1310720,0.0038330078125
44825.npy,44825,"(512, 633)",uint8,0.0,1.0,2,"[0, 1]",30661,324096,0.09460468503159558
44829.npy,44829,"(279, 516)",uint8,0.0,1.0,2,"[0, 1]",24768,143964,0.17204301075268819
44838.npy,44838,"(512, 592)",uint8,0.0,1.0,2,"[0, 1]",39905,303104,0.13165448163006757
4490.npy,4490,"(1200, 1600)",uint8,0.0,1.0,2,"[0, 1]",6375,1920000,0.0033203125
44928.npy,44928,"(2, 256, 256)",uint8,0.0,1.0,2,"[0, 1]",712,131072,0.00543212890625
44940.npy,44940,"(2, 1200, 1600)",uint8,0.0,1.0,2,"[0, 1]",4638,3840000,0.0012078125
45004.npy,45004,"(2, 256, 256)",uint8,0.0,1.0,2,"[0, 1]",862,131072,0.0065765380859375
45025.npy,45025,"(512, 512)",uint8,0.0,1.0,2,"[0, 1]",2246,262144,0.00856781005859375
45030.npy,45030,"(512, 687)",uint8,0.0,1.0,2,"[0, 1]",13981,351744,0.03974765738719068
4508.npy,4508,"(1912, 2568)",uint8,0.0,1.0,2,"[0, 1]",127218,4910016,0.025909895201970828
45124.npy,45124,"(2, 256, 320)",uint8,0.0,1.0,2,"[0, 1]",3244,163840,0.0197998046875
45133.npy,45133,"(2, 256, 256)",uint8,0.0,1.0,2,"[0, 1]",660,131072,0.005035400390625
45139.npy,45139,"(666, 1000)",uint8,0.0,1.0,2,"[0, 1]",44025,666000,0.06610360360360361
45151.npy,45151,"(117, 558)",uint8,0.0,1.0,2,"[0, 1]",5412,65286,0.08289679257421192
45152.npy,45152,"(360, 360)",uint8,0.0,1.0,2,"[0, 1]",3684,129600,0.028425925925925927
45180.npy,45180,"(1024, 1024)",uint8,0.0,1.0,2,"[0, 1]",38781,1048576,0.03698444366455078
45182.npy,45182,"(2592, 3888)",uint8,0.0,1.0,2,"[0, 1]",286352,10077696,0.028414431235075952
45202.npy,45202,"(171, 136)",uint8,0.0,1.0,2,"[0, 1]",2721,23256,0.11700206398348813
45218.npy,45218,"(69, 517)",uint8,0.0,1.0,2,"[0, 1]",3180,35673,0.08914304936506602
45269.npy,45269,"(2, 1200, 1600)",uint8,0.0,1.0,2,"[0, 1]",6859,3840000,0.0017861979166666666
45287.npy,45287,"(2, 520, 696)",uint8,0.0,1.0,2,"[0, 1]",7289,723840,0.010069904951370468
45310.npy,45310,"(2, 1200, 1600)",uint8,0.0,1.0,2,"[0, 1]",9118,3840000,0.0023744791666666667
45315.npy,45315,"(666, 1000)",uint8,0.0,1.0,2,"[0, 1]",57935,666000,0.0869894894894895
45345.npy,45345,"(520, 696)",uint8,0.0,1.0,2,"[0, 1]",2439,361920,0.0067390583554376654
45376.npy,45376,"(3, 1200, 1600)",uint8,0.0,1.0,2,"[0, 1]",10532,5760000,0.0018284722222222222
45377.npy,45377,"(520, 696)",uint8,0.0,1.0,2,"[0, 1]",2597,361920,0.007175618921308576
45381.npy,45381,"(512, 512)",uint8,0.0,1.0,2,"[0, 1]",756,262144,0.0028839111328125
45400.npy,45400,"(2, 1200, 1600)",uint8,0.0,1.0,2,"[0, 1]",5217,3840000,0.00135859375
45485.npy,45485,"(512, 512)",uint8,0.0,1.0,2,"[0, 1]",2122,262144,0.00809478759765625
45496.npy,45496,"(531, 258)",uint8,0.0,1.0,2,"[0, 1]",10513,136998,0.07673834654520503
45522.npy,45522,"(106, 460)",uint8,0.0,1.0,2,"[0, 1]",11250,48760,0.23072190319934371
45536.npy,45536,"(512, 580)",uint8,0.0,1.0,2,"[0, 1]",6394,296960,0.021531519396551724
45552.npy,45552,"(3, 1153, 1307)",uint8,0.0,1.0,2,"[0, 1]",6101,4520913,0.0013495061727575824
4556.npy,4556,"(256, 256)",uint8,0.0,1.0,2,"[0, 1]",421,65536,0.0064239501953125
45563.npy,45563,"(85, 517)",uint8,0.0,1.0,2,"[0, 1]",16576,43945,0.37719877119126183
45602.npy,45602,"(3, 512, 664)",uint8,0.0,1.0,2,"[0, 1]",423,1019904,0.0004147449171686747
45620.npy,45620,"(212, 1282)",uint8,0.0,1.0,2,"[0, 1]",23202,271784,0.08536926382715686
45686.npy,45686,"(132, 437)",uint8,0.0,1.0,2,"[0, 1]",24400,57684,0.422994244504542
45710.npy,45710,"(907, 242)",uint8,0.0,1.0,2,"[0, 1]",29724,219494,0.13542055819293466
45712.npy,45712,"(256, 256)",uint8,0.0,1.0,2,"[0, 1]",978,65536,0.014923095703125
45720.npy,45720,"(482, 585)",uint8,0.0,1.0,2,"[0, 1]",4475,281970,0.015870482675461928
45767.npy,45767,"(204, 858)",uint8,0.0,1.0,2,"[0, 1]",8010,175032,0.04576306046894282
45784.npy,45784,"(2, 256, 256)",uint8,0.0,1.0,2,"[0, 1]",836,131072,0.006378173828125
45821.npy,45821,"(256, 256)",uint8,0.0,1.0,2,"[0, 1]",426,65536,0.006500244140625
45838.npy,45838,"(1200, 1600)",uint8,0.0,1.0,2,"[0, 1]",3293,1920000,0.0017151041666666666
45866.npy,45866,"(73, 565)",uint8,0.0,1.0,2,"[0, 1]",8754,41245,0.21224390835252757
45878.npy,45878,"(512, 768)",uint8,0.0,1.0,2,"[0, 1]",15228,393216,0.038726806640625
45889.npy,45889,"(137, 1170)",uint8,0.0,1.0,2,"[0, 1]",54268,160290,0.3385613575394597
45911.npy,45911,"(132, 166)",uint8,0.0,1.0,2,"[0, 1]",1123,21912,0.0512504563709383
45913.npy,45913,"(256, 256)",uint8,0.0,1.0,2,"[0, 1]",144,65536,0.002197265625
4592.npy,4592,"(512, 612)",uint8,0.0,1.0,2,"[0, 1]",29379,313344,0.09375957414215687
45958.npy,45958,"(2, 1136, 1445)",uint8,0.0,1.0,2,"[0, 1]",7323,3283040,0.002230554607924363
46006.npy,46006,"(233, 1042)",uint8,0.0,1.0,2,"[0, 1]",42942,242786,0.17687181303699553
46083.npy,46083,"(2, 360, 360)",uint8,0.0,1.0,2,"[0, 1]",7560,259200,0.029166666666666667
4609.npy,4609,"(520, 696)",uint8,0.0,1.0,2,"[0, 1]",6836,361920,0.01888815207780725
46098.npy,46098,"(80, 465)",uint8,0.0,1.0,2,"[0, 1]",6342,37200,0.17048387096774192
46106.npy,46106,"(512, 512)",uint8,0.0,1.0,2,"[0, 1]",888,262144,0.003387451171875
46109.npy,46109,"(192, 527)",uint8,0.0,1.0,2,"[0, 1]",7146,101184,0.07062381404174572
46171.npy,46171,"(65, 440)",uint8,0.0,1.0,2,"[0, 1]",1578,28600,0.05517482517482517
46175.npy,46175,"(2, 512, 741)",uint8,0.0,1.0,2,"[0, 1]",31075,758784,0.04095368378879892
46202.npy,46202,"(1912, 2568)",uint8,0.0,1.0,2,"[0, 1]",36487,4910016,0.007431136680613668
46206.npy,46206,"(2, 951, 917)",uint8,0.0,1.0,2,"[0, 1]",4204,1744134,0.002410365258632651
46212.npy,46212,"(256, 256)",uint8,0.0,1.0,2,"[0, 1]",456,65536,0.0069580078125
46226.npy,46226,"(666, 1000)",uint8,0.0,1.0,2,"[0, 1]",59504,666000,0.08934534534534534
46243.npy,46243,"(74, 534)",uint8,0.0,1.0,2,"[0, 1]",9858,39516,0.2494685696932888
46305.npy,46305,"(3, 520, 696)",uint8,0.0,1.0,2,"[0, 1]",24878,1085760,0.022912982611258473
46309.npy,46309,"(75, 1067)",uint8,0.0,1.0,2,"[0, 1]",3138,80025,0.03921274601686973
46310.npy,46310,"(717, 918)",uint8,0.0,1.0,2,"[0, 1]",25404,658206,0.03859581954585647
46312.npy,46312,"(1024, 1024)",uint8,0.0,1.0,2,"[0, 1]",3664,1048576,0.0034942626953125
4634.npy,4634,"(2, 256, 256)",uint8,0.0,1.0,2,"[0, 1]",1764,131072,0.013458251953125
46356.npy,46356,"(211, 1189)",uint8,0.0,1.0,2,"[0, 1]",33590,250879,0.13388924541312744
46366.npy,46366,"(3, 528, 512)",uint8,0.0,1.0,2,"[0, 1]",19682,811008,0.024268564551767676
46425.npy,46425,"(3, 1200, 1600)",uint8,0.0,1.0,2,"[0, 1]",28160,5760000,0.004888888888888889
46444.npy,46444,"(2, 347, 336)",uint8,0.0,1.0,2,"[0, 1]",1307,233184,0.00560501578152875
46473.npy,46473,"(2, 1200, 1600)",uint8,0.0,1.0,2,"[0, 1]",2892,3840000,0.000753125
4650.npy,4650,"(170, 579)",uint8,0.0,1.0,2,"[0, 1]",3234,98430,0.032855836635172206
46500.npy,46500,"(968, 637)",uint8,0.0,1.0,2,"[0, 1]",17888,616616,0.029009951087873166
46511.npy,46511,"(666, 1000)",uint8,0.0,1.0,2,"[0, 1]",36286,666000,0.05448348348348348
46547.npy,46547,"(1024, 1024)",uint8,0.0,1.0,2,"[0, 1]",12819,1048576,0.012225151062011719
46568.npy,46568,"(83, 564)",uint8,0.0,1.0,2,"[0, 1]",9654,46812,0.20622917200717764
46577.npy,46577,"(2, 512, 754)",uint8,0.0,1.0,2,"[0, 1]",7465,772096,0.009668486820291778
46698.npy,46698,"(70, 371)",uint8,0.0,1.0,2,"[0, 1]",3218,25970,0.12391220639199076
46733.npy,46733,"(512, 512)",uint8,0.0,1.0,2,"[0, 1]",850,262144,0.00324249267578125
46735.npy,46735,"(177, 93)",uint8,0.0,1.0,2,"[0, 1]",1149,16461,0.06980134864224531
46754.npy,46754,"(2592, 3888)",uint8,0.0,1.0,2,"[0, 1]",549034,10077696,0.05448011132703348
46819.npy,46819,"(2, 256, 256)",uint8,0.0,1.0,2,"[0, 1]",854,131072,0.0065155029296875
46836.npy,46836,"(666, 1000)",uint8,0.0,1.0,2,"[0, 1]",109343,666000,0.1641786786786787
46849.npy,46849,"(1912, 2568)",uint8,0.0,1.0,2,"[0, 1]",172407,4910016,0.0351133275329449
46885.npy,46885,"(2, 1200, 1600)",uint8,0.0,1.0,2,"[0, 1]",10757,3840000,0.002801302083333333
46887.npy,46887,"(3, 512, 512)",uint8,0.0,1.0,2,"[0, 1]",13125,786432,0.016689300537109375
46898.npy,46898,"(3, 512, 512)",uint8,0.0,1.0,2,"[0, 1]",4414,786432,0.005612691243489583
46907.npy,46907,"(512, 512)",uint8,0.0,1.0,2,"[0, 1]",35339,262144,0.13480758666992188
46910.npy,46910,"(103, 484)",uint8,0.0,1.0,2,"[0, 1]",16760,49852,0.3361951376073177
46927.npy,46927,"(100, 742)",uint8,0.0,1.0,2,"[0, 1]",32778,74200,0.4417520215633423
46933.npy,46933,"(666, 1000)",uint8,0.0,1.0,2,"[0, 1]",41792,666000,0.06275075075075075
46935.npy,46935,"(256, 320)",uint8,0.0,1.0,2,"[0, 1]",844,81920,0.010302734375
46969.npy,46969,"(3, 512, 701)",uint8,0.0,1.0,2,"[0, 1]",3075,1076736,0.002855853245363766
46974.npy,46974,"(3, 1200, 1600)",uint8,0.0,1.0,2,"[0, 1]",43260,5760000,0.007510416666666667
46979.npy,46979,"(256, 256)",uint8,0.0,1.0,2,"[0, 1]",646,65536,0.009857177734375
47003.npy,47003,"(666, 1000)",uint8,0.0,1.0,2,"[0, 1]",41949,666000,0.06298648648648648
47017.npy,47017,"(66, 319)",uint8,0.0,1.0,2,"[0, 1]",1738,21054,0.08254963427377221
47030.npy,47030,"(512, 777)",uint8,0.0,1.0,2,"[0, 1]",7220,397824,0.018148729086229085
47033.npy,47033,"(2, 1200, 1600)",uint8,0.0,1.0,2,"[0, 1]",7608,3840000,0.00198125
47049.npy,47049,"(3, 1200, 1600)",uint8,0.0,1.0,2,"[0, 1]",32300,5760000,0.005607638888888889
47052.npy,47052,"(2, 256, 256)",uint8,0.0,1.0,2,"[0, 1]",616,131072,0.00469970703125
47068.npy,47068,"(666, 1000)",uint8,0.0,1.0,2,"[0, 1]",59328,666000,0.08908108108108108
47069.npy,47069,"(360, 360)",uint8,0.0,1.0,2,"[0, 1]",8656,129600,0.06679012345679013
47090.npy,47090,"(256, 256)",uint8,0.0,1.0,2,"[0, 1]",2142,65536,0.032684326171875
47097.npy,47097,"(520, 696)",uint8,0.0,1.0,2,"[0, 1]",3561,361920,0.00983919098143236
47101.npy,47101,"(360, 360)",uint8,0.0,1.0,2,"[0, 1]",6536,129600,0.0504320987654321
47133.npy,47133,"(3, 512, 512)",uint8,0.0,1.0,2,"[0, 1]",2776,786432,0.0035298665364583335
47151.npy,47151,"(1200, 1600)",uint8,0.0,1.0,2,"[0, 1]",2068,1920000,0.0010770833333333333
4716.npy,4716,"(666, 1000)",uint8,0.0,1.0,2,"[0, 1]",56340,666000,0.08459459459459459
47185.npy,47185,"(3, 512, 515)",uint8,0.0,1.0,2,"[0, 1]",2918,791040,0.003688814724919094
47238.npy,47238,"(666, 1000)",uint8,0.0,1.0,2,"[0, 1]",34604,666000,0.051957957957957955
47252.npy,47252,"(3, 1200, 1600)",uint8,0.0,1.0,2,"[0, 1]",6592,5760000,0.0011444444444444445
47261.npy,47261,"(96, 593)",uint8,0.0,1.0,2,"[0, 1]",13572,56928,0.23840640809443508
47318.npy,47318,"(256, 320)",uint8,0.0,1.0,2,"[0, 1]",953,81920,0.01163330078125
4733.npy,4733,"(520, 696)",uint8,0.0,1.0,2,"[0, 1]",4188,361920,0.011571618037135278
47366.npy,47366,"(1200, 1600)",uint8,0.0,1.0,2,"[0, 1]",9476,1920000,0.004935416666666667
47376.npy,47376,"(392, 296)",uint8,0.0,1.0,2,"[0, 1]",6546,116032,0.056415471594043025
4740.npy,4740,"(3888, 2592)",uint8,0.0,1.0,2,"[0, 1]",691673,10077696,0.06863404095539298
47405.npy,47405,"(1200, 1600)",uint8,0.0,1.0,2,"[0, 1]",5629,1920000,0.0029317708333333335
47424.npy,47424,"(1912, 2568)",uint8,0.0,1.0,2,"[0, 1]",502830,4910016,0.1024090349196418
47426.npy,47426,"(2, 986, 1984)",uint8,0.0,1.0,2,"[0, 1]",1182,3912448,0.00030211264149708825
4743.npy,4743,"(256, 256)",uint8,0.0,1.0,2,"[0, 1]",351,65536,0.0053558349609375
47441.npy,47441,"(2, 512, 512)",uint8,0.0,1.0,2,"[0, 1]",1774,524288,0.003383636474609375
47513.npy,47513,"(68, 875)",uint8,0.0,1.0,2,"[0, 1]",4932,59500,0.082890756302521
47574.npy,47574,"(512, 512)",uint8,0.0,1.0,2,"[0, 1]",1192,262144,0.004547119140625
47586.npy,47586,"(2, 1200, 1600)",uint8,0.0,1.0,2,"[0, 1]",4916,3840000,0.0012802083333333333
4772.npy,4772,"(2, 512, 512)",uint8,0.0,1.0,2,"[0, 1]",2355,524288,0.0044918060302734375
47770.npy,47770,"(2, 512, 779)",uint8,0.0,1.0,2,"[0, 1]",15583,797696,0.019535010831193838
47777.npy,47777,"(3, 511, 705)",uint8,0.0,1.0,2,"[0, 1]",2614,1080765,0.0024186571548856597
47790.npy,47790,"(360, 360)",uint8,0.0,1.0,2,"[0, 1]",6805,129600,0.052507716049382716
47830.npy,47830,"(2, 666, 1000)",uint8,0.0,1.0,2,"[0, 1]",121766,1332000,0.09141591591591591
47871.npy,47871,"(1200, 1600)",uint8,0.0,1.0,2,"[0, 1]",733,1920000,0.00038177083333333335
47916.npy,47916,"(342, 1023)",uint8,0.0,1.0,2,"[0, 1]",48970,349866,0.13996787341439293
47980.npy,47980,"(2, 3888, 2592)",uint8,0.0,1.0,2,"[0, 1]",962314,20155392,0.04774474244906772
48001.npy,48001,"(355, 1159)",uint8,0.0,1.0,2,"[0, 1]",21320,411445,0.05181737534785937
4806.npy,4806,"(2, 1912, 2568)",uint8,0.0,1.0,2,"[0, 1]",109304,9820032,0.011130717292978272
48070.npy,48070,"(1024, 1024)",uint8,0.0,1.0,2,"[0, 1]",15204,1048576,0.014499664306640625
48113.npy,48113,"(256, 256)",uint8,0.0,1.0,2,"[0, 1]",234,65536,0.003570556640625
48130.npy,48130,"(2, 256, 256)",uint8,0.0,1.0,2,"[0, 1]",327,131072,0.00249481201171875
48131.npy,48131,"(512, 545)",uint8,0.0,1.0,2,"[0, 1]",7778,279040,0.027874139908256882
48147.npy,48147,"(256, 256)",uint8,0.0,1.0,2,"[0, 1]",435,65536,0.0066375732421875
48184.npy,48184,"(2, 520, 696)",uint8,0.0,1.0,2,"[0, 1]",5416,723840,0.007482316534040672
48207.npy,48207,"(157, 1523)",uint8,0.0,1.0,2,"[0, 1]",37458,239111,0.15665527725616973
48216.npy,48216,"(909, 312)",uint8,0.0,1.0,2,"[0, 1]",26044,283608,0.09183097796959183
48219.npy,48219,"(512, 512)",uint8,0.0,1.0,2,"[0, 1]",35987,262144,0.13727951049804688
48255.npy,48255,"(256, 256)",uint8,0.0,1.0,2,"[0, 1]",725,65536,0.0110626220703125
48271.npy,48271,"(2, 1200, 1600)",uint8,0.0,1.0,2,"[0, 1]",10925,3840000,0.0028450520833333335
48272.npy,48272,"(512, 695)",uint8,0.0,1.0,2,"[0, 1]",47748,355840,0.13418390287769785
48275.npy,48275,"(2, 256, 256)",uint8,0.0,1.0,2,"[0, 1]",659,131072,0.00502777099609375
48280.npy,48280,"(256, 256)",uint8,0.0,1.0,2,"[0, 1]",748,65536,0.01141357421875
48291.npy,48291,"(3, 256, 320)",uint8,0.0,1.0,2,"[0, 1]",1400,245760,0.005696614583333333
48293.npy,48293,"(154, 619)",uint8,0.0,1.0,2,"[0, 1]",18998,95326,0.19929505066823322
48333.npy,48333,"(2, 1200, 1600)",uint8,0.0,1.0,2,"[0, 1]",29120,3840000,0.007583333333333333
48351.npy,48351,"(2, 1200, 1600)",uint8,0.0,1.0,2,"[0, 1]",8838,3840000,0.0023015625
48358.npy,48358,"(512, 640)",uint8,0.0,1.0,2,"[0, 1]",81391,327680,0.2483856201171875
48390.npy,48390,"(1024, 1024)",uint8,0.0,1.0,2,"[0, 1]",28166,1048576,0.026861190795898438
48419.npy,48419,"(256, 256)",uint8,0.0,1.0,2,"[0, 1]",629,65536,0.0095977783203125
4845.npy,4845,"(256, 320)",uint8,0.0,1.0,2,"[0, 1]",2469,81920,0.03013916015625
48454.npy,48454,"(711, 560)",uint8,0.0,1.0,2,"[0, 1]",15762,398160,0.03958710066305003
4853.npy,4853,"(2, 1912, 2568)",uint8,0.0,1.0,2,"[0, 1]",138269,9820032,0.014080300349326764
48562.npy,48562,"(520, 696)",uint8,0.0,1.0,2,"[0, 1]",3830,361920,0.010582449160035368
4858.npy,4858,"(2, 3888, 2592)",uint8,0.0,1.0,2,"[0, 1]",575344,20155392,0.02854541355484428
4865.npy,4865,"(256, 256)",uint8,0.0,1.0,2,"[0, 1]",523,65536,0.0079803466796875
48680.npy,48680,"(1200, 1600)",uint8,0.0,1.0,2,"[0, 1]",8071,1920000,0.0042036458333333335
48697.npy,48697,"(148, 448)",uint8,0.0,1.0,2,"[0, 1]",9466,66304,0.14276665057915058
48704.npy,48704,"(1912, 2568)",uint8,0.0,1.0,2,"[0, 1]",59970,4910016,0.012213809486567865
48705.npy,48705,"(256, 320)",uint8,0.0,1.0,2,"[0, 1]",791,81920,0.00965576171875
48718.npy,48718,"(2, 397, 482)",uint8,0.0,1.0,2,"[0, 1]",1929,382708,0.005040396333497079
48730.npy,48730,"(114, 1082)",uint8,0.0,1.0,2,"[0, 1]",6070,123348,0.049210364172909166
48779.npy,48779,"(512, 512)",uint8,0.0,1.0,2,"[0, 1]",461,262144,0.001758575439453125
48806.npy,48806,"(666, 1000)",uint8,0.0,1.0,2,"[0, 1]",46381,666000,0.06964114114114114
48818.npy,48818,"(512, 684)",uint8,0.0,1.0,2,"[0, 1]",5838,350208,0.016670093201754384
48836.npy,48836,"(526, 512)",uint8,0.0,1.0,2,"[0, 1]",16852,269312,0.0625742633079848
48880.npy,48880,"(3, 512, 748)",uint8,0.0,1.0,2,"[0, 1]",2496,1148928,0.0021724598930481284
48919.npy,48919,"(3, 1200, 1600)",uint8,0.0,1.0,2,"[0, 1]",30244,5760000,0.005250694444444444
48937.npy,48937,"(1912, 2568)",uint8,0.0,1.0,2,"[0, 1]",139589,4910016,0.028429438926471932
48945.npy,48945,"(256, 320)",uint8,0.0,1.0,2,"[0, 1]",2888,81920,0.03525390625
48981.npy,48981,"(666, 1000)",uint8,0.0,1.0,2,"[0, 1]",72270,666000,0.10851351351351352
4899.npy,4899,"(874, 308)",uint8,0.0,1.0,2,"[0, 1]",5084,269192,0.018886148176766027
48996.npy,48996,"(1024, 1024)",uint8,0.0,1.0,2,"[0, 1]",3002,1048576,0.0028629302978515625
48997.npy,48997,"(1200, 1600)",uint8,0.0,1.0,2,"[0, 1]",7072,1920000,0.003683333333333333
49009.npy,49009,"(512, 726)",uint8,0.0,1.0,2,"[0, 1]",29648,371712,0.07976067493112948
49042.npy,49042,"(513, 512)",uint8,0.0,1.0,2,"[0, 1]",4757,262656,0.01811114156920078
49080.npy,49080,"(2, 520, 696)",uint8,0.0,1.0,2,"[0, 1]",2854,723840,0.0039428603006189215
49131.npy,49131,"(256, 256)",uint8,0.0,1.0,2,"[0, 1]",492,65536,0.00750732421875
49149.npy,49149,"(2, 1200, 1600)",uint8,0.0,1.0,2,"[0, 1]",16100,3840000,0.004192708333333333
4920.npy,4920,"(138, 453)",uint8,0.0,1.0,2,"[0, 1]",10138,62514,0.1621716735451259
49233.npy,49233,"(1200, 1600)",uint8,0.0,1.0,2,"[0, 1]",4477,1920000,0.0023317708333333333
49237.npy,49237,"(666, 1000)",uint8,0.0,1.0,2,"[0, 1]",43756,666000,0.0656996996996997
49318.npy,49318,"(2, 256, 256)",uint8,0.0,1.0,2,"[0, 1]",519,131072,0.00395965576171875
49351.npy,49351,"(2, 3888, 2592)",uint8,0.0,1.0,2,"[0, 1]",599810,20155392,0.029759282280394247
49410.npy,49410,"(341, 763)",uint8,0.0,1.0,2,"[0, 1]",23560,260183,0.0905516501846777
49506.npy,49506,"(520, 696)",uint8,0.0,1.0,2,"[0, 1]",1064,361920,0.0029398762157382846
49514.npy,49514,"(360, 360)",uint8,0.0,1.0,2,"[0, 1]",3244,129600,0.025030864197530863
49541.npy,49541,"(3, 1200, 1600)",uint8,0.0,1.0,2,"[0, 1]",25798,5760000,0.004478819444444444
4955.npy,4955,"(666, 1000)",uint8,0.0,1.0,2,"[0, 1]",40860,666000,0.06135135135135135
49567.npy,49567,"(666, 1000)",uint8,0.0,1.0,2,"[0, 1]",75626,666000,0.11355255255255255
4957.npy,4957,"(90, 98)",uint8,0.0,1.0,2,"[0, 1]",886,8820,0.10045351473922902
49583.npy,49583,"(1912, 2568)",uint8,0.0,1.0,2,"[0, 1]",138481,4910016,0.028203777747363757
49613.npy,49613,"(1912, 2568)",uint8,0.0,1.0,2,"[0, 1]",111795,4910016,0.022768764908301726
49622.npy,49622,"(3, 1200, 1600)",uint8,0.0,1.0,2,"[0, 1]",17946,5760000,0.003115625
49672.npy,49672,"(2, 360, 360)",uint8,0.0,1.0,2,"[0, 1]",10057,259200,0.038800154320987656
49710.npy,49710,"(1200, 1600)",uint8,0.0,1.0,2,"[0, 1]",4972,1920000,0.0025895833333333335
49711.npy,49711,"(1912, 2568)",uint8,0.0,1.0,2,"[0, 1]",203064,4910016,0.04135709537402729
49712.npy,49712,"(2, 97, 719)",uint8,0.0,1.0,2,"[0, 1]",5972,139486,0.04281433262119496
49716.npy,49716,"(2, 1912, 2568)",uint8,0.0,1.0,2,"[0, 1]",261901,9820032,0.02667007602419218
49721.npy,49721,"(3, 256, 256)",uint8,0.0,1.0,2,"[0, 1]",1533,196608,0.0077972412109375
49733.npy,49733,"(1024, 1280)",uint8,0.0,1.0,2,"[0, 1]",1712,1310720,0.00130615234375
49740.npy,49740,"(1912, 2568)",uint8,0.0,1.0,2,"[0, 1]",66260,4910016,0.013494864375187371
49770.npy,49770,"(1024, 1280)",uint8,0.0,1.0,2,"[0, 1]",4528,1310720,0.00345458984375
49777.npy,49777,"(256, 256)",uint8,0.0,1.0,2,"[0, 1]",1971,65536,0.0300750732421875
49797.npy,49797,"(158, 436)",uint8,0.0,1.0,2,"[0, 1]",8286,68888,0.12028219718964116
49799.npy,49799,"(1918, 1109)",uint8,0.0,1.0,2,"[0, 1]",12008,2127062,0.005645345551751665
49819.npy,49819,"(1912, 2568)",uint8,0.0,1.0,2,"[0, 1]",31240,4910016,0.006362504725035519
49827.npy,49827,"(2, 512, 674)",uint8,0.0,1.0,2,"[0, 1]",10366,690176,0.015019357381305639
4984.npy,4984,"(256, 256)",uint8,0.0,1.0,2,"[0, 1]",646,65536,0.009857177734375
49903.npy,49903,"(131, 1077)",uint8,0.0,1.0,2,"[0, 1]",6850,141087,0.04855160291167861
4992.npy,4992,"(591, 778)",uint8,0.0,1.0,2,"[0, 1]",748,459798,0.0016268013344990625
49921.npy,49921,"(157, 185)",uint8,0.0,1.0,2,"[0, 1]",754,29045,0.025959717679462903
49928.npy,49928,"(185, 708)",uint8,0.0,1.0,2,"[0, 1]",21734,130980,0.16593373034051
49956.npy,49956,"(512, 685)",uint8,0.0,1.0,2,"[0, 1]",50458,350720,0.14386975364963503
49969.npy,49969,"(2, 256, 256)",uint8,0.0,1.0,2,"[0, 1]",623,131072,0.00475311279296875
49982.npy,49982,"(360, 360)",uint8,0.0,1.0,2,"[0, 1]",9161,129600,0.07068672839506172
4999.npy,4999,"(1024, 1280)",uint8,0.0,1.0,2,"[0, 1]",2268,1310720,0.0017303466796875
50000.npy,50000,"(718, 854)",uint8,0.0,1.0,2,"[0, 1]",77238,613172,0.12596465592036166
50028.npy,50028,"(2, 520, 696)",uint8,0.0,1.0,2,"[0, 1]",9300,723840,0.01284814323607427
5003.npy,5003,"(2, 256, 256)",uint8,0.0,1.0,2,"[0, 1]",560,131072,0.0042724609375
50069.npy,50069,"(2, 1200, 1600)",uint8,0.0,1.0,2,"[0, 1]",8062,3840000,0.0020994791666666666
5009.npy,5009,"(90, 817)",uint8,0.0,1.0,2,"[0, 1]",3472,73530,0.047218822249422004
50117.npy,50117,"(2, 1912, 2568)",uint8,0.0,1.0,2,"[0, 1]",125760,9820032,0.012806475579712978
50124.npy,50124,"(2, 360, 360)",uint8,0.0,1.0,2,"[0, 1]",6789,259200,0.02619212962962963
50126.npy,50126,"(256, 256)",uint8,0.0,1.0,2,"[0, 1]",650,65536,0.009918212890625
50158.npy,50158,"(2, 134, 1398)",uint8,0.0,1.0,2,"[0, 1]",35592,374664,0.09499711741720582
50229.npy,50229,"(260, 347)",uint8,0.0,1.0,2,"[0, 1]",264,90220,0.002926180447794281
5023.npy,5023,"(666, 1000)",uint8,0.0,1.0,2,"[0, 1]",88050,666000,0.13220720720720722
50237.npy,50237,"(2, 1200, 1600)",uint8,0.0,1.0,2,"[0, 1]",18954,3840000,0.0049359375
50245.npy,50245,"(256, 256)",uint8,0.0,1.0,2,"[0, 1]",376,65536,0.0057373046875
50255.npy,50255,"(2, 256, 256)",uint8,0.0,1.0,2,"[0, 1]",628,131072,0.004791259765625
50258.npy,50258,"(77, 377)",uint8,0.0,1.0,2,"[0, 1]",9566,29029,0.32953253642908814
50267.npy,50267,"(666, 1000)",uint8,0.0,1.0,2,"[0, 1]",41407,666000,0.06217267267267267
50280.npy,50280,"(419, 528)",uint8,0.0,1.0,2,"[0, 1]",20034,221232,0.09055651985246257
50294.npy,50294,"(256, 256)",uint8,0.0,1.0,2,"[0, 1]",592,65536,0.009033203125
50311.npy,50311,"(256, 320)",uint8,0.0,1.0,2,"[0, 1]",747,81920,0.00911865234375
50315.npy,50315,"(3, 1200, 1600)",uint8,0.0,1.0,2,"[0, 1]",27374,5760000,0.004752430555555556
50357.npy,50357,"(512, 783)",uint8,0.0,1.0,2,"[0, 1]",19121,400896,0.04769566171775223
50362.npy,50362,"(1200, 1600)",uint8,0.0,1.0,2,"[0, 1]",4159,1920000,0.0021661458333333333
50396.npy,50396,"(349, 451)",uint8,0.0,1.0,2,"[0, 1]",9862,157399,0.06265605245268395
50419.npy,50419,"(180, 944)",uint8,0.0,1.0,2,"[0, 1]",54918,169920,0.32319915254237286
50471.npy,50471,"(98, 489)",uint8,0.0,1.0,2,"[0, 1]",2658,47922,0.05546513083761112
50487.npy,50487,"(515, 512)",uint8,0.0,1.0,2,"[0, 1]",10700,263680,0.040579490291262135
50502.npy,50502,"(1200, 1600)",uint8,0.0,1.0,2,"[0, 1]",7798,1920000,0.004061458333333334
50505.npy,50505,"(666, 1000)",uint8,0.0,1.0,2,"[0, 1]",45254,666000,0.06794894894894894
50539.npy,50539,"(2, 256, 256)",uint8,0.0,1.0,2,"[0, 1]",615,131072,0.00469207763671875
50568.npy,50568,"(123, 254)",uint8,0.0,1.0,2,"[0, 1]",622,31242,0.019909096728762562
50573.npy,50573,"(2, 1200, 1600)",uint8,0.0,1.0,2,"[0, 1]",8046,3840000,0.0020953125
50607.npy,50607,"(2, 1200, 1600)",uint8,0.0,1.0,2,"[0, 1]",10085,3840000,0.0026263020833333334
50632.npy,50632,"(520, 696)",uint8,0.0,1.0,2,"[0, 1]",6080,361920,0.016799292661361626
50636.npy,50636,"(2, 1200, 1600)",uint8,0.0,1.0,2,"[0, 1]",6796,3840000,0.0017697916666666667
50664.npy,50664,"(2, 666, 1000)",uint8,0.0,1.0,2,"[0, 1]",99041,1332000,0.07435510510510511
50666.npy,50666,"(2, 256, 256)",uint8,0.0,1.0,2,"[0, 1]",942,131072,0.0071868896484375
50673.npy,50673,"(512, 512)",uint8,0.0,1.0,2,"[0, 1]",1547,262144,0.005901336669921875
50679.npy,50679,"(117, 603)",uint8,0.0,1.0,2,"[0, 1]",5898,70551,0.08359909852447166
50690.npy,50690,"(223, 2019)",uint8,0.0,1.0,2,"[0, 1]",26288,450237,0.05838702727674536
50698.npy,50698,"(102, 738)",uint8,0.0,1.0,2,"[0, 1]",5994,75276,0.07962697274031563
50720.npy,50720,"(666, 1000)",uint8,0.0,1.0,2,"[0, 1]",65344,666000,0.09811411411411411
50767.npy,50767,"(159, 1306)",uint8,0.0,1.0,2,"[0, 1]",21600,207654,0.10401918576092924
50793.npy,50793,"(520, 696)",uint8,0.0,1.0,2,"[0, 1]",8002,361920,0.022109858532272327
5080.npy,5080,"(2592, 3888)",uint8,0.0,1.0,2,"[0, 1]",657119,10077696,0.0652052810483666
50814.npy,50814,"(3888, 2592)",uint8,0.0,1.0,2,"[0, 1]",461553,10077696,0.0457994565424478
50848.npy,50848,"(2, 512, 512)",uint8,0.0,1.0,2,"[0, 1]",2729,524288,0.0052051544189453125
50877.npy,50877,"(2, 1200, 1600)",uint8,0.0,1.0,2,"[0, 1]",16016,3840000,0.004170833333333334
50905.npy,50905,"(3, 344, 399)",uint8,0.0,1.0,2,"[0, 1]",7226,411768,0.01754871675312312
50907.npy,50907,"(2, 512, 715)",uint8,0.0,1.0,2,"[0, 1]",28073,732160,0.038342711975524475
50921.npy,50921,"(1024, 1280)",uint8,0.0,1.0,2,"[0, 1]",6821,1310720,0.005204010009765625
50924.npy,50924,"(296, 931)",uint8,0.0,1.0,2,"[0, 1]",7740,275576,0.028086625830986735
50968.npy,50968,"(256, 320)",uint8,0.0,1.0,2,"[0, 1]",893,81920,0.01090087890625
50978.npy,50978,"(666, 1000)",uint8,0.0,1.0,2,"[0, 1]",105555,666000,0.15849099099099098
50983.npy,50983,"(2, 709, 1074)",uint8,0.0,1.0,2,"[0, 1]",5715,1522932,0.0037526297956835893
50989.npy,50989,"(2, 70, 625)",uint8,0.0,1.0,2,"[0, 1]",14876,87500,0.17001142857142856
50999.npy,50999,"(520, 696)",uint8,0.0,1.0,2,"[0, 1]",4484,361920,0.0123894783377542
51038.npy,51038,"(2, 1200, 1600)",uint8,0.0,1.0,2,"[0, 1]",11225,3840000,0.002923177083333333
51045.npy,51045,"(125, 518)",uint8,0.0,1.0,2,"[0, 1]",17562,64750,0.2712277992277992
51069.npy,51069,"(1024, 1024)",uint8,0.0,1.0,2,"[0, 1]",16610,1048576,0.015840530395507812
51085.npy,51085,"(2, 1200, 1600)",uint8,0.0,1.0,2,"[0, 1]",8982,3840000,0.0023390625
51087.npy,51087,"(107, 560)",uint8,0.0,1.0,2,"[0, 1]",10717,59920,0.1788551401869159
51101.npy,51101,"(3888, 2592)",uint8,0.0,1.0,2,"[0, 1]",487066,10077696,0.04833108678809125
51155.npy,51155,"(666, 1000)",uint8,0.0,1.0,2,"[0, 1]",55505,666000,0.08334084084084084
51165.npy,51165,"(1912, 2568)",uint8,0.0,1.0,2,"[0, 1]",88131,4910016,0.01794922867868455
51168.npy,51168,"(666, 1000)",uint8,0.0,1.0,2,"[0, 1]",57145,666000,0.0858033033033033
51169.npy,51169,"(512, 512)",uint8,0.0,1.0,2,"[0, 1]",828,262144,0.0031585693359375
51177.npy,51177,"(512, 512)",uint8,0.0,1.0,2,"[0, 1]",966,262144,0.00368499755859375
51198.npy,51198,"(3, 1200, 1600)",uint8,0.0,1.0,2,"[0, 1]",15454,5760000,0.0026829861111111112
51227.npy,51227,"(382, 298)",uint8,0.0,1.0,2,"[0, 1]",1020,113836,0.008960258617660494
51234.npy,51234,"(3, 512, 556)",uint8,0.0,1.0,2,"[0, 1]",20817,854016,0.024375421537769785
5125.npy,5125,"(3888, 2592)",uint8,0.0,1.0,2,"[0, 1]",292395,10077696,0.029014072264136565
5126.npy,5126,"(283, 221)",uint8,0.0,1.0,2,"[0, 1]",1579,62543,0.02524663031834098
51277.npy,51277,"(256, 256)",uint8,0.0,1.0,2,"[0, 1]",775,65536,0.0118255615234375
5130.npy,5130,"(76, 799)",uint8,0.0,1.0,2,"[0, 1]",5274,60724,0.08685198603517555
51300.npy,51300,"(520, 696)",uint8,0.0,1.0,2,"[0, 1]",4488,361920,0.01240053050397878
51306.npy,51306,"(2, 122, 682)",uint8,0.0,1.0,2,"[0, 1]",8918,166408,0.05359117350127398
51313.npy,51313,"(606, 412)",uint8,0.0,1.0,2,"[0, 1]",948,249672,0.003796981639911564
51342.npy,51342,"(256, 256)",uint8,0.0,1.0,2,"[0, 1]",234,65536,0.003570556640625
51345.npy,51345,"(2592, 3888)",uint8,0.0,1.0,2,"[0, 1]",455133,10077696,0.04516240616902911
51441.npy,51441,"(520, 696)",uint8,0.0,1.0,2,"[0, 1]",3661,361920,0.01011549513704686
51464.npy,51464,"(512, 758)",uint8,0.0,1.0,2,"[0, 1]",181819,388096,0.4684897551121372
5151.npy,5151,"(520, 696)",uint8,0.0,1.0,2,"[0, 1]",4080,361920,0.011273209549071617
51524.npy,51524,"(2592, 3888)",uint8,0.0,1.0,2,"[0, 1]",598025,10077696,0.05934144074201087
51552.npy,51552,"(104, 1131)",uint8,0.0,1.0,2,"[0, 1]",12978,117624,0.11033462558661497
51608.npy,51608,"(1200, 1600)",uint8,0.0,1.0,2,"[0, 1]",3405,1920000,0.0017734375
51643.npy,51643,"(512, 765)",uint8,0.0,1.0,2,"[0, 1]",48706,391680,0.1243515114379085
51668.npy,51668,"(512, 517)",uint8,0.0,1.0,2,"[0, 1]",1883,264704,0.0071136061411992265
51688.npy,51688,"(2, 1200, 1600)",uint8,0.0,1.0,2,"[0, 1]",6174,3840000,0.0016078125
51718.npy,51718,"(512, 512)",uint8,0.0,1.0,2,"[0, 1]",7991,262144,0.030483245849609375
51742.npy,51742,"(1912, 2568)",uint8,0.0,1.0,2,"[0, 1]",54897,4910016,0.011180615297383959
5175.npy,5175,"(512, 512)",uint8,0.0,1.0,2,"[0, 1]",19017,262144,0.07254409790039062
51771.npy,51771,"(67, 396)",uint8,0.0,1.0,2,"[0, 1]",1998,26532,0.07530529172320218
51787.npy,51787,"(666, 1000)",uint8,0.0,1.0,2,"[0, 1]",54482,666000,0.0818048048048048
51796.npy,51796,"(3, 1200, 1600)",uint8,0.0,1.0,2,"[0, 1]",21270,5760000,0.0036927083333333334
5180.npy,5180,"(666, 1000)",uint8,0.0,1.0,2,"[0, 1]",109914,666000,0.16503603603603603
51831.npy,51831,"(172, 196)",uint8,0.0,1.0,2,"[0, 1]",2142,33712,0.06353820598006645
51891.npy,51891,"(2, 666, 1000)",uint8,0.0,1.0,2,"[0, 1]",146188,1332000,0.10975075075075075
51906.npy,51906,"(4, 512, 754)",uint8,0.0,1.0,2,"[0, 1]",10346,1544192,0.006699944048408488
51924.npy,51924,"(512, 589)",uint8,0.0,1.0,2,"[0, 1]",22145,301568,0.0734328575976231
51927.npy,51927,"(512, 671)",uint8,0.0,1.0,2,"[0, 1]",20299,343552,0.05908566970938897
5195.npy,5195,"(1024, 1024)",uint8,0.0,1.0,2,"[0, 1]",3450,1048576,0.0032901763916015625
51954.npy,51954,"(2, 666, 1000)",uint8,0.0,1.0,2,"[0, 1]",74386,1332000,0.05584534534534535
51959.npy,51959,"(666, 1000)",uint8,0.0,1.0,2,"[0, 1]",37184,666000,0.05583183183183183
52050.npy,52050,"(512, 583)",uint8,0.0,1.0,2,"[0, 1]",1847,298496,0.006187687607204117
52072.npy,52072,"(1070, 757)",uint8,0.0,1.0,2,"[0, 1]",24702,809990,0.03049667279842961
52116.npy,52116,"(520, 696)",uint8,0.0,1.0,2,"[0, 1]",4479,361920,0.012375663129973475
52188.npy,52188,"(2, 666, 1000)",uint8,0.0,1.0,2,"[0, 1]",124173,1332000,0.09322297297297297
52192.npy,52192,"(364, 1068)",uint8,0.0,1.0,2,"[0, 1]",4218,388752,0.010850104951228547
5220.npy,5220,"(68, 697)",uint8,0.0,1.0,2,"[0, 1]",4158,47396,0.08772892227192168
52205.npy,52205,"(666, 1000)",uint8,0.0,1.0,2,"[0, 1]",49628,666000,0.07451651651651651
52207.npy,52207,"(162, 1134)",uint8,0.0,1.0,2,"[0, 1]",66096,183708,0.35978835978835977
52254.npy,52254,"(512, 696)",uint8,0.0,1.0,2,"[0, 1]",3700,356352,0.01038299209770115
5227.npy,5227,"(666, 1000)",uint8,0.0,1.0,2,"[0, 1]",56869,666000,0.08538888888888889
52298.npy,52298,"(1024, 1024)",uint8,0.0,1.0,2,"[0, 1]",72148,1048576,0.06880569458007812
52302.npy,52302,"(360, 360)",uint8,0.0,1.0,2,"[0, 1]",3509,129600,0.027075617283950616
5233.npy,5233,"(159, 428)",uint8,0.0,1.0,2,"[0, 1]",5250,68052,0.07714688767413154
5234.npy,5234,"(666, 1000)",uint8,0.0,1.0,2,"[0, 1]",89555,666000,0.13446696696696697
52385.npy,52385,"(74, 533)",uint8,0.0,1.0,2,"[0, 1]",10994,39442,0.2787384006896202
52396.npy,52396,"(223, 513)",uint8,0.0,1.0,2,"[0, 1]",30318,114399,0.2650197991241182
5250.npy,5250,"(2, 512, 512)",uint8,0.0,1.0,2,"[0, 1]",15873,524288,0.030275344848632812
52521.npy,52521,"(256, 256)",uint8,0.0,1.0,2,"[0, 1]",143,65536,0.0021820068359375
52524.npy,52524,"(118, 568)",uint8,0.0,1.0,2,"[0, 1]",11718,67024,0.17483289567915972
52559.npy,52559,"(2, 520, 696)",uint8,0.0,1.0,2,"[0, 1]",11593,723840,0.01601597038019452
52590.npy,52590,"(201, 1094)",uint8,0.0,1.0,2,"[0, 1]",11118,219894,0.050560724712816175
52639.npy,52639,"(1024, 1024)",uint8,0.0,1.0,2,"[0, 1]",14106,1048576,0.013452529907226562
52644.npy,52644,"(2, 666, 1000)",uint8,0.0,1.0,2,"[0, 1]",77175,1332000,0.05793918918918919
52666.npy,52666,"(2, 256, 256)",uint8,0.0,1.0,2,"[0, 1]",1713,131072,0.01306915283203125
52678.npy,52678,"(2, 256, 256)",uint8,0.0,1.0,2,"[0, 1]",1971,131072,0.01503753662109375
5270.npy,5270,"(512, 733)",uint8,0.0,1.0,2,"[0, 1]",13408,375296,0.03572646657571624
52735.npy,52735,"(204, 858)",uint8,0.0,1.0,2,"[0, 1]",9900,175032,0.05656108597285068
52737.npy,52737,"(198, 411)",uint8,0.0,1.0,2,"[0, 1]",19654,81378,0.2415149057484824
52747.npy,52747,"(804, 744)",uint8,0.0,1.0,2,"[0, 1]",2000,598176,0.003343497565933772
5279.npy,5279,"(2, 1200, 1600)",uint8,0.0,1.0,2,"[0, 1]",21683,3840000,0.005646614583333333
52798.npy,52798,"(2, 256, 256)",uint8,0.0,1.0,2,"[0, 1]",754,131072,0.0057525634765625
52825.npy,52825,"(2, 256, 320)",uint8,0.0,1.0,2,"[0, 1]",7618,163840,0.04649658203125
52848.npy,52848,"(97, 788)",uint8,0.0,1.0,2,"[0, 1]",9558,76436,0.12504578994191218
52864.npy,52864,"(1912, 2568)",uint8,0.0,1.0,2,"[0, 1]",215668,4910016,0.04392409311904483
52877.npy,52877,"(2078, 633)",uint8,0.0,1.0,2,"[0, 1]",48296,1315374,0.03671655361897073
52927.npy,52927,"(264, 1157)",uint8,0.0,1.0,2,"[0, 1]",23264,305448,0.07616353683769414
52991.npy,52991,"(2, 512, 668)",uint8,0.0,1.0,2,"[0, 1]",4926,684032,0.00720141747754491
52999.npy,52999,"(666, 1000)",uint8,0.0,1.0,2,"[0, 1]",60480,666000,0.09081081081081081
53028.npy,53028,"(2592, 3888)",uint8,0.0,1.0,2,"[0, 1]",352790,10077696,0.03500700953868821
53102.npy,53102,"(2, 520, 696)",uint8,0.0,1.0,2,"[0, 1]",16128,723840,0.022281167108753316
53118.npy,53118,"(2, 520, 696)",uint8,0.0,1.0,2,"[0, 1]",5115,723840,0.007066478779840849
5312.npy,5312,"(666, 1000)",uint8,0.0,1.0,2,"[0, 1]",31787,666000,0.047728228228228226
53132.npy,53132,"(74, 505)",uint8,0.0,1.0,2,"[0, 1]",5634,37370,0.15076264383195076
53137.npy,53137,"(512, 512)",uint8,0.0,1.0,2,"[0, 1]",15613,262144,0.059558868408203125
53149.npy,53149,"(112, 326)",uint8,0.0,1.0,2,"[0, 1]",1402,36512,0.03839833479404032
53157.npy,53157,"(3, 520, 696)",uint8,0.0,1.0,2,"[0, 1]",15740,1085760,0.01449675803124079
53177.npy,53177,"(520, 696)",uint8,0.0,1.0,2,"[0, 1]",2019,361920,0.005578580901856764
53206.npy,53206,"(811, 1056)",uint8,0.0,1.0,2,"[0, 1]",4529,856416,0.005288317826850503
53208.npy,53208,"(90, 642)",uint8,0.0,1.0,2,"[0, 1]",18450,57780,0.31931464174454827
53236.npy,53236,"(1912, 2568)",uint8,0.0,1.0,2,"[0, 1]",33446,4910016,0.0068117904300108185
53248.npy,53248,"(360, 360)",uint8,0.0,1.0,2,"[0, 1]",3792,129600,0.02925925925925926
53296.npy,53296,"(2, 526, 512)",uint8,0.0,1.0,2,"[0, 1]",465,538624,0.0008633109553231939
53356.npy,53356,"(3, 512, 512)",uint8,0.0,1.0,2,"[0, 1]",9008,786432,0.011454264322916666
53382.npy,53382,"(2, 1200, 1600)",uint8,0.0,1.0,2,"[0, 1]",7456,3840000,0.0019416666666666666
53398.npy,53398,"(256, 256)",uint8,0.0,1.0,2,"[0, 1]",362,65536,0.005523681640625
53404.npy,53404,"(666, 1000)",uint8,0.0,1.0,2,"[0, 1]",41591,666000,0.06244894894894895
53433.npy,53433,"(3, 256, 256)",uint8,0.0,1.0,2,"[0, 1]",483,196608,0.0024566650390625
53464.npy,53464,"(2, 1200, 1600)",uint8,0.0,1.0,2,"[0, 1]",3899,3840000,0.0010153645833333334
53495.npy,53495,"(256, 256)",uint8,0.0,1.0,2,"[0, 1]",225,65536,0.0034332275390625
5352.npy,5352,"(90, 466)",uint8,0.0,1.0,2,"[0, 1]",5478,41940,0.13061516452074393
53527.npy,53527,"(256, 320)",uint8,0.0,1.0,2,"[0, 1]",691,81920,0.00843505859375
53570.npy,53570,"(279, 516)",uint8,0.0,1.0,2,"[0, 1]",21734,143964,0.15096829762996306
53590.npy,53590,"(2, 785, 881)",uint8,0.0,1.0,2,"[0, 1]",3285,1383170,0.002374979214413268
53626.npy,53626,"(1912, 2568)",uint8,0.0,1.0,2,"[0, 1]",291388,4910016,0.05934563146026408
53648.npy,53648,"(534, 512)",uint8,0.0,1.0,2,"[0, 1]",18138,273408,0.0663404143258427
53675.npy,53675,"(2, 524, 598)",uint8,0.0,1.0,2,"[0, 1]",3895,626704,0.006215055273302867
53763.npy,53763,"(2, 256, 256)",uint8,0.0,1.0,2,"[0, 1]",871,131072,0.00664520263671875
53772.npy,53772,"(2, 1200, 1600)",uint8,0.0,1.0,2,"[0, 1]",7352,3840000,0.0019145833333333332
53806.npy,53806,"(1691, 285)",uint8,0.0,1.0,2,"[0, 1]",21108,481935,0.04379843754863208
5384.npy,5384,"(666, 1000)",uint8,0.0,1.0,2,"[0, 1]",65338,666000,0.0981051051051051
5385.npy,5385,"(319, 1713)",uint8,0.0,1.0,2,"[0, 1]",2958,546447,0.0054131507721700365
53877.npy,53877,"(176, 891)",uint8,0.0,1.0,2,"[0, 1]",8136,156816,0.05188246097337006
53882.npy,53882,"(512, 513)",uint8,0.0,1.0,2,"[0, 1]",6581,262656,0.025055586013645225
53889.npy,53889,"(512, 578)",uint8,0.0,1.0,2,"[0, 1]",477,295936,0.001611834991349481
53912.npy,53912,"(666, 1000)",uint8,0.0,1.0,2,"[0, 1]",53950,666000,0.081006006006006
53927.npy,53927,"(131, 1578)",uint8,0.0,1.0,2,"[0, 1]",19136,206718,0.09257055505567972
53951.npy,53951,"(666, 1000)",uint8,0.0,1.0,2,"[0, 1]",43715,666000,0.06563813813813814
53961.npy,53961,"(2, 1200, 1600)",uint8,0.0,1.0,2,"[0, 1]",20108,3840000,0.005236458333333333
53963.npy,53963,"(70, 632)",uint8,0.0,1.0,2,"[0, 1]",10414,44240,0.23539783001808318
53993.npy,53993,"(90, 1169)",uint8,0.0,1.0,2,"[0, 1]",9082,105210,0.08632259290941925
54000.npy,54000,"(512, 516)",uint8,0.0,1.0,2,"[0, 1]",42937,264192,0.16252195373062014
54002.npy,54002,"(1200, 1600)",uint8,0.0,1.0,2,"[0, 1]",5950,1920000,0.0030989583333333333
54003.npy,54003,"(1912, 2568)",uint8,0.0,1.0,2,"[0, 1]",290857,4910016,0.059237485173164406
54019.npy,54019,"(2, 256, 256)",uint8,0.0,1.0,2,"[0, 1]",754,131072,0.0057525634765625
54023.npy,54023,"(3, 256, 256)",uint8,0.0,1.0,2,"[0, 1]",3116,196608,0.015848795572916668
54040.npy,54040,"(117, 603)",uint8,0.0,1.0,2,"[0, 1]",7840,70551,0.1111252852546385
54076.npy,54076,"(666, 1000)",uint8,0.0,1.0,2,"[0, 1]",71961,666000,0.10804954954954955
5410.npy,5410,"(256, 256)",uint8,0.0,1.0,2,"[0, 1]",226,65536,0.003448486328125
5412.npy,5412,"(3, 1200, 1600)",uint8,0.0,1.0,2,"[0, 1]",9760,5760000,0.0016944444444444444
54150.npy,54150,"(405, 234)",uint8,0.0,1.0,2,"[0, 1]",950,94770,0.010024269283528543
54152.npy,54152,"(666, 1000)",uint8,0.0,1.0,2,"[0, 1]",44991,666000,0.06755405405405406
5417.npy,5417,"(666, 1000)",uint8,0.0,1.0,2,"[0, 1]",52885,666000,0.07940690690690691
54268.npy,54268,"(2, 256, 256)",uint8,0.0,1.0,2,"[0, 1]",1403,131072,0.01070404052734375
54274.npy,54274,"(256, 256)",uint8,0.0,1.0,2,"[0, 1]",205,65536,0.0031280517578125
54309.npy,54309,"(223, 444)",uint8,0.0,1.0,2,"[0, 1]",6102,99012,0.06162889346745849
5436.npy,5436,"(90, 1169)",uint8,0.0,1.0,2,"[0, 1]",11000,105210,0.10455279916357761
54386.npy,54386,"(486, 487)",uint8,0.0,1.0,2,"[0, 1]",5952,236682,0.025147666489213374
54397.npy,54397,"(2, 256, 256)",uint8,0.0,1.0,2,"[0, 1]",529,131072,0.00403594970703125
54439.npy,54439,"(256, 320)",uint8,0.0,1.0,2,"[0, 1]",2376,81920,0.02900390625
54475.npy,54475,"(256, 256)",uint8,0.0,1.0,2,"[0, 1]",353,65536,0.0053863525390625
54527.npy,54527,"(513, 512)",uint8,0.0,1.0,2,"[0, 1]",38305,262656,0.14583714059454192
54532.npy,54532,"(110, 602)",uint8,0.0,1.0,2,"[0, 1]",9450,66220,0.1427061310782241
54543.npy,54543,"(1024, 1024)",uint8,0.0,1.0,2,"[0, 1]",1074,1048576,0.0010242462158203125
54544.npy,54544,"(69, 807)",uint8,0.0,1.0,2,"[0, 1]",3468,55683,0.06228112709444534
54545.npy,54545,"(2, 512, 512)",uint8,0.0,1.0,2,"[0, 1]",8474,524288,0.016162872314453125
54553.npy,54553,"(520, 696)",uint8,0.0,1.0,2,"[0, 1]",5910,361920,0.016329575596816977
54573.npy,54573,"(666, 1000)",uint8,0.0,1.0,2,"[0, 1]",67932,666000,0.102
5462.npy,5462,"(2, 256, 256)",uint8,0.0,1.0,2,"[0, 1]",234,131072,0.0017852783203125
54636.npy,54636,"(520, 696)",uint8,0.0,1.0,2,"[0, 1]",3899,361920,0.010773099027409373
54680.npy,54680,"(528, 512)",uint8,0.0,1.0,2,"[0, 1]",22354,270336,0.08268968986742424
54689.npy,54689,"(256, 320)",uint8,0.0,1.0,2,"[0, 1]",2354,81920,0.0287353515625
54710.npy,54710,"(165, 413)",uint8,0.0,1.0,2,"[0, 1]",5702,68145,0.08367451757282265
54735.npy,54735,"(123, 612)",uint8,0.0,1.0,2,"[0, 1]",5928,75276,0.07875019926669855
54737.npy,54737,"(666, 1000)",uint8,0.0,1.0,2,"[0, 1]",38909,666000,0.05842192192192192
54750.npy,54750,"(2, 1200, 1600)",uint8,0.0,1.0,2,"[0, 1]",14474,3840000,0.0037692708333333332
54790.npy,54790,"(256, 320)",uint8,0.0,1.0,2,"[0, 1]",3010,81920,0.0367431640625
54811.npy,54811,"(2, 1024, 1024)",uint8,0.0,1.0,2,"[0, 1]",8346,2097152,0.003979682922363281
54847.npy,54847,"(256, 256)",uint8,0.0,1.0,2,"[0, 1]",434,65536,0.006622314453125
54849.npy,54849,"(256, 256)",uint8,0.0,1.0,2,"[0, 1]",318,65536,0.004852294921875
54863.npy,54863,"(1418, 1440)",uint8,0.0,1.0,2,"[0, 1]",54252,2041920,0.02656911142454161
54870.npy,54870,"(203, 481)",uint8,0.0,1.0,2,"[0, 1]",8736,97643,0.08946877912395154
54880.npy,54880,"(520, 696)",uint8,0.0,1.0,2,"[0, 1]",2562,361920,0.007078912466843501
54922.npy,54922,"(1912, 2568)",uint8,0.0,1.0,2,"[0, 1]",72391,4910016,0.014743536477274208
5494.npy,5494,"(666, 1000)",uint8,0.0,1.0,2,"[0, 1]",49841,666000,0.07483633633633634
54942.npy,54942,"(90, 502)",uint8,0.0,1.0,2,"[0, 1]",2162,45180,0.04785303231518371
54945.npy,54945,"(2, 3888, 2592)",uint8,0.0,1.0,2,"[0, 1]",608951,20155392,0.030212808562592085
54950.npy,54950,"(360, 360)",uint8,0.0,1.0,2,"[0, 1]",3300,129600,0.02546296296296296
54974.npy,54974,"(2, 1200, 1600)",uint8,0.0,1.0,2,"[0, 1]",3383,3840000,0.0008809895833333333
54998.npy,54998,"(2, 1200, 1600)",uint8,0.0,1.0,2,"[0, 1]",12581,3840000,0.0032763020833333333
55005.npy,55005,"(2, 293, 380)",uint8,0.0,1.0,2,"[0, 1]",25287,222680,0.11355757140291001
55025.npy,55025,"(3, 512, 730)",uint8,0.0,1.0,2,"[0, 1]",11396,1121280,0.010163384703196348
55030.npy,55030,"(1912, 2568)",uint8,0.0,1.0,2,"[0, 1]",33184,4910016,0.006758430115095348
55031.npy,55031,"(2, 512, 640)",uint8,0.0,1.0,2,"[0, 1]",2521,655360,0.00384674072265625
55037.npy,55037,"(441, 260)",uint8,0.0,1.0,2,"[0, 1]",7418,114660,0.06469562183847898
5506.npy,5506,"(73, 464)",uint8,0.0,1.0,2,"[0, 1]",7139,33872,0.21076405290505432
55072.npy,55072,"(274, 750)",uint8,0.0,1.0,2,"[0, 1]",17354,205500,0.08444768856447689
55079.npy,55079,"(512, 741)",uint8,0.0,1.0,2,"[0, 1]",49754,379392,0.13114140519568152
55112.npy,55112,"(256, 256)",uint8,0.0,1.0,2,"[0, 1]",438,65536,0.006683349609375
55156.npy,55156,"(189, 1131)",uint8,0.0,1.0,2,"[0, 1]",9266,213759,0.0433478824283422
55165.npy,55165,"(274, 750)",uint8,0.0,1.0,2,"[0, 1]",20808,205500,0.10125547445255474
55175.npy,55175,"(2, 666, 1000)",uint8,0.0,1.0,2,"[0, 1]",111812,1332000,0.08394294294294294
55226.npy,55226,"(2, 132, 573)",uint8,0.0,1.0,2,"[0, 1]",15848,151272,0.10476492675445555
55232.npy,55232,"(512, 640)",uint8,0.0,1.0,2,"[0, 1]",3363,327680,0.0102630615234375
55247.npy,55247,"(3, 256, 320)",uint8,0.0,1.0,2,"[0, 1]",2170,245760,0.008829752604166666
55249.npy,55249,"(666, 1000)",uint8,0.0,1.0,2,"[0, 1]",53098,666000,0.07972672672672673
55291.npy,55291,"(512, 512)",uint8,0.0,1.0,2,"[0, 1]",996,262144,0.0037994384765625
55300.npy,55300,"(3, 1104, 1236)",uint8,0.0,1.0,2,"[0, 1]",2595,4093632,0.0006339114019042259
55317.npy,55317,"(2, 256, 256)",uint8,0.0,1.0,2,"[0, 1]",1259,131072,0.00960540771484375
55333.npy,55333,"(152, 1305)",uint8,0.0,1.0,2,"[0, 1]",14382,198360,0.07250453720508167
55380.npy,55380,"(666, 1000)",uint8,0.0,1.0,2,"[0, 1]",53636,666000,0.08053453453453453
55394.npy,55394,"(2, 1912, 2568)",uint8,0.0,1.0,2,"[0, 1]",72954,9820032,0.00742910002737262
55490.npy,55490,"(360, 360)",uint8,0.0,1.0,2,"[0, 1]",4949,129600,0.03818672839506173
55494.npy,55494,"(360, 360)",uint8,0.0,1.0,2,"[0, 1]",5409,129600,0.04173611111111111
55497.npy,55497,"(2, 1024, 1024)",uint8,0.0,1.0,2,"[0, 1]",5882,2097152,0.0028047561645507812
55536.npy,55536,"(2, 232, 835)",uint8,0.0,1.0,2,"[0, 1]",9416,387440,0.024303117902126782
55541.npy,55541,"(2, 850, 910)",uint8,0.0,1.0,2,"[0, 1]",2454,1547000,0.0015862960568842923
55585.npy,55585,"(3, 512, 547)",uint8,0.0,1.0,2,"[0, 1]",6186,840192,0.007362602833638026
55600.npy,55600,"(666, 1000)",uint8,0.0,1.0,2,"[0, 1]",42061,666000,0.06315465465465465
55639.npy,55639,"(512, 733)",uint8,0.0,1.0,2,"[0, 1]",17440,375296,0.0464699863574352
55650.npy,55650,"(2592, 3888)",uint8,0.0,1.0,2,"[0, 1]",290888,10077696,0.02886453411573439
55651.npy,55651,"(200, 340)",uint8,0.0,1.0,2,"[0, 1]",3216,68000,0.04729411764705883
55655.npy,55655,"(666, 1000)",uint8,0.0,1.0,2,"[0, 1]",82348,666000,0.12364564564564565
55667.npy,55667,"(666, 1000)",uint8,0.0,1.0,2,"[0, 1]",58854,666000,0.08836936936936937
55674.npy,55674,"(117, 701)",uint8,0.0,1.0,2,"[0, 1]",12009,82017,0.1464208639672263
55684.npy,55684,"(3888, 2592)",uint8,0.0,1.0,2,"[0, 1]",534936,10077696,0.05308118046029569
55695.npy,55695,"(2, 393, 275)",uint8,0.0,1.0,2,"[0, 1]",18650,216150,0.08628267406893361
55712.npy,55712,"(512, 534)",uint8,0.0,1.0,2,"[0, 1]",6577,273408,0.024055623829588015
5573.npy,5573,"(2, 256, 320)",uint8,0.0,1.0,2,"[0, 1]",2362,163840,0.01441650390625
55762.npy,55762,"(512, 724)",uint8,0.0,1.0,2,"[0, 1]",54496,370688,0.14701312154696133
55766.npy,55766,"(360, 360)",uint8,0.0,1.0,2,"[0, 1]",4102,129600,0.03165123456790123
55790.npy,55790,"(568, 512)",uint8,0.0,1.0,2,"[0, 1]",40826,290816,0.14038429797535212
55806.npy,55806,"(238, 819)",uint8,0.0,1.0,2,"[0, 1]",41490,194922,0.21285437251823808
55816.npy,55816,"(666, 1000)",uint8,0.0,1.0,2,"[0, 1]",85703,666000,0.12868318318318317
55818.npy,55818,"(287, 560)",uint8,0.0,1.0,2,"[0, 1]",7221,160720,0.04492906918865107
55931.npy,55931,"(520, 696)",uint8,0.0,1.0,2,"[0, 1]",2680,361920,0.007404951370468612
55949.npy,55949,"(1200, 1600)",uint8,0.0,1.0,2,"[0, 1]",16000,1920000,0.008333333333333333
56002.npy,56002,"(2, 1200, 1600)",uint8,0.0,1.0,2,"[0, 1]",9697,3840000,0.0025252604166666665
5602.npy,5602,"(256, 320)",uint8,0.0,1.0,2,"[0, 1]",769,81920,0.00938720703125
56052.npy,56052,"(143, 883)",uint8,0.0,1.0,2,"[0, 1]",11298,126269,0.08947564326952775
56106.npy,56106,"(2, 256, 256)",uint8,0.0,1.0,2,"[0, 1]",343,131072,0.00261688232421875
56127.npy,56127,"(451, 665)",uint8,0.0,1.0,2,"[0, 1]",3730,299915,0.012436857109514362
56145.npy,56145,"(2, 1200, 1600)",uint8,0.0,1.0,2,"[0, 1]",14482,3840000,0.0037713541666666668
56173.npy,56173,"(256, 256)",uint8,0.0,1.0,2,"[0, 1]",354,65536,0.005401611328125
56181.npy,56181,"(205, 251)",uint8,0.0,1.0,2,"[0, 1]",925,51455,0.017976872995821593
56232.npy,56232,"(205, 382)",uint8,0.0,1.0,2,"[0, 1]",2951,78310,0.03768356531732857
5626.npy,5626,"(2, 360, 360)",uint8,0.0,1.0,2,"[0, 1]",3368,259200,0.012993827160493828
56264.npy,56264,"(520, 696)",uint8,0.0,1.0,2,"[0, 1]",9526,361920,0.026320733863837313
56269.npy,56269,"(256, 320)",uint8,0.0,1.0,2,"[0, 1]",1839,81920,0.02244873046875
56297.npy,56297,"(2, 512, 512)",uint8,0.0,1.0,2,"[0, 1]",924,524288,0.00176239013671875
56310.npy,56310,"(512, 512)",uint8,0.0,1.0,2,"[0, 1]",1586,262144,0.00605010986328125
56311.npy,56311,"(131, 541)",uint8,0.0,1.0,2,"[0, 1]",1057,70871,0.014914421977959955
56339.npy,56339,"(2, 256, 256)",uint8,0.0,1.0,2,"[0, 1]",227,131072,0.00173187255859375
56376.npy,56376,"(666, 1000)",uint8,0.0,1.0,2,"[0, 1]",115763,666000,0.17381831831831832
56390.npy,56390,"(1200, 1600)",uint8,0.0,1.0,2,"[0, 1]",1130,1920000,0.0005885416666666667
56402.npy,56402,"(2, 512, 662)",uint8,0.0,1.0,2,"[0, 1]",3046,677888,0.004493367635951662
56438.npy,56438,"(273, 1615)",uint8,0.0,1.0,2,"[0, 1]",18480,440895,0.04191474160514408
56442.npy,56442,"(2, 1024, 1280)",uint8,0.0,1.0,2,"[0, 1]",21654,2621440,0.008260345458984375
56443.npy,56443,"(2, 256, 256)",uint8,0.0,1.0,2,"[0, 1]",711,131072,0.00542449951171875
56452.npy,56452,"(3, 512, 518)",uint8,0.0,1.0,2,"[0, 1]",1350,795648,0.0016967302123552124
56472.npy,56472,"(360, 360)",uint8,0.0,1.0,2,"[0, 1]",2963,129600,0.022862654320987653
56515.npy,56515,"(2, 1200, 1600)",uint8,0.0,1.0,2,"[0, 1]",10576,3840000,0.0027541666666666665
56544.npy,56544,"(810, 375)",uint8,0.0,1.0,2,"[0, 1]",20184,303750,0.06644938271604939
56549.npy,56549,"(2, 666, 1000)",uint8,0.0,1.0,2,"[0, 1]",119676,1332000,0.08984684684684685
56563.npy,56563,"(1200, 1600)",uint8,0.0,1.0,2,"[0, 1]",4900,1920000,0.0025520833333333333
56582.npy,56582,"(520, 696)",uint8,0.0,1.0,2,"[0, 1]",3880,361920,0.010720601237842617
56589.npy,56589,"(666, 1000)",uint8,0.0,1.0,2,"[0, 1]",80398,666000,0.12071771771771772
56623.npy,56623,"(2, 1200, 1600)",uint8,0.0,1.0,2,"[0, 1]",4442,3840000,0.0011567708333333334
56659.npy,56659,"(1024, 1024)",uint8,0.0,1.0,2,"[0, 1]",6050,1048576,0.0057697296142578125
56700.npy,56700,"(256, 320)",uint8,0.0,1.0,2,"[0, 1]",1040,81920,0.0126953125
56712.npy,56712,"(256, 256)",uint8,0.0,1.0,2,"[0, 1]",1436,65536,0.02191162109375
56723.npy,56723,"(520, 696)",uint8,0.0,1.0,2,"[0, 1]",2997,361920,0.008280835543766579
5675.npy,5675,"(2, 256, 256)",uint8,0.0,1.0,2,"[0, 1]",965,131072,0.00736236572265625
56771.npy,56771,"(512, 512)",uint8,0.0,1.0,2,"[0, 1]",1055,262144,0.004024505615234375
56778.npy,56778,"(256, 320)",uint8,0.0,1.0,2,"[0, 1]",6232,81920,0.07607421875
56787.npy,56787,"(624, 734)",uint8,0.0,1.0,2,"[0, 1]",1264,458016,0.002759728917767065
56793.npy,56793,"(2, 666, 1000)",uint8,0.0,1.0,2,"[0, 1]",95894,1332000,0.0719924924924925
568.npy,568,"(2, 360, 360)",uint8,0.0,1.0,2,"[0, 1]",6428,259200,0.02479938271604938
56838.npy,56838,"(2, 1200, 1600)",uint8,0.0,1.0,2,"[0, 1]",15056,3840000,0.0039208333333333335
56839.npy,56839,"(79, 775)",uint8,0.0,1.0,2,"[0, 1]",9594,61225,0.156700694160882
56859.npy,56859,"(256, 256)",uint8,0.0,1.0,2,"[0, 1]",379,65536,0.0057830810546875
569.npy,569,"(125, 434)",uint8,0.0,1.0,2,"[0, 1]",28358,54250,0.5227281105990783
56903.npy,56903,"(2, 666, 1000)",uint8,0.0,1.0,2,"[0, 1]",155290,1332000,0.11658408408408408
56964.npy,56964,"(256, 320)",uint8,0.0,1.0,2,"[0, 1]",388,81920,0.004736328125
56992.npy,56992,"(2, 1200, 1600)",uint8,0.0,1.0,2,"[0, 1]",24760,3840000,0.006447916666666667
56994.npy,56994,"(250, 231)",uint8,0.0,1.0,2,"[0, 1]",803,57750,0.013904761904761904
56997.npy,56997,"(1912, 2568)",uint8,0.0,1.0,2,"[0, 1]",19853,4910016,0.004043367679453591
57.npy,57,"(256, 320)",uint8,0.0,1.0,2,"[0, 1]",1980,81920,0.024169921875
57011.npy,57011,"(3888, 2592)",uint8,0.0,1.0,2,"[0, 1]",496544,10077696,0.04927157953563989
57066.npy,57066,"(159, 1017)",uint8,0.0,1.0,2,"[0, 1]",23346,161703,0.14437580007792064
57076.npy,57076,"(666, 1000)",uint8,0.0,1.0,2,"[0, 1]",75631,666000,0.11356006006006006
57078.npy,57078,"(124, 609)",uint8,0.0,1.0,2,"[0, 1]",23562,75516,0.3120133481646274
57085.npy,57085,"(2, 512, 668)",uint8,0.0,1.0,2,"[0, 1]",4938,684032,0.007218960516467066
5714.npy,5714,"(1024, 1024)",uint8,0.0,1.0,2,"[0, 1]",2424,1048576,0.00231170654296875
57143.npy,57143,"(512, 631)",uint8,0.0,1.0,2,"[0, 1]",8253,323072,0.025545389263074484
57172.npy,57172,"(311, 706)",uint8,0.0,1.0,2,"[0, 1]",19602,219566,0.08927611743166064
57239.npy,57239,"(360, 360)",uint8,0.0,1.0,2,"[0, 1]",6046,129600,0.04665123456790123
57262.npy,57262,"(256, 256)",uint8,0.0,1.0,2,"[0, 1]",309,65536,0.0047149658203125
57285.npy,57285,"(3, 256, 256)",uint8,0.0,1.0,2,"[0, 1]",2124,196608,0.01080322265625
57317.npy,57317,"(256, 256)",uint8,0.0,1.0,2,"[0, 1]",353,65536,0.0053863525390625
57324.npy,57324,"(106, 679)",uint8,0.0,1.0,2,"[0, 1]",10354,71974,0.14385750409870232
57328.npy,57328,"(666, 1000)",uint8,0.0,1.0,2,"[0, 1]",63806,666000,0.0958048048048048
5734.npy,5734,"(666, 1000)",uint8,0.0,1.0,2,"[0, 1]",46023,666000,0.0691036036036036
57342.npy,57342,"(256, 256)",uint8,0.0,1.0,2,"[0, 1]",433,65536,0.0066070556640625
57390.npy,57390,"(256, 256)",uint8,0.0,1.0,2,"[0, 1]",920,65536,0.0140380859375
57398.npy,57398,"(666, 1000)",uint8,0.0,1.0,2,"[0, 1]",50097,666000,0.07522072072072072
57505.npy,57505,"(1200, 1600)",uint8,0.0,1.0,2,"[0, 1]",1092,1920000,0.00056875
57512.npy,57512,"(2, 1912, 2568)",uint8,0.0,1.0,2,"[0, 1]",132789,9820032,0.013522257361279474
5756.npy,5756,"(86, 398)",uint8,0.0,1.0,2,"[0, 1]",7278,34228,0.21263293210237233
57567.npy,57567,"(3, 1200, 1600)",uint8,0.0,1.0,2,"[0, 1]",16296,5760000,0.0028291666666666665
57635.npy,57635,"(2592, 3888)",uint8,0.0,1.0,2,"[0, 1]",621328,10077696,0.0616537748310725
57643.npy,57643,"(666, 1000)",uint8,0.0,1.0,2,"[0, 1]",61693,666000,0.09263213213213213
57652.npy,57652,"(112, 1596)",uint8,0.0,1.0,2,"[0, 1]",9374,178752,0.052441371285356246
57664.npy,57664,"(2, 520, 696)",uint8,0.0,1.0,2,"[0, 1]",450,723840,0.000621684350132626
57681.npy,57681,"(512, 512)",uint8,0.0,1.0,2,"[0, 1]",1086,262144,0.00414276123046875
57713.npy,57713,"(3, 1200, 1600)",uint8,0.0,1.0,2,"[0, 1]",24212,5760000,0.004203472222222222
5772.npy,5772,"(2, 512, 678)",uint8,0.0,1.0,2,"[0, 1]",5058,694272,0.007285329092920354
57729.npy,57729,"(3, 260, 347)",uint8,0.0,1.0,2,"[0, 1]",2606,270660,0.009628315968373605
5779.npy,5779,"(3, 1200, 1600)",uint8,0.0,1.0,2,"[0, 1]",13216,5760000,0.0022944444444444444
57800.npy,57800,"(512, 512)",uint8,0.0,1.0,2,"[0, 1]",12320,262144,0.0469970703125
57823.npy,57823,"(96, 593)",uint8,0.0,1.0,2,"[0, 1]",20822,56928,0.3657602585722316
57824.npy,57824,"(2, 382, 298)",uint8,0.0,1.0,2,"[0, 1]",4316,227672,0.018957096173442496
57875.npy,57875,"(666, 1000)",uint8,0.0,1.0,2,"[0, 1]",50041,666000,0.07513663663663664
57883.npy,57883,"(2, 1200, 1600)",uint8,0.0,1.0,2,"[0, 1]",3204,3840000,0.000834375
57892.npy,57892,"(2, 1423, 1619)",uint8,0.0,1.0,2,"[0, 1]",6993,4607674,0.001517685495979099
5792.npy,5792,"(2, 360, 360)",uint8,0.0,1.0,2,"[0, 1]",11360,259200,0.043827160493827164
57927.npy,57927,"(512, 512)",uint8,0.0,1.0,2,"[0, 1]",28024,262144,0.106903076171875
57993.npy,57993,"(520, 696)",uint8,0.0,1.0,2,"[0, 1]",5499,361920,0.015193965517241378
58055.npy,58055,"(256, 320)",uint8,0.0,1.0,2,"[0, 1]",611,81920,0.00745849609375
58065.npy,58065,"(666, 1000)",uint8,0.0,1.0,2,"[0, 1]",98481,666000,0.14786936936936937
5807.npy,5807,"(2, 512, 659)",uint8,0.0,1.0,2,"[0, 1]",9588,674816,0.014208317526555388
58081.npy,58081,"(88, 732)",uint8,0.0,1.0,2,"[0, 1]",3714,64416,0.0576564828614009
58090.npy,58090,"(3, 439, 419)",uint8,0.0,1.0,2,"[0, 1]",1657,551823,0.003002774440354969
58101.npy,58101,"(3, 1200, 1600)",uint8,0.0,1.0,2,"[0, 1]",17100,5760000,0.00296875
58128.npy,58128,"(131, 911)",uint8,0.0,1.0,2,"[0, 1]",23868,119341,0.199998324130014
58142.npy,58142,"(256, 320)",uint8,0.0,1.0,2,"[0, 1]",1466,81920,0.0178955078125
58180.npy,58180,"(360, 360)",uint8,0.0,1.0,2,"[0, 1]",536,129600,0.004135802469135802
58197.npy,58197,"(100, 655)",uint8,0.0,1.0,2,"[0, 1]",7058,65500,0.10775572519083969
58252.npy,58252,"(64, 434)",uint8,0.0,1.0,2,"[0, 1]",2610,27776,0.09396601382488479
58269.npy,58269,"(2, 1912, 2568)",uint8,0.0,1.0,2,"[0, 1]",323796,9820032,0.03297300864192703
58293.npy,58293,"(2, 1200, 1600)",uint8,0.0,1.0,2,"[0, 1]",10065,3840000,0.00262109375
58338.npy,58338,"(621, 513)",uint8,0.0,1.0,2,"[0, 1]",24924,318573,0.07823638538105866
58339.npy,58339,"(2, 256, 320)",uint8,0.0,1.0,2,"[0, 1]",5157,163840,0.031475830078125
58378.npy,58378,"(1028, 1384)",uint8,0.0,1.0,2,"[0, 1]",123374,1422752,0.08671504239670723
58419.npy,58419,"(666, 1000)",uint8,0.0,1.0,2,"[0, 1]",64348,666000,0.09661861861861862
58423.npy,58423,"(256, 256)",uint8,0.0,1.0,2,"[0, 1]",345,65536,0.0052642822265625
58425.npy,58425,"(1200, 1600)",uint8,0.0,1.0,2,"[0, 1]",9414,1920000,0.004903125
58445.npy,58445,"(512, 640)",uint8,0.0,1.0,2,"[0, 1]",3913,327680,0.0119415283203125
58486.npy,58486,"(1024, 1024)",uint8,0.0,1.0,2,"[0, 1]",1826,1048576,0.0017414093017578125
58493.npy,58493,"(232, 608)",uint8,0.0,1.0,2,"[0, 1]",18150,141056,0.12867230036297642
58501.npy,58501,"(3, 666, 1000)",uint8,0.0,1.0,2,"[0, 1]",109353,1998000,0.054731231231231234
58510.npy,58510,"(256, 256)",uint8,0.0,1.0,2,"[0, 1]",681,65536,0.0103912353515625
58544.npy,58544,"(520, 696)",uint8,0.0,1.0,2,"[0, 1]",2265,361920,0.006258289124668435
58545.npy,58545,"(319, 1713)",uint8,0.0,1.0,2,"[0, 1]",4144,546447,0.007583535091234832
58579.npy,58579,"(512, 682)",uint8,0.0,1.0,2,"[0, 1]",52362,349184,0.14995532441348974
58588.npy,58588,"(2, 256, 320)",uint8,0.0,1.0,2,"[0, 1]",1286,163840,0.00784912109375
58593.npy,58593,"(2, 512, 635)",uint8,0.0,1.0,2,"[0, 1]",15288,650240,0.023511318897637794
5863.npy,5863,"(2592, 3888)",uint8,0.0,1.0,2,"[0, 1]",550339,10077696,0.054609605211349894
58662.npy,58662,"(512, 512)",uint8,0.0,1.0,2,"[0, 1]",1082,262144,0.00412750244140625
58677.npy,58677,"(520, 696)",uint8,0.0,1.0,2,"[0, 1]",3945,361920,0.010900198938992042
58692.npy,58692,"(151, 211)",uint8,0.0,1.0,2,"[0, 1]",1554,31861,0.048774363642070245
58697.npy,58697,"(360, 360)",uint8,0.0,1.0,2,"[0, 1]",5188,129600,0.040030864197530866
58710.npy,58710,"(360, 360)",uint8,0.0,1.0,2,"[0, 1]",6950,129600,0.053626543209876545
58718.npy,58718,"(512, 777)",uint8,0.0,1.0,2,"[0, 1]",4444,397824,0.011170768983268983
58723.npy,58723,"(2, 256, 256)",uint8,0.0,1.0,2,"[0, 1]",2708,131072,0.020660400390625
58730.npy,58730,"(473, 925)",uint8,0.0,1.0,2,"[0, 1]",27360,437525,0.06253356951031369
58782.npy,58782,"(2, 2592, 3888)",uint8,0.0,1.0,2,"[0, 1]",641300,20155392,0.031817788510389675
58876.npy,58876,"(874, 308)",uint8,0.0,1.0,2,"[0, 1]",3758,269192,0.01396029599690927
58888.npy,58888,"(2, 1200, 1600)",uint8,0.0,1.0,2,"[0, 1]",15624,3840000,0.00406875
58894.npy,58894,"(134, 457)",uint8,0.0,1.0,2,"[0, 1]",6348,61238,0.10366112544498514
58910.npy,58910,"(256, 256)",uint8,0.0,1.0,2,"[0, 1]",301,65536,0.0045928955078125
58955.npy,58955,"(3, 256, 256)",uint8,0.0,1.0,2,"[0, 1]",1304,196608,0.006632486979166667
58975.npy,58975,"(2, 512, 512)",uint8,0.0,1.0,2,"[0, 1]",2883,524288,0.0054988861083984375
59000.npy,59000,"(67, 449)",uint8,0.0,1.0,2,"[0, 1]",1646,30083,0.05471528770401888
59018.npy,59018,"(520, 512)",uint8,0.0,1.0,2,"[0, 1]",24357,266240,0.09148512620192308
5902.npy,5902,"(256, 320)",uint8,0.0,1.0,2,"[0, 1]",5884,81920,0.071826171875
59022.npy,59022,"(3, 1200, 1600)",uint8,0.0,1.0,2,"[0, 1]",13396,5760000,0.0023256944444444445
59028.npy,59028,"(520, 696)",uint8,0.0,1.0,2,"[0, 1]",5747,361920,0.01587919982316534
59069.npy,59069,"(512, 711)",uint8,0.0,1.0,2,"[0, 1]",4069,364032,0.011177588783403657
59142.npy,59142,"(2, 512, 514)",uint8,0.0,1.0,2,"[0, 1]",53866,526336,0.10234147008754864
59144.npy,59144,"(2, 1024, 1280)",uint8,0.0,1.0,2,"[0, 1]",4342,2621440,0.001656341552734375
59148.npy,59148,"(360, 360)",uint8,0.0,1.0,2,"[0, 1]",3637,129600,0.02806327160493827
5915.npy,5915,"(1912, 2568)",uint8,0.0,1.0,2,"[0, 1]",34556,4910016,0.0070378589397672026
59183.npy,59183,"(666, 1000)",uint8,0.0,1.0,2,"[0, 1]",52460,666000,0.07876876876876877
59193.npy,59193,"(2, 1602, 1525)",uint8,0.0,1.0,2,"[0, 1]",7843,4886100,0.0016051656740549722
59214.npy,59214,"(2, 2592, 3888)",uint8,0.0,1.0,2,"[0, 1]",678275,20155392,0.03365228520487223
59255.npy,59255,"(3, 928, 650)",uint8,0.0,1.0,2,"[0, 1]",10279,1809600,0.0056802608311229
59297.npy,59297,"(2592, 3888)",uint8,0.0,1.0,2,"[0, 1]",549608,10077696,0.05453706879032668
59320.npy,59320,"(343, 1021)",uint8,0.0,1.0,2,"[0, 1]",28570,350203,0.08158125430107681
59327.npy,59327,"(666, 1000)",uint8,0.0,1.0,2,"[0, 1]",49936,666000,0.07497897897897898
5937.npy,5937,"(256, 256)",uint8,0.0,1.0,2,"[0, 1]",770,65536,0.011749267578125
59375.npy,59375,"(547, 554)",uint8,0.0,1.0,2,"[0, 1]",623,303038,0.002055847781466351
59380.npy,59380,"(2, 331, 341)",uint8,0.0,1.0,2,"[0, 1]",3991,225742,0.017679474798663962
59381.npy,59381,"(256, 256)",uint8,0.0,1.0,2,"[0, 1]",434,65536,0.006622314453125
5939.npy,5939,"(360, 360)",uint8,0.0,1.0,2,"[0, 1]",4143,129600,0.031967592592592596
59413.npy,59413,"(3, 520, 696)",uint8,0.0,1.0,2,"[0, 1]",11282,1085760,0.010390878278809313
59453.npy,59453,"(256, 320)",uint8,0.0,1.0,2,"[0, 1]",8494,81920,0.1036865234375
59456.npy,59456,"(2, 360, 360)",uint8,0.0,1.0,2,"[0, 1]",7200,259200,0.027777777777777776
59467.npy,59467,"(106, 616)",uint8,0.0,1.0,2,"[0, 1]",6882,65296,0.105396961529037
59531.npy,59531,"(256, 256)",uint8,0.0,1.0,2,"[0, 1]",1193,65536,0.0182037353515625
59597.npy,59597,"(2, 1200, 1600)",uint8,0.0,1.0,2,"[0, 1]",7674,3840000,0.0019984375
59617.npy,59617,"(258, 613)",uint8,0.0,1.0,2,"[0, 1]",28670,158154,0.1812790065379314
59619.npy,59619,"(4, 833, 989)",uint8,0.0,1.0,2,"[0, 1]",16134,3295348,0.004895992775269865
59645.npy,59645,"(512, 614)",uint8,0.0,1.0,2,"[0, 1]",23432,314368,0.07453684853420195
59651.npy,59651,"(666, 1000)",uint8,0.0,1.0,2,"[0, 1]",63612,666000,0.09551351351351352
59655.npy,59655,"(2, 1200, 1600)",uint8,0.0,1.0,2,"[0, 1]",15120,3840000,0.0039375
5967.npy,5967,"(3, 256, 256)",uint8,0.0,1.0,2,"[0, 1]",1836,196608,0.00933837890625
59679.npy,59679,"(256, 256)",uint8,0.0,1.0,2,"[0, 1]",304,65536,0.004638671875
59710.npy,59710,"(2, 256, 256)",uint8,0.0,1.0,2,"[0, 1]",3373,131072,0.02573394775390625
59715.npy,59715,"(2, 512, 522)",uint8,0.0,1.0,2,"[0, 1]",2944,534528,0.005507662835249042
598.npy,598,"(666, 1000)",uint8,0.0,1.0,2,"[0, 1]",101526,666000,0.15244144144144145
59832.npy,59832,"(512, 759)",uint8,0.0,1.0,2,"[0, 1]",2632,388608,0.006772891963109354
59840.npy,59840,"(227, 1161)",uint8,0.0,1.0,2,"[0, 1]",19466,263547,0.07386158825560526
59856.npy,59856,"(2, 1170, 1090)",uint8,0.0,1.0,2,"[0, 1]",4446,2550600,0.0017431192660550458
59910.npy,59910,"(3888, 2592)",uint8,0.0,1.0,2,"[0, 1]",675907,10077696,0.06706959606640248
59919.npy,59919,"(3888, 2592)",uint8,0.0,1.0,2,"[0, 1]",440414,10077696,0.043701854074582124
59951.npy,59951,"(666, 1000)",uint8,0.0,1.0,2,"[0, 1]",69129,666000,0.1037972972972973
59969.npy,59969,"(666, 1000)",uint8,0.0,1.0,2,"[0, 1]",78215,666000,0.11743993993993994
59979.npy,59979,"(419, 1608)",uint8,0.0,1.0,2,"[0, 1]",43248,673752,0.06418979090229046
59991.npy,59991,"(2, 1200, 1600)",uint8,0.0,1.0,2,"[0, 1]",12540,3840000,0.003265625
60033.npy,60033,"(163, 930)",uint8,0.0,1.0,2,"[0, 1]",52282,151590,0.3448908239329771
60046.npy,60046,"(520, 696)",uint8,0.0,1.0,2,"[0, 1]",1616,361920,0.004465075154730327
60057.npy,60057,"(151, 477)",uint8,0.0,1.0,2,"[0, 1]",6678,72027,0.09271523178807947
6006.npy,6006,"(2, 287, 274)",uint8,0.0,1.0,2,"[0, 1]",3900,157276,0.024797171850759175
60075.npy,60075,"(203, 481)",uint8,0.0,1.0,2,"[0, 1]",6808,97643,0.06972338006820765
60076.npy,60076,"(109, 614)",uint8,0.0,1.0,2,"[0, 1]",8154,66926,0.12183605773540926
6011.npy,6011,"(263, 253)",uint8,0.0,1.0,2,"[0, 1]",3689,66539,0.05544116984024407
60113.npy,60113,"(1024, 1024)",uint8,0.0,1.0,2,"[0, 1]",5936,1048576,0.0056610107421875
60122.npy,60122,"(2, 520, 696)",uint8,0.0,1.0,2,"[0, 1]",1319,723840,0.0018222259062776304
60154.npy,60154,"(1200, 1600)",uint8,0.0,1.0,2,"[0, 1]",2310,1920000,0.001203125
60193.npy,60193,"(666, 1000)",uint8,0.0,1.0,2,"[0, 1]",101816,666000,0.15287687687687687
60195.npy,60195,"(256, 256)",uint8,0.0,1.0,2,"[0, 1]",775,65536,0.0118255615234375
60233.npy,60233,"(512, 512)",uint8,0.0,1.0,2,"[0, 1]",1119,262144,0.004268646240234375
60244.npy,60244,"(2, 529, 512)",uint8,0.0,1.0,2,"[0, 1]",13533,541696,0.024982647093572778
60265.npy,60265,"(1024, 1024)",uint8,0.0,1.0,2,"[0, 1]",9639,1048576,0.009192466735839844
60269.npy,60269,"(2, 512, 640)",uint8,0.0,1.0,2,"[0, 1]",1781,655360,0.00271759033203125
60298.npy,60298,"(3, 1200, 1600)",uint8,0.0,1.0,2,"[0, 1]",19322,5760000,0.003354513888888889
6030.npy,6030,"(2, 256, 256)",uint8,0.0,1.0,2,"[0, 1]",293,131072,0.00223541259765625
60319.npy,60319,"(2, 256, 320)",uint8,0.0,1.0,2,"[0, 1]",2870,163840,0.01751708984375
60323.npy,60323,"(2, 1200, 1600)",uint8,0.0,1.0,2,"[0, 1]",7246,3840000,0.0018869791666666666
60327.npy,60327,"(2, 512, 772)",uint8,0.0,1.0,2,"[0, 1]",12805,790528,0.016198034731217618
60340.npy,60340,"(2, 821, 932)",uint8,0.0,1.0,2,"[0, 1]",4378,1530344,0.0028607946971399892
60378.npy,60378,"(2, 1200, 1600)",uint8,0.0,1.0,2,"[0, 1]",7335,3840000,0.00191015625
60399.npy,60399,"(2, 1200, 1600)",uint8,0.0,1.0,2,"[0, 1]",9111,3840000,0.00237265625
60408.npy,60408,"(1912, 2568)",uint8,0.0,1.0,2,"[0, 1]",50824,4910016,0.010351086432304904
60434.npy,60434,"(256, 320)",uint8,0.0,1.0,2,"[0, 1]",144,81920,0.0017578125
60457.npy,60457,"(3888, 2592)",uint8,0.0,1.0,2,"[0, 1]",828583,10077696,0.08221948747015191
60486.npy,60486,"(928, 650)",uint8,0.0,1.0,2,"[0, 1]",4754,603200,0.00788129973474801
60501.npy,60501,"(360, 360)",uint8,0.0,1.0,2,"[0, 1]",5103,129600,0.039375
60527.npy,60527,"(180, 901)",uint8,0.0,1.0,2,"[0, 1]",15786,162180,0.09733629300776915
60539.npy,60539,"(2, 520, 696)",uint8,0.0,1.0,2,"[0, 1]",1014,723840,0.0014008620689655172
6060.npy,6060,"(119, 726)",uint8,0.0,1.0,2,"[0, 1]",9420,86394,0.10903534967706091
60687.npy,60687,"(2, 1024, 1024)",uint8,0.0,1.0,2,"[0, 1]",3436,2097152,0.0016384124755859375
60701.npy,60701,"(666, 1000)",uint8,0.0,1.0,2,"[0, 1]",64685,666000,0.09712462462462462
60705.npy,60705,"(2, 512, 512)",uint8,0.0,1.0,2,"[0, 1]",2265,524288,0.0043201446533203125
60760.npy,60760,"(666, 1000)",uint8,0.0,1.0,2,"[0, 1]",75582,666000,0.11348648648648649
60829.npy,60829,"(173, 194)",uint8,0.0,1.0,2,"[0, 1]",407,33562,0.012126810082831774
60867.npy,60867,"(3888, 2592)",uint8,0.0,1.0,2,"[0, 1]",687001,10077696,0.0681704429266372
60927.npy,60927,"(173, 74)",uint8,0.0,1.0,2,"[0, 1]",1233,12802,0.09631307608186221
60947.npy,60947,"(2592, 3888)",uint8,0.0,1.0,2,"[0, 1]",301597,10077696,0.029927177799370014
60954.npy,60954,"(222, 1401)",uint8,0.0,1.0,2,"[0, 1]",22650,311022,0.07282443042614349
60986.npy,60986,"(2, 157, 515)",uint8,0.0,1.0,2,"[0, 1]",9780,161710,0.060478634592789564
60993.npy,60993,"(2, 1912, 2568)",uint8,0.0,1.0,2,"[0, 1]",65455,9820032,0.0066654568946414834
610.npy,610,"(185, 497)",uint8,0.0,1.0,2,"[0, 1]",996,91945,0.010832562945239002
61022.npy,61022,"(256, 320)",uint8,0.0,1.0,2,"[0, 1]",461,81920,0.00562744140625
61028.npy,61028,"(3, 1200, 1600)",uint8,0.0,1.0,2,"[0, 1]",15912,5760000,0.0027625
6103.npy,6103,"(209, 538)",uint8,0.0,1.0,2,"[0, 1]",7278,112442,0.06472670354493873
61030.npy,61030,"(2, 211, 344)",uint8,0.0,1.0,2,"[0, 1]",2842,145168,0.019577317315110768
61072.npy,61072,"(2, 256, 256)",uint8,0.0,1.0,2,"[0, 1]",855,131072,0.00652313232421875
61078.npy,61078,"(318, 338)",uint8,0.0,1.0,2,"[0, 1]",675,107484,0.006280004465780953
6111.npy,6111,"(2, 512, 640)",uint8,0.0,1.0,2,"[0, 1]",4789,655360,0.00730743408203125
61134.npy,61134,"(2, 1200, 1600)",uint8,0.0,1.0,2,"[0, 1]",14390,3840000,0.0037473958333333335
61166.npy,61166,"(512, 512)",uint8,0.0,1.0,2,"[0, 1]",12859,262144,0.049053192138671875
6117.npy,6117,"(116, 757)",uint8,0.0,1.0,2,"[0, 1]",9810,87812,0.11171593859609165
61212.npy,61212,"(398, 265)",uint8,0.0,1.0,2,"[0, 1]",2138,105470,0.020271167156537404
61221.npy,61221,"(2, 512, 632)",uint8,0.0,1.0,2,"[0, 1]",6382,647168,0.009861427017405063
61270.npy,61270,"(360, 360)",uint8,0.0,1.0,2,"[0, 1]",8328,129600,0.06425925925925927
61298.npy,61298,"(2592, 3888)",uint8,0.0,1.0,2,"[0, 1]",549143,10077696,0.05449092729131738
6130.npy,6130,"(666, 1000)",uint8,0.0,1.0,2,"[0, 1]",84557,666000,0.12696246246246246
61326.npy,61326,"(2, 512, 512)",uint8,0.0,1.0,2,"[0, 1]",1494,524288,0.002849578857421875
61338.npy,61338,"(256, 320)",uint8,0.0,1.0,2,"[0, 1]",3924,81920,0.047900390625
61355.npy,61355,"(363, 576)",uint8,0.0,1.0,2,"[0, 1]",1185,209088,0.00566747015610652
61450.npy,61450,"(666, 1000)",uint8,0.0,1.0,2,"[0, 1]",104764,666000,0.1573033033033033
61492.npy,61492,"(1200, 1600)",uint8,0.0,1.0,2,"[0, 1]",8203,1920000,0.004272395833333333
61506.npy,61506,"(2, 666, 1000)",uint8,0.0,1.0,2,"[0, 1]",113695,1332000,0.0853566066066066
61540.npy,61540,"(256, 256)",uint8,0.0,1.0,2,"[0, 1]",657,65536,0.0100250244140625
61566.npy,61566,"(256, 320)",uint8,0.0,1.0,2,"[0, 1]",2275,81920,0.02777099609375
6159.npy,6159,"(256, 256)",uint8,0.0,1.0,2,"[0, 1]",297,65536,0.0045318603515625
61595.npy,61595,"(1912, 2568)",uint8,0.0,1.0,2,"[0, 1]",32583,4910016,0.006636027255308333
6164.npy,6164,"(512, 591)",uint8,0.0,1.0,2,"[0, 1]",27218,302592,0.08994950296108291
61674.npy,61674,"(666, 1000)",uint8,0.0,1.0,2,"[0, 1]",52743,666000,0.0791936936936937
61725.npy,61725,"(512, 687)",uint8,0.0,1.0,2,"[0, 1]",26756,351744,0.07606668486171761
61741.npy,61741,"(475, 1413)",uint8,0.0,1.0,2,"[0, 1]",29976,671175,0.0446619734048497
61744.npy,61744,"(512, 512)",uint8,0.0,1.0,2,"[0, 1]",669,262144,0.002552032470703125
61868.npy,61868,"(512, 684)",uint8,0.0,1.0,2,"[0, 1]",50575,350208,0.14441417671783627
6187.npy,6187,"(163, 1382)",uint8,0.0,1.0,2,"[0, 1]",27612,225266,0.12257508900588637
61883.npy,61883,"(512, 515)",uint8,0.0,1.0,2,"[0, 1]",4370,263680,0.016573118932038836
6190.npy,6190,"(256, 320)",uint8,0.0,1.0,2,"[0, 1]",650,81920,0.0079345703125
61903.npy,61903,"(360, 360)",uint8,0.0,1.0,2,"[0, 1]",2700,129600,0.020833333333333332
61946.npy,61946,"(2, 256, 320)",uint8,0.0,1.0,2,"[0, 1]",3443,163840,0.021014404296875
61966.npy,61966,"(666, 1000)",uint8,0.0,1.0,2,"[0, 1]",74764,666000,0.11225825825825826
61997.npy,61997,"(162, 187)",uint8,0.0,1.0,2,"[0, 1]",1041,30294,0.03436324024559319
62029.npy,62029,"(520, 696)",uint8,0.0,1.0,2,"[0, 1]",2569,361920,0.0070982537577365164
62032.npy,62032,"(666, 1000)",uint8,0.0,1.0,2,"[0, 1]",50968,666000,0.07652852852852852
62064.npy,62064,"(1024, 1024)",uint8,0.0,1.0,2,"[0, 1]",1910,1048576,0.0018215179443359375
62095.npy,62095,"(79, 679)",uint8,0.0,1.0,2,"[0, 1]",6222,53641,0.1159933632855465
6212.npy,6212,"(2, 1912, 2568)",uint8,0.0,1.0,2,"[0, 1]",108457,9820032,0.011044465028219867
62151.npy,62151,"(520, 696)",uint8,0.0,1.0,2,"[0, 1]",1521,361920,0.0042025862068965514
62161.npy,62161,"(3, 1200, 1600)",uint8,0.0,1.0,2,"[0, 1]",15462,5760000,0.002684375
62164.npy,62164,"(1200, 1600)",uint8,0.0,1.0,2,"[0, 1]",7407,1920000,0.0038578125
62195.npy,62195,"(512, 687)",uint8,0.0,1.0,2,"[0, 1]",28963,351744,0.08234113446142649
62249.npy,62249,"(512, 512)",uint8,0.0,1.0,2,"[0, 1]",1276,262144,0.0048675537109375
62273.npy,62273,"(2, 3888, 2592)",uint8,0.0,1.0,2,"[0, 1]",775462,20155392,0.038474171080373924
62276.npy,62276,"(3, 256, 256)",uint8,0.0,1.0,2,"[0, 1]",2912,196608,0.014811197916666666
62284.npy,62284,"(131, 1578)",uint8,0.0,1.0,2,"[0, 1]",15152,206718,0.07329792277402064
62327.npy,62327,"(2, 1200, 1600)",uint8,0.0,1.0,2,"[0, 1]",18864,3840000,0.0049125
62330.npy,62330,"(1200, 1600)",uint8,0.0,1.0,2,"[0, 1]",18678,1920000,0.009728125
62358.npy,62358,"(1028, 1384)",uint8,0.0,1.0,2,"[0, 1]",99671,1422752,0.07005507635905625
62359.npy,62359,"(2, 666, 1000)",uint8,0.0,1.0,2,"[0, 1]",149731,1332000,0.11241066066066066
62463.npy,62463,"(2592, 3888)",uint8,0.0,1.0,2,"[0, 1]",281749,10077696,0.027957680009398973
62504.npy,62504,"(2, 1200, 1600)",uint8,0.0,1.0,2,"[0, 1]",6090,3840000,0.0015859375
62519.npy,62519,"(123, 435)",uint8,0.0,1.0,2,"[0, 1]",15250,53505,0.2850200915802261
62623.npy,62623,"(360, 360)",uint8,0.0,1.0,2,"[0, 1]",8193,129600,0.06321759259259259
62625.npy,62625,"(2, 520, 696)",uint8,0.0,1.0,2,"[0, 1]",8916,723840,0.01231763925729443
62628.npy,62628,"(2, 1200, 1600)",uint8,0.0,1.0,2,"[0, 1]",19192,3840000,0.004997916666666667
62643.npy,62643,"(666, 1000)",uint8,0.0,1.0,2,"[0, 1]",78326,666000,0.1176066066066066
62663.npy,62663,"(213, 367)",uint8,0.0,1.0,2,"[0, 1]",13718,78171,0.1754870732112932
6269.npy,6269,"(2, 256, 256)",uint8,0.0,1.0,2,"[0, 1]",593,131072,0.00452423095703125
62733.npy,62733,"(2, 256, 320)",uint8,0.0,1.0,2,"[0, 1]",6360,163840,0.038818359375
62748.npy,62748,"(2, 512, 632)",uint8,0.0,1.0,2,"[0, 1]",10811,647168,0.016705090486550632
62754.npy,62754,"(1024, 1024)",uint8,0.0,1.0,2,"[0, 1]",2696,1048576,0.00257110595703125
62767.npy,62767,"(128, 813)",uint8,0.0,1.0,2,"[0, 1]",5058,104064,0.04860470479704797
62793.npy,62793,"(2, 512, 772)",uint8,0.0,1.0,2,"[0, 1]",9120,790528,0.011536593264248704
62828.npy,62828,"(170, 1581)",uint8,0.0,1.0,2,"[0, 1]",20622,268770,0.07672731331621833
62833.npy,62833,"(512, 512)",uint8,0.0,1.0,2,"[0, 1]",1005,262144,0.003833770751953125
62848.npy,62848,"(167, 538)",uint8,0.0,1.0,2,"[0, 1]",9588,89846,0.10671593615742493
62865.npy,62865,"(2, 375, 364)",uint8,0.0,1.0,2,"[0, 1]",3858,273000,0.014131868131868132
62871.npy,62871,"(1200, 1600)",uint8,0.0,1.0,2,"[0, 1]",11990,1920000,0.006244791666666667
62893.npy,62893,"(2, 178, 254)",uint8,0.0,1.0,2,"[0, 1]",2349,90424,0.025977616561974698
6301.npy,6301,"(256, 320)",uint8,0.0,1.0,2,"[0, 1]",975,81920,0.01190185546875
63025.npy,63025,"(1912, 2568)",uint8,0.0,1.0,2,"[0, 1]",21896,4910016,0.0044594559365998
63046.npy,63046,"(256, 256)",uint8,0.0,1.0,2,"[0, 1]",1321,65536,0.0201568603515625
6309.npy,6309,"(116, 830)",uint8,0.0,1.0,2,"[0, 1]",26450,96280,0.27471956792687996
63095.npy,63095,"(1912, 2568)",uint8,0.0,1.0,2,"[0, 1]",38071,4910016,0.00775374255399575
63100.npy,63100,"(666, 1000)",uint8,0.0,1.0,2,"[0, 1]",65535,666000,0.0984009009009009
63102.npy,63102,"(256, 256)",uint8,0.0,1.0,2,"[0, 1]",381,65536,0.0058135986328125
63117.npy,63117,"(2, 256, 320)",uint8,0.0,1.0,2,"[0, 1]",2200,163840,0.013427734375
63146.npy,63146,"(666, 1000)",uint8,0.0,1.0,2,"[0, 1]",44082,666000,0.06618918918918919
63197.npy,63197,"(2, 1200, 1600)",uint8,0.0,1.0,2,"[0, 1]",12621,3840000,0.00328671875
63205.npy,63205,"(204, 1867)",uint8,0.0,1.0,2,"[0, 1]",24454,380868,0.06420597162271444
63224.npy,63224,"(144, 652)",uint8,0.0,1.0,2,"[0, 1]",6106,93888,0.06503493524199046
63245.npy,63245,"(97, 1150)",uint8,0.0,1.0,2,"[0, 1]",14658,111550,0.1314029583146571
63257.npy,63257,"(2, 666, 1000)",uint8,0.0,1.0,2,"[0, 1]",127286,1332000,0.09556006006006006
63262.npy,63262,"(2, 512, 512)",uint8,0.0,1.0,2,"[0, 1]",1995,524288,0.0038051605224609375
63282.npy,63282,"(404, 447)",uint8,0.0,1.0,2,"[0, 1]",6642,180588,0.036779852481892486
63286.npy,63286,"(2, 512, 512)",uint8,0.0,1.0,2,"[0, 1]",1770,524288,0.003376007080078125
633.npy,633,"(256, 256)",uint8,0.0,1.0,2,"[0, 1]",316,65536,0.00482177734375
63306.npy,63306,"(206, 1301)",uint8,0.0,1.0,2,"[0, 1]",17818,268006,0.06648358618836891
63312.npy,63312,"(86, 1123)",uint8,0.0,1.0,2,"[0, 1]",19116,96578,0.19793327672969
63348.npy,63348,"(3888, 2592)",uint8,0.0,1.0,2,"[0, 1]",462688,10077696,0.04591208149164253
63350.npy,63350,"(360, 360)",uint8,0.0,1.0,2,"[0, 1]",6777,129600,0.05229166666666667
63355.npy,63355,"(2, 1200, 1600)",uint8,0.0,1.0,2,"[0, 1]",6977,3840000,0.0018169270833333334
63357.npy,63357,"(2, 922, 771)",uint8,0.0,1.0,2,"[0, 1]",2790,1421724,0.0019624062054238375
63371.npy,63371,"(520, 696)",uint8,0.0,1.0,2,"[0, 1]",3107,361920,0.008584770114942528
63397.npy,63397,"(1200, 1600)",uint8,0.0,1.0,2,"[0, 1]",4596,1920000,0.00239375
63425.npy,63425,"(238, 683)",uint8,0.0,1.0,2,"[0, 1]",31020,162554,0.19082889378298903
63427.npy,63427,"(256, 256)",uint8,0.0,1.0,2,"[0, 1]",462,65536,0.007049560546875
63456.npy,63456,"(2, 512, 512)",uint8,0.0,1.0,2,"[0, 1]",1613,524288,0.0030765533447265625
63531.npy,63531,"(2, 256, 256)",uint8,0.0,1.0,2,"[0, 1]",618,131072,0.0047149658203125
63544.npy,63544,"(256, 256)",uint8,0.0,1.0,2,"[0, 1]",414,65536,0.006317138671875
63547.npy,63547,"(666, 1000)",uint8,0.0,1.0,2,"[0, 1]",58231,666000,0.08743393393393394
63654.npy,63654,"(1040, 1388)",uint8,0.0,1.0,2,"[0, 1]",11073,1443520,0.0076708324096652625
63687.npy,63687,"(666, 1000)",uint8,0.0,1.0,2,"[0, 1]",54907,666000,0.08244294294294294
63689.npy,63689,"(72, 641)",uint8,0.0,1.0,2,"[0, 1]",5468,46152,0.11847807245623158
63694.npy,63694,"(2, 3888, 2592)",uint8,0.0,1.0,2,"[0, 1]",1172234,20155392,0.05815982145125235
63707.npy,63707,"(666, 1000)",uint8,0.0,1.0,2,"[0, 1]",45820,666000,0.0687987987987988
63713.npy,63713,"(512, 732)",uint8,0.0,1.0,2,"[0, 1]",639,374784,0.0017049820696721312
6372.npy,6372,"(2, 666, 1000)",uint8,0.0,1.0,2,"[0, 1]",100696,1332000,0.0755975975975976
63757.npy,63757,"(2, 1200, 1600)",uint8,0.0,1.0,2,"[0, 1]",7227,3840000,0.00188203125
63793.npy,63793,"(360, 360)",uint8,0.0,1.0,2,"[0, 1]",6412,129600,0.04947530864197531
63798.npy,63798,"(98, 588)",uint8,0.0,1.0,2,"[0, 1]",7896,57624,0.13702623906705538
63834.npy,63834,"(360, 360)",uint8,0.0,1.0,2,"[0, 1]",5789,129600,0.044668209876543206
63839.npy,63839,"(3, 415, 477)",uint8,0.0,1.0,2,"[0, 1]",3172,593865,0.005341281267628164
63871.npy,63871,"(2, 514, 488)",uint8,0.0,1.0,2,"[0, 1]",1667,501664,0.0033229412515149584
639.npy,639,"(256, 256)",uint8,0.0,1.0,2,"[0, 1]",327,65536,0.0049896240234375
63918.npy,63918,"(1200, 1600)",uint8,0.0,1.0,2,"[0, 1]",5769,1920000,0.0030046875
63947.npy,63947,"(341, 763)",uint8,0.0,1.0,2,"[0, 1]",42228,260183,0.1623011495754911
63968.npy,63968,"(3, 513, 512)",uint8,0.0,1.0,2,"[0, 1]",752,787968,0.0009543534762833008
64006.npy,64006,"(2, 360, 360)",uint8,0.0,1.0,2,"[0, 1]",10730,259200,0.0413966049382716
64026.npy,64026,"(512, 697)",uint8,0.0,1.0,2,"[0, 1]",36706,356864,0.10285711083213774
6406.npy,6406,"(512, 774)",uint8,0.0,1.0,2,"[0, 1]",30003,396288,0.07571008963178294
6407.npy,6407,"(2, 256, 256)",uint8,0.0,1.0,2,"[0, 1]",180,131072,0.001373291015625
64084.npy,64084,"(1912, 2568)",uint8,0.0,1.0,2,"[0, 1]",61133,4910016,0.012450672258501804
64098.npy,64098,"(256, 320)",uint8,0.0,1.0,2,"[0, 1]",1808,81920,0.0220703125
64116.npy,64116,"(2, 512, 512)",uint8,0.0,1.0,2,"[0, 1]",1815,524288,0.0034618377685546875
64120.npy,64120,"(360, 360)",uint8,0.0,1.0,2,"[0, 1]",6465,129600,0.04988425925925926
64128.npy,64128,"(2, 666, 1000)",uint8,0.0,1.0,2,"[0, 1]",92813,1332000,0.06967942942942942
64134.npy,64134,"(256, 256)",uint8,0.0,1.0,2,"[0, 1]",216,65536,0.0032958984375
64165.npy,64165,"(1717, 447)",uint8,0.0,1.0,2,"[0, 1]",80730,767499,0.10518580480235154
64173.npy,64173,"(1912, 2568)",uint8,0.0,1.0,2,"[0, 1]",21097,4910016,0.004296727342640024
64188.npy,64188,"(512, 779)",uint8,0.0,1.0,2,"[0, 1]",5184,398848,0.012997432605905006
6419.npy,6419,"(182, 1144)",uint8,0.0,1.0,2,"[0, 1]",15522,208208,0.07455044955044955
64194.npy,64194,"(2, 256, 256)",uint8,0.0,1.0,2,"[0, 1]",1777,131072,0.01355743408203125
64216.npy,64216,"(2, 512, 512)",uint8,0.0,1.0,2,"[0, 1]",1309,524288,0.0024967193603515625
64233.npy,64233,"(520, 696)",uint8,0.0,1.0,2,"[0, 1]",3137,361920,0.00866766136162688
64239.npy,64239,"(520, 696)",uint8,0.0,1.0,2,"[0, 1]",2542,361920,0.007023651635720601
64245.npy,64245,"(520, 696)",uint8,0.0,1.0,2,"[0, 1]",5884,361920,0.016257736516357205
64268.npy,64268,"(2, 512, 512)",uint8,0.0,1.0,2,"[0, 1]",1377,524288,0.0026264190673828125
64272.npy,64272,"(512, 715)",uint8,0.0,1.0,2,"[0, 1]",10972,366080,0.02997159090909091
64280.npy,64280,"(2592, 3888)",uint8,0.0,1.0,2,"[0, 1]",436294,10077696,0.04329303047045674
64285.npy,64285,"(214, 187)",uint8,0.0,1.0,2,"[0, 1]",5716,40018,0.1428357239242341
64289.npy,64289,"(1912, 2568)",uint8,0.0,1.0,2,"[0, 1]",111693,4910016,0.02274799104524303
6432.npy,6432,"(1200, 1600)",uint8,0.0,1.0,2,"[0, 1]",4097,1920000,0.0021338541666666667
64332.npy,64332,"(2, 1200, 1600)",uint8,0.0,1.0,2,"[0, 1]",11590,3840000,0.0030182291666666665
64360.npy,64360,"(520, 696)",uint8,0.0,1.0,2,"[0, 1]",2797,361920,0.007728227232537578
64362.npy,64362,"(2, 1200, 1600)",uint8,0.0,1.0,2,"[0, 1]",11842,3840000,0.0030838541666666666
64391.npy,64391,"(360, 360)",uint8,0.0,1.0,2,"[0, 1]",4663,129600,0.035979938271604936
64435.npy,64435,"(2, 70, 510)",uint8,0.0,1.0,2,"[0, 1]",11160,71400,0.15630252100840336
64449.npy,64449,"(256, 256)",uint8,0.0,1.0,2,"[0, 1]",359,65536,0.0054779052734375
6448.npy,6448,"(3, 256, 256)",uint8,0.0,1.0,2,"[0, 1]",2512,196608,0.012776692708333334
64524.npy,64524,"(167, 610)",uint8,0.0,1.0,2,"[0, 1]",15024,101870,0.14748208501030727
6454.npy,6454,"(2, 352, 491)",uint8,0.0,1.0,2,"[0, 1]",2583,345664,0.007472574523236438
64589.npy,64589,"(2592, 3888)",uint8,0.0,1.0,2,"[0, 1]",392843,10077696,0.038981429882385815
64601.npy,64601,"(1200, 1600)",uint8,0.0,1.0,2,"[0, 1]",6693,1920000,0.0034859375
64649.npy,64649,"(2, 520, 696)",uint8,0.0,1.0,2,"[0, 1]",13238,723840,0.018288572060123784
64685.npy,64685,"(2, 841, 1177)",uint8,0.0,1.0,2,"[0, 1]",5415,1979714,0.002735243575587181
64717.npy,64717,"(512, 826)",uint8,0.0,1.0,2,"[0, 1]",1422,422912,0.0033624016343825665
64749.npy,64749,"(2, 1200, 1600)",uint8,0.0,1.0,2,"[0, 1]",10206,3840000,0.0026578125
64750.npy,64750,"(104, 615)",uint8,0.0,1.0,2,"[0, 1]",13218,63960,0.20666041275797373
64756.npy,64756,"(512, 554)",uint8,0.0,1.0,2,"[0, 1]",30124,283648,0.10620205324909747
6476.npy,6476,"(256, 256)",uint8,0.0,1.0,2,"[0, 1]",810,65536,0.012359619140625
64773.npy,64773,"(1200, 1600)",uint8,0.0,1.0,2,"[0, 1]",8751,1920000,0.0045578125
64821.npy,64821,"(657, 1139)",uint8,0.0,1.0,2,"[0, 1]",4626,748323,0.006181822555233502
6488.npy,6488,"(520, 696)",uint8,0.0,1.0,2,"[0, 1]",5496,361920,0.015185676392572945
64881.npy,64881,"(2, 256, 256)",uint8,0.0,1.0,2,"[0, 1]",869,131072,0.00662994384765625
64935.npy,64935,"(2, 1912, 2568)",uint8,0.0,1.0,2,"[0, 1]",102617,9820032,0.010449762281833705
64941.npy,64941,"(101, 626)",uint8,0.0,1.0,2,"[0, 1]",3458,63226,0.054692689716255974
64971.npy,64971,"(666, 1000)",uint8,0.0,1.0,2,"[0, 1]",64502,666000,0.09684984984984985
64972.npy,64972,"(512, 772)",uint8,0.0,1.0,2,"[0, 1]",12840,395264,0.032484617875647666
65039.npy,65039,"(100, 1071)",uint8,0.0,1.0,2,"[0, 1]",5594,107100,0.05223155929038282
65065.npy,65065,"(666, 1000)",uint8,0.0,1.0,2,"[0, 1]",43775,666000,0.06572822822822823
6508.npy,6508,"(3888, 2592)",uint8,0.0,1.0,2,"[0, 1]",692030,10077696,0.0686694657191485
6516.npy,6516,"(256, 256)",uint8,0.0,1.0,2,"[0, 1]",509,65536,0.0077667236328125
65167.npy,65167,"(2, 1912, 2568)",uint8,0.0,1.0,2,"[0, 1]",145262,9820032,0.014792416155059373
65177.npy,65177,"(512, 642)",uint8,0.0,1.0,2,"[0, 1]",1591,328704,0.004840220989096573
65189.npy,65189,"(666, 1000)",uint8,0.0,1.0,2,"[0, 1]",71692,666000,0.10764564564564565
65200.npy,65200,"(2, 1200, 1600)",uint8,0.0,1.0,2,"[0, 1]",8690,3840000,0.0022630208333333335
65214.npy,65214,"(256, 256)",uint8,0.0,1.0,2,"[0, 1]",969,65536,0.0147857666015625
65230.npy,65230,"(2, 1200, 1600)",uint8,0.0,1.0,2,"[0, 1]",8554,3840000,0.002227604166666667
65242.npy,65242,"(152, 133)",uint8,0.0,1.0,2,"[0, 1]",1063,20216,0.05258211317768104
653.npy,653,"(666, 1000)",uint8,0.0,1.0,2,"[0, 1]",46195,666000,0.06936186186186186
65311.npy,65311,"(1024, 1024)",uint8,0.0,1.0,2,"[0, 1]",203362,1048576,0.1939411163330078
65322.npy,65322,"(666, 1000)",uint8,0.0,1.0,2,"[0, 1]",79970,666000,0.12007507507507507
65371.npy,65371,"(233, 1042)",uint8,0.0,1.0,2,"[0, 1]",48160,242786,0.19836399133393193
65382.npy,65382,"(2, 1200, 1600)",uint8,0.0,1.0,2,"[0, 1]",11552,3840000,0.0030083333333333333
65396.npy,65396,"(512, 634)",uint8,0.0,1.0,2,"[0, 1]",26388,324608,0.08129189668769717
65399.npy,65399,"(1200, 1600)",uint8,0.0,1.0,2,"[0, 1]",5091,1920000,0.0026515625
6540.npy,6540,"(2, 666, 1000)",uint8,0.0,1.0,2,"[0, 1]",103260,1332000,0.07752252252252252
65463.npy,65463,"(2, 388, 523)",uint8,0.0,1.0,2,"[0, 1]",2432,405848,0.005992391240070174
65465.npy,65465,"(2, 256, 256)",uint8,0.0,1.0,2,"[0, 1]",1044,131072,0.007965087890625
65481.npy,65481,"(1200, 1600)",uint8,0.0,1.0,2,"[0, 1]",8848,1920000,0.004608333333333333
65532.npy,65532,"(1200, 1600)",uint8,0.0,1.0,2,"[0, 1]",1886,1920000,0.0009822916666666667
6566.npy,6566,"(2, 512, 512)",uint8,0.0,1.0,2,"[0, 1]",1402,524288,0.002674102783203125
6580.npy,6580,"(512, 512)",uint8,0.0,1.0,2,"[0, 1]",26012,262144,0.0992279052734375
6581.npy,6581,"(256, 320)",uint8,0.0,1.0,2,"[0, 1]",933,81920,0.01138916015625
6596.npy,6596,"(80, 552)",uint8,0.0,1.0,2,"[0, 1]",7314,44160,0.165625
6618.npy,6618,"(520, 696)",uint8,0.0,1.0,2,"[0, 1]",1654,361920,0.004570070733863838
6620.npy,6620,"(360, 360)",uint8,0.0,1.0,2,"[0, 1]",4660,129600,0.03595679012345679
6633.npy,6633,"(2, 256, 256)",uint8,0.0,1.0,2,"[0, 1]",390,131072,0.0029754638671875
6658.npy,6658,"(109, 678)",uint8,0.0,1.0,2,"[0, 1]",11698,73902,0.1582907093177451
6676.npy,6676,"(3, 256, 256)",uint8,0.0,1.0,2,"[0, 1]",3714,196608,0.018890380859375
6696.npy,6696,"(256, 256)",uint8,0.0,1.0,2,"[0, 1]",480,65536,0.00732421875
6729.npy,6729,"(1056, 597)",uint8,0.0,1.0,2,"[0, 1]",38802,630432,0.06154827166133699
6737.npy,6737,"(2, 256, 256)",uint8,0.0,1.0,2,"[0, 1]",1796,131072,0.013702392578125
6775.npy,6775,"(256, 256)",uint8,0.0,1.0,2,"[0, 1]",487,65536,0.0074310302734375
6782.npy,6782,"(666, 1000)",uint8,0.0,1.0,2,"[0, 1]",38708,666000,0.05812012012012012
6800.npy,6800,"(360, 360)",uint8,0.0,1.0,2,"[0, 1]",4200,129600,0.032407407407407406
6811.npy,6811,"(186, 518)",uint8,0.0,1.0,2,"[0, 1]",12848,96348,0.1333499398015527
6845.npy,6845,"(2, 256, 256)",uint8,0.0,1.0,2,"[0, 1]",848,131072,0.0064697265625
6857.npy,6857,"(256, 320)",uint8,0.0,1.0,2,"[0, 1]",3145,81920,0.03839111328125
6892.npy,6892,"(256, 256)",uint8,0.0,1.0,2,"[0, 1]",264,65536,0.0040283203125
6932.npy,6932,"(3, 256, 256)",uint8,0.0,1.0,2,"[0, 1]",3684,196608,0.01873779296875
6942.npy,6942,"(2, 512, 687)",uint8,0.0,1.0,2,"[0, 1]",22514,703488,0.03200338882823872
6959.npy,6959,"(520, 696)",uint8,0.0,1.0,2,"[0, 1]",9624,361920,0.02659151193633952
6993.npy,6993,"(1024, 1024)",uint8,0.0,1.0,2,"[0, 1]",1947,1048576,0.0018568038940429688
6999.npy,6999,"(2, 468, 532)",uint8,0.0,1.0,2,"[0, 1]",1085,497952,0.0021789248762932975
7004.npy,7004,"(2, 1200, 1600)",uint8,0.0,1.0,2,"[0, 1]",30899,3840000,0.008046614583333334
7013.npy,7013,"(2, 512, 512)",uint8,0.0,1.0,2,"[0, 1]",2446,524288,0.004665374755859375
7050.npy,7050,"(1200, 1600)",uint8,0.0,1.0,2,"[0, 1]",5630,1920000,0.002932291666666667
7120.npy,7120,"(2, 512, 560)",uint8,0.0,1.0,2,"[0, 1]",11046,573440,0.0192626953125
7127.npy,7127,"(666, 1000)",uint8,0.0,1.0,2,"[0, 1]",59635,666000,0.08954204204204204
7130.npy,7130,"(2, 677, 769)",uint8,0.0,1.0,2,"[0, 1]",1323,1041226,0.0012706175220365222
7146.npy,7146,"(2, 520, 696)",uint8,0.0,1.0,2,"[0, 1]",45322,723840,0.06261328470380194
7179.npy,7179,"(256, 256)",uint8,0.0,1.0,2,"[0, 1]",1008,65536,0.015380859375
7210.npy,7210,"(2, 520, 696)",uint8,0.0,1.0,2,"[0, 1]",6442,723840,0.008899756852343059
7274.npy,7274,"(520, 696)",uint8,0.0,1.0,2,"[0, 1]",5547,361920,0.01532659151193634
7279.npy,7279,"(562, 878)",uint8,0.0,1.0,2,"[0, 1]",2416,493436,0.004896278342074758
7282.npy,7282,"(76, 393)",uint8,0.0,1.0,2,"[0, 1]",1782,29868,0.05966251506629169
732.npy,732,"(2, 1912, 2568)",uint8,0.0,1.0,2,"[0, 1]",84776,9820032,0.00863296575815639
7320.npy,7320,"(256, 256)",uint8,0.0,1.0,2,"[0, 1]",733,65536,0.0111846923828125
7333.npy,7333,"(2, 512, 609)",uint8,0.0,1.0,2,"[0, 1]",28861,623616,0.04628008261494253
7411.npy,7411,"(666, 1000)",uint8,0.0,1.0,2,"[0, 1]",57662,666000,0.08657957957957958
7430.npy,7430,"(666, 1000)",uint8,0.0,1.0,2,"[0, 1]",55118,666000,0.08275975975975976
745.npy,745,"(2, 512, 574)",uint8,0.0,1.0,2,"[0, 1]",29520,587776,0.05022321428571429
7455.npy,7455,"(3, 1200, 1600)",uint8,0.0,1.0,2,"[0, 1]",15072,5760000,0.002616666666666667
7465.npy,7465,"(1912, 2568)",uint8,0.0,1.0,2,"[0, 1]",45993,4910016,0.009367179251554374
7498.npy,7498,"(2, 1024, 1280)",uint8,0.0,1.0,2,"[0, 1]",15812,2621440,0.00603179931640625
751.npy,751,"(2, 1200, 1600)",uint8,0.0,1.0,2,"[0, 1]",6781,3840000,0.0017658854166666667
752.npy,752,"(74, 426)",uint8,0.0,1.0,2,"[0, 1]",3968,31524,0.1258723512244639
7561.npy,7561,"(2, 1200, 1600)",uint8,0.0,1.0,2,"[0, 1]",13018,3840000,0.0033901041666666667
7574.npy,7574,"(968, 637)",uint8,0.0,1.0,2,"[0, 1]",19800,616616,0.03211074639646068
7610.npy,7610,"(2, 1200, 1600)",uint8,0.0,1.0,2,"[0, 1]",3862,3840000,0.0010057291666666667
7649.npy,7649,"(1024, 1280)",uint8,0.0,1.0,2,"[0, 1]",8381,1310720,0.006394195556640625
765.npy,765,"(2, 520, 696)",uint8,0.0,1.0,2,"[0, 1]",11154,723840,0.01540948275862069
767.npy,767,"(666, 1000)",uint8,0.0,1.0,2,"[0, 1]",58777,666000,0.08825375375375376
7698.npy,7698,"(2, 500, 786)",uint8,0.0,1.0,2,"[0, 1]",2024,786000,0.002575063613231552
770.npy,770,"(3, 256, 320)",uint8,0.0,1.0,2,"[0, 1]",1276,245760,0.0051920572916666664
7703.npy,7703,"(666, 1000)",uint8,0.0,1.0,2,"[0, 1]",46366,666000,0.06961861861861862
7705.npy,7705,"(2, 666, 1000)",uint8,0.0,1.0,2,"[0, 1]",94897,1332000,0.07124399399399399
7712.npy,7712,"(204, 1867)",uint8,0.0,1.0,2,"[0, 1]",20440,380868,0.05366688721551824
7713.npy,7713,"(256, 256)",uint8,0.0,1.0,2,"[0, 1]",350,65536,0.005340576171875
7715.npy,7715,"(666, 1000)",uint8,0.0,1.0,2,"[0, 1]",42777,666000,0.06422972972972973
7716.npy,7716,"(3, 1200, 1600)",uint8,0.0,1.0,2,"[0, 1]",22040,5760000,0.0038263888888888887
775.npy,775,"(1912, 2568)",uint8,0.0,1.0,2,"[0, 1]",36529,4910016,0.0074396906242260715
7759.npy,7759,"(240, 778)",uint8,0.0,1.0,2,"[0, 1]",39288,186720,0.21041131105398458
7770.npy,7770,"(1200, 1600)",uint8,0.0,1.0,2,"[0, 1]",3219,1920000,0.0016765625
7771.npy,7771,"(520, 696)",uint8,0.0,1.0,2,"[0, 1]",3844,361920,0.010621131741821397
7827.npy,7827,"(1912, 2568)",uint8,0.0,1.0,2,"[0, 1]",35578,4910016,0.007246004901002359
7829.npy,7829,"(512, 512)",uint8,0.0,1.0,2,"[0, 1]",3218,262144,0.01227569580078125
7904.npy,7904,"(2, 1200, 1600)",uint8,0.0,1.0,2,"[0, 1]",14044,3840000,0.0036572916666666668
7914.npy,7914,"(2, 512, 640)",uint8,0.0,1.0,2,"[0, 1]",4114,655360,0.0062774658203125
7972.npy,7972,"(190, 1188)",uint8,0.0,1.0,2,"[0, 1]",14253,225720,0.06314460393407761
7986.npy,7986,"(520, 696)",uint8,0.0,1.0,2,"[0, 1]",2861,361920,0.007905061892130858
8017.npy,8017,"(2, 512, 679)",uint8,0.0,1.0,2,"[0, 1]",5845,695296,0.00840649162371134
8034.npy,8034,"(666, 1000)",uint8,0.0,1.0,2,"[0, 1]",81317,666000,0.1220975975975976
804.npy,804,"(2, 1200, 1600)",uint8,0.0,1.0,2,"[0, 1]",14580,3840000,0.003796875
8074.npy,8074,"(666, 1000)",uint8,0.0,1.0,2,"[0, 1]",149093,666000,0.22386336336336338
8080.npy,8080,"(105, 1255)",uint8,0.0,1.0,2,"[0, 1]",12498,131775,0.09484348321001708
8081.npy,8081,"(666, 1000)",uint8,0.0,1.0,2,"[0, 1]",50056,666000,0.07515915915915916
8092.npy,8092,"(1200, 1600)",uint8,0.0,1.0,2,"[0, 1]",7547,1920000,0.003930729166666667
8109.npy,8109,"(666, 1000)",uint8,0.0,1.0,2,"[0, 1]",52243,666000,0.07844294294294295
8130.npy,8130,"(256, 320)",uint8,0.0,1.0,2,"[0, 1]",771,81920,0.00941162109375
8169.npy,8169,"(256, 256)",uint8,0.0,1.0,2,"[0, 1]",253,65536,0.0038604736328125
8175.npy,8175,"(486, 487)",uint8,0.0,1.0,2,"[0, 1]",2904,236682,0.012269627601592009
8214.npy,8214,"(1024, 1024)",uint8,0.0,1.0,2,"[0, 1]",53236,1048576,0.050769805908203125
8246.npy,8246,"(666, 1000)",uint8,0.0,1.0,2,"[0, 1]",127052,666000,0.19076876876876878
8259.npy,8259,"(512, 669)",uint8,0.0,1.0,2,"[0, 1]",21606,342528,0.06307805493273543
8266.npy,8266,"(256, 256)",uint8,0.0,1.0,2,"[0, 1]",206,65536,0.003143310546875
8268.npy,8268,"(582, 113)",uint8,0.0,1.0,2,"[0, 1]",3486,65766,0.05300611258096889
8288.npy,8288,"(360, 360)",uint8,0.0,1.0,2,"[0, 1]",5870,129600,0.04529320987654321
8300.npy,8300,"(3, 1200, 1600)",uint8,0.0,1.0,2,"[0, 1]",18546,5760000,0.003219791666666667
8388.npy,8388,"(666, 1000)",uint8,0.0,1.0,2,"[0, 1]",73926,666000,0.111
8401.npy,8401,"(512, 512)",uint8,0.0,1.0,2,"[0, 1]",1495,262144,0.005702972412109375
842.npy,842,"(3, 717, 1044)",uint8,0.0,1.0,2,"[0, 1]",18903,2245644,0.008417629864751492
8424.npy,8424,"(666, 1000)",uint8,0.0,1.0,2,"[0, 1]",53384,666000,0.08015615615615615
8431.npy,8431,"(1024, 1024)",uint8,0.0,1.0,2,"[0, 1]",19177,1048576,0.018288612365722656
8481.npy,8481,"(520, 696)",uint8,0.0,1.0,2,"[0, 1]",2158,361920,0.00596264367816092
8517.npy,8517,"(256, 256)",uint8,0.0,1.0,2,"[0, 1]",236,65536,0.00360107421875
8565.npy,8565,"(512, 512)",uint8,0.0,1.0,2,"[0, 1]",45025,262144,0.17175674438476562
8613.npy,8613,"(360, 360)",uint8,0.0,1.0,2,"[0, 1]",8065,129600,0.06222993827160494
8622.npy,8622,"(1024, 1024)",uint8,0.0,1.0,2,"[0, 1]",5782,1048576,0.0055141448974609375
8678.npy,8678,"(1912, 2568)",uint8,0.0,1.0,2,"[0, 1]",126157,4910016,0.025693806293095582
868.npy,868,"(188, 441)",uint8,0.0,1.0,2,"[0, 1]",493,82908,0.005946350171274184
8681.npy,8681,"(256, 320)",uint8,0.0,1.0,2,"[0, 1]",4569,81920,0.05577392578125
8711.npy,8711,"(3, 256, 256)",uint8,0.0,1.0,2,"[0, 1]",2794,196608,0.014211018880208334
8715.npy,8715,"(1024, 1024)",uint8,0.0,1.0,2,"[0, 1]",37663,1048576,0.035918235778808594
8721.npy,8721,"(2, 520, 696)",uint8,0.0,1.0,2,"[0, 1]",21766,723840,0.030070181255526084
8733.npy,8733,"(763, 251)",uint8,0.0,1.0,2,"[0, 1]",19626,191513,0.1024786829092542
8783.npy,8783,"(2, 512, 557)",uint8,0.0,1.0,2,"[0, 1]",29376,570368,0.05150359066427289
8807.npy,8807,"(2, 256, 256)",uint8,0.0,1.0,2,"[0, 1]",213,131072,0.00162506103515625
8808.npy,8808,"(2, 1200, 1600)",uint8,0.0,1.0,2,"[0, 1]",5104,3840000,0.0013291666666666666
8874.npy,8874,"(513, 512)",uint8,0.0,1.0,2,"[0, 1]",7927,262656,0.030180159600389864
8886.npy,8886,"(121, 495)",uint8,0.0,1.0,2,"[0, 1]",7600,59895,0.12688872193004425
8929.npy,8929,"(2, 666, 1000)",uint8,0.0,1.0,2,"[0, 1]",76431,1332000,0.05738063063063063
8935.npy,8935,"(666, 1000)",uint8,0.0,1.0,2,"[0, 1]",43048,666000,0.06463663663663664
8976.npy,8976,"(256, 256)",uint8,0.0,1.0,2,"[0, 1]",365,65536,0.0055694580078125
899.npy,899,"(100, 1071)",uint8,0.0,1.0,2,"[0, 1]",7832,107100,0.07312791783380018
90.npy,90,"(3, 1200, 1600)",uint8,0.0,1.0,2,"[0, 1]",19354,5760000,0.0033600694444444446
9042.npy,9042,"(137, 777)",uint8,0.0,1.0,2,"[0, 1]",28566,106449,0.2683538595947355
9045.npy,9045,"(256, 256)",uint8,0.0,1.0,2,"[0, 1]",591,65536,0.0090179443359375
9083.npy,9083,"(520, 696)",uint8,0.0,1.0,2,"[0, 1]",5846,361920,0.016152740937223697
9086.npy,9086,"(1024, 1280)",uint8,0.0,1.0,2,"[0, 1]",12400,1310720,0.00946044921875
9096.npy,9096,"(97, 901)",uint8,0.0,1.0,2,"[0, 1]",4420,87397,0.05057381832328341
9164.npy,9164,"(3, 256, 256)",uint8,0.0,1.0,2,"[0, 1]",3452,196608,0.017557779947916668
9178.npy,9178,"(512, 649)",uint8,0.0,1.0,2,"[0, 1]",586,332288,0.001763530431432974
9206.npy,9206,"(2, 256, 320)",uint8,0.0,1.0,2,"[0, 1]",347,163840,0.002117919921875
9218.npy,9218,"(507, 180)",uint8,0.0,1.0,2,"[0, 1]",12960,91260,0.14201183431952663
9299.npy,9299,"(2, 512, 696)",uint8,0.0,1.0,2,"[0, 1]",4083,712704,0.0057288860452586205
9309.npy,9309,"(2, 520, 696)",uint8,0.0,1.0,2,"[0, 1]",4151,723840,0.005734692749778956
937.npy,937,"(79, 957)",uint8,0.0,1.0,2,"[0, 1]",13477,75603,0.17826012195283256
9533.npy,9533,"(666, 1000)",uint8,0.0,1.0,2,"[0, 1]",63386,666000,0.09517417417417418
9568.npy,9568,"(666, 1000)",uint8,0.0,1.0,2,"[0, 1]",37569,666000,0.05640990990990991
9590.npy,9590,"(488, 475)",uint8,0.0,1.0,2,"[0, 1]",7458,231800,0.032174288179465056
9651.npy,9651,"(666, 1000)",uint8,0.0,1.0,2,"[0, 1]",61648,666000,0.09256456456456456
9720.npy,9720,"(475, 1413)",uint8,0.0,1.0,2,"[0, 1]",22512,671175,0.0335411777852274
9732.npy,9732,"(152, 713)",uint8,0.0,1.0,2,"[0, 1]",9218,108376,0.08505573189636081
9759.npy,9759,"(5, 526, 512)",uint8,0.0,1.0,2,"[0, 1]",4182,1346560,0.0031056915399239543
9768.npy,9768,"(1024, 1024)",uint8,0.0,1.0,2,"[0, 1]",59245,1048576,0.05650043487548828
9791.npy,9791,"(520, 696)",uint8,0.0,1.0,2,"[0, 1]",2096,361920,0.005791335101679929
9807.npy,9807,"(2, 256, 320)",uint8,0.0,1.0,2,"[0, 1]",2426,163840,0.01480712890625
9822.npy,9822,"(3, 256, 256)",uint8,0.0,1.0,2,"[0, 1]",3814,196608,0.019399007161458332
9849.npy,9849,"(2592, 3888)",uint8,0.0,1.0,2,"[0, 1]",520444,10077696,0.05164315335568765
9954.npy,9954,"(666, 1000)",uint8,0.0,1.0,2,"[0, 1]",54977,666000,0.08254804804804805
9960.npy,9960,"(2, 1200, 1600)",uint8,0.0,1.0,2,"[0, 1]",6450,3840000,0.0016796875
9967.npy,9967,"(346, 620)",uint8,0.0,1.0,2,"[0, 1]",1465,214520,0.00682920007458512
9976.npy,9976,"(666, 1000)",uint8,0.0,1.0,2,"[0, 1]",64556,666000,0.09693093093093093
9977.npy,9977,"(256, 320)",uint8,0.0,1.0,2,"[0, 1]",1673,81920,0.02042236328125
