sample_id,image_id,image_path,class_name,image_label,gt_area,gt_area_ratio,mask_quartile,pred_area,pred_area_ratio,dice,iou,image_score,image_pred_label
authentic__10,10,/kaggle/input/competitions/recodai-luc-scientific-image-forgery-detection/train_images/authentic/10.png,authentic,0,0,0.0,,14787,0.10028076171875,6.762696963503329e-12,6.762696963503329e-12,0.95751953125,1
authentic__1008,1008,/kaggle/input/competitions/recodai-luc-scientific-image-forgery-detection/train_images/authentic/1008.png,authentic,0,0,0.0,,0,0.0,1.0,1.0,0.224609375,0
authentic__10176,10176,/kaggle/input/competitions/recodai-luc-scientific-image-forgery-detection/train_images/authentic/10176.png,authentic,0,0,0.0,,0,0.0,1.0,1.0,0.1627197265625,0
authentic__10296,10296,/kaggle/input/competitions/recodai-luc-scientific-image-forgery-detection/train_images/authentic/10296.png,authentic,0,0,0.0,,8674,0.05882432725694445,1.1528706479000129e-11,1.1528706479000129e-11,0.94921875,1
authentic__10408,10408,/kaggle/input/competitions/recodai-luc-scientific-image-forgery-detection/train_images/authentic/10408.png,authentic,0,0,0.0,,0,0.0,1.0,1.0,0.6669921875,0
authentic__10458,10458,/kaggle/input/competitions/recodai-luc-scientific-image-forgery-detection/train_images/authentic/10458.png,authentic,0,0,0.0,,0,0.0,1.0,1.0,0.6650390625,0
authentic__10632,10632,/kaggle/input/competitions/recodai-luc-scientific-image-forgery-detection/train_images/authentic/10632.png,authentic,0,0,0.0,,0,0.0,1.0,1.0,0.31689453125,0
authentic__10742,10742,/kaggle/input/competitions/recodai-luc-scientific-image-forgery-detection/train_images/authentic/10742.png,authentic,0,0,0.0,,0,0.0,1.0,1.0,0.57666015625,0
authentic__10878,10878,/kaggle/input/competitions/recodai-luc-scientific-image-forgery-detection/train_images/authentic/10878.png,authentic,0,0,0.0,,0,0.0,1.0,1.0,0.62451171875,0
authentic__10951,10951,/kaggle/input/competitions/recodai-luc-scientific-image-forgery-detection/train_images/authentic/10951.png,authentic,0,0,0.0,,0,0.0,1.0,1.0,0.556640625,0
authentic__1101,1101,/kaggle/input/competitions/recodai-luc-scientific-image-forgery-detection/train_images/authentic/1101.png,authentic,0,0,0.0,,0,0.0,1.0,1.0,0.9248046875,1
authentic__11206,11206,/kaggle/input/competitions/recodai-luc-scientific-image-forgery-detection/train_images/authentic/11206.png,authentic,0,0,0.0,,0,0.0,1.0,1.0,0.1251220703125,0
authentic__11277,11277,/kaggle/input/competitions/recodai-luc-scientific-image-forgery-detection/train_images/authentic/11277.png,authentic,0,0,0.0,,109,0.0007392035590277778,9.174311918188705e-10,9.174311918188705e-10,0.8857421875,1
authentic__11356,11356,/kaggle/input/competitions/recodai-luc-scientific-image-forgery-detection/train_images/authentic/11356.png,authentic,0,0,0.0,,226,0.0015326605902777778,4.42477875910408e-10,4.42477875910408e-10,0.90087890625,1
authentic__1143,1143,/kaggle/input/competitions/recodai-luc-scientific-image-forgery-detection/train_images/authentic/1143.png,authentic,0,0,0.0,,0,0.0,1.0,1.0,0.42822265625,0
authentic__11513,11513,/kaggle/input/competitions/recodai-luc-scientific-image-forgery-detection/train_images/authentic/11513.png,authentic,0,0,0.0,,0,0.0,1.0,1.0,0.5185546875,0
authentic__11662,11662,/kaggle/input/competitions/recodai-luc-scientific-image-forgery-detection/train_images/authentic/11662.png,authentic,0,0,0.0,,0,0.0,1.0,1.0,0.51904296875,0
authentic__11740,11740,/kaggle/input/competitions/recodai-luc-scientific-image-forgery-detection/train_images/authentic/11740.png,authentic,0,0,0.0,,0,0.0,1.0,1.0,0.65625,0
authentic__11854,11854,/kaggle/input/competitions/recodai-luc-scientific-image-forgery-detection/train_images/authentic/11854.png,authentic,0,0,0.0,,0,0.0,1.0,1.0,0.84912109375,1
authentic__11964,11964,/kaggle/input/competitions/recodai-luc-scientific-image-forgery-detection/train_images/authentic/11964.png,authentic,0,0,0.0,,0,0.0,1.0,1.0,0.329833984375,0
authentic__12073,12073,/kaggle/input/competitions/recodai-luc-scientific-image-forgery-detection/train_images/authentic/12073.png,authentic,0,0,0.0,,0,0.0,1.0,1.0,0.41796875,0
authentic__12262,12262,/kaggle/input/competitions/recodai-luc-scientific-image-forgery-detection/train_images/authentic/12262.png,authentic,0,0,0.0,,1650,0.011189778645833334,6.060606060238751e-11,6.060606060238751e-11,0.97314453125,1
authentic__12300,12300,/kaggle/input/competitions/recodai-luc-scientific-image-forgery-detection/train_images/authentic/12300.png,authentic,0,0,0.0,,0,0.0,1.0,1.0,0.8818359375,1
authentic__12364,12364,/kaggle/input/competitions/recodai-luc-scientific-image-forgery-detection/train_images/authentic/12364.png,authentic,0,0,0.0,,5749,0.03898790147569445,1.7394329448297195e-11,1.7394329448297195e-11,0.9765625,1
authentic__12446,12446,/kaggle/input/competitions/recodai-luc-scientific-image-forgery-detection/train_images/authentic/12446.png,authentic,0,0,0.0,,0,0.0,1.0,1.0,0.296142578125,0
authentic__12572,12572,/kaggle/input/competitions/recodai-luc-scientific-image-forgery-detection/train_images/authentic/12572.png,authentic,0,0,0.0,,0,0.0,1.0,1.0,0.309814453125,0
authentic__12629,12629,/kaggle/input/competitions/recodai-luc-scientific-image-forgery-detection/train_images/authentic/12629.png,authentic,0,0,0.0,,1803,0.012227376302083334,5.5463117024100765e-11,5.5463117024100765e-11,0.9814453125,1
authentic__12793,12793,/kaggle/input/competitions/recodai-luc-scientific-image-forgery-detection/train_images/authentic/12793.png,authentic,0,0,0.0,,2926,0.019843207465277776,3.417634996465563e-11,3.417634996465563e-11,0.96435546875,1
authentic__12879,12879,/kaggle/input/competitions/recodai-luc-scientific-image-forgery-detection/train_images/authentic/12879.png,authentic,0,0,0.0,,0,0.0,1.0,1.0,0.316162109375,0
authentic__13020,13020,/kaggle/input/competitions/recodai-luc-scientific-image-forgery-detection/train_images/authentic/13020.png,authentic,0,0,0.0,,0,0.0,1.0,1.0,0.46728515625,0
authentic__13333,13333,/kaggle/input/competitions/recodai-luc-scientific-image-forgery-detection/train_images/authentic/13333.png,authentic,0,0,0.0,,0,0.0,1.0,1.0,0.859375,1
authentic__13451,13451,/kaggle/input/competitions/recodai-luc-scientific-image-forgery-detection/train_images/authentic/13451.png,authentic,0,0,0.0,,27261,0.18487548828125,3.6682440115781945e-12,3.6682440115781945e-12,0.9443359375,1
authentic__13603,13603,/kaggle/input/competitions/recodai-luc-scientific-image-forgery-detection/train_images/authentic/13603.png,authentic,0,0,0.0,,330,0.0022379557291666665,3.030303029384756e-10,3.030303029384756e-10,0.95703125,1
authentic__13670,13670,/kaggle/input/competitions/recodai-luc-scientific-image-forgery-detection/train_images/authentic/13670.png,authentic,0,0,0.0,,0,0.0,1.0,1.0,0.16162109375,0
authentic__13742,13742,/kaggle/input/competitions/recodai-luc-scientific-image-forgery-detection/train_images/authentic/13742.png,authentic,0,0,0.0,,0,0.0,1.0,1.0,0.9560546875,1
authentic__13839,13839,/kaggle/input/competitions/recodai-luc-scientific-image-forgery-detection/train_images/authentic/13839.png,authentic,0,0,0.0,,0,0.0,1.0,1.0,0.55419921875,0
authentic__13893,13893,/kaggle/input/competitions/recodai-luc-scientific-image-forgery-detection/train_images/authentic/13893.png,authentic,0,0,0.0,,0,0.0,1.0,1.0,0.705078125,0
authentic__13971,13971,/kaggle/input/competitions/recodai-luc-scientific-image-forgery-detection/train_images/authentic/13971.png,authentic,0,0,0.0,,0,0.0,1.0,1.0,0.85693359375,1
authentic__14070,14070,/kaggle/input/competitions/recodai-luc-scientific-image-forgery-detection/train_images/authentic/14070.png,authentic,0,0,0.0,,0,0.0,1.0,1.0,0.68505859375,0
authentic__14114,14114,/kaggle/input/competitions/recodai-luc-scientific-image-forgery-detection/train_images/authentic/14114.png,authentic,0,0,0.0,,0,0.0,1.0,1.0,0.1480712890625,0
authentic__1419,1419,/kaggle/input/competitions/recodai-luc-scientific-image-forgery-detection/train_images/authentic/1419.png,authentic,0,0,0.0,,0,0.0,1.0,1.0,0.60986328125,0
authentic__14331,14331,/kaggle/input/competitions/recodai-luc-scientific-image-forgery-detection/train_images/authentic/14331.png,authentic,0,0,0.0,,0,0.0,1.0,1.0,0.95068359375,1
authentic__14436,14436,/kaggle/input/competitions/recodai-luc-scientific-image-forgery-detection/train_images/authentic/14436.png,authentic,0,0,0.0,,0,0.0,1.0,1.0,0.8818359375,1
authentic__14700,14700,/kaggle/input/competitions/recodai-luc-scientific-image-forgery-detection/train_images/authentic/14700.png,authentic,0,0,0.0,,0,0.0,1.0,1.0,0.6962890625,0
authentic__14770,14770,/kaggle/input/competitions/recodai-luc-scientific-image-forgery-detection/train_images/authentic/14770.png,authentic,0,0,0.0,,0,0.0,1.0,1.0,0.326416015625,0
authentic__14829,14829,/kaggle/input/competitions/recodai-luc-scientific-image-forgery-detection/train_images/authentic/14829.png,authentic,0,0,0.0,,0,0.0,1.0,1.0,0.8125,1
authentic__14988,14988,/kaggle/input/competitions/recodai-luc-scientific-image-forgery-detection/train_images/authentic/14988.png,authentic,0,0,0.0,,374,0.002536349826388889,2.673796790728931e-10,2.673796790728931e-10,0.916015625,1
authentic__15061,15061,/kaggle/input/competitions/recodai-luc-scientific-image-forgery-detection/train_images/authentic/15061.png,authentic,0,0,0.0,,1716,0.011637369791666666,5.827505827166229e-11,5.827505827166229e-11,0.99072265625,1
authentic__15269,15269,/kaggle/input/competitions/recodai-luc-scientific-image-forgery-detection/train_images/authentic/15269.png,authentic,0,0,0.0,,0,0.0,1.0,1.0,0.279052734375,0
authentic__1536,1536,/kaggle/input/competitions/recodai-luc-scientific-image-forgery-detection/train_images/authentic/1536.png,authentic,0,0,0.0,,0,0.0,1.0,1.0,0.3583984375,0
authentic__15426,15426,/kaggle/input/competitions/recodai-luc-scientific-image-forgery-detection/train_images/authentic/15426.png,authentic,0,0,0.0,,0,0.0,1.0,1.0,0.57177734375,0
authentic__15579,15579,/kaggle/input/competitions/recodai-luc-scientific-image-forgery-detection/train_images/authentic/15579.png,authentic,0,0,0.0,,0,0.0,1.0,1.0,0.61962890625,0
authentic__15733,15733,/kaggle/input/competitions/recodai-luc-scientific-image-forgery-detection/train_images/authentic/15733.png,authentic,0,0,0.0,,0,0.0,1.0,1.0,0.2470703125,0
authentic__15860,15860,/kaggle/input/competitions/recodai-luc-scientific-image-forgery-detection/train_images/authentic/15860.png,authentic,0,0,0.0,,0,0.0,1.0,1.0,0.4873046875,0
authentic__15940,15940,/kaggle/input/competitions/recodai-luc-scientific-image-forgery-detection/train_images/authentic/15940.png,authentic,0,0,0.0,,759,0.005147298177083333,1.3175230564799048e-10,1.3175230564799048e-10,0.9697265625,1
authentic__1608,1608,/kaggle/input/competitions/recodai-luc-scientific-image-forgery-detection/train_images/authentic/1608.png,authentic,0,0,0.0,,0,0.0,1.0,1.0,0.76025390625,0
authentic__16161,16161,/kaggle/input/competitions/recodai-luc-scientific-image-forgery-detection/train_images/authentic/16161.png,authentic,0,0,0.0,,0,0.0,1.0,1.0,0.74755859375,0
authentic__16219,16219,/kaggle/input/competitions/recodai-luc-scientific-image-forgery-detection/train_images/authentic/16219.png,authentic,0,0,0.0,,0,0.0,1.0,1.0,0.130615234375,0
authentic__16294,16294,/kaggle/input/competitions/recodai-luc-scientific-image-forgery-detection/train_images/authentic/16294.png,authentic,0,0,0.0,,0,0.0,1.0,1.0,0.169677734375,0
authentic__1641,1641,/kaggle/input/competitions/recodai-luc-scientific-image-forgery-detection/train_images/authentic/1641.png,authentic,0,0,0.0,,0,0.0,1.0,1.0,0.427978515625,0
authentic__16534,16534,/kaggle/input/competitions/recodai-luc-scientific-image-forgery-detection/train_images/authentic/16534.png,authentic,0,0,0.0,,1205,0.008171929253472222,8.298755186033297e-11,8.298755186033297e-11,0.9013671875,1
authentic__16647,16647,/kaggle/input/competitions/recodai-luc-scientific-image-forgery-detection/train_images/authentic/16647.png,authentic,0,0,0.0,,0,0.0,1.0,1.0,0.1923828125,0
authentic__16703,16703,/kaggle/input/competitions/recodai-luc-scientific-image-forgery-detection/train_images/authentic/16703.png,authentic,0,0,0.0,,487,0.003302680121527778,2.0533880899274355e-10,2.0533880899274355e-10,0.87939453125,1
authentic__16866,16866,/kaggle/input/competitions/recodai-luc-scientific-image-forgery-detection/train_images/authentic/16866.png,authentic,0,0,0.0,,21605,0.1465182834201389,4.6285582040979925e-12,4.6285582040979925e-12,0.9873046875,1
authentic__16960,16960,/kaggle/input/competitions/recodai-luc-scientific-image-forgery-detection/train_images/authentic/16960.png,authentic,0,0,0.0,,0,0.0,1.0,1.0,0.12420654296875,0
authentic__17071,17071,/kaggle/input/competitions/recodai-luc-scientific-image-forgery-detection/train_images/authentic/17071.png,authentic,0,0,0.0,,0,0.0,1.0,1.0,0.70703125,0
authentic__17245,17245,/kaggle/input/competitions/recodai-luc-scientific-image-forgery-detection/train_images/authentic/17245.png,authentic,0,0,0.0,,0,0.0,1.0,1.0,0.35205078125,0
authentic__17298,17298,/kaggle/input/competitions/recodai-luc-scientific-image-forgery-detection/train_images/authentic/17298.png,authentic,0,0,0.0,,159,0.0010782877604166667,6.289308172145089e-10,6.289308172145089e-10,0.98291015625,1
authentic__17493,17493,/kaggle/input/competitions/recodai-luc-scientific-image-forgery-detection/train_images/authentic/17493.png,authentic,0,0,0.0,,0,0.0,1.0,1.0,0.8369140625,1
authentic__17625,17625,/kaggle/input/competitions/recodai-luc-scientific-image-forgery-detection/train_images/authentic/17625.png,authentic,0,0,0.0,,2827,0.019171820746527776,3.537318712290862e-11,3.537318712290862e-11,0.978515625,1
authentic__17846,17846,/kaggle/input/competitions/recodai-luc-scientific-image-forgery-detection/train_images/authentic/17846.png,authentic,0,0,0.0,,0,0.0,1.0,1.0,0.288330078125,0
authentic__1813,1813,/kaggle/input/competitions/recodai-luc-scientific-image-forgery-detection/train_images/authentic/1813.png,authentic,0,0,0.0,,0,0.0,1.0,1.0,0.90576171875,1
authentic__18440,18440,/kaggle/input/competitions/recodai-luc-scientific-image-forgery-detection/train_images/authentic/18440.png,authentic,0,0,0.0,,0,0.0,1.0,1.0,0.16162109375,0
authentic__1856,1856,/kaggle/input/competitions/recodai-luc-scientific-image-forgery-detection/train_images/authentic/1856.png,authentic,0,0,0.0,,0,0.0,1.0,1.0,0.681640625,0
authentic__187,187,/kaggle/input/competitions/recodai-luc-scientific-image-forgery-detection/train_images/authentic/187.png,authentic,0,0,0.0,,0,0.0,1.0,1.0,0.5517578125,0
authentic__1879,1879,/kaggle/input/competitions/recodai-luc-scientific-image-forgery-detection/train_images/authentic/1879.png,authentic,0,0,0.0,,514,0.003485785590277778,1.945525291450287e-10,1.945525291450287e-10,0.9267578125,1
authentic__18995,18995,/kaggle/input/competitions/recodai-luc-scientific-image-forgery-detection/train_images/authentic/18995.png,authentic,0,0,0.0,,0,0.0,1.0,1.0,0.10107421875,0
authentic__19281,19281,/kaggle/input/competitions/recodai-luc-scientific-image-forgery-detection/train_images/authentic/19281.png,authentic,0,0,0.0,,0,0.0,1.0,1.0,0.77734375,0
authentic__1940,1940,/kaggle/input/competitions/recodai-luc-scientific-image-forgery-detection/train_images/authentic/1940.png,authentic,0,0,0.0,,0,0.0,1.0,1.0,0.5859375,0
authentic__19593,19593,/kaggle/input/competitions/recodai-luc-scientific-image-forgery-detection/train_images/authentic/19593.png,authentic,0,0,0.0,,0,0.0,1.0,1.0,0.1435546875,0
authentic__19633,19633,/kaggle/input/competitions/recodai-luc-scientific-image-forgery-detection/train_images/authentic/19633.png,authentic,0,0,0.0,,0,0.0,1.0,1.0,0.1610107421875,0
authentic__19728,19728,/kaggle/input/competitions/recodai-luc-scientific-image-forgery-detection/train_images/authentic/19728.png,authentic,0,0,0.0,,4854,0.032918294270833336,2.060156571857022e-11,2.060156571857022e-11,0.96875,1
authentic__19847,19847,/kaggle/input/competitions/recodai-luc-scientific-image-forgery-detection/train_images/authentic/19847.png,authentic,0,0,0.0,,1202,0.008151584201388888,8.319467553384403e-11,8.319467553384403e-11,0.98486328125,1
authentic__19953,19953,/kaggle/input/competitions/recodai-luc-scientific-image-forgery-detection/train_images/authentic/19953.png,authentic,0,0,0.0,,0,0.0,1.0,1.0,0.2086181640625,0
authentic__20103,20103,/kaggle/input/competitions/recodai-luc-scientific-image-forgery-detection/train_images/authentic/20103.png,authentic,0,0,0.0,,0,0.0,1.0,1.0,0.437255859375,0
authentic__20270,20270,/kaggle/input/competitions/recodai-luc-scientific-image-forgery-detection/train_images/authentic/20270.png,authentic,0,0,0.0,,0,0.0,1.0,1.0,0.304931640625,0
authentic__20379,20379,/kaggle/input/competitions/recodai-luc-scientific-image-forgery-detection/train_images/authentic/20379.png,authentic,0,0,0.0,,0,0.0,1.0,1.0,0.533203125,0
authentic__20490,20490,/kaggle/input/competitions/recodai-luc-scientific-image-forgery-detection/train_images/authentic/20490.png,authentic,0,0,0.0,,0,0.0,1.0,1.0,0.8798828125,1
authentic__20587,20587,/kaggle/input/competitions/recodai-luc-scientific-image-forgery-detection/train_images/authentic/20587.png,authentic,0,0,0.0,,0,0.0,1.0,1.0,0.199951171875,0
authentic__20753,20753,/kaggle/input/competitions/recodai-luc-scientific-image-forgery-detection/train_images/authentic/20753.png,authentic,0,0,0.0,,0,0.0,1.0,1.0,0.80517578125,1
authentic__20800,20800,/kaggle/input/competitions/recodai-luc-scientific-image-forgery-detection/train_images/authentic/20800.png,authentic,0,0,0.0,,0,0.0,1.0,1.0,0.156005859375,0
authentic__20833,20833,/kaggle/input/competitions/recodai-luc-scientific-image-forgery-detection/train_images/authentic/20833.png,authentic,0,0,0.0,,0,0.0,1.0,1.0,0.8046875,1
authentic__20920,20920,/kaggle/input/competitions/recodai-luc-scientific-image-forgery-detection/train_images/authentic/20920.png,authentic,0,0,0.0,,108,0.000732421875,9.259259250685871e-10,9.259259250685871e-10,0.9765625,1
authentic__21204,21204,/kaggle/input/competitions/recodai-luc-scientific-image-forgery-detection/train_images/authentic/21204.png,authentic,0,0,0.0,,0,0.0,1.0,1.0,0.487548828125,0
authentic__21264,21264,/kaggle/input/competitions/recodai-luc-scientific-image-forgery-detection/train_images/authentic/21264.png,authentic,0,0,0.0,,0,0.0,1.0,1.0,0.148193359375,0
authentic__21540,21540,/kaggle/input/competitions/recodai-luc-scientific-image-forgery-detection/train_images/authentic/21540.png,authentic,0,0,0.0,,283,0.001919216579861111,3.533568903345028e-10,3.533568903345028e-10,0.98095703125,1
authentic__2164,2164,/kaggle/input/competitions/recodai-luc-scientific-image-forgery-detection/train_images/authentic/2164.png,authentic,0,0,0.0,,0,0.0,1.0,1.0,0.66943359375,0
authentic__21728,21728,/kaggle/input/competitions/recodai-luc-scientific-image-forgery-detection/train_images/authentic/21728.png,authentic,0,0,0.0,,0,0.0,1.0,1.0,0.564453125,0
authentic__21851,21851,/kaggle/input/competitions/recodai-luc-scientific-image-forgery-detection/train_images/authentic/21851.png,authentic,0,0,0.0,,0,0.0,1.0,1.0,0.732421875,0
authentic__22046,22046,/kaggle/input/competitions/recodai-luc-scientific-image-forgery-detection/train_images/authentic/22046.png,authentic,0,0,0.0,,0,0.0,1.0,1.0,0.28466796875,0
authentic__22155,22155,/kaggle/input/competitions/recodai-luc-scientific-image-forgery-detection/train_images/authentic/22155.png,authentic,0,0,0.0,,0,0.0,1.0,1.0,0.267578125,0
authentic__22182,22182,/kaggle/input/competitions/recodai-luc-scientific-image-forgery-detection/train_images/authentic/22182.png,authentic,0,0,0.0,,0,0.0,1.0,1.0,0.26171875,0
authentic__2228,2228,/kaggle/input/competitions/recodai-luc-scientific-image-forgery-detection/train_images/authentic/2228.png,authentic,0,0,0.0,,3420,0.023193359375,2.9239766081016384e-11,2.9239766081016384e-11,0.931640625,1
authentic__22337,22337,/kaggle/input/competitions/recodai-luc-scientific-image-forgery-detection/train_images/authentic/22337.png,authentic,0,0,0.0,,0,0.0,1.0,1.0,0.490234375,0
authentic__22565,22565,/kaggle/input/competitions/recodai-luc-scientific-image-forgery-detection/train_images/authentic/22565.png,authentic,0,0,0.0,,0,0.0,1.0,1.0,0.880859375,1
authentic__22739,22739,/kaggle/input/competitions/recodai-luc-scientific-image-forgery-detection/train_images/authentic/22739.png,authentic,0,0,0.0,,0,0.0,1.0,1.0,0.78857421875,1
authentic__22797,22797,/kaggle/input/competitions/recodai-luc-scientific-image-forgery-detection/train_images/authentic/22797.png,authentic,0,0,0.0,,0,0.0,1.0,1.0,0.82763671875,1
authentic__2290,2290,/kaggle/input/competitions/recodai-luc-scientific-image-forgery-detection/train_images/authentic/2290.png,authentic,0,0,0.0,,0,0.0,1.0,1.0,0.60546875,0
authentic__22951,22951,/kaggle/input/competitions/recodai-luc-scientific-image-forgery-detection/train_images/authentic/22951.png,authentic,0,0,0.0,,0,0.0,1.0,1.0,0.81494140625,1
authentic__2305,2305,/kaggle/input/competitions/recodai-luc-scientific-image-forgery-detection/train_images/authentic/2305.png,authentic,0,0,0.0,,0,0.0,1.0,1.0,0.132568359375,0
authentic__23143,23143,/kaggle/input/competitions/recodai-luc-scientific-image-forgery-detection/train_images/authentic/23143.png,authentic,0,0,0.0,,0,0.0,1.0,1.0,0.369873046875,0
authentic__23236,23236,/kaggle/input/competitions/recodai-luc-scientific-image-forgery-detection/train_images/authentic/23236.png,authentic,0,0,0.0,,0,0.0,1.0,1.0,0.8046875,1
authentic__23357,23357,/kaggle/input/competitions/recodai-luc-scientific-image-forgery-detection/train_images/authentic/23357.png,authentic,0,0,0.0,,0,0.0,1.0,1.0,0.1114501953125,0
authentic__23460,23460,/kaggle/input/competitions/recodai-luc-scientific-image-forgery-detection/train_images/authentic/23460.png,authentic,0,0,0.0,,2059,0.013963487413194444,4.85672656605844e-11,4.85672656605844e-11,0.96044921875,1
authentic__23527,23527,/kaggle/input/competitions/recodai-luc-scientific-image-forgery-detection/train_images/authentic/23527.png,authentic,0,0,0.0,,0,0.0,1.0,1.0,0.10723876953125,0
authentic__23726,23726,/kaggle/input/competitions/recodai-luc-scientific-image-forgery-detection/train_images/authentic/23726.png,authentic,0,0,0.0,,538,0.0036485460069444445,1.858736059134064e-10,1.858736059134064e-10,0.9306640625,1
authentic__23904,23904,/kaggle/input/competitions/recodai-luc-scientific-image-forgery-detection/train_images/authentic/23904.png,authentic,0,0,0.0,,0,0.0,1.0,1.0,0.1435546875,0
authentic__24029,24029,/kaggle/input/competitions/recodai-luc-scientific-image-forgery-detection/train_images/authentic/24029.png,authentic,0,0,0.0,,0,0.0,1.0,1.0,0.95654296875,1
authentic__24218,24218,/kaggle/input/competitions/recodai-luc-scientific-image-forgery-detection/train_images/authentic/24218.png,authentic,0,0,0.0,,1067,0.007236056857638889,9.372071226862972e-11,9.372071226862972e-11,0.95556640625,1
authentic__24332,24332,/kaggle/input/competitions/recodai-luc-scientific-image-forgery-detection/train_images/authentic/24332.png,authentic,0,0,0.0,,232,0.0015733506944444445,4.3103448257282997e-10,4.3103448257282997e-10,0.89892578125,1
authentic__24381,24381,/kaggle/input/competitions/recodai-luc-scientific-image-forgery-detection/train_images/authentic/24381.png,authentic,0,0,0.0,,0,0.0,1.0,1.0,0.748046875,0
authentic__2450,2450,/kaggle/input/competitions/recodai-luc-scientific-image-forgery-detection/train_images/authentic/2450.png,authentic,0,0,0.0,,0,0.0,1.0,1.0,0.6787109375,0
authentic__24600,24600,/kaggle/input/competitions/recodai-luc-scientific-image-forgery-detection/train_images/authentic/24600.png,authentic,0,0,0.0,,0,0.0,1.0,1.0,0.39306640625,0
authentic__24676,24676,/kaggle/input/competitions/recodai-luc-scientific-image-forgery-detection/train_images/authentic/24676.png,authentic,0,0,0.0,,0,0.0,1.0,1.0,0.1683349609375,0
authentic__24749,24749,/kaggle/input/competitions/recodai-luc-scientific-image-forgery-detection/train_images/authentic/24749.png,authentic,0,0,0.0,,0,0.0,1.0,1.0,0.81787109375,1
authentic__24937,24937,/kaggle/input/competitions/recodai-luc-scientific-image-forgery-detection/train_images/authentic/24937.png,authentic,0,0,0.0,,0,0.0,1.0,1.0,0.1959228515625,0
authentic__25003,25003,/kaggle/input/competitions/recodai-luc-scientific-image-forgery-detection/train_images/authentic/25003.png,authentic,0,0,0.0,,0,0.0,1.0,1.0,0.487060546875,0
authentic__25124,25124,/kaggle/input/competitions/recodai-luc-scientific-image-forgery-detection/train_images/authentic/25124.png,authentic,0,0,0.0,,0,0.0,1.0,1.0,0.82080078125,1
authentic__2534,2534,/kaggle/input/competitions/recodai-luc-scientific-image-forgery-detection/train_images/authentic/2534.png,authentic,0,0,0.0,,0,0.0,1.0,1.0,0.296875,0
authentic__25388,25388,/kaggle/input/competitions/recodai-luc-scientific-image-forgery-detection/train_images/authentic/25388.png,authentic,0,0,0.0,,0,0.0,1.0,1.0,0.728515625,0
authentic__25458,25458,/kaggle/input/competitions/recodai-luc-scientific-image-forgery-detection/train_images/authentic/25458.png,authentic,0,0,0.0,,0,0.0,1.0,1.0,0.5966796875,0
authentic__25525,25525,/kaggle/input/competitions/recodai-luc-scientific-image-forgery-detection/train_images/authentic/25525.png,authentic,0,0,0.0,,0,0.0,1.0,1.0,0.880859375,1
authentic__25638,25638,/kaggle/input/competitions/recodai-luc-scientific-image-forgery-detection/train_images/authentic/25638.png,authentic,0,0,0.0,,0,0.0,1.0,1.0,0.845703125,1
authentic__2577,2577,/kaggle/input/competitions/recodai-luc-scientific-image-forgery-detection/train_images/authentic/2577.png,authentic,0,0,0.0,,0,0.0,1.0,1.0,0.74951171875,0
authentic__25981,25981,/kaggle/input/competitions/recodai-luc-scientific-image-forgery-detection/train_images/authentic/25981.png,authentic,0,0,0.0,,123,0.0008341471354166666,8.130081294203186e-10,8.130081294203186e-10,0.98779296875,1
authentic__26035,26035,/kaggle/input/competitions/recodai-luc-scientific-image-forgery-detection/train_images/authentic/26035.png,authentic,0,0,0.0,,0,0.0,1.0,1.0,0.9365234375,1
authentic__26148,26148,/kaggle/input/competitions/recodai-luc-scientific-image-forgery-detection/train_images/authentic/26148.png,authentic,0,0,0.0,,0,0.0,1.0,1.0,0.1873779296875,0
authentic__2622,2622,/kaggle/input/competitions/recodai-luc-scientific-image-forgery-detection/train_images/authentic/2622.png,authentic,0,0,0.0,,159,0.0010782877604166667,6.289308172145089e-10,6.289308172145089e-10,0.94482421875,1
authentic__26329,26329,/kaggle/input/competitions/recodai-luc-scientific-image-forgery-detection/train_images/authentic/26329.png,authentic,0,0,0.0,,0,0.0,1.0,1.0,0.337158203125,0
authentic__26435,26435,/kaggle/input/competitions/recodai-luc-scientific-image-forgery-detection/train_images/authentic/26435.png,authentic,0,0,0.0,,0,0.0,1.0,1.0,0.2044677734375,0
authentic__26492,26492,/kaggle/input/competitions/recodai-luc-scientific-image-forgery-detection/train_images/authentic/26492.png,authentic,0,0,0.0,,15866,0.10759819878472222,6.302785831297725e-12,6.302785831297725e-12,0.99755859375,1
authentic__26730,26730,/kaggle/input/competitions/recodai-luc-scientific-image-forgery-detection/train_images/authentic/26730.png,authentic,0,0,0.0,,0,0.0,1.0,1.0,0.287109375,0
authentic__27061,27061,/kaggle/input/competitions/recodai-luc-scientific-image-forgery-detection/train_images/authentic/27061.png,authentic,0,0,0.0,,9008,0.061089409722222224,1.1101243339130757e-11,1.1101243339130757e-11,0.994140625,1
authentic__27195,27195,/kaggle/input/competitions/recodai-luc-scientific-image-forgery-detection/train_images/authentic/27195.png,authentic,0,0,0.0,,0,0.0,1.0,1.0,0.37158203125,0
authentic__27409,27409,/kaggle/input/competitions/recodai-luc-scientific-image-forgery-detection/train_images/authentic/27409.png,authentic,0,0,0.0,,142,0.0009629991319444445,7.042253516167427e-10,7.042253516167427e-10,0.90771484375,1
authentic__27586,27586,/kaggle/input/competitions/recodai-luc-scientific-image-forgery-detection/train_images/authentic/27586.png,authentic,0,0,0.0,,865,0.005866156684027778,1.1560693640282e-10,1.1560693640282e-10,0.919921875,1
authentic__27694,27694,/kaggle/input/competitions/recodai-luc-scientific-image-forgery-detection/train_images/authentic/27694.png,authentic,0,0,0.0,,0,0.0,1.0,1.0,0.7626953125,0
authentic__27896,27896,/kaggle/input/competitions/recodai-luc-scientific-image-forgery-detection/train_images/authentic/27896.png,authentic,0,0,0.0,,0,0.0,1.0,1.0,0.78466796875,1
authentic__28014,28014,/kaggle/input/competitions/recodai-luc-scientific-image-forgery-detection/train_images/authentic/28014.png,authentic,0,0,0.0,,0,0.0,1.0,1.0,0.1497802734375,0
authentic__28195,28195,/kaggle/input/competitions/recodai-luc-scientific-image-forgery-detection/train_images/authentic/28195.png,authentic,0,0,0.0,,1362,0.009236653645833334,7.342143905481487e-11,7.342143905481487e-11,0.92529296875,1
authentic__28245,28245,/kaggle/input/competitions/recodai-luc-scientific-image-forgery-detection/train_images/authentic/28245.png,authentic,0,0,0.0,,0,0.0,1.0,1.0,0.76611328125,0
authentic__28283,28283,/kaggle/input/competitions/recodai-luc-scientific-image-forgery-detection/train_images/authentic/28283.png,authentic,0,0,0.0,,5104,0.034613715277777776,1.9592476488644347e-11,1.9592476488644347e-11,0.92822265625,1
authentic__28412,28412,/kaggle/input/competitions/recodai-luc-scientific-image-forgery-detection/train_images/authentic/28412.png,authentic,0,0,0.0,,0,0.0,1.0,1.0,0.1689453125,0
authentic__28496,28496,/kaggle/input/competitions/recodai-luc-scientific-image-forgery-detection/train_images/authentic/28496.png,authentic,0,0,0.0,,0,0.0,1.0,1.0,0.47705078125,0
authentic__28878,28878,/kaggle/input/competitions/recodai-luc-scientific-image-forgery-detection/train_images/authentic/28878.png,authentic,0,0,0.0,,0,0.0,1.0,1.0,0.8720703125,1
authentic__28928,28928,/kaggle/input/competitions/recodai-luc-scientific-image-forgery-detection/train_images/authentic/28928.png,authentic,0,0,0.0,,154,0.0010443793402777778,6.49350648928993e-10,6.49350648928993e-10,0.99560546875,1
authentic__28965,28965,/kaggle/input/competitions/recodai-luc-scientific-image-forgery-detection/train_images/authentic/28965.png,authentic,0,0,0.0,,0,0.0,1.0,1.0,0.50439453125,0
authentic__29129,29129,/kaggle/input/competitions/recodai-luc-scientific-image-forgery-detection/train_images/authentic/29129.png,authentic,0,0,0.0,,0,0.0,1.0,1.0,0.36328125,0
authentic__29229,29229,/kaggle/input/competitions/recodai-luc-scientific-image-forgery-detection/train_images/authentic/29229.png,authentic,0,0,0.0,,0,0.0,1.0,1.0,0.1990966796875,0
authentic__29464,29464,/kaggle/input/competitions/recodai-luc-scientific-image-forgery-detection/train_images/authentic/29464.png,authentic,0,0,0.0,,0,0.0,1.0,1.0,0.841796875,1
authentic__29482,29482,/kaggle/input/competitions/recodai-luc-scientific-image-forgery-detection/train_images/authentic/29482.png,authentic,0,0,0.0,,0,0.0,1.0,1.0,0.759765625,0
authentic__29593,29593,/kaggle/input/competitions/recodai-luc-scientific-image-forgery-detection/train_images/authentic/29593.png,authentic,0,0,0.0,,0,0.0,1.0,1.0,0.74951171875,0
authentic__29663,29663,/kaggle/input/competitions/recodai-luc-scientific-image-forgery-detection/train_images/authentic/29663.png,authentic,0,0,0.0,,0,0.0,1.0,1.0,0.6123046875,0
authentic__29736,29736,/kaggle/input/competitions/recodai-luc-scientific-image-forgery-detection/train_images/authentic/29736.png,authentic,0,0,0.0,,0,0.0,1.0,1.0,0.69970703125,0
authentic__298,298,/kaggle/input/competitions/recodai-luc-scientific-image-forgery-detection/train_images/authentic/298.png,authentic,0,0,0.0,,0,0.0,1.0,1.0,0.29248046875,0
authentic__30045,30045,/kaggle/input/competitions/recodai-luc-scientific-image-forgery-detection/train_images/authentic/30045.png,authentic,0,0,0.0,,0,0.0,1.0,1.0,0.5791015625,0
authentic__30217,30217,/kaggle/input/competitions/recodai-luc-scientific-image-forgery-detection/train_images/authentic/30217.png,authentic,0,0,0.0,,0,0.0,1.0,1.0,0.1990966796875,0
authentic__30298,30298,/kaggle/input/competitions/recodai-luc-scientific-image-forgery-detection/train_images/authentic/30298.png,authentic,0,0,0.0,,0,0.0,1.0,1.0,0.83203125,1
authentic__30354,30354,/kaggle/input/competitions/recodai-luc-scientific-image-forgery-detection/train_images/authentic/30354.png,authentic,0,0,0.0,,0,0.0,1.0,1.0,0.47314453125,0
authentic__3062,3062,/kaggle/input/competitions/recodai-luc-scientific-image-forgery-detection/train_images/authentic/3062.png,authentic,0,0,0.0,,0,0.0,1.0,1.0,0.8408203125,1
authentic__30715,30715,/kaggle/input/competitions/recodai-luc-scientific-image-forgery-detection/train_images/authentic/30715.png,authentic,0,0,0.0,,0,0.0,1.0,1.0,0.402587890625,0
authentic__30871,30871,/kaggle/input/competitions/recodai-luc-scientific-image-forgery-detection/train_images/authentic/30871.png,authentic,0,0,0.0,,0,0.0,1.0,1.0,0.7431640625,0
authentic__31077,31077,/kaggle/input/competitions/recodai-luc-scientific-image-forgery-detection/train_images/authentic/31077.png,authentic,0,0,0.0,,0,0.0,1.0,1.0,0.75146484375,0
authentic__3110,3110,/kaggle/input/competitions/recodai-luc-scientific-image-forgery-detection/train_images/authentic/3110.png,authentic,0,0,0.0,,0,0.0,1.0,1.0,0.736328125,0
authentic__31218,31218,/kaggle/input/competitions/recodai-luc-scientific-image-forgery-detection/train_images/authentic/31218.png,authentic,0,0,0.0,,0,0.0,1.0,1.0,0.6298828125,0
authentic__31262,31262,/kaggle/input/competitions/recodai-luc-scientific-image-forgery-detection/train_images/authentic/31262.png,authentic,0,0,0.0,,0,0.0,1.0,1.0,0.82421875,1
authentic__31336,31336,/kaggle/input/competitions/recodai-luc-scientific-image-forgery-detection/train_images/authentic/31336.png,authentic,0,0,0.0,,0,0.0,1.0,1.0,0.389404296875,0
authentic__31468,31468,/kaggle/input/competitions/recodai-luc-scientific-image-forgery-detection/train_images/authentic/31468.png,authentic,0,0,0.0,,0,0.0,1.0,1.0,0.115966796875,0
authentic__31725,31725,/kaggle/input/competitions/recodai-luc-scientific-image-forgery-detection/train_images/authentic/31725.png,authentic,0,0,0.0,,5981,0.04056125217013889,1.671961210471962e-11,1.671961210471962e-11,0.95068359375,1
authentic__31834,31834,/kaggle/input/competitions/recodai-luc-scientific-image-forgery-detection/train_images/authentic/31834.png,authentic,0,0,0.0,,0,0.0,1.0,1.0,0.5615234375,0
authentic__31942,31942,/kaggle/input/competitions/recodai-luc-scientific-image-forgery-detection/train_images/authentic/31942.png,authentic,0,0,0.0,,0,0.0,1.0,1.0,0.5859375,0
authentic__32013,32013,/kaggle/input/competitions/recodai-luc-scientific-image-forgery-detection/train_images/authentic/32013.png,authentic,0,0,0.0,,0,0.0,1.0,1.0,0.90869140625,1
authentic__32139,32139,/kaggle/input/competitions/recodai-luc-scientific-image-forgery-detection/train_images/authentic/32139.png,authentic,0,0,0.0,,0,0.0,1.0,1.0,0.61669921875,0
authentic__3228,3228,/kaggle/input/competitions/recodai-luc-scientific-image-forgery-detection/train_images/authentic/3228.png,authentic,0,0,0.0,,0,0.0,1.0,1.0,0.18359375,0
authentic__32398,32398,/kaggle/input/competitions/recodai-luc-scientific-image-forgery-detection/train_images/authentic/32398.png,authentic,0,0,0.0,,0,0.0,1.0,1.0,0.4453125,0
authentic__32535,32535,/kaggle/input/competitions/recodai-luc-scientific-image-forgery-detection/train_images/authentic/32535.png,authentic,0,0,0.0,,6175,0.041876898871527776,1.619433198354341e-11,1.619433198354341e-11,0.96044921875,1
authentic__32722,32722,/kaggle/input/competitions/recodai-luc-scientific-image-forgery-detection/train_images/authentic/32722.png,authentic,0,0,0.0,,540,0.003662109375,1.8518518515089164e-10,1.8518518515089164e-10,0.90283203125,1
authentic__32884,32884,/kaggle/input/competitions/recodai-luc-scientific-image-forgery-detection/train_images/authentic/32884.png,authentic,0,0,0.0,,1702,0.011542426215277778,5.875440657704145e-11,5.875440657704145e-11,0.9453125,1
authentic__32973,32973,/kaggle/input/competitions/recodai-luc-scientific-image-forgery-detection/train_images/authentic/32973.png,authentic,0,0,0.0,,0,0.0,1.0,1.0,0.1787109375,0
authentic__33053,33053,/kaggle/input/competitions/recodai-luc-scientific-image-forgery-detection/train_images/authentic/33053.png,authentic,0,0,0.0,,0,0.0,1.0,1.0,0.65966796875,0
authentic__33343,33343,/kaggle/input/competitions/recodai-luc-scientific-image-forgery-detection/train_images/authentic/33343.png,authentic,0,0,0.0,,0,0.0,1.0,1.0,0.137939453125,0
authentic__33580,33580,/kaggle/input/competitions/recodai-luc-scientific-image-forgery-detection/train_images/authentic/33580.png,authentic,0,0,0.0,,457,0.0030992296006944445,2.18818380696101e-10,2.18818380696101e-10,0.904296875,1
authentic__33686,33686,/kaggle/input/competitions/recodai-luc-scientific-image-forgery-detection/train_images/authentic/33686.png,authentic,0,0,0.0,,0,0.0,1.0,1.0,0.7177734375,0
authentic__339,339,/kaggle/input/competitions/recodai-luc-scientific-image-forgery-detection/train_images/authentic/339.png,authentic,0,0,0.0,,0,0.0,1.0,1.0,0.22119140625,0
authentic__33985,33985,/kaggle/input/competitions/recodai-luc-scientific-image-forgery-detection/train_images/authentic/33985.png,authentic,0,0,0.0,,0,0.0,1.0,1.0,0.1094970703125,0
authentic__34036,34036,/kaggle/input/competitions/recodai-luc-scientific-image-forgery-detection/train_images/authentic/34036.png,authentic,0,0,0.0,,20807,0.1411064995659722,4.806074878623511e-12,4.806074878623511e-12,0.99267578125,1
authentic__34211,34211,/kaggle/input/competitions/recodai-luc-scientific-image-forgery-detection/train_images/authentic/34211.png,authentic,0,0,0.0,,0,0.0,1.0,1.0,0.325439453125,0
authentic__34306,34306,/kaggle/input/competitions/recodai-luc-scientific-image-forgery-detection/train_images/authentic/34306.png,authentic,0,0,0.0,,16341,0.11081949869791667,6.119576525266999e-12,6.119576525266999e-12,0.994140625,1
authentic__34415,34415,/kaggle/input/competitions/recodai-luc-scientific-image-forgery-detection/train_images/authentic/34415.png,authentic,0,0,0.0,,0,0.0,1.0,1.0,0.1171875,0
authentic__34597,34597,/kaggle/input/competitions/recodai-luc-scientific-image-forgery-detection/train_images/authentic/34597.png,authentic,0,0,0.0,,0,0.0,1.0,1.0,0.85498046875,1
authentic__34824,34824,/kaggle/input/competitions/recodai-luc-scientific-image-forgery-detection/train_images/authentic/34824.png,authentic,0,0,0.0,,0,0.0,1.0,1.0,0.83837890625,1
authentic__34873,34873,/kaggle/input/competitions/recodai-luc-scientific-image-forgery-detection/train_images/authentic/34873.png,authentic,0,0,0.0,,0,0.0,1.0,1.0,0.173095703125,0
authentic__35018,35018,/kaggle/input/competitions/recodai-luc-scientific-image-forgery-detection/train_images/authentic/35018.png,authentic,0,0,0.0,,0,0.0,1.0,1.0,0.853515625,1
authentic__35127,35127,/kaggle/input/competitions/recodai-luc-scientific-image-forgery-detection/train_images/authentic/35127.png,authentic,0,0,0.0,,24020,0.1628960503472222,4.163197335536373e-12,4.163197335536373e-12,0.94677734375,1
authentic__35222,35222,/kaggle/input/competitions/recodai-luc-scientific-image-forgery-detection/train_images/authentic/35222.png,authentic,0,0,0.0,,0,0.0,1.0,1.0,0.449951171875,0
authentic__35378,35378,/kaggle/input/competitions/recodai-luc-scientific-image-forgery-detection/train_images/authentic/35378.png,authentic,0,0,0.0,,0,0.0,1.0,1.0,0.62353515625,0
authentic__35471,35471,/kaggle/input/competitions/recodai-luc-scientific-image-forgery-detection/train_images/authentic/35471.png,authentic,0,0,0.0,,0,0.0,1.0,1.0,0.8701171875,1
authentic__35586,35586,/kaggle/input/competitions/recodai-luc-scientific-image-forgery-detection/train_images/authentic/35586.png,authentic,0,0,0.0,,24867,0.16864013671875,4.02139381508014e-12,4.02139381508014e-12,0.99072265625,1
authentic__35715,35715,/kaggle/input/competitions/recodai-luc-scientific-image-forgery-detection/train_images/authentic/35715.png,authentic,0,0,0.0,,0,0.0,1.0,1.0,0.72265625,0
authentic__35744,35744,/kaggle/input/competitions/recodai-luc-scientific-image-forgery-detection/train_images/authentic/35744.png,authentic,0,0,0.0,,0,0.0,1.0,1.0,0.177001953125,0
authentic__35885,35885,/kaggle/input/competitions/recodai-luc-scientific-image-forgery-detection/train_images/authentic/35885.png,authentic,0,0,0.0,,0,0.0,1.0,1.0,0.52587890625,0
authentic__36010,36010,/kaggle/input/competitions/recodai-luc-scientific-image-forgery-detection/train_images/authentic/36010.png,authentic,0,0,0.0,,0,0.0,1.0,1.0,0.703125,0
authentic__36190,36190,/kaggle/input/competitions/recodai-luc-scientific-image-forgery-detection/train_images/authentic/36190.png,authentic,0,0,0.0,,0,0.0,1.0,1.0,0.75244140625,0
authentic__36295,36295,/kaggle/input/competitions/recodai-luc-scientific-image-forgery-detection/train_images/authentic/36295.png,authentic,0,0,0.0,,0,0.0,1.0,1.0,0.308837890625,0
authentic__36390,36390,/kaggle/input/competitions/recodai-luc-scientific-image-forgery-detection/train_images/authentic/36390.png,authentic,0,0,0.0,,0,0.0,1.0,1.0,0.204833984375,0
authentic__36453,36453,/kaggle/input/competitions/recodai-luc-scientific-image-forgery-detection/train_images/authentic/36453.png,authentic,0,0,0.0,,0,0.0,1.0,1.0,0.459716796875,0
authentic__36597,36597,/kaggle/input/competitions/recodai-luc-scientific-image-forgery-detection/train_images/authentic/36597.png,authentic,0,0,0.0,,0,0.0,1.0,1.0,0.6083984375,0
authentic__36707,36707,/kaggle/input/competitions/recodai-luc-scientific-image-forgery-detection/train_images/authentic/36707.png,authentic,0,0,0.0,,0,0.0,1.0,1.0,0.76953125,0
authentic__36746,36746,/kaggle/input/competitions/recodai-luc-scientific-image-forgery-detection/train_images/authentic/36746.png,authentic,0,0,0.0,,0,0.0,1.0,1.0,0.6953125,0
authentic__36949,36949,/kaggle/input/competitions/recodai-luc-scientific-image-forgery-detection/train_images/authentic/36949.png,authentic,0,0,0.0,,0,0.0,1.0,1.0,0.260986328125,0
authentic__37076,37076,/kaggle/input/competitions/recodai-luc-scientific-image-forgery-detection/train_images/authentic/37076.png,authentic,0,0,0.0,,0,0.0,1.0,1.0,0.304931640625,0
authentic__37149,37149,/kaggle/input/competitions/recodai-luc-scientific-image-forgery-detection/train_images/authentic/37149.png,authentic,0,0,0.0,,0,0.0,1.0,1.0,0.286865234375,0
authentic__37280,37280,/kaggle/input/competitions/recodai-luc-scientific-image-forgery-detection/train_images/authentic/37280.png,authentic,0,0,0.0,,0,0.0,1.0,1.0,0.92431640625,1
authentic__37400,37400,/kaggle/input/competitions/recodai-luc-scientific-image-forgery-detection/train_images/authentic/37400.png,authentic,0,0,0.0,,0,0.0,1.0,1.0,0.84423828125,1
authentic__3751,3751,/kaggle/input/competitions/recodai-luc-scientific-image-forgery-detection/train_images/authentic/3751.png,authentic,0,0,0.0,,0,0.0,1.0,1.0,0.83251953125,1
authentic__37586,37586,/kaggle/input/competitions/recodai-luc-scientific-image-forgery-detection/train_images/authentic/37586.png,authentic,0,0,0.0,,0,0.0,1.0,1.0,0.59619140625,0
authentic__37735,37735,/kaggle/input/competitions/recodai-luc-scientific-image-forgery-detection/train_images/authentic/37735.png,authentic,0,0,0.0,,0,0.0,1.0,1.0,0.3154296875,0
authentic__37817,37817,/kaggle/input/competitions/recodai-luc-scientific-image-forgery-detection/train_images/authentic/37817.png,authentic,0,0,0.0,,0,0.0,1.0,1.0,0.85009765625,1
authentic__37903,37903,/kaggle/input/competitions/recodai-luc-scientific-image-forgery-detection/train_images/authentic/37903.png,authentic,0,0,0.0,,0,0.0,1.0,1.0,0.57666015625,0
authentic__37942,37942,/kaggle/input/competitions/recodai-luc-scientific-image-forgery-detection/train_images/authentic/37942.png,authentic,0,0,0.0,,0,0.0,1.0,1.0,0.203369140625,0
authentic__38034,38034,/kaggle/input/competitions/recodai-luc-scientific-image-forgery-detection/train_images/authentic/38034.png,authentic,0,0,0.0,,0,0.0,1.0,1.0,0.513671875,0
authentic__38136,38136,/kaggle/input/competitions/recodai-luc-scientific-image-forgery-detection/train_images/authentic/38136.png,authentic,0,0,0.0,,0,0.0,1.0,1.0,0.669921875,0
authentic__38256,38256,/kaggle/input/competitions/recodai-luc-scientific-image-forgery-detection/train_images/authentic/38256.png,authentic,0,0,0.0,,336,0.0022786458333333335,2.976190475304705e-10,2.976190475304705e-10,0.96826171875,1
authentic__38294,38294,/kaggle/input/competitions/recodai-luc-scientific-image-forgery-detection/train_images/authentic/38294.png,authentic,0,0,0.0,,0,0.0,1.0,1.0,0.73291015625,0
authentic__38456,38456,/kaggle/input/competitions/recodai-luc-scientific-image-forgery-detection/train_images/authentic/38456.png,authentic,0,0,0.0,,2020,0.013699001736111112,4.950495049259876e-11,4.950495049259876e-11,0.9365234375,1
authentic__38486,38486,/kaggle/input/competitions/recodai-luc-scientific-image-forgery-detection/train_images/authentic/38486.png,authentic,0,0,0.0,,0,0.0,1.0,1.0,0.74658203125,0
authentic__38548,38548,/kaggle/input/competitions/recodai-luc-scientific-image-forgery-detection/train_images/authentic/38548.png,authentic,0,0,0.0,,0,0.0,1.0,1.0,0.830078125,1
authentic__38633,38633,/kaggle/input/competitions/recodai-luc-scientific-image-forgery-detection/train_images/authentic/38633.png,authentic,0,0,0.0,,0,0.0,1.0,1.0,0.9716796875,1
authentic__38699,38699,/kaggle/input/competitions/recodai-luc-scientific-image-forgery-detection/train_images/authentic/38699.png,authentic,0,0,0.0,,0,0.0,1.0,1.0,0.392822265625,0
authentic__38913,38913,/kaggle/input/competitions/recodai-luc-scientific-image-forgery-detection/train_images/authentic/38913.png,authentic,0,0,0.0,,0,0.0,1.0,1.0,0.1610107421875,0
authentic__39099,39099,/kaggle/input/competitions/recodai-luc-scientific-image-forgery-detection/train_images/authentic/39099.png,authentic,0,0,0.0,,252,0.001708984375,3.9682539666792644e-10,3.9682539666792644e-10,0.935546875,1
authentic__39299,39299,/kaggle/input/competitions/recodai-luc-scientific-image-forgery-detection/train_images/authentic/39299.png,authentic,0,0,0.0,,0,0.0,1.0,1.0,0.67578125,0
authentic__39366,39366,/kaggle/input/competitions/recodai-luc-scientific-image-forgery-detection/train_images/authentic/39366.png,authentic,0,0,0.0,,206,0.0013970269097222222,4.854368929682345e-10,4.854368929682345e-10,0.91064453125,1
authentic__39625,39625,/kaggle/input/competitions/recodai-luc-scientific-image-forgery-detection/train_images/authentic/39625.png,authentic,0,0,0.0,,0,0.0,1.0,1.0,0.5439453125,0
authentic__39737,39737,/kaggle/input/competitions/recodai-luc-scientific-image-forgery-detection/train_images/authentic/39737.png,authentic,0,0,0.0,,0,0.0,1.0,1.0,0.15966796875,0
authentic__39875,39875,/kaggle/input/competitions/recodai-luc-scientific-image-forgery-detection/train_images/authentic/39875.png,authentic,0,0,0.0,,4659,0.031595865885416664,2.1463833440191803e-11,2.1463833440191803e-11,0.97705078125,1
authentic__39944,39944,/kaggle/input/competitions/recodai-luc-scientific-image-forgery-detection/train_images/authentic/39944.png,authentic,0,0,0.0,,0,0.0,1.0,1.0,0.62353515625,0
authentic__40033,40033,/kaggle/input/competitions/recodai-luc-scientific-image-forgery-detection/train_images/authentic/40033.png,authentic,0,0,0.0,,2209,0.014980740017361112,4.526935264620782e-11,4.526935264620782e-11,0.9287109375,1
authentic__4022,4022,/kaggle/input/competitions/recodai-luc-scientific-image-forgery-detection/train_images/authentic/4022.png,authentic,0,0,0.0,,0,0.0,1.0,1.0,0.76806640625,0
authentic__40298,40298,/kaggle/input/competitions/recodai-luc-scientific-image-forgery-detection/train_images/authentic/40298.png,authentic,0,0,0.0,,0,0.0,1.0,1.0,0.49755859375,0
authentic__40349,40349,/kaggle/input/competitions/recodai-luc-scientific-image-forgery-detection/train_images/authentic/40349.png,authentic,0,0,0.0,,0,0.0,1.0,1.0,0.845703125,1
authentic__40373,40373,/kaggle/input/competitions/recodai-luc-scientific-image-forgery-detection/train_images/authentic/40373.png,authentic,0,0,0.0,,0,0.0,1.0,1.0,0.79345703125,1
authentic__4045,4045,/kaggle/input/competitions/recodai-luc-scientific-image-forgery-detection/train_images/authentic/4045.png,authentic,0,0,0.0,,0,0.0,1.0,1.0,0.273681640625,0
authentic__40519,40519,/kaggle/input/competitions/recodai-luc-scientific-image-forgery-detection/train_images/authentic/40519.png,authentic,0,0,0.0,,0,0.0,1.0,1.0,0.4482421875,0
authentic__40728,40728,/kaggle/input/competitions/recodai-luc-scientific-image-forgery-detection/train_images/authentic/40728.png,authentic,0,0,0.0,,0,0.0,1.0,1.0,0.994140625,1
authentic__40828,40828,/kaggle/input/competitions/recodai-luc-scientific-image-forgery-detection/train_images/authentic/40828.png,authentic,0,0,0.0,,0,0.0,1.0,1.0,0.60595703125,0
authentic__40919,40919,/kaggle/input/competitions/recodai-luc-scientific-image-forgery-detection/train_images/authentic/40919.png,authentic,0,0,0.0,,0,0.0,1.0,1.0,0.76171875,0
authentic__40974,40974,/kaggle/input/competitions/recodai-luc-scientific-image-forgery-detection/train_images/authentic/40974.png,authentic,0,0,0.0,,0,0.0,1.0,1.0,0.66015625,0
authentic__41024,41024,/kaggle/input/competitions/recodai-luc-scientific-image-forgery-detection/train_images/authentic/41024.png,authentic,0,0,0.0,,0,0.0,1.0,1.0,0.64306640625,0
authentic__41080,41080,/kaggle/input/competitions/recodai-luc-scientific-image-forgery-detection/train_images/authentic/41080.png,authentic,0,0,0.0,,0,0.0,1.0,1.0,0.1507568359375,0
authentic__41171,41171,/kaggle/input/competitions/recodai-luc-scientific-image-forgery-detection/train_images/authentic/41171.png,authentic,0,0,0.0,,9034,0.06126573350694445,1.1069293778934366e-11,1.1069293778934366e-11,0.982421875,1
authentic__41255,41255,/kaggle/input/competitions/recodai-luc-scientific-image-forgery-detection/train_images/authentic/41255.png,authentic,0,0,0.0,,0,0.0,1.0,1.0,0.80859375,1
authentic__414,414,/kaggle/input/competitions/recodai-luc-scientific-image-forgery-detection/train_images/authentic/414.png,authentic,0,0,0.0,,14125,0.0957912868923611,7.079646017648993e-12,7.079646017648993e-12,0.94921875,1
authentic__41517,41517,/kaggle/input/competitions/recodai-luc-scientific-image-forgery-detection/train_images/authentic/41517.png,authentic,0,0,0.0,,0,0.0,1.0,1.0,0.2216796875,0
authentic__41600,41600,/kaggle/input/competitions/recodai-luc-scientific-image-forgery-detection/train_images/authentic/41600.png,authentic,0,0,0.0,,1652,0.011203342013888888,6.053268764766751e-11,6.053268764766751e-11,0.98193359375,1
authentic__41697,41697,/kaggle/input/competitions/recodai-luc-scientific-image-forgery-detection/train_images/authentic/41697.png,authentic,0,0,0.0,,694,0.004706488715277778,1.4409221899941033e-10,1.4409221899941033e-10,0.9248046875,1
authentic__41830,41830,/kaggle/input/competitions/recodai-luc-scientific-image-forgery-detection/train_images/authentic/41830.png,authentic,0,0,0.0,,0,0.0,1.0,1.0,0.175537109375,0
authentic__41895,41895,/kaggle/input/competitions/recodai-luc-scientific-image-forgery-detection/train_images/authentic/41895.png,authentic,0,0,0.0,,0,0.0,1.0,1.0,0.74560546875,0
authentic__42035,42035,/kaggle/input/competitions/recodai-luc-scientific-image-forgery-detection/train_images/authentic/42035.png,authentic,0,0,0.0,,0,0.0,1.0,1.0,0.1451416015625,0
authentic__4222,4222,/kaggle/input/competitions/recodai-luc-scientific-image-forgery-detection/train_images/authentic/4222.png,authentic,0,0,0.0,,15979,0.1083645290798611,6.258213905712133e-12,6.258213905712133e-12,0.931640625,1
authentic__42289,42289,/kaggle/input/competitions/recodai-luc-scientific-image-forgery-detection/train_images/authentic/42289.png,authentic,0,0,0.0,,1249,0.008470323350694444,8.006405123458254e-11,8.006405123458254e-11,0.94384765625,1
authentic__42385,42385,/kaggle/input/competitions/recodai-luc-scientific-image-forgery-detection/train_images/authentic/42385.png,authentic,0,0,0.0,,3421,0.023200141059027776,2.923121894097541e-11,2.923121894097541e-11,0.95947265625,1
authentic__42461,42461,/kaggle/input/competitions/recodai-luc-scientific-image-forgery-detection/train_images/authentic/42461.png,authentic,0,0,0.0,,0,0.0,1.0,1.0,0.544921875,0
authentic__42632,42632,/kaggle/input/competitions/recodai-luc-scientific-image-forgery-detection/train_images/authentic/42632.png,authentic,0,0,0.0,,0,0.0,1.0,1.0,0.25634765625,0
authentic__42742,42742,/kaggle/input/competitions/recodai-luc-scientific-image-forgery-detection/train_images/authentic/42742.png,authentic,0,0,0.0,,0,0.0,1.0,1.0,0.5595703125,0
authentic__42832,42832,/kaggle/input/competitions/recodai-luc-scientific-image-forgery-detection/train_images/authentic/42832.png,authentic,0,0,0.0,,3717,0.02520751953125,2.6903416733201414e-11,2.6903416733201414e-11,0.9267578125,1
authentic__43085,43085,/kaggle/input/competitions/recodai-luc-scientific-image-forgery-detection/train_images/authentic/43085.png,authentic,0,0,0.0,,1660,0.011257595486111112,6.024096385179271e-11,6.024096385179271e-11,0.93798828125,1
authentic__43142,43142,/kaggle/input/competitions/recodai-luc-scientific-image-forgery-detection/train_images/authentic/43142.png,authentic,0,0,0.0,,0,0.0,1.0,1.0,0.4228515625,0
authentic__4321,4321,/kaggle/input/competitions/recodai-luc-scientific-image-forgery-detection/train_images/authentic/4321.png,authentic,0,0,0.0,,0,0.0,1.0,1.0,0.69873046875,0
authentic__43285,43285,/kaggle/input/competitions/recodai-luc-scientific-image-forgery-detection/train_images/authentic/43285.png,authentic,0,0,0.0,,0,0.0,1.0,1.0,0.771484375,0
authentic__43368,43368,/kaggle/input/competitions/recodai-luc-scientific-image-forgery-detection/train_images/authentic/43368.png,authentic,0,0,0.0,,0,0.0,1.0,1.0,0.57568359375,0
authentic__43610,43610,/kaggle/input/competitions/recodai-luc-scientific-image-forgery-detection/train_images/authentic/43610.png,authentic,0,0,0.0,,665,0.004509819878472222,1.5037593982701113e-10,1.5037593982701113e-10,0.98876953125,1
authentic__4371,4371,/kaggle/input/competitions/recodai-luc-scientific-image-forgery-detection/train_images/authentic/4371.png,authentic,0,0,0.0,,1598,0.010837131076388888,6.257822277455705e-11,6.257822277455705e-11,0.939453125,1
authentic__43810,43810,/kaggle/input/competitions/recodai-luc-scientific-image-forgery-detection/train_images/authentic/43810.png,authentic,0,0,0.0,,791,0.005364312065972222,1.2642225030007304e-10,1.2642225030007304e-10,0.9990234375,1
authentic__43915,43915,/kaggle/input/competitions/recodai-luc-scientific-image-forgery-detection/train_images/authentic/43915.png,authentic,0,0,0.0,,0,0.0,1.0,1.0,0.3818359375,0
authentic__44311,44311,/kaggle/input/competitions/recodai-luc-scientific-image-forgery-detection/train_images/authentic/44311.png,authentic,0,0,0.0,,0,0.0,1.0,1.0,0.79248046875,1
authentic__44420,44420,/kaggle/input/competitions/recodai-luc-scientific-image-forgery-detection/train_images/authentic/44420.png,authentic,0,0,0.0,,0,0.0,1.0,1.0,0.4931640625,0
authentic__44622,44622,/kaggle/input/competitions/recodai-luc-scientific-image-forgery-detection/train_images/authentic/44622.png,authentic,0,0,0.0,,0,0.0,1.0,1.0,0.72119140625,0
authentic__44666,44666,/kaggle/input/competitions/recodai-luc-scientific-image-forgery-detection/train_images/authentic/44666.png,authentic,0,0,0.0,,0,0.0,1.0,1.0,0.406005859375,0
authentic__45004,45004,/kaggle/input/competitions/recodai-luc-scientific-image-forgery-detection/train_images/authentic/45004.png,authentic,0,0,0.0,,0,0.0,1.0,1.0,0.83447265625,1
authentic__45133,45133,/kaggle/input/competitions/recodai-luc-scientific-image-forgery-detection/train_images/authentic/45133.png,authentic,0,0,0.0,,0,0.0,1.0,1.0,0.493896484375,0
authentic__45182,45182,/kaggle/input/competitions/recodai-luc-scientific-image-forgery-detection/train_images/authentic/45182.png,authentic,0,0,0.0,,279,0.00189208984375,3.584229389396333e-10,3.584229389396333e-10,0.93212890625,1
authentic__45310,45310,/kaggle/input/competitions/recodai-luc-scientific-image-forgery-detection/train_images/authentic/45310.png,authentic,0,0,0.0,,0,0.0,1.0,1.0,0.810546875,1
authentic__45381,45381,/kaggle/input/competitions/recodai-luc-scientific-image-forgery-detection/train_images/authentic/45381.png,authentic,0,0,0.0,,0,0.0,1.0,1.0,0.423095703125,0
authentic__45536,45536,/kaggle/input/competitions/recodai-luc-scientific-image-forgery-detection/train_images/authentic/45536.png,authentic,0,0,0.0,,0,0.0,1.0,1.0,0.51513671875,0
authentic__45620,45620,/kaggle/input/competitions/recodai-luc-scientific-image-forgery-detection/train_images/authentic/45620.png,authentic,0,0,0.0,,0,0.0,1.0,1.0,0.5654296875,0
authentic__45767,45767,/kaggle/input/competitions/recodai-luc-scientific-image-forgery-detection/train_images/authentic/45767.png,authentic,0,0,0.0,,0,0.0,1.0,1.0,0.40673828125,0
authentic__45878,45878,/kaggle/input/competitions/recodai-luc-scientific-image-forgery-detection/train_images/authentic/45878.png,authentic,0,0,0.0,,9770,0.0662570529513889,1.0235414534183873e-11,1.0235414534183873e-11,0.97412109375,1
authentic__45958,45958,/kaggle/input/competitions/recodai-luc-scientific-image-forgery-detection/train_images/authentic/45958.png,authentic,0,0,0.0,,0,0.0,1.0,1.0,0.64892578125,0
authentic__46106,46106,/kaggle/input/competitions/recodai-luc-scientific-image-forgery-detection/train_images/authentic/46106.png,authentic,0,0,0.0,,0,0.0,1.0,1.0,0.6318359375,0
authentic__46206,46206,/kaggle/input/competitions/recodai-luc-scientific-image-forgery-detection/train_images/authentic/46206.png,authentic,0,0,0.0,,0,0.0,1.0,1.0,0.57958984375,0
authentic__46309,46309,/kaggle/input/competitions/recodai-luc-scientific-image-forgery-detection/train_images/authentic/46309.png,authentic,0,0,0.0,,0,0.0,1.0,1.0,0.65673828125,0
authentic__46366,46366,/kaggle/input/competitions/recodai-luc-scientific-image-forgery-detection/train_images/authentic/46366.png,authentic,0,0,0.0,,1351,0.009162055121527778,7.401924499822211e-11,7.401924499822211e-11,0.96533203125,1
authentic__46698,46698,/kaggle/input/competitions/recodai-luc-scientific-image-forgery-detection/train_images/authentic/46698.png,authentic,0,0,0.0,,0,0.0,1.0,1.0,0.400634765625,0
authentic__46849,46849,/kaggle/input/competitions/recodai-luc-scientific-image-forgery-detection/train_images/authentic/46849.png,authentic,0,0,0.0,,0,0.0,1.0,1.0,0.84228515625,1
authentic__46907,46907,/kaggle/input/competitions/recodai-luc-scientific-image-forgery-detection/train_images/authentic/46907.png,authentic,0,0,0.0,,14204,0.09632703993055555,7.040270346331735e-12,7.040270346331735e-12,0.99658203125,1
authentic__46969,46969,/kaggle/input/competitions/recodai-luc-scientific-image-forgery-detection/train_images/authentic/46969.png,authentic,0,0,0.0,,641,0.004347059461805556,1.5600624022527203e-10,1.5600624022527203e-10,0.98583984375,1
authentic__47069,47069,/kaggle/input/competitions/recodai-luc-scientific-image-forgery-detection/train_images/authentic/47069.png,authentic,0,0,0.0,,0,0.0,1.0,1.0,0.398193359375,0
authentic__47151,47151,/kaggle/input/competitions/recodai-luc-scientific-image-forgery-detection/train_images/authentic/47151.png,authentic,0,0,0.0,,0,0.0,1.0,1.0,0.81298828125,1
authentic__4740,4740,/kaggle/input/competitions/recodai-luc-scientific-image-forgery-detection/train_images/authentic/4740.png,authentic,0,0,0.0,,0,0.0,1.0,1.0,0.34228515625,0
authentic__47441,47441,/kaggle/input/competitions/recodai-luc-scientific-image-forgery-detection/train_images/authentic/47441.png,authentic,0,0,0.0,,0,0.0,1.0,1.0,0.79248046875,1
authentic__47770,47770,/kaggle/input/competitions/recodai-luc-scientific-image-forgery-detection/train_images/authentic/47770.png,authentic,0,0,0.0,,0,0.0,1.0,1.0,0.51806640625,0
authentic__47916,47916,/kaggle/input/competitions/recodai-luc-scientific-image-forgery-detection/train_images/authentic/47916.png,authentic,0,0,0.0,,0,0.0,1.0,1.0,0.82958984375,1
authentic__48113,48113,/kaggle/input/competitions/recodai-luc-scientific-image-forgery-detection/train_images/authentic/48113.png,authentic,0,0,0.0,,0,0.0,1.0,1.0,0.3994140625,0
authentic__48207,48207,/kaggle/input/competitions/recodai-luc-scientific-image-forgery-detection/train_images/authentic/48207.png,authentic,0,0,0.0,,0,0.0,1.0,1.0,0.3701171875,0
authentic__48272,48272,/kaggle/input/competitions/recodai-luc-scientific-image-forgery-detection/train_images/authentic/48272.png,authentic,0,0,0.0,,0,0.0,1.0,1.0,0.8369140625,1
authentic__4845,4845,/kaggle/input/competitions/recodai-luc-scientific-image-forgery-detection/train_images/authentic/4845.png,authentic,0,0,0.0,,0,0.0,1.0,1.0,0.85009765625,1
authentic__4865,4865,/kaggle/input/competitions/recodai-luc-scientific-image-forgery-detection/train_images/authentic/4865.png,authentic,0,0,0.0,,0,0.0,1.0,1.0,0.603515625,0
authentic__48718,48718,/kaggle/input/competitions/recodai-luc-scientific-image-forgery-detection/train_images/authentic/48718.png,authentic,0,0,0.0,,0,0.0,1.0,1.0,0.39599609375,0
authentic__48836,48836,/kaggle/input/competitions/recodai-luc-scientific-image-forgery-detection/train_images/authentic/48836.png,authentic,0,0,0.0,,0,0.0,1.0,1.0,0.8173828125,1
authentic__48981,48981,/kaggle/input/competitions/recodai-luc-scientific-image-forgery-detection/train_images/authentic/48981.png,authentic,0,0,0.0,,0,0.0,1.0,1.0,0.11676025390625,0
authentic__49042,49042,/kaggle/input/competitions/recodai-luc-scientific-image-forgery-detection/train_images/authentic/49042.png,authentic,0,0,0.0,,0,0.0,1.0,1.0,0.7841796875,1
authentic__49233,49233,/kaggle/input/competitions/recodai-luc-scientific-image-forgery-detection/train_images/authentic/49233.png,authentic,0,0,0.0,,0,0.0,1.0,1.0,0.97509765625,1
authentic__49506,49506,/kaggle/input/competitions/recodai-luc-scientific-image-forgery-detection/train_images/authentic/49506.png,authentic,0,0,0.0,,0,0.0,1.0,1.0,0.79248046875,1
authentic__4957,4957,/kaggle/input/competitions/recodai-luc-scientific-image-forgery-detection/train_images/authentic/4957.png,authentic,0,0,0.0,,0,0.0,1.0,1.0,0.8740234375,1
authentic__49711,49711,/kaggle/input/competitions/recodai-luc-scientific-image-forgery-detection/train_images/authentic/49711.png,authentic,0,0,0.0,,1997,0.013543023003472222,5.007511266649598e-11,5.007511266649598e-11,0.97900390625,1
authentic__4992,4992,/kaggle/input/competitions/recodai-luc-scientific-image-forgery-detection/train_images/authentic/4992.png,authentic,0,0,0.0,,0,0.0,1.0,1.0,0.8779296875,1
authentic__49982,49982,/kaggle/input/competitions/recodai-luc-scientific-image-forgery-detection/train_images/authentic/49982.png,authentic,0,0,0.0,,0,0.0,1.0,1.0,0.544921875,0
authentic__50069,50069,/kaggle/input/competitions/recodai-luc-scientific-image-forgery-detection/train_images/authentic/50069.png,authentic,0,0,0.0,,318,0.0021565755208333335,3.1446540870614293e-10,3.1446540870614293e-10,0.99609375,1
authentic__50158,50158,/kaggle/input/competitions/recodai-luc-scientific-image-forgery-detection/train_images/authentic/50158.png,authentic,0,0,0.0,,4189,0.028408474392361112,2.387204583375813e-11,2.387204583375813e-11,0.95947265625,1
authentic__50255,50255,/kaggle/input/competitions/recodai-luc-scientific-image-forgery-detection/train_images/authentic/50255.png,authentic,0,0,0.0,,0,0.0,1.0,1.0,0.88916015625,1
authentic__50311,50311,/kaggle/input/competitions/recodai-luc-scientific-image-forgery-detection/train_images/authentic/50311.png,authentic,0,0,0.0,,0,0.0,1.0,1.0,0.88525390625,1
authentic__50419,50419,/kaggle/input/competitions/recodai-luc-scientific-image-forgery-detection/train_images/authentic/50419.png,authentic,0,0,0.0,,0,0.0,1.0,1.0,0.64306640625,0
authentic__50539,50539,/kaggle/input/competitions/recodai-luc-scientific-image-forgery-detection/train_images/authentic/50539.png,authentic,0,0,0.0,,0,0.0,1.0,1.0,0.32177734375,0
authentic__50636,50636,/kaggle/input/competitions/recodai-luc-scientific-image-forgery-detection/train_images/authentic/50636.png,authentic,0,0,0.0,,0,0.0,1.0,1.0,0.78271484375,1
authentic__50690,50690,/kaggle/input/competitions/recodai-luc-scientific-image-forgery-detection/train_images/authentic/50690.png,authentic,0,0,0.0,,0,0.0,1.0,1.0,0.671875,0
authentic__5080,5080,/kaggle/input/competitions/recodai-luc-scientific-image-forgery-detection/train_images/authentic/5080.png,authentic,0,0,0.0,,0,0.0,1.0,1.0,0.537109375,0
authentic__50907,50907,/kaggle/input/competitions/recodai-luc-scientific-image-forgery-detection/train_images/authentic/50907.png,authentic,0,0,0.0,,3247,0.022020128038194444,3.0797659376938785e-11,3.0797659376938785e-11,0.9892578125,1
authentic__50983,50983,/kaggle/input/competitions/recodai-luc-scientific-image-forgery-detection/train_images/authentic/50983.png,authentic,0,0,0.0,,0,0.0,1.0,1.0,0.73583984375,0
authentic__51069,51069,/kaggle/input/competitions/recodai-luc-scientific-image-forgery-detection/train_images/authentic/51069.png,authentic,0,0,0.0,,5247,0.03558349609375,1.9058509624184133e-11,1.9058509624184133e-11,0.98974609375,1
authentic__51165,51165,/kaggle/input/competitions/recodai-luc-scientific-image-forgery-detection/train_images/authentic/51165.png,authentic,0,0,0.0,,0,0.0,1.0,1.0,0.57861328125,0
authentic__51227,51227,/kaggle/input/competitions/recodai-luc-scientific-image-forgery-detection/train_images/authentic/51227.png,authentic,0,0,0.0,,1283,0.008700900607638888,7.794232267514089e-11,7.794232267514089e-11,0.93505859375,1
authentic__5130,5130,/kaggle/input/competitions/recodai-luc-scientific-image-forgery-detection/train_images/authentic/5130.png,authentic,0,0,0.0,,0,0.0,1.0,1.0,0.763671875,0
authentic__51345,51345,/kaggle/input/competitions/recodai-luc-scientific-image-forgery-detection/train_images/authentic/51345.png,authentic,0,0,0.0,,0,0.0,1.0,1.0,0.341552734375,0
authentic__51552,51552,/kaggle/input/competitions/recodai-luc-scientific-image-forgery-detection/train_images/authentic/51552.png,authentic,0,0,0.0,,0,0.0,1.0,1.0,0.373779296875,0
authentic__51718,51718,/kaggle/input/competitions/recodai-luc-scientific-image-forgery-detection/train_images/authentic/51718.png,authentic,0,0,0.0,,0,0.0,1.0,1.0,0.87548828125,1
authentic__51927,51927,/kaggle/input/competitions/recodai-luc-scientific-image-forgery-detection/train_images/authentic/51927.png,authentic,0,0,0.0,,0,0.0,1.0,1.0,0.54150390625,0
authentic__52050,52050,/kaggle/input/competitions/recodai-luc-scientific-image-forgery-detection/train_images/authentic/52050.png,authentic,0,0,0.0,,0,0.0,1.0,1.0,0.87158203125,1
authentic__5220,5220,/kaggle/input/competitions/recodai-luc-scientific-image-forgery-detection/train_images/authentic/5220.png,authentic,0,0,0.0,,0,0.0,1.0,1.0,0.455810546875,0
authentic__52298,52298,/kaggle/input/competitions/recodai-luc-scientific-image-forgery-detection/train_images/authentic/52298.png,authentic,0,0,0.0,,2778,0.018839518229166668,3.5997120229085774e-11,3.5997120229085774e-11,0.96240234375,1
authentic__52396,52396,/kaggle/input/competitions/recodai-luc-scientific-image-forgery-detection/train_images/authentic/52396.png,authentic,0,0,0.0,,0,0.0,1.0,1.0,0.1055908203125,0
authentic__52590,52590,/kaggle/input/competitions/recodai-luc-scientific-image-forgery-detection/train_images/authentic/52590.png,authentic,0,0,0.0,,0,0.0,1.0,1.0,0.263427734375,0
authentic__5270,5270,/kaggle/input/competitions/recodai-luc-scientific-image-forgery-detection/train_images/authentic/5270.png,authentic,0,0,0.0,,24239,0.16438123914930555,4.125582738544801e-12,4.125582738544801e-12,0.9931640625,1
authentic__52798,52798,/kaggle/input/competitions/recodai-luc-scientific-image-forgery-detection/train_images/authentic/52798.png,authentic,0,0,0.0,,0,0.0,1.0,1.0,0.6201171875,0
authentic__52927,52927,/kaggle/input/competitions/recodai-luc-scientific-image-forgery-detection/train_images/authentic/52927.png,authentic,0,0,0.0,,7152,0.048502604166666664,1.3982102908081906e-11,1.3982102908081906e-11,0.99462890625,1
authentic__53118,53118,/kaggle/input/competitions/recodai-luc-scientific-image-forgery-detection/train_images/authentic/53118.png,authentic,0,0,0.0,,0,0.0,1.0,1.0,0.912109375,1
authentic__53248,53248,/kaggle/input/competitions/recodai-luc-scientific-image-forgery-detection/train_images/authentic/53248.png,authentic,0,0,0.0,,0,0.0,1.0,1.0,0.330322265625,0
authentic__53404,53404,/kaggle/input/competitions/recodai-luc-scientific-image-forgery-detection/train_images/authentic/53404.png,authentic,0,0,0.0,,0,0.0,1.0,1.0,0.11474609375,0
authentic__53527,53527,/kaggle/input/competitions/recodai-luc-scientific-image-forgery-detection/train_images/authentic/53527.png,authentic,0,0,0.0,,1743,0.011820475260416666,5.737234652568144e-11,5.737234652568144e-11,0.9755859375,1
authentic__53675,53675,/kaggle/input/competitions/recodai-luc-scientific-image-forgery-detection/train_images/authentic/53675.png,authentic,0,0,0.0,,0,0.0,1.0,1.0,0.763671875,0
authentic__5385,5385,/kaggle/input/competitions/recodai-luc-scientific-image-forgery-detection/train_images/authentic/5385.png,authentic,0,0,0.0,,0,0.0,1.0,1.0,0.81201171875,1
authentic__54000,54000,/kaggle/input/competitions/recodai-luc-scientific-image-forgery-detection/train_images/authentic/54000.png,authentic,0,0,0.0,,0,0.0,1.0,1.0,0.748046875,0
authentic__54152,54152,/kaggle/input/competitions/recodai-luc-scientific-image-forgery-detection/train_images/authentic/54152.png,authentic,0,0,0.0,,0,0.0,1.0,1.0,0.120361328125,0
authentic__54527,54527,/kaggle/input/competitions/recodai-luc-scientific-image-forgery-detection/train_images/authentic/54527.png,authentic,0,0,0.0,,7993,0.054206000434027776,1.2510947078537333e-11,1.2510947078537333e-11,0.97998046875,1
authentic__54553,54553,/kaggle/input/competitions/recodai-luc-scientific-image-forgery-detection/train_images/authentic/54553.png,authentic,0,0,0.0,,180,0.001220703125,5.555555552469136e-10,5.555555552469136e-10,0.896484375,1
authentic__54710,54710,/kaggle/input/competitions/recodai-luc-scientific-image-forgery-detection/train_images/authentic/54710.png,authentic,0,0,0.0,,0,0.0,1.0,1.0,0.8232421875,1
authentic__54790,54790,/kaggle/input/competitions/recodai-luc-scientific-image-forgery-detection/train_images/authentic/54790.png,authentic,0,0,0.0,,0,0.0,1.0,1.0,0.60595703125,0
authentic__54945,54945,/kaggle/input/competitions/recodai-luc-scientific-image-forgery-detection/train_images/authentic/54945.png,authentic,0,0,0.0,,0,0.0,1.0,1.0,0.6708984375,0
authentic__55025,55025,/kaggle/input/competitions/recodai-luc-scientific-image-forgery-detection/train_images/authentic/55025.png,authentic,0,0,0.0,,206,0.0013970269097222222,4.854368929682345e-10,4.854368929682345e-10,0.9267578125,1
authentic__55072,55072,/kaggle/input/competitions/recodai-luc-scientific-image-forgery-detection/train_images/authentic/55072.png,authentic,0,0,0.0,,0,0.0,1.0,1.0,0.260498046875,0
authentic__55175,55175,/kaggle/input/competitions/recodai-luc-scientific-image-forgery-detection/train_images/authentic/55175.png,authentic,0,0,0.0,,0,0.0,1.0,1.0,0.1961669921875,0
authentic__55291,55291,/kaggle/input/competitions/recodai-luc-scientific-image-forgery-detection/train_images/authentic/55291.png,authentic,0,0,0.0,,0,0.0,1.0,1.0,0.82958984375,1
authentic__55541,55541,/kaggle/input/competitions/recodai-luc-scientific-image-forgery-detection/train_images/authentic/55541.png,authentic,0,0,0.0,,0,0.0,1.0,1.0,0.60546875,0
authentic__55651,55651,/kaggle/input/competitions/recodai-luc-scientific-image-forgery-detection/train_images/authentic/55651.png,authentic,0,0,0.0,,1178,0.007988823784722222,8.488964345629119e-11,8.488964345629119e-11,0.896484375,1
authentic__55695,55695,/kaggle/input/competitions/recodai-luc-scientific-image-forgery-detection/train_images/authentic/55695.png,authentic,0,0,0.0,,0,0.0,1.0,1.0,0.74267578125,0
authentic__55790,55790,/kaggle/input/competitions/recodai-luc-scientific-image-forgery-detection/train_images/authentic/55790.png,authentic,0,0,0.0,,0,0.0,1.0,1.0,0.2362060546875,0
authentic__56127,56127,/kaggle/input/competitions/recodai-luc-scientific-image-forgery-detection/train_images/authentic/56127.png,authentic,0,0,0.0,,0,0.0,1.0,1.0,0.60791015625,0
authentic__5626,5626,/kaggle/input/competitions/recodai-luc-scientific-image-forgery-detection/train_images/authentic/5626.png,authentic,0,0,0.0,,0,0.0,1.0,1.0,0.35693359375,0
authentic__56311,56311,/kaggle/input/competitions/recodai-luc-scientific-image-forgery-detection/train_images/authentic/56311.png,authentic,0,0,0.0,,3349,0.022711859809027776,2.9859659598988964e-11,2.9859659598988964e-11,0.9775390625,1
authentic__56515,56515,/kaggle/input/competitions/recodai-luc-scientific-image-forgery-detection/train_images/authentic/56515.png,authentic,0,0,0.0,,0,0.0,1.0,1.0,0.69580078125,0
authentic__56589,56589,/kaggle/input/competitions/recodai-luc-scientific-image-forgery-detection/train_images/authentic/56589.png,authentic,0,0,0.0,,0,0.0,1.0,1.0,0.11920166015625,0
authentic__56723,56723,/kaggle/input/competitions/recodai-luc-scientific-image-forgery-detection/train_images/authentic/56723.png,authentic,0,0,0.0,,0,0.0,1.0,1.0,0.157470703125,0
authentic__56793,56793,/kaggle/input/competitions/recodai-luc-scientific-image-forgery-detection/train_images/authentic/56793.png,authentic,0,0,0.0,,0,0.0,1.0,1.0,0.2047119140625,0
authentic__569,569,/kaggle/input/competitions/recodai-luc-scientific-image-forgery-detection/train_images/authentic/569.png,authentic,0,0,0.0,,0,0.0,1.0,1.0,0.57763671875,0
authentic__56997,56997,/kaggle/input/competitions/recodai-luc-scientific-image-forgery-detection/train_images/authentic/56997.png,authentic,0,0,0.0,,0,0.0,1.0,1.0,0.73291015625,0
authentic__57085,57085,/kaggle/input/competitions/recodai-luc-scientific-image-forgery-detection/train_images/authentic/57085.png,authentic,0,0,0.0,,0,0.0,1.0,1.0,0.767578125,0
authentic__57239,57239,/kaggle/input/competitions/recodai-luc-scientific-image-forgery-detection/train_images/authentic/57239.png,authentic,0,0,0.0,,1474,0.009996202256944444,6.784260515143536e-11,6.784260515143536e-11,0.9609375,1
authentic__57328,57328,/kaggle/input/competitions/recodai-luc-scientific-image-forgery-detection/train_images/authentic/57328.png,authentic,0,0,0.0,,0,0.0,1.0,1.0,0.1124267578125,0
authentic__57505,57505,/kaggle/input/competitions/recodai-luc-scientific-image-forgery-detection/train_images/authentic/57505.png,authentic,0,0,0.0,,0,0.0,1.0,1.0,0.73291015625,0
authentic__57643,57643,/kaggle/input/competitions/recodai-luc-scientific-image-forgery-detection/train_images/authentic/57643.png,authentic,0,0,0.0,,0,0.0,1.0,1.0,0.1224365234375,0
authentic__5772,5772,/kaggle/input/competitions/recodai-luc-scientific-image-forgery-detection/train_images/authentic/5772.png,authentic,0,0,0.0,,2231,0.015129937065972222,4.482294934805814e-11,4.482294934805814e-11,0.99169921875,1
authentic__57927,57927,/kaggle/input/competitions/recodai-luc-scientific-image-forgery-detection/train_images/authentic/57927.png,authentic,0,0,0.0,,34506,0.2340087890625,2.8980467165046712e-12,2.8980467165046712e-12,0.99365234375,1
authentic__58081,58081,/kaggle/input/competitions/recodai-luc-scientific-image-forgery-detection/train_images/authentic/58081.png,authentic,0,0,0.0,,16179,0.10972086588541667,6.180851721329001e-12,6.180851721329001e-12,0.9990234375,1
authentic__58338,58338,/kaggle/input/competitions/recodai-luc-scientific-image-forgery-detection/train_images/authentic/58338.png,authentic,0,0,0.0,,25194,0.17085774739583334,3.969199015622889e-12,3.969199015622889e-12,0.99951171875,1
authentic__58510,58510,/kaggle/input/competitions/recodai-luc-scientific-image-forgery-detection/train_images/authentic/58510.png,authentic,0,0,0.0,,0,0.0,1.0,1.0,0.42529296875,0
authentic__58697,58697,/kaggle/input/competitions/recodai-luc-scientific-image-forgery-detection/train_images/authentic/58697.png,authentic,0,0,0.0,,0,0.0,1.0,1.0,0.86279296875,1
authentic__58782,58782,/kaggle/input/competitions/recodai-luc-scientific-image-forgery-detection/train_images/authentic/58782.png,authentic,0,0,0.0,,515,0.0034925672743055555,1.9417475724384957e-10,1.9417475724384957e-10,0.91455078125,1
authentic__58955,58955,/kaggle/input/competitions/recodai-luc-scientific-image-forgery-detection/train_images/authentic/58955.png,authentic,0,0,0.0,,0,0.0,1.0,1.0,0.85888671875,1
authentic__59148,59148,/kaggle/input/competitions/recodai-luc-scientific-image-forgery-detection/train_images/authentic/59148.png,authentic,0,0,0.0,,0,0.0,1.0,1.0,0.318359375,0
authentic__59255,59255,/kaggle/input/competitions/recodai-luc-scientific-image-forgery-detection/train_images/authentic/59255.png,authentic,0,0,0.0,,0,0.0,1.0,1.0,0.89501953125,1
authentic__59375,59375,/kaggle/input/competitions/recodai-luc-scientific-image-forgery-detection/train_images/authentic/59375.png,authentic,0,0,0.0,,0,0.0,1.0,1.0,0.311767578125,0
authentic__59453,59453,/kaggle/input/competitions/recodai-luc-scientific-image-forgery-detection/train_images/authentic/59453.png,authentic,0,0,0.0,,2504,0.016981336805555556,3.9936102234826836e-11,3.9936102234826836e-11,0.95751953125,1
authentic__59617,59617,/kaggle/input/competitions/recodai-luc-scientific-image-forgery-detection/train_images/authentic/59617.png,authentic,0,0,0.0,,0,0.0,1.0,1.0,0.158447265625,0
authentic__59840,59840,/kaggle/input/competitions/recodai-luc-scientific-image-forgery-detection/train_images/authentic/59840.png,authentic,0,0,0.0,,0,0.0,1.0,1.0,0.814453125,1
authentic__59951,59951,/kaggle/input/competitions/recodai-luc-scientific-image-forgery-detection/train_images/authentic/59951.png,authentic,0,0,0.0,,0,0.0,1.0,1.0,0.28515625,0
authentic__60046,60046,/kaggle/input/competitions/recodai-luc-scientific-image-forgery-detection/train_images/authentic/60046.png,authentic,0,0,0.0,,0,0.0,1.0,1.0,0.8828125,1
authentic__6011,6011,/kaggle/input/competitions/recodai-luc-scientific-image-forgery-detection/train_images/authentic/6011.png,authentic,0,0,0.0,,8096,0.05490451388888889,1.2351778655973915e-11,1.2351778655973915e-11,0.9697265625,1
authentic__60195,60195,/kaggle/input/competitions/recodai-luc-scientific-image-forgery-detection/train_images/authentic/60195.png,authentic,0,0,0.0,,0,0.0,1.0,1.0,0.5537109375,0
authentic__60340,60340,/kaggle/input/competitions/recodai-luc-scientific-image-forgery-detection/train_images/authentic/60340.png,authentic,0,0,0.0,,0,0.0,1.0,1.0,0.54931640625,0
authentic__60457,60457,/kaggle/input/competitions/recodai-luc-scientific-image-forgery-detection/train_images/authentic/60457.png,authentic,0,0,0.0,,0,0.0,1.0,1.0,0.3876953125,0
authentic__6060,6060,/kaggle/input/competitions/recodai-luc-scientific-image-forgery-detection/train_images/authentic/6060.png,authentic,0,0,0.0,,0,0.0,1.0,1.0,0.716796875,0
authentic__60829,60829,/kaggle/input/competitions/recodai-luc-scientific-image-forgery-detection/train_images/authentic/60829.png,authentic,0,0,0.0,,893,0.006056043836805556,1.1198208285420133e-10,1.1198208285420133e-10,0.92236328125,1
authentic__60986,60986,/kaggle/input/competitions/recodai-luc-scientific-image-forgery-detection/train_images/authentic/60986.png,authentic,0,0,0.0,,8600,0.05832248263888889,1.1627906976608977e-11,1.1627906976608977e-11,0.97802734375,1
authentic__6103,6103,/kaggle/input/competitions/recodai-luc-scientific-image-forgery-detection/train_images/authentic/6103.png,authentic,0,0,0.0,,0,0.0,1.0,1.0,0.6689453125,0
authentic__61270,61270,/kaggle/input/competitions/recodai-luc-scientific-image-forgery-detection/train_images/authentic/61270.png,authentic,0,0,0.0,,0,0.0,1.0,1.0,0.345947265625,0
authentic__61355,61355,/kaggle/input/competitions/recodai-luc-scientific-image-forgery-detection/train_images/authentic/61355.png,authentic,0,0,0.0,,0,0.0,1.0,1.0,0.8271484375,1
authentic__61566,61566,/kaggle/input/competitions/recodai-luc-scientific-image-forgery-detection/train_images/authentic/61566.png,authentic,0,0,0.0,,0,0.0,1.0,1.0,0.77001953125,0
authentic__61883,61883,/kaggle/input/competitions/recodai-luc-scientific-image-forgery-detection/train_images/authentic/61883.png,authentic,0,0,0.0,,3085,0.020921495225694444,3.2414910857944414e-11,3.2414910857944414e-11,0.984375,1
authentic__61997,61997,/kaggle/input/competitions/recodai-luc-scientific-image-forgery-detection/train_images/authentic/61997.png,authentic,0,0,0.0,,9140,0.06198459201388889,1.094091903707942e-11,1.094091903707942e-11,0.97705078125,1
authentic__6212,6212,/kaggle/input/competitions/recodai-luc-scientific-image-forgery-detection/train_images/authentic/6212.png,authentic,0,0,0.0,,0,0.0,1.0,1.0,0.8251953125,1
authentic__62249,62249,/kaggle/input/competitions/recodai-luc-scientific-image-forgery-detection/train_images/authentic/62249.png,authentic,0,0,0.0,,7452,0.050537109375,1.3419216317586967e-11,1.3419216317586967e-11,0.9921875,1
authentic__62330,62330,/kaggle/input/competitions/recodai-luc-scientific-image-forgery-detection/train_images/authentic/62330.png,authentic,0,0,0.0,,230,0.001559787326388889,4.3478260850661626e-10,4.3478260850661626e-10,0.9921875,1
authentic__62519,62519,/kaggle/input/competitions/recodai-luc-scientific-image-forgery-detection/train_images/authentic/62519.png,authentic,0,0,0.0,,0,0.0,1.0,1.0,0.39794921875,0
authentic__62793,62793,/kaggle/input/competitions/recodai-luc-scientific-image-forgery-detection/train_images/authentic/62793.png,authentic,0,0,0.0,,0,0.0,1.0,1.0,0.7392578125,0
authentic__63046,63046,/kaggle/input/competitions/recodai-luc-scientific-image-forgery-detection/train_images/authentic/63046.png,authentic,0,0,0.0,,0,0.0,1.0,1.0,0.51123046875,0
authentic__63117,63117,/kaggle/input/competitions/recodai-luc-scientific-image-forgery-detection/train_images/authentic/63117.png,authentic,0,0,0.0,,203,0.001376681857638889,4.926108371957582e-10,4.926108371957582e-10,0.91162109375,1
authentic__63245,63245,/kaggle/input/competitions/recodai-luc-scientific-image-forgery-detection/train_images/authentic/63245.png,authentic,0,0,0.0,,0,0.0,1.0,1.0,0.5751953125,0
authentic__633,633,/kaggle/input/competitions/recodai-luc-scientific-image-forgery-detection/train_images/authentic/633.png,authentic,0,0,0.0,,0,0.0,1.0,1.0,0.66748046875,0
authentic__63355,63355,/kaggle/input/competitions/recodai-luc-scientific-image-forgery-detection/train_images/authentic/63355.png,authentic,0,0,0.0,,0,0.0,1.0,1.0,0.7958984375,1
authentic__63427,63427,/kaggle/input/competitions/recodai-luc-scientific-image-forgery-detection/train_images/authentic/63427.png,authentic,0,0,0.0,,0,0.0,1.0,1.0,0.39453125,0
authentic__63654,63654,/kaggle/input/competitions/recodai-luc-scientific-image-forgery-detection/train_images/authentic/63654.png,authentic,0,0,0.0,,0,0.0,1.0,1.0,0.316162109375,0
authentic__63713,63713,/kaggle/input/competitions/recodai-luc-scientific-image-forgery-detection/train_images/authentic/63713.png,authentic,0,0,0.0,,0,0.0,1.0,1.0,0.72021484375,0
authentic__63834,63834,/kaggle/input/competitions/recodai-luc-scientific-image-forgery-detection/train_images/authentic/63834.png,authentic,0,0,0.0,,0,0.0,1.0,1.0,0.4794921875,0
authentic__63947,63947,/kaggle/input/competitions/recodai-luc-scientific-image-forgery-detection/train_images/authentic/63947.png,authentic,0,0,0.0,,0,0.0,1.0,1.0,0.310546875,0
authentic__6407,6407,/kaggle/input/competitions/recodai-luc-scientific-image-forgery-detection/train_images/authentic/6407.png,authentic,0,0,0.0,,0,0.0,1.0,1.0,0.73583984375,0
authentic__64128,64128,/kaggle/input/competitions/recodai-luc-scientific-image-forgery-detection/train_images/authentic/64128.png,authentic,0,0,0.0,,0,0.0,1.0,1.0,0.11358642578125,0
authentic__6419,6419,/kaggle/input/competitions/recodai-luc-scientific-image-forgery-detection/train_images/authentic/6419.png,authentic,0,0,0.0,,21722,0.1473117404513889,4.603627658573779e-12,4.603627658573779e-12,0.99853515625,1
authentic__64245,64245,/kaggle/input/competitions/recodai-luc-scientific-image-forgery-detection/train_images/authentic/64245.png,authentic,0,0,0.0,,0,0.0,1.0,1.0,0.2744140625,0
authentic__64289,64289,/kaggle/input/competitions/recodai-luc-scientific-image-forgery-detection/train_images/authentic/64289.png,authentic,0,0,0.0,,0,0.0,1.0,1.0,0.63037109375,0
authentic__64391,64391,/kaggle/input/competitions/recodai-luc-scientific-image-forgery-detection/train_images/authentic/64391.png,authentic,0,0,0.0,,0,0.0,1.0,1.0,0.484375,0
authentic__6454,6454,/kaggle/input/competitions/recodai-luc-scientific-image-forgery-detection/train_images/authentic/6454.png,authentic,0,0,0.0,,300,0.0020345052083333335,3.333333332222222e-10,3.333333332222222e-10,0.9287109375,1
authentic__64717,64717,/kaggle/input/competitions/recodai-luc-scientific-image-forgery-detection/train_images/authentic/64717.png,authentic,0,0,0.0,,0,0.0,1.0,1.0,0.343017578125,0
authentic__64773,64773,/kaggle/input/competitions/recodai-luc-scientific-image-forgery-detection/train_images/authentic/64773.png,authentic,0,0,0.0,,0,0.0,1.0,1.0,0.77001953125,0
authentic__64941,64941,/kaggle/input/competitions/recodai-luc-scientific-image-forgery-detection/train_images/authentic/64941.png,authentic,0,0,0.0,,2675,0.018141004774305556,3.7383177568695954e-11,3.7383177568695954e-11,0.95654296875,1
authentic__6508,6508,/kaggle/input/competitions/recodai-luc-scientific-image-forgery-detection/train_images/authentic/6508.png,authentic,0,0,0.0,,0,0.0,1.0,1.0,0.402099609375,0
authentic__65214,65214,/kaggle/input/competitions/recodai-luc-scientific-image-forgery-detection/train_images/authentic/65214.png,authentic,0,0,0.0,,0,0.0,1.0,1.0,0.466552734375,0
authentic__65399,65399,/kaggle/input/competitions/recodai-luc-scientific-image-forgery-detection/train_images/authentic/65399.png,authentic,0,0,0.0,,0,0.0,1.0,1.0,0.93505859375,1
authentic__65532,65532,/kaggle/input/competitions/recodai-luc-scientific-image-forgery-detection/train_images/authentic/65532.png,authentic,0,0,0.0,,0,0.0,1.0,1.0,0.8349609375,1
authentic__6618,6618,/kaggle/input/competitions/recodai-luc-scientific-image-forgery-detection/train_images/authentic/6618.png,authentic,0,0,0.0,,0,0.0,1.0,1.0,0.8642578125,1
authentic__6696,6696,/kaggle/input/competitions/recodai-luc-scientific-image-forgery-detection/train_images/authentic/6696.png,authentic,0,0,0.0,,0,0.0,1.0,1.0,0.51806640625,0
authentic__6800,6800,/kaggle/input/competitions/recodai-luc-scientific-image-forgery-detection/train_images/authentic/6800.png,authentic,0,0,0.0,,0,0.0,1.0,1.0,0.2578125,0
authentic__7004,7004,/kaggle/input/competitions/recodai-luc-scientific-image-forgery-detection/train_images/authentic/7004.png,authentic,0,0,0.0,,201,0.0013631184895833333,4.975124375634267e-10,4.975124375634267e-10,0.99609375,1
authentic__7130,7130,/kaggle/input/competitions/recodai-luc-scientific-image-forgery-detection/train_images/authentic/7130.png,authentic,0,0,0.0,,0,0.0,1.0,1.0,0.4169921875,0
authentic__7279,7279,/kaggle/input/competitions/recodai-luc-scientific-image-forgery-detection/train_images/authentic/7279.png,authentic,0,0,0.0,,0,0.0,1.0,1.0,0.7783203125,0
authentic__7411,7411,/kaggle/input/competitions/recodai-luc-scientific-image-forgery-detection/train_images/authentic/7411.png,authentic,0,0,0.0,,0,0.0,1.0,1.0,0.2235107421875,0
authentic__7498,7498,/kaggle/input/competitions/recodai-luc-scientific-image-forgery-detection/train_images/authentic/7498.png,authentic,0,0,0.0,,0,0.0,1.0,1.0,0.88720703125,1
authentic__7610,7610,/kaggle/input/competitions/recodai-luc-scientific-image-forgery-detection/train_images/authentic/7610.png,authentic,0,0,0.0,,0,0.0,1.0,1.0,0.65673828125,0
authentic__770,770,/kaggle/input/competitions/recodai-luc-scientific-image-forgery-detection/train_images/authentic/770.png,authentic,0,0,0.0,,0,0.0,1.0,1.0,0.81494140625,1
authentic__7715,7715,/kaggle/input/competitions/recodai-luc-scientific-image-forgery-detection/train_images/authentic/7715.png,authentic,0,0,0.0,,0,0.0,1.0,1.0,0.12158203125,0
authentic__7771,7771,/kaggle/input/competitions/recodai-luc-scientific-image-forgery-detection/train_images/authentic/7771.png,authentic,0,0,0.0,,423,0.00286865234375,2.3640661932945467e-10,2.3640661932945467e-10,0.89697265625,1
authentic__7972,7972,/kaggle/input/competitions/recodai-luc-scientific-image-forgery-detection/train_images/authentic/7972.png,authentic,0,0,0.0,,0,0.0,1.0,1.0,0.149169921875,0
authentic__8074,8074,/kaggle/input/competitions/recodai-luc-scientific-image-forgery-detection/train_images/authentic/8074.png,authentic,0,0,0.0,,0,0.0,1.0,1.0,0.23388671875,0
authentic__8130,8130,/kaggle/input/competitions/recodai-luc-scientific-image-forgery-detection/train_images/authentic/8130.png,authentic,0,0,0.0,,0,0.0,1.0,1.0,0.671875,0
authentic__8259,8259,/kaggle/input/competitions/recodai-luc-scientific-image-forgery-detection/train_images/authentic/8259.png,authentic,0,0,0.0,,15792,0.10709635416666667,6.332320162067298e-12,6.332320162067298e-12,0.9921875,1
authentic__8388,8388,/kaggle/input/competitions/recodai-luc-scientific-image-forgery-detection/train_images/authentic/8388.png,authentic,0,0,0.0,,0,0.0,1.0,1.0,0.2705078125,0
authentic__8481,8481,/kaggle/input/competitions/recodai-luc-scientific-image-forgery-detection/train_images/authentic/8481.png,authentic,0,0,0.0,,0,0.0,1.0,1.0,0.74267578125,0
authentic__8678,8678,/kaggle/input/competitions/recodai-luc-scientific-image-forgery-detection/train_images/authentic/8678.png,authentic,0,0,0.0,,0,0.0,1.0,1.0,0.5751953125,0
authentic__8733,8733,/kaggle/input/competitions/recodai-luc-scientific-image-forgery-detection/train_images/authentic/8733.png,authentic,0,0,0.0,,22144,0.1501736111111111,4.5158959537368315e-12,4.5158959537368315e-12,0.98779296875,1
authentic__8874,8874,/kaggle/input/competitions/recodai-luc-scientific-image-forgery-detection/train_images/authentic/8874.png,authentic,0,0,0.0,,23445,0.15899658203125,4.265301770082041e-12,4.265301770082041e-12,0.96728515625,1
authentic__9568,9568,/kaggle/input/competitions/recodai-luc-scientific-image-forgery-detection/train_images/authentic/9568.png,authentic,0,0,0.0,,0,0.0,1.0,1.0,0.2259521484375,0
authentic__9849,9849,/kaggle/input/competitions/recodai-luc-scientific-image-forgery-detection/train_images/authentic/9849.png,authentic,0,0,0.0,,0,0.0,1.0,1.0,0.138916015625,0
authentic__9977,9977,/kaggle/input/competitions/recodai-luc-scientific-image-forgery-detection/train_images/authentic/9977.png,authentic,0,0,0.0,,0,0.0,1.0,1.0,0.352783203125,0
forged__10,10,/kaggle/input/competitions/recodai-luc-scientific-image-forgery-detection/train_images/forged/10.png,forged,1,413,0.002800835503472222,Q1,12597,0.08542887369791667,7.686395080648067e-12,7.686395080648067e-12,0.95263671875,1
forged__1008,1008,/kaggle/input/competitions/recodai-luc-scientific-image-forgery-detection/train_images/forged/1008.png,forged,1,8990,0.060967339409722224,Q3,2405,0.016309950086805556,0.3850811759597623,0.23845234214500102,0.955078125,1
forged__10176,10176,/kaggle/input/competitions/recodai-luc-scientific-image-forgery-detection/train_images/forged/10176.png,forged,1,21585,0.14638264973958334,Q4,33731,0.2287529839409722,0.6869983368289699,0.5232273165371796,0.99853515625,1
forged__10296,10296,/kaggle/input/competitions/recodai-luc-scientific-image-forgery-detection/train_images/forged/10296.png,forged,1,12758,0.0865207248263889,Q1,8548,0.05796983506944445,4.693513564232171e-12,4.693513564232171e-12,0.94580078125,1
forged__10408,10408,/kaggle/input/competitions/recodai-luc-scientific-image-forgery-detection/train_images/forged/10408.png,forged,1,13170,0.08931477864583333,Q2,10069,0.06828477647569445,0.5799733207126814,0.4084242424278277,0.984375,1
forged__10458,10458,/kaggle/input/competitions/recodai-luc-scientific-image-forgery-detection/train_images/forged/10458.png,forged,1,8835,0.059916178385416664,Q2,8044,0.05455186631944445,0.5380650512498486,0.3680499270597499,0.9912109375,1
forged__10632,10632,/kaggle/input/competitions/recodai-luc-scientific-image-forgery-detection/train_images/forged/10632.png,forged,1,733,0.004970974392361111,Q1,266,0.001803927951388889,0.45645645651086525,0.295719844449323,0.966796875,1
forged__10742,10742,/kaggle/input/competitions/recodai-luc-scientific-image-forgery-detection/train_images/forged/10742.png,forged,1,757,0.005133734809027778,Q1,219,0.0014851888020833333,0.44877049185975715,0.28929986799348745,0.92626953125,1
forged__10878,10878,/kaggle/input/competitions/recodai-luc-scientific-image-forgery-detection/train_images/forged/10878.png,forged,1,4751,0.032219780815972224,Q2,3342,0.022664388020833332,0.6054615099517427,0.434166223649935,0.99560546875,1
forged__10951,10951,/kaggle/input/competitions/recodai-luc-scientific-image-forgery-detection/train_images/forged/10951.png,forged,1,7376,0.05002170138888889,Q2,7347,0.049825032552083336,0.7643822590520656,0.6186235708045446,0.9990234375,1
forged__1101,1101,/kaggle/input/competitions/recodai-luc-scientific-image-forgery-detection/train_images/forged/1101.png,forged,1,230,0.001559787326388889,Q2,0,0.0,4.3478260850661626e-10,4.3478260850661626e-10,0.923828125,1
forged__11206,11206,/kaggle/input/competitions/recodai-luc-scientific-image-forgery-detection/train_images/forged/11206.png,forged,1,15263,0.10350884331597222,Q4,19604,0.13294813368055555,0.8026500702675806,0.6703554661316933,1.0,1
forged__11277,11277,/kaggle/input/competitions/recodai-luc-scientific-image-forgery-detection/train_images/forged/11277.png,forged,1,473,0.003207736545138889,Q2,0,0.0,2.11416490441561e-10,2.11416490441561e-10,0.86279296875,1
forged__11356,11356,/kaggle/input/competitions/recodai-luc-scientific-image-forgery-detection/train_images/forged/11356.png,forged,1,5323,0.03609890407986111,Q1,1023,0.006937662760416667,0.29940119761583045,0.17605633804343854,0.98779296875,1
forged__1143,1143,/kaggle/input/competitions/recodai-luc-scientific-image-forgery-detection/train_images/forged/1143.png,forged,1,883,0.005988226996527778,Q2,0,0.0,1.1325028311288218e-10,1.1325028311288218e-10,0.4169921875,0
forged__11513,11513,/kaggle/input/competitions/recodai-luc-scientific-image-forgery-detection/train_images/forged/11513.png,forged,1,5955,0.040384928385416664,Q2,0,0.0,1.6792611250767547e-11,1.6792611250767547e-11,0.8662109375,1
forged__11662,11662,/kaggle/input/competitions/recodai-luc-scientific-image-forgery-detection/train_images/forged/11662.png,forged,1,1062,0.0072021484375,Q1,368,0.002495659722222222,0.4741258741626485,0.3107241063876513,0.96337890625,1
forged__11740,11740,/kaggle/input/competitions/recodai-luc-scientific-image-forgery-detection/train_images/forged/11740.png,forged,1,346,0.002346462673611111,Q1,0,0.0,2.890173409569314e-10,2.890173409569314e-10,0.65869140625,0
forged__11854,11854,/kaggle/input/competitions/recodai-luc-scientific-image-forgery-detection/train_images/forged/11854.png,forged,1,948,0.006429036458333333,Q3,123,0.0008341471354166666,0.22222222229484384,0.12500000009191176,0.99462890625,1
forged__11964,11964,/kaggle/input/competitions/recodai-luc-scientific-image-forgery-detection/train_images/forged/11964.png,forged,1,7671,0.052022298177083336,Q2,2882,0.019544813368055556,0.4895290438786171,0.3240903387788696,0.99853515625,1
forged__12025,12025,/kaggle/input/competitions/recodai-luc-scientific-image-forgery-detection/train_images/forged/12025.png,forged,1,11938,0.0809597439236111,Q4,459,0.00311279296875,8.066467693731818e-12,8.066467693731818e-12,0.96435546875,1
forged__12073,12073,/kaggle/input/competitions/recodai-luc-scientific-image-forgery-detection/train_images/forged/12073.png,forged,1,601,0.004075792100694444,Q1,537,0.0036417643229166665,0.6713532513469812,0.505291005356443,0.9990234375,1
forged__12150,12150,/kaggle/input/competitions/recodai-luc-scientific-image-forgery-detection/train_images/forged/12150.png,forged,1,2631,0.017842610677083332,Q2,0,0.0,3.8008361838160075e-11,3.8008361838160075e-11,0.8134765625,1
forged__12262,12262,/kaggle/input/competitions/recodai-luc-scientific-image-forgery-detection/train_images/forged/12262.png,forged,1,2267,0.015374077690972222,Q1,1359,0.00921630859375,0.17650303366860168,0.09679370843627365,0.96826171875,1
forged__12300,12300,/kaggle/input/competitions/recodai-luc-scientific-image-forgery-detection/train_images/forged/12300.png,forged,1,1096,0.007432725694444444,Q1,0,0.0,9.124087590408385e-11,9.124087590408385e-11,0.87548828125,1
forged__12364,12364,/kaggle/input/competitions/recodai-luc-scientific-image-forgery-detection/train_images/forged/12364.png,forged,1,8474,0.05746799045138889,Q3,11858,0.0804172092013889,0.833562856581578,0.7146230393007706,0.9990234375,1
forged__12446,12446,/kaggle/input/competitions/recodai-luc-scientific-image-forgery-detection/train_images/forged/12446.png,forged,1,2297,0.015577528211805556,Q1,0,0.0,4.3535045709902695e-11,4.3535045709902695e-11,0.6953125,0
forged__12572,12572,/kaggle/input/competitions/recodai-luc-scientific-image-forgery-detection/train_images/forged/12572.png,forged,1,1785,0.012105305989583334,Q4,764,0.005181206597222222,0.5429580227719515,0.37264404957605574,0.99951171875,1
forged__12629,12629,/kaggle/input/competitions/recodai-luc-scientific-image-forgery-detection/train_images/forged/12629.png,forged,1,577,0.003913031684027778,Q1,1792,0.012152777777777778,4.221190375507759e-11,4.221190375507759e-11,0.98095703125,1
forged__12793,12793,/kaggle/input/competitions/recodai-luc-scientific-image-forgery-detection/train_images/forged/12793.png,forged,1,16194,0.10982259114583333,Q4,20614,0.1397976345486111,0.5167898282995088,0.34842656702440405,0.9970703125,1
forged__12879,12879,/kaggle/input/competitions/recodai-luc-scientific-image-forgery-detection/train_images/forged/12879.png,forged,1,11613,0.07875569661458333,Q3,2444,0.016574435763888888,0.34374333072957425,0.20754230736871793,0.966796875,1
forged__13020,13020,/kaggle/input/competitions/recodai-luc-scientific-image-forgery-detection/train_images/forged/13020.png,forged,1,21576,0.14632161458333334,Q2,14319,0.09710693359375,0.7683521381814504,0.6238407600107494,0.9951171875,1
forged__13123,13123,/kaggle/input/competitions/recodai-luc-scientific-image-forgery-detection/train_images/forged/13123.png,forged,1,384,0.0026041666666666665,Q1,1333,0.009039984809027778,5.824111822607797e-11,5.824111822607797e-11,0.92431640625,1
forged__13333,13333,/kaggle/input/competitions/recodai-luc-scientific-image-forgery-detection/train_images/forged/13333.png,forged,1,1325,0.008985731336805556,Q3,440,0.002983940972222222,0.48951841362665616,0.32408102030577035,1.0,1
forged__13451,13451,/kaggle/input/competitions/recodai-luc-scientific-image-forgery-detection/train_images/forged/13451.png,forged,1,46884,0.3179524739583333,Q4,8766,0.0594482421875,0.24725965858176593,0.14107033012273718,0.9287109375,1
forged__13603,13603,/kaggle/input/competitions/recodai-luc-scientific-image-forgery-detection/train_images/forged/13603.png,forged,1,856,0.005805121527777778,Q1,368,0.002495659722222222,0.42810457521012213,0.27234927242491175,0.97265625,1
forged__13670,13670,/kaggle/input/competitions/recodai-luc-scientific-image-forgery-detection/train_images/forged/13670.png,forged,1,16855,0.11430528428819445,Q4,15789,0.10707600911458333,0.5313074378154292,0.36175538128082035,0.99853515625,1
forged__13742,13742,/kaggle/input/competitions/recodai-luc-scientific-image-forgery-detection/train_images/forged/13742.png,forged,1,535,0.003628200954861111,Q2,308,0.0020887586805555555,0.6998813760735609,0.5383211679674598,0.9990234375,1
forged__13839,13839,/kaggle/input/competitions/recodai-luc-scientific-image-forgery-detection/train_images/forged/13839.png,forged,1,1774,0.012030707465277778,Q2,0,0.0,5.636978579163642e-11,5.636978579163642e-11,0.724609375,0
forged__13893,13893,/kaggle/input/competitions/recodai-luc-scientific-image-forgery-detection/train_images/forged/13893.png,forged,1,10464,0.07096354166666667,Q3,17842,0.1209988064236111,0.6654419557702769,0.4986234646362843,0.9990234375,1
forged__13971,13971,/kaggle/input/competitions/recodai-luc-scientific-image-forgery-detection/train_images/forged/13971.png,forged,1,552,0.0037434895833333335,Q1,0,0.0,1.8115942025703634e-10,1.8115942025703634e-10,0.849609375,1
forged__14070,14070,/kaggle/input/competitions/recodai-luc-scientific-image-forgery-detection/train_images/forged/14070.png,forged,1,14290,0.09691026475694445,Q4,0,0.0,6.997900629762085e-12,6.997900629762085e-12,0.63720703125,0
forged__14114,14114,/kaggle/input/competitions/recodai-luc-scientific-image-forgery-detection/train_images/forged/14114.png,forged,1,21430,0.1453314887152778,Q4,25169,0.1706882052951389,0.6261936951444748,0.45580930363505323,0.998046875,1
forged__1419,1419,/kaggle/input/competitions/recodai-luc-scientific-image-forgery-detection/train_images/forged/1419.png,forged,1,1155,0.007832845052083334,Q4,0,0.0,8.658008657259046e-11,8.658008657259046e-11,0.607421875,0
forged__14331,14331,/kaggle/input/competitions/recodai-luc-scientific-image-forgery-detection/train_images/forged/14331.png,forged,1,562,0.003811306423611111,Q2,353,0.0023939344618055555,0.6797814208000239,0.5149006623319702,0.99951171875,1
forged__14436,14436,/kaggle/input/competitions/recodai-luc-scientific-image-forgery-detection/train_images/forged/14436.png,forged,1,4354,0.029527452256944444,Q1,2404,0.016303168402777776,0.6410180526836191,0.4716898954818883,0.9990234375,1
forged__14594,14594,/kaggle/input/competitions/recodai-luc-scientific-image-forgery-detection/train_images/forged/14594.png,forged,1,1382,0.009372287326388888,Q3,0,0.0,7.235890013948198e-11,7.235890013948198e-11,0.794921875,1
forged__14624,14624,/kaggle/input/competitions/recodai-luc-scientific-image-forgery-detection/train_images/forged/14624.png,forged,1,8560,0.058051215277777776,Q2,0,0.0,1.1682242990517729e-11,1.1682242990517729e-11,0.443359375,0
forged__14700,14700,/kaggle/input/competitions/recodai-luc-scientific-image-forgery-detection/train_images/forged/14700.png,forged,1,847,0.005744086371527778,Q1,0,0.0,1.1806375441345174e-10,1.1806375441345174e-10,0.69970703125,0
forged__14770,14770,/kaggle/input/competitions/recodai-luc-scientific-image-forgery-detection/train_images/forged/14770.png,forged,1,38928,0.2639973958333333,Q3,32203,0.2183905707465278,0.5802533353958468,0.40870202400402283,0.9951171875,1
forged__14829,14829,/kaggle/input/competitions/recodai-luc-scientific-image-forgery-detection/train_images/forged/14829.png,forged,1,893,0.006056043836805556,Q3,159,0.0010782877604166667,0.27566539930839684,0.15986769579273785,0.99169921875,1
forged__14930,14930,/kaggle/input/competitions/recodai-luc-scientific-image-forgery-detection/train_images/forged/14930.png,forged,1,5073,0.034403483072916664,Q4,0,0.0,1.9712201852558404e-11,1.9712201852558404e-11,0.80859375,1
forged__14988,14988,/kaggle/input/competitions/recodai-luc-scientific-image-forgery-detection/train_images/forged/14988.png,forged,1,1906,0.012925889756944444,Q1,2966,0.020114474826388888,0.35796387521843265,0.21800000001955,0.99951171875,1
forged__15061,15061,/kaggle/input/competitions/recodai-luc-scientific-image-forgery-detection/train_images/forged/15061.png,forged,1,1022,0.006930881076388889,Q3,1631,0.011060926649305556,3.7693177533445416e-11,3.7693177533445416e-11,0.9873046875,1
forged__15269,15269,/kaggle/input/competitions/recodai-luc-scientific-image-forgery-detection/train_images/forged/15269.png,forged,1,13093,0.08879258897569445,Q4,18953,0.1285332573784722,0.7034263246592292,0.5425270758144765,0.9990234375,1
forged__1536,1536,/kaggle/input/competitions/recodai-luc-scientific-image-forgery-detection/train_images/forged/1536.png,forged,1,10444,0.0708279079861111,Q2,21809,0.14790174696180555,0.6456453663236114,0.47671809899053746,0.99951171875,1
forged__15426,15426,/kaggle/input/competitions/recodai-luc-scientific-image-forgery-detection/train_images/forged/15426.png,forged,1,18371,0.12458631727430555,Q4,13926,0.09444173177083333,0.5433941232945989,0.373055012331549,0.99658203125,1
forged__15579,15579,/kaggle/input/competitions/recodai-luc-scientific-image-forgery-detection/train_images/forged/15579.png,forged,1,1259,0.008538140190972222,Q1,0,0.0,7.942811754730515e-11,7.942811754730515e-11,0.8779296875,1
forged__15733,15733,/kaggle/input/competitions/recodai-luc-scientific-image-forgery-detection/train_images/forged/15733.png,forged,1,11982,0.08125813802083333,Q4,33808,0.2292751736111111,0.4515833151355065,0.2916419847132898,0.99951171875,1
forged__1580,1580,/kaggle/input/competitions/recodai-luc-scientific-image-forgery-detection/train_images/forged/1580.png,forged,1,1329,0.009012858072916666,Q3,595,0.004035101996527778,0.5893970894184305,0.41783345619618023,0.99951171875,1
forged__15860,15860,/kaggle/input/competitions/recodai-luc-scientific-image-forgery-detection/train_images/forged/15860.png,forged,1,6596,0.044731987847222224,Q2,4629,0.031392415364583336,0.755991091316205,0.6077055285074806,1.0,1
forged__15940,15940,/kaggle/input/competitions/recodai-luc-scientific-image-forgery-detection/train_images/forged/15940.png,forged,1,6446,0.04371473524305555,Q3,628,0.004258897569444444,1.4136273678058577e-11,1.4136273678058577e-11,0.9599609375,1
forged__1608,1608,/kaggle/input/competitions/recodai-luc-scientific-image-forgery-detection/train_images/forged/1608.png,forged,1,651,0.004414876302083333,Q3,0,0.0,1.536098310055899e-10,1.536098310055899e-10,0.7568359375,0
forged__16161,16161,/kaggle/input/competitions/recodai-luc-scientific-image-forgery-detection/train_images/forged/16161.png,forged,1,1204,0.008165147569444444,Q4,659,0.004469129774305556,0.5947396672251885,0.4232238350326032,1.0,1
forged__16219,16219,/kaggle/input/competitions/recodai-luc-scientific-image-forgery-detection/train_images/forged/16219.png,forged,1,14182,0.09617784288194445,Q4,23856,0.16178385416666666,0.4025448235990259,0.25199131064692254,0.99853515625,1
forged__16294,16294,/kaggle/input/competitions/recodai-luc-scientific-image-forgery-detection/train_images/forged/16294.png,forged,1,19371,0.13136800130208334,Q3,21046,0.1427273220486111,0.8359353737292824,0.7181176670646229,0.998046875,1
forged__1641,1641,/kaggle/input/competitions/recodai-luc-scientific-image-forgery-detection/train_images/forged/1641.png,forged,1,2908,0.019721137152777776,Q2,0,0.0,3.438789545961527e-11,3.438789545961527e-11,0.4130859375,0
forged__16534,16534,/kaggle/input/competitions/recodai-luc-scientific-image-forgery-detection/train_images/forged/16534.png,forged,1,2770,0.018785264756944444,Q1,1192,0.008083767361111112,2.523977788931752e-11,2.523977788931752e-11,0.900390625,1
forged__16590,16590,/kaggle/input/competitions/recodai-luc-scientific-image-forgery-detection/train_images/forged/16590.png,forged,1,3816,0.02587890625,Q2,955,0.006476508246527778,2.0959966463614336e-11,2.0959966463614336e-11,0.95166015625,1
forged__16647,16647,/kaggle/input/competitions/recodai-luc-scientific-image-forgery-detection/train_images/forged/16647.png,forged,1,28380,0.19246419270833334,Q4,43646,0.2959933810763889,0.6520145503017633,0.4836955402214776,0.99951171875,1
forged__16703,16703,/kaggle/input/competitions/recodai-luc-scientific-image-forgery-detection/train_images/forged/16703.png,forged,1,4272,0.028971354166666668,Q2,1798,0.012193467881944444,0.35617792422806954,0.21667668873087442,0.95751953125,1
forged__16866,16866,/kaggle/input/competitions/recodai-luc-scientific-image-forgery-detection/train_images/forged/16866.png,forged,1,32271,0.21885172526041666,Q4,18217,0.12354193793402778,0.5464268737134638,0.3759197689012484,0.9892578125,1
forged__16960,16960,/kaggle/input/competitions/recodai-luc-scientific-image-forgery-detection/train_images/forged/16960.png,forged,1,12130,0.08226182725694445,Q4,26918,0.1825493706597222,0.4209690637179344,0.2665996302206799,0.99951171875,1
forged__17071,17071,/kaggle/input/competitions/recodai-luc-scientific-image-forgery-detection/train_images/forged/17071.png,forged,1,1129,0.007656521267361111,Q1,0,0.0,8.857395924813339e-11,8.857395924813339e-11,0.7080078125,0
forged__17245,17245,/kaggle/input/competitions/recodai-luc-scientific-image-forgery-detection/train_images/forged/17245.png,forged,1,1200,0.008138020833333334,Q1,0,0.0,8.333333332638888e-11,8.333333332638888e-11,0.7138671875,0
forged__17298,17298,/kaggle/input/competitions/recodai-luc-scientific-image-forgery-detection/train_images/forged/17298.png,forged,1,705,0.004781087239583333,Q3,302,0.002048068576388889,0.55014895734358,0.37945205487952716,0.9912109375,1
forged__17493,17493,/kaggle/input/competitions/recodai-luc-scientific-image-forgery-detection/train_images/forged/17493.png,forged,1,25492,0.1728786892361111,Q4,31034,0.21046278211805555,0.8970739128898257,0.8133581419228366,0.994140625,1
forged__17625,17625,/kaggle/input/competitions/recodai-luc-scientific-image-forgery-detection/train_images/forged/17625.png,forged,1,2413,0.016364203559027776,Q2,1839,0.012471516927083334,2.3518344308007565e-11,2.3518344308007565e-11,0.9736328125,1
forged__17754,17754,/kaggle/input/competitions/recodai-luc-scientific-image-forgery-detection/train_images/forged/17754.png,forged,1,10337,0.0701022677951389,Q4,8368,0.05674913194444445,0.49280940925157546,0.3269721906971696,0.99072265625,1
forged__17846,17846,/kaggle/input/competitions/recodai-luc-scientific-image-forgery-detection/train_images/forged/17846.png,forged,1,41282,0.2799614800347222,Q3,32937,0.22336832682291666,0.8101160080305446,0.680836126461453,0.982421875,1
forged__18000,18000,/kaggle/input/competitions/recodai-luc-scientific-image-forgery-detection/train_images/forged/18000.png,forged,1,9612,0.065185546875,Q3,8922,0.060506184895833336,0.49206863062753825,0.32632030915037696,0.974609375,1
forged__1813,1813,/kaggle/input/competitions/recodai-luc-scientific-image-forgery-detection/train_images/forged/1813.png,forged,1,690,0.004679361979166667,Q1,0,0.0,1.4492753621088006e-10,1.4492753621088006e-10,0.90869140625,1
forged__18440,18440,/kaggle/input/competitions/recodai-luc-scientific-image-forgery-detection/train_images/forged/18440.png,forged,1,8623,0.058478461371527776,Q4,6431,0.04361300998263889,0.6009034143775681,0.429493875230942,0.99951171875,1
forged__1856,1856,/kaggle/input/competitions/recodai-luc-scientific-image-forgery-detection/train_images/forged/1856.png,forged,1,64216,0.4354926215277778,Q4,67358,0.4568006727430556,0.9241339474364813,0.8589674757695062,0.994140625,1
forged__187,187,/kaggle/input/competitions/recodai-luc-scientific-image-forgery-detection/train_images/forged/187.png,forged,1,1543,0.010464138454861112,Q2,0,0.0,6.480881399450364e-11,6.480881399450364e-11,0.546875,0
forged__1879,1879,/kaggle/input/competitions/recodai-luc-scientific-image-forgery-detection/train_images/forged/1879.png,forged,1,6785,0.046013726128472224,Q4,7715,0.05232069227430555,0.737931034484566,0.5846994535564513,0.99560546875,1
forged__18995,18995,/kaggle/input/competitions/recodai-luc-scientific-image-forgery-detection/train_images/forged/18995.png,forged,1,14519,0.09846327039930555,Q4,17583,0.11924235026041667,0.5350445455126315,0.36522922514516787,0.998046875,1
forged__19130,19130,/kaggle/input/competitions/recodai-luc-scientific-image-forgery-detection/train_images/forged/19130.png,forged,1,1658,0.011244032118055556,Q1,0,0.0,6.031363087694128e-11,6.031363087694128e-11,0.327880859375,0
forged__19281,19281,/kaggle/input/competitions/recodai-luc-scientific-image-forgery-detection/train_images/forged/19281.png,forged,1,1199,0.008131239149305556,Q2,246,0.0016682942708333333,0.34048442911138516,0.20517097587946861,0.896484375,1
forged__1940,1940,/kaggle/input/competitions/recodai-luc-scientific-image-forgery-detection/train_images/forged/1940.png,forged,1,10724,0.0727267795138889,Q2,29066,0.1971164279513889,0.5211862276966042,0.35243533530691534,0.9990234375,1
forged__19593,19593,/kaggle/input/competitions/recodai-luc-scientific-image-forgery-detection/train_images/forged/19593.png,forged,1,8162,0.055352105034722224,Q3,5539,0.03756374782986111,0.6361579446782267,0.4664454672004019,0.99853515625,1
forged__19633,19633,/kaggle/input/competitions/recodai-luc-scientific-image-forgery-detection/train_images/forged/19633.png,forged,1,24436,0.1657172309027778,Q4,31723,0.21513536241319445,0.8157552662978049,0.6888401046531476,0.99951171875,1
forged__19728,19728,/kaggle/input/competitions/recodai-luc-scientific-image-forgery-detection/train_images/forged/19728.png,forged,1,4389,0.029764811197916668,Q1,5191,0.03520372178819445,0.13465553236811423,0.07218802463265597,0.96240234375,1
forged__19847,19847,/kaggle/input/competitions/recodai-luc-scientific-image-forgery-detection/train_images/forged/19847.png,forged,1,2911,0.019741482204861112,Q4,1173,0.007954915364583334,0.5239960822839373,0.3550099535714994,1.0,1
forged__19953,19953,/kaggle/input/competitions/recodai-luc-scientific-image-forgery-detection/train_images/forged/19953.png,forged,1,20905,0.14177110460069445,Q4,36532,0.2477484809027778,0.5321308564174102,0.3625192741089728,0.982421875,1
forged__20007,20007,/kaggle/input/competitions/recodai-luc-scientific-image-forgery-detection/train_images/forged/20007.png,forged,1,1718,0.011650933159722222,Q1,0,0.0,5.820721769160609e-11,5.820721769160609e-11,0.78369140625,1
forged__20103,20103,/kaggle/input/competitions/recodai-luc-scientific-image-forgery-detection/train_images/forged/20103.png,forged,1,1264,0.008572048611111112,Q1,525,0.0035603841145833335,0.5869200670996692,0.41534810131207683,0.90625,1
forged__20270,20270,/kaggle/input/competitions/recodai-luc-scientific-image-forgery-detection/train_images/forged/20270.png,forged,1,9869,0.0669284396701389,Q3,3661,0.024827745225694444,0.4882483370326071,0.3229686125029532,0.9990234375,1
forged__20379,20379,/kaggle/input/competitions/recodai-luc-scientific-image-forgery-detection/train_images/forged/20379.png,forged,1,719,0.004876030815972222,Q1,394,0.0026719835069444445,0.6199460916783516,0.44921875007171636,0.97802734375,1
forged__20490,20490,/kaggle/input/competitions/recodai-luc-scientific-image-forgery-detection/train_images/forged/20490.png,forged,1,2616,0.017740885416666668,Q2,0,0.0,3.822629969272835e-11,3.822629969272835e-11,0.87841796875,1
forged__2053,2053,/kaggle/input/competitions/recodai-luc-scientific-image-forgery-detection/train_images/forged/2053.png,forged,1,1134,0.0076904296875,Q2,0,0.0,8.818342150897853e-11,8.818342150897853e-11,0.6044921875,0
forged__20587,20587,/kaggle/input/competitions/recodai-luc-scientific-image-forgery-detection/train_images/forged/20587.png,forged,1,23070,0.15645345052083334,Q4,30730,0.2084011501736111,0.6904460966548505,0.5272376302281567,0.99951171875,1
forged__20666,20666,/kaggle/input/competitions/recodai-luc-scientific-image-forgery-detection/train_images/forged/20666.png,forged,1,8882,0.060234917534722224,Q3,1265,0.008578830295138888,9.855129594857048e-12,9.855129594857048e-12,0.98388671875,1
forged__20753,20753,/kaggle/input/competitions/recodai-luc-scientific-image-forgery-detection/train_images/forged/20753.png,forged,1,55320,0.3751627604166667,Q3,68540,0.4648166232638889,0.7553043759084811,0.6068185356239858,0.994140625,1
forged__20800,20800,/kaggle/input/competitions/recodai-luc-scientific-image-forgery-detection/train_images/forged/20800.png,forged,1,10091,0.06843397352430555,Q3,2057,0.013949924045138888,0.33865656898799257,0.20384501041320138,0.98876953125,1
forged__20833,20833,/kaggle/input/competitions/recodai-luc-scientific-image-forgery-detection/train_images/forged/20833.png,forged,1,11426,0.0774875217013889,Q3,3408,0.023111979166666668,0.44411487124548926,0.28544194108071536,0.9697265625,1
forged__20920,20920,/kaggle/input/competitions/recodai-luc-scientific-image-forgery-detection/train_images/forged/20920.png,forged,1,781,0.005296495225694444,Q3,325,0.002204047309027778,0.5877034358419797,0.4161331626867948,0.98974609375,1
forged__21034,21034,/kaggle/input/competitions/recodai-luc-scientific-image-forgery-detection/train_images/forged/21034.png,forged,1,19201,0.1302151150173611,Q4,10782,0.0731201171875,0.634226061436033,0.4643711843738004,0.9970703125,1
forged__21204,21204,/kaggle/input/competitions/recodai-luc-scientific-image-forgery-detection/train_images/forged/21204.png,forged,1,730,0.004950629340277778,Q2,0,0.0,1.3698630135109776e-10,1.3698630135109776e-10,0.456298828125,0
forged__21264,21264,/kaggle/input/competitions/recodai-luc-scientific-image-forgery-detection/train_images/forged/21264.png,forged,1,20968,0.14219835069444445,Q4,27207,0.18450927734375,0.7073793461344943,0.5472443473806936,0.9970703125,1
forged__21540,21540,/kaggle/input/competitions/recodai-luc-scientific-image-forgery-detection/train_images/forged/21540.png,forged,1,885,0.006001790364583333,Q1,697,0.004726833767361111,0.5259165613447587,0.3567753002266916,0.99755859375,1
forged__2164,2164,/kaggle/input/competitions/recodai-luc-scientific-image-forgery-detection/train_images/forged/2164.png,forged,1,1337,0.009067111545138888,Q2,0,0.0,7.479431562641777e-11,7.479431562641777e-11,0.66845703125,0
forged__21728,21728,/kaggle/input/competitions/recodai-luc-scientific-image-forgery-detection/train_images/forged/21728.png,forged,1,31759,0.21537950303819445,Q3,35893,0.2434149848090278,0.8711937562823402,0.77178325432844,0.99462890625,1
forged__2177,2177,/kaggle/input/competitions/recodai-luc-scientific-image-forgery-detection/train_images/forged/2177.png,forged,1,2891,0.019605848524305556,Q2,374,0.002536349826388889,3.062787136200221e-11,3.062787136200221e-11,0.93212890625,1
forged__21851,21851,/kaggle/input/competitions/recodai-luc-scientific-image-forgery-detection/train_images/forged/21851.png,forged,1,5748,0.038981119791666664,Q2,8425,0.057135687934027776,0.7682212657886953,0.6236682323333295,1.0,1
forged__22046,22046,/kaggle/input/competitions/recodai-luc-scientific-image-forgery-detection/train_images/forged/22046.png,forged,1,4275,0.02899169921875,Q1,1639,0.011115180121527778,0.2465336489812896,0.14059787851223532,0.99365234375,1
forged__22155,22155,/kaggle/input/competitions/recodai-luc-scientific-image-forgery-detection/train_images/forged/22155.png,forged,1,4973,0.03372531467013889,Q3,2615,0.017734103732638888,0.6663152345853147,0.49960474309289316,0.99951171875,1
forged__22182,22182,/kaggle/input/competitions/recodai-luc-scientific-image-forgery-detection/train_images/forged/22182.png,forged,1,9306,0.0631103515625,Q3,4734,0.0321044921875,0.5977207977236629,0.42624949208222007,0.99853515625,1
forged__2228,2228,/kaggle/input/competitions/recodai-luc-scientific-image-forgery-detection/train_images/forged/2228.png,forged,1,8398,0.056952582465277776,Q1,2814,0.019083658854166668,8.919015340626835e-12,8.919015340626835e-12,0.921875,1
forged__22337,22337,/kaggle/input/competitions/recodai-luc-scientific-image-forgery-detection/train_images/forged/22337.png,forged,1,3263,0.022128634982638888,Q1,2142,0.0145263671875,0.7622571692920952,0.6158445441071496,0.98974609375,1
forged__22456,22456,/kaggle/input/competitions/recodai-luc-scientific-image-forgery-detection/train_images/forged/22456.png,forged,1,1190,0.008070203993055556,Q2,0,0.0,8.40336134383165e-11,8.40336134383165e-11,0.79345703125,1
forged__22565,22565,/kaggle/input/competitions/recodai-luc-scientific-image-forgery-detection/train_images/forged/22565.png,forged,1,1314,0.0089111328125,Q4,1542,0.010457356770833334,0.7359943977683475,0.5822714681671872,1.0,1
forged__22739,22739,/kaggle/input/competitions/recodai-luc-scientific-image-forgery-detection/train_images/forged/22739.png,forged,1,545,0.003696017795138889,Q2,155,0.0010511610243055555,0.39142857151551025,0.24333925413084562,0.99853515625,1
forged__22797,22797,/kaggle/input/competitions/recodai-luc-scientific-image-forgery-detection/train_images/forged/22797.png,forged,1,2796,0.018961588541666668,Q1,0,0.0,3.576537911173944e-11,3.576537911173944e-11,0.80517578125,1
forged__2290,2290,/kaggle/input/competitions/recodai-luc-scientific-image-forgery-detection/train_images/forged/2290.png,forged,1,11555,0.07836235894097222,Q3,10757,0.07295057508680555,0.5695589817158051,0.3981701967702834,0.99853515625,1
forged__22951,22951,/kaggle/input/competitions/recodai-luc-scientific-image-forgery-detection/train_images/forged/22951.png,forged,1,190,0.0012885199652777778,Q1,0,0.0,5.263157891966759e-10,5.263157891966759e-10,0.8857421875,1
forged__2305,2305,/kaggle/input/competitions/recodai-luc-scientific-image-forgery-detection/train_images/forged/2305.png,forged,1,15682,0.1063503689236111,Q4,16665,0.11301676432291667,0.8180047608748323,0.6920541926050529,0.99951171875,1
forged__23143,23143,/kaggle/input/competitions/recodai-luc-scientific-image-forgery-detection/train_images/forged/23143.png,forged,1,13535,0.09179009331597222,Q4,10195,0.06913926866319445,0.7680573114211207,0.6234521447655234,0.99951171875,1
forged__23236,23236,/kaggle/input/competitions/recodai-luc-scientific-image-forgery-detection/train_images/forged/23236.png,forged,1,3572,0.024224175347222224,Q4,0,0.0,2.799552071590158e-11,2.799552071590158e-11,0.79345703125,1
forged__23357,23357,/kaggle/input/competitions/recodai-luc-scientific-image-forgery-detection/train_images/forged/23357.png,forged,1,7909,0.05363633897569445,Q4,10503,0.07122802734375,0.44003910493460763,0.28208342037962475,0.9990234375,1
forged__23460,23460,/kaggle/input/competitions/recodai-luc-scientific-image-forgery-detection/train_images/forged/23460.png,forged,1,11314,0.07672797309027778,Q4,12577,0.0852932400173611,0.9040224352270562,0.8248548732063485,0.9970703125,1
forged__23527,23527,/kaggle/input/competitions/recodai-luc-scientific-image-forgery-detection/train_images/forged/23527.png,forged,1,16016,0.1086154513888889,Q4,33358,0.2262234157986111,0.41544132539511597,0.26218109310480553,0.9990234375,1
forged__23726,23726,/kaggle/input/competitions/recodai-luc-scientific-image-forgery-detection/train_images/forged/23726.png,forged,1,1497,0.010152180989583334,Q2,539,0.003655327690972222,4.911591355357976e-11,4.911591355357976e-11,0.93115234375,1
forged__23904,23904,/kaggle/input/competitions/recodai-luc-scientific-image-forgery-detection/train_images/forged/23904.png,forged,1,22723,0.15410020616319445,Q4,37968,0.2574869791666667,0.7396154289767187,0.5868172667148095,0.998046875,1
forged__24029,24029,/kaggle/input/competitions/recodai-luc-scientific-image-forgery-detection/train_images/forged/24029.png,forged,1,345,0.0023396809895833335,Q2,0,0.0,2.898550723797521e-10,2.898550723797521e-10,0.953125,1
forged__24111,24111,/kaggle/input/competitions/recodai-luc-scientific-image-forgery-detection/train_images/forged/24111.png,forged,1,1940,0.013156467013888888,Q1,0,0.0,5.1546391749920286e-11,5.1546391749920286e-11,0.420654296875,0
forged__24218,24218,/kaggle/input/competitions/recodai-luc-scientific-image-forgery-detection/train_images/forged/24218.png,forged,1,2743,0.018602159288194444,Q2,1269,0.00860595703125,0.6211365902387553,0.4504699927892094,0.99951171875,1
forged__24332,24332,/kaggle/input/competitions/recodai-luc-scientific-image-forgery-detection/train_images/forged/24332.png,forged,1,21446,0.1454399956597222,Q2,22345,0.15153672960069445,0.9563608960746355,0.9163712747804631,0.99560546875,1
forged__24381,24381,/kaggle/input/competitions/recodai-luc-scientific-image-forgery-detection/train_images/forged/24381.png,forged,1,2288,0.015516493055555556,Q1,0,0.0,4.370629370438347e-11,4.370629370438347e-11,0.8896484375,1
forged__2450,2450,/kaggle/input/competitions/recodai-luc-scientific-image-forgery-detection/train_images/forged/2450.png,forged,1,6385,0.04330105251736111,Q4,6762,0.045857747395833336,0.9402905605846179,0.8873097904121833,0.99951171875,1
forged__24600,24600,/kaggle/input/competitions/recodai-luc-scientific-image-forgery-detection/train_images/forged/24600.png,forged,1,18316,0.12421332465277778,Q3,1896,0.012858072916666666,0.1814763506868124,0.09979323104200787,0.91650390625,1
forged__24676,24676,/kaggle/input/competitions/recodai-luc-scientific-image-forgery-detection/train_images/forged/24676.png,forged,1,16434,0.1114501953125,Q4,34083,0.23114013671875,0.5651562840240609,0.39388002869766053,0.99951171875,1
forged__24749,24749,/kaggle/input/competitions/recodai-luc-scientific-image-forgery-detection/train_images/forged/24749.png,forged,1,17019,0.11541748046875,Q4,0,0.0,5.875785886327775e-12,5.875785886327775e-12,0.8125,1
forged__24850,24850,/kaggle/input/competitions/recodai-luc-scientific-image-forgery-detection/train_images/forged/24850.png,forged,1,18744,0.12711588541666666,Q4,11409,0.07737223307291667,0.6186449109553986,0.44785364448550924,0.99267578125,1
forged__24937,24937,/kaggle/input/competitions/recodai-luc-scientific-image-forgery-detection/train_images/forged/24937.png,forged,1,1816,0.012315538194444444,Q4,907,0.006150987413194444,0.6316562614898401,0.4616210413600847,1.0,1
forged__25003,25003,/kaggle/input/competitions/recodai-luc-scientific-image-forgery-detection/train_images/forged/25003.png,forged,1,676,0.004584418402777778,Q1,0,0.0,1.4792899406095724e-10,1.4792899406095724e-10,0.8232421875,1
forged__25124,25124,/kaggle/input/competitions/recodai-luc-scientific-image-forgery-detection/train_images/forged/25124.png,forged,1,3850,0.026109483506944444,Q1,0,0.0,2.5974025973351323e-11,2.5974025973351323e-11,0.85107421875,1
forged__2534,2534,/kaggle/input/competitions/recodai-luc-scientific-image-forgery-detection/train_images/forged/2534.png,forged,1,608,0.004123263888888889,Q1,0,0.0,1.6447368418347472e-10,1.6447368418347472e-10,0.62451171875,0
forged__25388,25388,/kaggle/input/competitions/recodai-luc-scientific-image-forgery-detection/train_images/forged/25388.png,forged,1,17735,0.1202731662326389,Q4,0,0.0,5.638567803746046e-12,5.638567803746046e-12,0.54296875,0
forged__25458,25458,/kaggle/input/competitions/recodai-luc-scientific-image-forgery-detection/train_images/forged/25458.png,forged,1,779,0.005282931857638889,Q1,538,0.0036485460069444445,0.5649202733815549,0.39365079371495765,0.99755859375,1
forged__25525,25525,/kaggle/input/competitions/recodai-luc-scientific-image-forgery-detection/train_images/forged/25525.png,forged,1,1107,0.00750732421875,Q1,153,0.00103759765625,0.24285714291723356,0.13821138219167015,0.9140625,1
forged__25638,25638,/kaggle/input/competitions/recodai-luc-scientific-image-forgery-detection/train_images/forged/25638.png,forged,1,483,0.0032755533854166665,Q2,0,0.0,2.070393374312548e-10,2.070393374312548e-10,0.841796875,1
forged__2577,2577,/kaggle/input/competitions/recodai-luc-scientific-image-forgery-detection/train_images/forged/2577.png,forged,1,186,0.0012613932291666667,Q1,0,0.0,5.376344083130998e-10,5.376344083130998e-10,0.74658203125,0
forged__25981,25981,/kaggle/input/competitions/recodai-luc-scientific-image-forgery-detection/train_images/forged/25981.png,forged,1,302,0.002048068576388889,Q2,0,0.0,3.311258277049252e-10,3.311258277049252e-10,0.97998046875,1
forged__26035,26035,/kaggle/input/competitions/recodai-luc-scientific-image-forgery-detection/train_images/forged/26035.png,forged,1,356,0.002414279513888889,Q2,0,0.0,2.8089887632559016e-10,2.8089887632559016e-10,0.9345703125,1
forged__26148,26148,/kaggle/input/competitions/recodai-luc-scientific-image-forgery-detection/train_images/forged/26148.png,forged,1,24854,0.1685519748263889,Q4,11114,0.07537163628472222,0.5395907473322409,0.3694791349399578,0.99169921875,1
forged__2622,2622,/kaggle/input/competitions/recodai-luc-scientific-image-forgery-detection/train_images/forged/2622.png,forged,1,394,0.0026719835069444445,Q2,155,0.0010511610243055555,1.8214936244405293e-10,1.8214936244405293e-10,0.93896484375,1
forged__26329,26329,/kaggle/input/competitions/recodai-luc-scientific-image-forgery-detection/train_images/forged/26329.png,forged,1,1239,0.008402506510416666,Q1,0,0.0,8.071025019526148e-11,8.071025019526148e-11,0.34765625,0
forged__26435,26435,/kaggle/input/competitions/recodai-luc-scientific-image-forgery-detection/train_images/forged/26435.png,forged,1,10673,0.07238091362847222,Q4,24781,0.1680569118923611,0.5589214193051308,0.38784936976674295,0.99853515625,1
forged__26492,26492,/kaggle/input/competitions/recodai-luc-scientific-image-forgery-detection/train_images/forged/26492.png,forged,1,9590,0.0650363498263889,Q3,18325,0.12427435980902778,0.6870141500996345,0.5232456619037257,0.99755859375,1
forged__26580,26580,/kaggle/input/competitions/recodai-luc-scientific-image-forgery-detection/train_images/forged/26580.png,forged,1,960,0.006510416666666667,Q3,0,0.0,1.0416666665581597e-10,1.0416666665581597e-10,0.78515625,1
forged__26730,26730,/kaggle/input/competitions/recodai-luc-scientific-image-forgery-detection/train_images/forged/26730.png,forged,1,1036,0.007025824652777778,Q1,0,0.0,9.652509651577942e-11,9.652509651577942e-11,0.290771484375,0
forged__26933,26933,/kaggle/input/competitions/recodai-luc-scientific-image-forgery-detection/train_images/forged/26933.png,forged,1,1965,0.013326009114583334,Q3,387,0.00262451171875,0.2431972789437416,0.13843175221982423,0.9921875,1
forged__27061,27061,/kaggle/input/competitions/recodai-luc-scientific-image-forgery-detection/train_images/forged/27061.png,forged,1,10088,0.06841362847222222,Q3,28512,0.193359375,0.5056476683950631,0.3383724558810777,0.998046875,1
forged__27195,27195,/kaggle/input/competitions/recodai-luc-scientific-image-forgery-detection/train_images/forged/27195.png,forged,1,37188,0.252197265625,Q4,58240,0.3949652777777778,0.673387265792353,0.5075989762717501,0.99560546875,1
forged__27409,27409,/kaggle/input/competitions/recodai-luc-scientific-image-forgery-detection/train_images/forged/27409.png,forged,1,326,0.0022108289930555555,Q1,131,0.0008884006076388889,0.01750547067450646,0.008830022293856507,0.904296875,1
forged__27586,27586,/kaggle/input/competitions/recodai-luc-scientific-image-forgery-detection/train_images/forged/27586.png,forged,1,3749,0.025424533420138888,Q2,2931,0.019877115885416668,0.7209580838365126,0.5636704119952324,0.994140625,1
forged__27694,27694,/kaggle/input/competitions/recodai-luc-scientific-image-forgery-detection/train_images/forged/27694.png,forged,1,1038,0.007039388020833333,Q2,0,0.0,9.63391136708729e-11,9.63391136708729e-11,0.703125,0
forged__27829,27829,/kaggle/input/competitions/recodai-luc-scientific-image-forgery-detection/train_images/forged/27829.png,forged,1,8701,0.05900743272569445,Q2,10550,0.07154676649305555,0.4457950236380147,0.2868315508069062,0.998046875,1
forged__27896,27896,/kaggle/input/competitions/recodai-luc-scientific-image-forgery-detection/train_images/forged/27896.png,forged,1,291,0.0019734700520833335,Q2,0,0.0,3.436426115657585e-10,3.436426115657585e-10,0.96240234375,1
forged__28014,28014,/kaggle/input/competitions/recodai-luc-scientific-image-forgery-detection/train_images/forged/28014.png,forged,1,10054,0.06818305121527778,Q4,24027,0.16294352213541666,0.4830844165385902,0.31846493094774087,0.998046875,1
forged__28195,28195,/kaggle/input/competitions/recodai-luc-scientific-image-forgery-detection/train_images/forged/28195.png,forged,1,303,0.0020548502604166665,Q1,1783,0.012091742621527778,4.793863854036728e-11,4.793863854036728e-11,0.94482421875,1
forged__28245,28245,/kaggle/input/competitions/recodai-luc-scientific-image-forgery-detection/train_images/forged/28245.png,forged,1,24672,0.16731770833333334,Q3,39346,0.2668321397569444,0.7521322128155329,0.6027338958025118,0.99951171875,1
forged__28283,28283,/kaggle/input/competitions/recodai-luc-scientific-image-forgery-detection/train_images/forged/28283.png,forged,1,13175,0.08934868706597222,Q3,19405,0.1315985785590278,0.6658072437088219,0.49903377197249,0.98388671875,1
forged__28412,28412,/kaggle/input/competitions/recodai-luc-scientific-image-forgery-detection/train_images/forged/28412.png,forged,1,18764,0.1272515190972222,Q4,19126,0.1297064887152778,0.6431248350497675,0.4739749474851242,0.99853515625,1
forged__28496,28496,/kaggle/input/competitions/recodai-luc-scientific-image-forgery-detection/train_images/forged/28496.png,forged,1,351,0.00238037109375,Q1,295,0.0020005967881944445,0.6501547988157655,0.4816513762656763,0.9912109375,1
forged__286,286,/kaggle/input/competitions/recodai-luc-scientific-image-forgery-detection/train_images/forged/286.png,forged,1,1545,0.010477701822916666,Q3,0,0.0,6.472491908966182e-11,6.472491908966182e-11,0.98486328125,1
forged__28645,28645,/kaggle/input/competitions/recodai-luc-scientific-image-forgery-detection/train_images/forged/28645.png,forged,1,13756,0.0932888454861111,Q2,0,0.0,7.269555103174835e-12,7.269555103174835e-12,0.4990234375,0
forged__28878,28878,/kaggle/input/competitions/recodai-luc-scientific-image-forgery-detection/train_images/forged/28878.png,forged,1,3973,0.026943630642361112,Q3,1990,0.013495551215277778,0.5775616300590716,0.4060363122045264,0.998046875,1
forged__28928,28928,/kaggle/input/competitions/recodai-luc-scientific-image-forgery-detection/train_images/forged/28928.png,forged,1,843,0.005716959635416667,Q3,357,0.0024210611979166665,0.5733333333688888,0.4018691589483798,0.99609375,1
forged__28965,28965,/kaggle/input/competitions/recodai-luc-scientific-image-forgery-detection/train_images/forged/28965.png,forged,1,5248,0.035590277777777776,Q2,2726,0.018486870659722224,0.557812891904216,0.3867826087063168,0.982421875,1
forged__29058,29058,/kaggle/input/competitions/recodai-luc-scientific-image-forgery-detection/train_images/forged/29058.png,forged,1,1237,0.008388943142361112,Q2,0,0.0,8.084074372830713e-11,8.084074372830713e-11,0.876953125,1
forged__29129,29129,/kaggle/input/competitions/recodai-luc-scientific-image-forgery-detection/train_images/forged/29129.png,forged,1,6017,0.04080539279513889,Q2,6839,0.046379937065972224,0.4334163036758446,0.27666335651165175,1.0,1
forged__29229,29229,/kaggle/input/competitions/recodai-luc-scientific-image-forgery-detection/train_images/forged/29229.png,forged,1,29012,0.1967502170138889,Q4,40090,0.2718777126736111,0.7384156753788046,0.5853082199647037,0.998046875,1
forged__29464,29464,/kaggle/input/competitions/recodai-luc-scientific-image-forgery-detection/train_images/forged/29464.png,forged,1,665,0.004509819878472222,Q1,354,0.0024007161458333335,0.6418056918899111,0.4725433526773782,0.986328125,1
forged__29482,29482,/kaggle/input/competitions/recodai-luc-scientific-image-forgery-detection/train_images/forged/29482.png,forged,1,3838,0.026028103298611112,Q4,3764,0.025526258680555556,0.5088134701458983,0.34121383205114303,0.99365234375,1
forged__29593,29593,/kaggle/input/competitions/recodai-luc-scientific-image-forgery-detection/train_images/forged/29593.png,forged,1,3637,0.024664984809027776,Q3,0,0.0,2.7495188341284158e-11,2.7495188341284158e-11,0.751953125,0
forged__29663,29663,/kaggle/input/competitions/recodai-luc-scientific-image-forgery-detection/train_images/forged/29663.png,forged,1,1436,0.009738498263888888,Q2,1253,0.008497450086805556,0.5176645593336682,0.34922227800555833,0.98876953125,1
forged__29736,29736,/kaggle/input/competitions/recodai-luc-scientific-image-forgery-detection/train_images/forged/29736.png,forged,1,11423,0.07746717664930555,Q4,21743,0.1474541558159722,0.6674908038362556,0.5009277277481065,0.9990234375,1
forged__298,298,/kaggle/input/competitions/recodai-luc-scientific-image-forgery-detection/train_images/forged/298.png,forged,1,21806,0.1478814019097222,Q2,0,0.0,4.5858937906787765e-12,4.5858937906787765e-12,0.58349609375,0
forged__29935,29935,/kaggle/input/competitions/recodai-luc-scientific-image-forgery-detection/train_images/forged/29935.png,forged,1,17364,0.11775716145833333,Q2,0,0.0,5.759041695428708e-12,5.759041695428708e-12,0.69140625,0
forged__30045,30045,/kaggle/input/competitions/recodai-luc-scientific-image-forgery-detection/train_images/forged/30045.png,forged,1,13668,0.09269205729166667,Q3,0,0.0,7.316359379519194e-12,7.316359379519194e-12,0.87841796875,1
forged__30217,30217,/kaggle/input/competitions/recodai-luc-scientific-image-forgery-detection/train_images/forged/30217.png,forged,1,16521,0.11204020182291667,Q4,18110,0.12281629774305555,0.5050965897620482,0.3378790805511382,0.998046875,1
forged__30298,30298,/kaggle/input/competitions/recodai-luc-scientific-image-forgery-detection/train_images/forged/30298.png,forged,1,485,0.003289116753472222,Q1,0,0.0,2.0618556696779677e-10,2.0618556696779677e-10,0.859375,1
forged__30354,30354,/kaggle/input/competitions/recodai-luc-scientific-image-forgery-detection/train_images/forged/30354.png,forged,1,882,0.0059814453125,Q3,413,0.002800835503472222,0.5930501930816177,0.42151481894385134,1.0,1
forged__30494,30494,/kaggle/input/competitions/recodai-luc-scientific-image-forgery-detection/train_images/forged/30494.png,forged,1,3137,0.021274142795138888,Q4,305,0.002068413628472222,0.1679256246610132,0.09165873773892616,0.89111328125,1
forged__3062,3062,/kaggle/input/competitions/recodai-luc-scientific-image-forgery-detection/train_images/forged/3062.png,forged,1,386,0.002617730034722222,Q1,0,0.0,2.5906735744583743e-10,2.5906735744583743e-10,0.84228515625,1
forged__30715,30715,/kaggle/input/competitions/recodai-luc-scientific-image-forgery-detection/train_images/forged/30715.png,forged,1,1055,0.007154676649305556,Q4,1896,0.012858072916666666,0.6607929515533449,0.4934210526572155,1.0,1
forged__30871,30871,/kaggle/input/competitions/recodai-luc-scientific-image-forgery-detection/train_images/forged/30871.png,forged,1,1740,0.011800130208333334,Q2,1198,0.008124457465277778,0.542545949641166,0.3722559551904598,1.0,1
forged__30917,30917,/kaggle/input/competitions/recodai-luc-scientific-image-forgery-detection/train_images/forged/30917.png,forged,1,5089,0.03451199001736111,Q3,0,0.0,1.965022597721261e-11,1.965022597721261e-11,0.90966796875,1
forged__31077,31077,/kaggle/input/competitions/recodai-luc-scientific-image-forgery-detection/train_images/forged/31077.png,forged,1,1589,0.010776095920138888,Q1,470,0.0031873914930555555,0.14084507046426203,0.07575757580586429,0.95263671875,1
forged__3110,3110,/kaggle/input/competitions/recodai-luc-scientific-image-forgery-detection/train_images/forged/3110.png,forged,1,12261,0.08315022786458333,Q3,7163,0.048577202690972224,0.6056425041206465,0.43435238517623426,0.99267578125,1
forged__31218,31218,/kaggle/input/competitions/recodai-luc-scientific-image-forgery-detection/train_images/forged/31218.png,forged,1,732,0.004964192708333333,Q1,187,0.0012681749131944445,0.40696409146823026,0.2554644809760295,0.93115234375,1
forged__31262,31262,/kaggle/input/competitions/recodai-luc-scientific-image-forgery-detection/train_images/forged/31262.png,forged,1,891,0.00604248046875,Q3,105,0.0007120768229166666,0.20481927718827117,0.11409395983063826,0.9853515625,1
forged__31336,31336,/kaggle/input/competitions/recodai-luc-scientific-image-forgery-detection/train_images/forged/31336.png,forged,1,1194,0.008097330729166666,Q4,960,0.006510416666666667,0.5236768802449547,0.35471698117265926,1.0,1
forged__31468,31468,/kaggle/input/competitions/recodai-luc-scientific-image-forgery-detection/train_images/forged/31468.png,forged,1,10059,0.06821695963541667,Q4,18965,0.12861463758680555,0.6532524807068176,0.48505935325683047,0.9990234375,1
forged__31725,31725,/kaggle/input/competitions/recodai-luc-scientific-image-forgery-detection/train_images/forged/31725.png,forged,1,3415,0.023159450954861112,Q2,4468,0.030300564236111112,0.714195103390661,0.5554459352889612,0.99169921875,1
forged__31834,31834,/kaggle/input/competitions/recodai-luc-scientific-image-forgery-detection/train_images/forged/31834.png,forged,1,5391,0.03656005859375,Q2,9152,0.062065972222222224,0.6085401911599495,0.43733939514293985,0.9970703125,1
forged__31942,31942,/kaggle/input/competitions/recodai-luc-scientific-image-forgery-detection/train_images/forged/31942.png,forged,1,1590,0.010782877604166666,Q1,358,0.0024278428819444445,0.3655030801147072,0.22361809050102902,0.9638671875,1
forged__32013,32013,/kaggle/input/competitions/recodai-luc-scientific-image-forgery-detection/train_images/forged/32013.png,forged,1,910,0.006171332465277778,Q1,139,0.0009426540798611111,0.26501429940276316,0.15274725284035745,0.9091796875,1
forged__32139,32139,/kaggle/input/competitions/recodai-luc-scientific-image-forgery-detection/train_images/forged/32139.png,forged,1,15512,0.1051974826388889,Q3,6562,0.044501410590277776,0.5739784361711788,0.40250333566679897,0.99951171875,1
forged__32201,32201,/kaggle/input/competitions/recodai-luc-scientific-image-forgery-detection/train_images/forged/32201.png,forged,1,9095,0.06167941623263889,Q3,5678,0.038506401909722224,0.6188316523413062,0.4480494020834341,0.99658203125,1
forged__3228,3228,/kaggle/input/competitions/recodai-luc-scientific-image-forgery-detection/train_images/forged/3228.png,forged,1,10626,0.07206217447916667,Q4,12077,0.08190239800347222,0.48601506409071044,0.3210171069514662,0.99951171875,1
forged__32398,32398,/kaggle/input/competitions/recodai-luc-scientific-image-forgery-detection/train_images/forged/32398.png,forged,1,11726,0.07952202690972222,Q4,8926,0.06053331163194445,0.5688553166784387,0.39748274462445876,0.998046875,1
forged__32535,32535,/kaggle/input/competitions/recodai-luc-scientific-image-forgery-detection/train_images/forged/32535.png,forged,1,3505,0.023769802517361112,Q2,6219,0.04217529296875,1.028383381313982e-11,1.028383381313982e-11,0.95947265625,1
forged__32722,32722,/kaggle/input/competitions/recodai-luc-scientific-image-forgery-detection/train_images/forged/32722.png,forged,1,3916,0.026557074652777776,Q3,979,0.006639268663194444,0.3562819203400147,0.21675366643756516,0.92724609375,1
forged__32884,32884,/kaggle/input/competitions/recodai-luc-scientific-image-forgery-detection/train_images/forged/32884.png,forged,1,2666,0.018079969618055556,Q1,5315,0.03604465060763889,0.30422252851391773,0.17940002956732085,0.99951171875,1
forged__32973,32973,/kaggle/input/competitions/recodai-luc-scientific-image-forgery-detection/train_images/forged/32973.png,forged,1,52224,0.3541666666666667,Q3,42672,0.2893880208333333,0.6110268082958069,0.4399126001465163,0.99560546875,1
forged__33053,33053,/kaggle/input/competitions/recodai-luc-scientific-image-forgery-detection/train_images/forged/33053.png,forged,1,21996,0.149169921875,Q3,27016,0.18321397569444445,0.6269893087414776,0.456652896247937,0.98974609375,1
forged__33127,33127,/kaggle/input/competitions/recodai-luc-scientific-image-forgery-detection/train_images/forged/33127.png,forged,1,4468,0.030300564236111112,Q3,0,0.0,2.238137869242656e-11,2.238137869242656e-11,0.74462890625,0
forged__33235,33235,/kaggle/input/competitions/recodai-luc-scientific-image-forgery-detection/train_images/forged/33235.png,forged,1,1592,0.010796440972222222,Q3,0,0.0,6.281407034781319e-11,6.281407034781319e-11,0.82421875,1
forged__33295,33295,/kaggle/input/competitions/recodai-luc-scientific-image-forgery-detection/train_images/forged/33295.png,forged,1,12636,0.085693359375,Q3,12384,0.083984375,0.520543565149798,0.3518478495820626,0.99951171875,1
forged__33343,33343,/kaggle/input/competitions/recodai-luc-scientific-image-forgery-detection/train_images/forged/33343.png,forged,1,11633,0.0788913302951389,Q4,21645,0.14678955078125,0.6192078850903925,0.44844396082938653,0.99853515625,1
forged__33580,33580,/kaggle/input/competitions/recodai-luc-scientific-image-forgery-detection/train_images/forged/33580.png,forged,1,58138,0.3942735460069444,Q3,39075,0.2649943033854167,0.5680927447979508,0.3967385057479932,0.99365234375,1
forged__33686,33686,/kaggle/input/competitions/recodai-luc-scientific-image-forgery-detection/train_images/forged/33686.png,forged,1,15020,0.10186089409722222,Q4,9613,0.06519232855902778,0.6449072382590635,0.4759137207940328,0.994140625,1
forged__33778,33778,/kaggle/input/competitions/recodai-luc-scientific-image-forgery-detection/train_images/forged/33778.png,forged,1,1311,0.008890787760416666,Q3,0,0.0,7.627765064254175e-11,7.627765064254175e-11,0.68505859375,0
forged__339,339,/kaggle/input/competitions/recodai-luc-scientific-image-forgery-detection/train_images/forged/339.png,forged,1,46101,0.3126424153645833,Q4,43969,0.2981838650173611,0.9057843899190565,0.8277933357688465,0.9970703125,1
forged__33985,33985,/kaggle/input/competitions/recodai-luc-scientific-image-forgery-detection/train_images/forged/33985.png,forged,1,25329,0.17177327473958334,Q4,35872,0.24327256944444445,0.7808042352252728,0.6404256459750176,0.9990234375,1
forged__34036,34036,/kaggle/input/competitions/recodai-luc-scientific-image-forgery-detection/train_images/forged/34036.png,forged,1,14719,0.0998196072048611,Q3,29246,0.1983371310763889,0.6182190378719021,0.44740740740922663,0.9951171875,1
forged__34211,34211,/kaggle/input/competitions/recodai-luc-scientific-image-forgery-detection/train_images/forged/34211.png,forged,1,17850,0.12105305989583333,Q2,8571,0.058125813802083336,0.6481965103529458,0.47950498376369416,0.97265625,1
forged__34306,34306,/kaggle/input/competitions/recodai-luc-scientific-image-forgery-detection/train_images/forged/34306.png,forged,1,14108,0.0956759982638889,Q2,16420,0.1113552517361111,0.9156839622644272,0.844480696031391,0.998046875,1
forged__34415,34415,/kaggle/input/competitions/recodai-luc-scientific-image-forgery-detection/train_images/forged/34415.png,forged,1,21503,0.14582655164930555,Q4,28438,0.19285753038194445,0.43639494603745144,0.2790953795736116,0.998046875,1
forged__34597,34597,/kaggle/input/competitions/recodai-luc-scientific-image-forgery-detection/train_images/forged/34597.png,forged,1,12421,0.08423529730902778,Q4,22829,0.1548190646701389,0.5888226950366274,0.4172563525272706,0.998046875,1
forged__34824,34824,/kaggle/input/competitions/recodai-luc-scientific-image-forgery-detection/train_images/forged/34824.png,forged,1,1076,0.007297092013888889,Q3,114,0.0007731119791666666,0.15966386561683496,0.086757990950981,0.9931640625,1
forged__34873,34873,/kaggle/input/competitions/recodai-luc-scientific-image-forgery-detection/train_images/forged/34873.png,forged,1,8370,0.0567626953125,Q4,19029,0.12904866536458334,0.31373407788855895,0.1860525518411062,1.0,1
forged__35018,35018,/kaggle/input/competitions/recodai-luc-scientific-image-forgery-detection/train_images/forged/35018.png,forged,1,752,0.005099826388888889,Q3,314,0.002129448784722222,0.5459662289356504,0.3754838710483247,0.99365234375,1
forged__35069,35069,/kaggle/input/competitions/recodai-luc-scientific-image-forgery-detection/train_images/forged/35069.png,forged,1,6334,0.04295518663194445,Q2,4425,0.030008951822916668,9.294544102525378e-12,9.294544102525378e-12,0.962890625,1
forged__35127,35127,/kaggle/input/competitions/recodai-luc-scientific-image-forgery-detection/train_images/forged/35127.png,forged,1,20510,0.1390923394097222,Q2,20242,0.1372748480902778,0.4373282292907408,0.27985930090361527,0.94091796875,1
forged__35222,35222,/kaggle/input/competitions/recodai-luc-scientific-image-forgery-detection/train_images/forged/35222.png,forged,1,33810,0.22928873697916666,Q3,0,0.0,2.95770482105011e-12,2.95770482105011e-12,0.55810546875,0
forged__35378,35378,/kaggle/input/competitions/recodai-luc-scientific-image-forgery-detection/train_images/forged/35378.png,forged,1,953,0.006462944878472222,Q1,0,0.0,1.0493179432267242e-10,1.0493179432267242e-10,0.63330078125,0
forged__35471,35471,/kaggle/input/competitions/recodai-luc-scientific-image-forgery-detection/train_images/forged/35471.png,forged,1,186,0.0012613932291666667,Q1,0,0.0,5.376344083130998e-10,5.376344083130998e-10,0.86328125,1
forged__35586,35586,/kaggle/input/competitions/recodai-luc-scientific-image-forgery-detection/train_images/forged/35586.png,forged,1,21044,0.14271375868055555,Q4,32957,0.2235039605034722,0.6923205125836701,0.5294267588095349,0.98388671875,1
forged__35715,35715,/kaggle/input/competitions/recodai-luc-scientific-image-forgery-detection/train_images/forged/35715.png,forged,1,344,0.0023328993055555555,Q1,0,0.0,2.9069767433409947e-10,2.9069767433409947e-10,0.72119140625,0
forged__35744,35744,/kaggle/input/competitions/recodai-luc-scientific-image-forgery-detection/train_images/forged/35744.png,forged,1,11858,0.0804172092013889,Q4,19663,0.13334825303819445,0.6953459598372661,0.5329734461650959,0.9990234375,1
forged__35829,35829,/kaggle/input/competitions/recodai-luc-scientific-image-forgery-detection/train_images/forged/35829.png,forged,1,6728,0.04562717013888889,Q2,2987,0.020256890190972224,0.5657231085994263,0.3944308884829276,0.998046875,1
forged__35885,35885,/kaggle/input/competitions/recodai-luc-scientific-image-forgery-detection/train_images/forged/35885.png,forged,1,2677,0.018154568142361112,Q1,875,0.005933973524305556,0.4256756756918448,0.27038626612051553,0.990234375,1
forged__36010,36010,/kaggle/input/competitions/recodai-luc-scientific-image-forgery-detection/train_images/forged/36010.png,forged,1,299,0.0020277235243055555,Q1,0,0.0,3.3444816042326143e-10,3.3444816042326143e-10,0.6484375,0
forged__36190,36190,/kaggle/input/competitions/recodai-luc-scientific-image-forgery-detection/train_images/forged/36190.png,forged,1,2041,0.013841417100694444,Q2,0,0.0,4.899559039446371e-11,4.899559039446371e-11,0.7236328125,0
forged__36295,36295,/kaggle/input/competitions/recodai-luc-scientific-image-forgery-detection/train_images/forged/36295.png,forged,1,8689,0.05892605251736111,Q4,6292,0.042670355902777776,0.6195848074252748,0.4488394584192568,0.9990234375,1
forged__36390,36390,/kaggle/input/competitions/recodai-luc-scientific-image-forgery-detection/train_images/forged/36390.png,forged,1,1562,0.010592990451388888,Q2,746,0.005059136284722222,0.605719237452092,0.434431323838755,1.0,1
forged__36453,36453,/kaggle/input/competitions/recodai-luc-scientific-image-forgery-detection/train_images/forged/36453.png,forged,1,1840,0.012478298611111112,Q1,887,0.006015353732638889,0.5911257792595848,0.4195731390203241,0.98681640625,1
forged__36597,36597,/kaggle/input/competitions/recodai-luc-scientific-image-forgery-detection/train_images/forged/36597.png,forged,1,1841,0.012485080295138888,Q2,2340,0.015869140625,0.4549150920962709,0.2944272446038877,1.0,1
forged__36707,36707,/kaggle/input/competitions/recodai-luc-scientific-image-forgery-detection/train_images/forged/36707.png,forged,1,1703,0.011549207899305556,Q4,1072,0.007269965277777778,0.6962162162271635,0.5339966832761748,0.9990234375,1
forged__36746,36746,/kaggle/input/competitions/recodai-luc-scientific-image-forgery-detection/train_images/forged/36746.png,forged,1,14724,0.099853515625,Q3,36513,0.24761962890625,0.4546714288513093,0.29422314279397255,0.9990234375,1
forged__36949,36949,/kaggle/input/competitions/recodai-luc-scientific-image-forgery-detection/train_images/forged/36949.png,forged,1,9298,0.06305609809027778,Q2,2017,0.013678656684027778,0.3360141405272999,0.20193329085190212,0.9951171875,1
forged__37076,37076,/kaggle/input/competitions/recodai-luc-scientific-image-forgery-detection/train_images/forged/37076.png,forged,1,1093,0.007412380642361111,Q1,0,0.0,9.149130831733839e-11,9.149130831733839e-11,0.7958984375,1
forged__37149,37149,/kaggle/input/competitions/recodai-luc-scientific-image-forgery-detection/train_images/forged/37149.png,forged,1,945,0.00640869140625,Q2,0,0.0,1.0582010580890793e-10,1.0582010580890793e-10,0.311279296875,0
forged__37280,37280,/kaggle/input/competitions/recodai-luc-scientific-image-forgery-detection/train_images/forged/37280.png,forged,1,2531,0.017164442274305556,Q2,0,0.0,3.9510075067581586e-11,3.9510075067581586e-11,0.91552734375,1
forged__37400,37400,/kaggle/input/competitions/recodai-luc-scientific-image-forgery-detection/train_images/forged/37400.png,forged,1,2149,0.014573838975694444,Q2,0,0.0,4.6533271286806273e-11,4.6533271286806273e-11,0.7763671875,0
forged__37451,37451,/kaggle/input/competitions/recodai-luc-scientific-image-forgery-detection/train_images/forged/37451.png,forged,1,1557,0.01055908203125,Q3,0,0.0,6.422607578264443e-11,6.422607578264443e-11,0.85009765625,1
forged__3751,3751,/kaggle/input/competitions/recodai-luc-scientific-image-forgery-detection/train_images/forged/3751.png,forged,1,1595,0.010816786024305556,Q1,0,0.0,6.269592476095949e-11,6.269592476095949e-11,0.8115234375,1
forged__37586,37586,/kaggle/input/competitions/recodai-luc-scientific-image-forgery-detection/train_images/forged/37586.png,forged,1,2920,0.019802517361111112,Q3,0,0.0,3.424657534129292e-11,3.424657534129292e-11,0.5859375,0
forged__37735,37735,/kaggle/input/competitions/recodai-luc-scientific-image-forgery-detection/train_images/forged/37735.png,forged,1,3297,0.022359212239583332,Q4,3670,0.024888780381944444,0.47079087125777536,0.3078655904015794,1.0,1
forged__37817,37817,/kaggle/input/competitions/recodai-luc-scientific-image-forgery-detection/train_images/forged/37817.png,forged,1,3211,0.021775987413194444,Q2,651,0.004414876302083333,0.2868979803395418,0.16747279325370396,0.93017578125,1
forged__37856,37856,/kaggle/input/competitions/recodai-luc-scientific-image-forgery-detection/train_images/forged/37856.png,forged,1,9522,0.0645751953125,Q2,0,0.0,1.050199537901174e-11,1.050199537901174e-11,0.876953125,1
forged__37903,37903,/kaggle/input/competitions/recodai-luc-scientific-image-forgery-detection/train_images/forged/37903.png,forged,1,2504,0.016981336805555556,Q1,1230,0.008341471354166666,0.5800749866207799,0.408525084895944,0.9765625,1
forged__37942,37942,/kaggle/input/competitions/recodai-luc-scientific-image-forgery-detection/train_images/forged/37942.png,forged,1,17473,0.1184963650173611,Q4,19675,0.1334296332465278,0.4738343921625018,0.3104737714773681,0.9990234375,1
forged__38034,38034,/kaggle/input/competitions/recodai-luc-scientific-image-forgery-detection/train_images/forged/38034.png,forged,1,413,0.002800835503472222,Q1,0,0.0,2.4213075054669954e-10,2.4213075054669954e-10,0.5107421875,0
forged__38136,38136,/kaggle/input/competitions/recodai-luc-scientific-image-forgery-detection/train_images/forged/38136.png,forged,1,1389,0.009419759114583334,Q4,1332,0.009033203125,0.4924660051638198,0.3266699171464325,1.0,1
forged__38256,38256,/kaggle/input/competitions/recodai-luc-scientific-image-forgery-detection/train_images/forged/38256.png,forged,1,8431,0.05717637803819445,Q3,410,0.002780490451388889,1.1310937676605462e-11,1.1310937676605462e-11,0.96923828125,1
forged__38294,38294,/kaggle/input/competitions/recodai-luc-scientific-image-forgery-detection/train_images/forged/38294.png,forged,1,10454,0.0708957248263889,Q4,424,0.002875434027777778,0.07795550653541132,0.04055863785115211,0.87451171875,1
forged__38456,38456,/kaggle/input/competitions/recodai-luc-scientific-image-forgery-detection/train_images/forged/38456.png,forged,1,796,0.005398220486111111,Q3,688,0.004665798611111111,0.6644204851978153,0.4974772957116572,1.0,1
forged__38486,38486,/kaggle/input/competitions/recodai-luc-scientific-image-forgery-detection/train_images/forged/38486.png,forged,1,336,0.0022786458333333335,Q2,0,0.0,2.976190475304705e-10,2.976190475304705e-10,0.73876953125,0
forged__38548,38548,/kaggle/input/competitions/recodai-luc-scientific-image-forgery-detection/train_images/forged/38548.png,forged,1,251,0.0017022026909722222,Q1,0,0.0,3.984063743432644e-10,3.984063743432644e-10,0.82470703125,1
forged__38633,38633,/kaggle/input/competitions/recodai-luc-scientific-image-forgery-detection/train_images/forged/38633.png,forged,1,334,0.002265082465277778,Q2,227,0.0015394422743055555,0.6238859180706087,0.4533678757892829,0.99853515625,1
forged__38699,38699,/kaggle/input/competitions/recodai-luc-scientific-image-forgery-detection/train_images/forged/38699.png,forged,1,669,0.004536946614583333,Q1,237,0.0016072591145833333,0.5231788079996492,0.3542600897826218,0.9345703125,1
forged__38913,38913,/kaggle/input/competitions/recodai-luc-scientific-image-forgery-detection/train_images/forged/38913.png,forged,1,10913,0.0740085177951389,Q4,20242,0.1372748480902778,0.4311346493358012,0.27480666148666144,0.9990234375,1
forged__38996,38996,/kaggle/input/competitions/recodai-luc-scientific-image-forgery-detection/train_images/forged/38996.png,forged,1,1024,0.006944444444444444,Q1,0,0.0,9.765624999046325e-11,9.765624999046325e-11,0.73828125,0
forged__39099,39099,/kaggle/input/competitions/recodai-luc-scientific-image-forgery-detection/train_images/forged/39099.png,forged,1,598,0.004055447048611111,Q1,314,0.002129448784722222,0.6030701754821195,0.43171114608607364,0.9951171875,1
forged__39299,39299,/kaggle/input/competitions/recodai-luc-scientific-image-forgery-detection/train_images/forged/39299.png,forged,1,11954,0.08106825086805555,Q2,0,0.0,8.365400702623678e-12,8.365400702623678e-12,0.72216796875,0
forged__39366,39366,/kaggle/input/competitions/recodai-luc-scientific-image-forgery-detection/train_images/forged/39366.png,forged,1,6516,0.044189453125,Q3,755,0.005120171440972222,0.0011002613257997489,0.0005504334801080166,0.9140625,1
forged__39549,39549,/kaggle/input/competitions/recodai-luc-scientific-image-forgery-detection/train_images/forged/39549.png,forged,1,588,0.003987630208333333,Q1,123,0.0008341471354166666,1.406469760702325e-10,1.406469760702325e-10,0.89013671875,1
forged__39625,39625,/kaggle/input/competitions/recodai-luc-scientific-image-forgery-detection/train_images/forged/39625.png,forged,1,1156,0.007839626736111112,Q1,0,0.0,8.650519030393553e-11,8.650519030393553e-11,0.71826171875,0
forged__39737,39737,/kaggle/input/competitions/recodai-luc-scientific-image-forgery-detection/train_images/forged/39737.png,forged,1,10754,0.07293023003472222,Q4,26093,0.17695448133680555,0.5033245583100298,0.3362950605667067,1.0,1
forged__39875,39875,/kaggle/input/competitions/recodai-luc-scientific-image-forgery-detection/train_images/forged/39875.png,forged,1,7217,0.048943413628472224,Q1,4774,0.03237575954861111,8.339588024282047e-12,8.339588024282047e-12,0.97998046875,1
forged__39944,39944,/kaggle/input/competitions/recodai-luc-scientific-image-forgery-detection/train_images/forged/39944.png,forged,1,19808,0.1343315972222222,Q4,35866,0.2432318793402778,0.6104465280029988,0.43931128978196193,0.99853515625,1
forged__40033,40033,/kaggle/input/competitions/recodai-luc-scientific-image-forgery-detection/train_images/forged/40033.png,forged,1,7772,0.05270724826388889,Q4,10468,0.07099066840277778,0.5666666666690424,0.39534883721392783,0.99853515625,1
forged__4022,4022,/kaggle/input/competitions/recodai-luc-scientific-image-forgery-detection/train_images/forged/4022.png,forged,1,1955,0.013258192274305556,Q1,1490,0.010104709201388888,0.5509433962394502,0.38020833335816473,0.998046875,1
forged__40298,40298,/kaggle/input/competitions/recodai-luc-scientific-image-forgery-detection/train_images/forged/40298.png,forged,1,1006,0.006822374131944444,Q1,0,0.0,9.940357851894596e-11,9.940357851894596e-11,0.49267578125,0
forged__40349,40349,/kaggle/input/competitions/recodai-luc-scientific-image-forgery-detection/train_images/forged/40349.png,forged,1,521,0.003533257378472222,Q1,0,0.0,1.9193857961767013e-10,1.9193857961767013e-10,0.82080078125,1
forged__40373,40373,/kaggle/input/competitions/recodai-luc-scientific-image-forgery-detection/train_images/forged/40373.png,forged,1,34712,0.2354058159722222,Q4,34362,0.2330322265625,0.9485479340997357,0.9021314093740648,0.99462890625,1
forged__4045,4045,/kaggle/input/competitions/recodai-luc-scientific-image-forgery-detection/train_images/forged/4045.png,forged,1,923,0.006259494357638889,Q1,0,0.0,1.0834236185175056e-10,1.0834236185175056e-10,0.3115234375,0
forged__40519,40519,/kaggle/input/competitions/recodai-luc-scientific-image-forgery-detection/train_images/forged/40519.png,forged,1,679,0.004604763454861111,Q1,0,0.0,1.4727540498567373e-10,1.4727540498567373e-10,0.822265625,1
forged__40582,40582,/kaggle/input/competitions/recodai-luc-scientific-image-forgery-detection/train_images/forged/40582.png,forged,1,713,0.004835340711805556,Q2,0,0.0,1.4025245439828156e-10,1.4025245439828156e-10,0.87109375,1
forged__40728,40728,/kaggle/input/competitions/recodai-luc-scientific-image-forgery-detection/train_images/forged/40728.png,forged,1,487,0.003302680121527778,Q2,0,0.0,2.0533880899274355e-10,2.0533880899274355e-10,0.986328125,1
forged__40828,40828,/kaggle/input/competitions/recodai-luc-scientific-image-forgery-detection/train_images/forged/40828.png,forged,1,7073,0.047966851128472224,Q4,13891,0.0942043728298611,0.34306430070910576,0.20704744357895527,0.98828125,1
forged__40919,40919,/kaggle/input/competitions/recodai-luc-scientific-image-forgery-detection/train_images/forged/40919.png,forged,1,12041,0.08165825737847222,Q4,13557,0.09193929036458333,0.9007734979299133,0.8194612268120018,1.0,1
forged__40974,40974,/kaggle/input/competitions/recodai-luc-scientific-image-forgery-detection/train_images/forged/40974.png,forged,1,649,0.004401312934027778,Q2,0,0.0,1.5408320490692091e-10,1.5408320490692091e-10,0.66259765625,0
forged__41024,41024,/kaggle/input/competitions/recodai-luc-scientific-image-forgery-detection/train_images/forged/41024.png,forged,1,7002,0.0474853515625,Q4,9760,0.0661892361111111,0.8192339816261829,0.6938156831073785,1.0,1
forged__41080,41080,/kaggle/input/competitions/recodai-luc-scientific-image-forgery-detection/train_images/forged/41080.png,forged,1,10186,0.06907823350694445,Q4,192,0.0013020833333333333,0.03700134901679513,0.018849401148450327,0.93603515625,1
forged__41171,41171,/kaggle/input/competitions/recodai-luc-scientific-image-forgery-detection/train_images/forged/41171.png,forged,1,7884,0.053466796875,Q3,20695,0.1403469509548611,0.32450400644065747,0.19367638459947506,0.99755859375,1
forged__41255,41255,/kaggle/input/competitions/recodai-luc-scientific-image-forgery-detection/train_images/forged/41255.png,forged,1,1292,0.008761935763888888,Q3,0,0.0,7.739938079896289e-11,7.739938079896289e-11,0.85986328125,1
forged__414,414,/kaggle/input/competitions/recodai-luc-scientific-image-forgery-detection/train_images/forged/414.png,forged,1,16816,0.1140407986111111,Q3,38806,0.2631700303819444,0.5664305490640997,0.3951190147749,0.99755859375,1
forged__41517,41517,/kaggle/input/competitions/recodai-luc-scientific-image-forgery-detection/train_images/forged/41517.png,forged,1,13515,0.09165445963541667,Q4,22651,0.15361192491319445,0.5122490737169931,0.34431104338049917,0.99951171875,1
forged__41600,41600,/kaggle/input/competitions/recodai-luc-scientific-image-forgery-detection/train_images/forged/41600.png,forged,1,2592,0.017578125,Q2,1932,0.013102213541666666,2.2104332448671433e-11,2.2104332448671433e-11,0.978515625,1
forged__41697,41697,/kaggle/input/competitions/recodai-luc-scientific-image-forgery-detection/train_images/forged/41697.png,forged,1,2282,0.015475802951388888,Q4,2080,0.014105902777777778,0.7143512150455215,0.5556348074338219,0.99951171875,1
forged__41830,41830,/kaggle/input/competitions/recodai-luc-scientific-image-forgery-detection/train_images/forged/41830.png,forged,1,6181,0.04191758897569445,Q4,13094,0.08879937065972222,0.3612970168645328,0.22047742671297105,0.9990234375,1
forged__41895,41895,/kaggle/input/competitions/recodai-luc-scientific-image-forgery-detection/train_images/forged/41895.png,forged,1,211,0.001430935329861111,Q2,0,0.0,4.739336490644864e-10,4.739336490644864e-10,0.9912109375,1
forged__42035,42035,/kaggle/input/competitions/recodai-luc-scientific-image-forgery-detection/train_images/forged/42035.png,forged,1,6984,0.04736328125,Q4,13510,0.09162055121527778,0.6276959110001576,0.45740292988580994,0.99951171875,1
forged__42121,42121,/kaggle/input/competitions/recodai-luc-scientific-image-forgery-detection/train_images/forged/42121.png,forged,1,794,0.005384657118055556,Q3,0,0.0,1.259445843670095e-10,1.259445843670095e-10,0.86328125,1
forged__4222,4222,/kaggle/input/competitions/recodai-luc-scientific-image-forgery-detection/train_images/forged/4222.png,forged,1,27578,0.18702528211805555,Q4,32349,0.21938069661458334,0.9203864702055494,0.8525147608895097,0.9990234375,1
forged__42289,42289,/kaggle/input/competitions/recodai-luc-scientific-image-forgery-detection/train_images/forged/42289.png,forged,1,964,0.006537543402777778,Q1,994,0.006740993923611111,5.1072522980026936e-11,5.1072522980026936e-11,0.93798828125,1
forged__42385,42385,/kaggle/input/competitions/recodai-luc-scientific-image-forgery-detection/train_images/forged/42385.png,forged,1,11624,0.0788302951388889,Q3,21805,0.14787462022569445,0.6949056208690212,0.532456220777792,0.99951171875,1
forged__42461,42461,/kaggle/input/competitions/recodai-luc-scientific-image-forgery-detection/train_images/forged/42461.png,forged,1,10968,0.07438151041666667,Q2,17126,0.11614312065972222,0.4638000996673176,0.30191389777421607,0.98876953125,1
forged__42632,42632,/kaggle/input/competitions/recodai-luc-scientific-image-forgery-detection/train_images/forged/42632.png,forged,1,15062,0.1021457248263889,Q4,36052,0.24449327256944445,0.48303791524927997,0.3184245144333916,0.99853515625,1
forged__42742,42742,/kaggle/input/competitions/recodai-luc-scientific-image-forgery-detection/train_images/forged/42742.png,forged,1,1031,0.006991916232638889,Q1,157,0.001064724392361111,0.2441077441713714,0.13902205185627783,0.95849609375,1
forged__42832,42832,/kaggle/input/competitions/recodai-luc-scientific-image-forgery-detection/train_images/forged/42832.png,forged,1,1106,0.007500542534722222,Q1,1787,0.012118869357638888,0.10646387835788236,0.056224899632850496,0.921875,1
forged__43085,43085,/kaggle/input/competitions/recodai-luc-scientific-image-forgery-detection/train_images/forged/43085.png,forged,1,9251,0.06273735894097222,Q4,16216,0.10997178819444445,0.7079750265060354,0.5479576951158038,0.98583984375,1
forged__43142,43142,/kaggle/input/competitions/recodai-luc-scientific-image-forgery-detection/train_images/forged/43142.png,forged,1,4725,0.03204345703125,Q2,10912,0.0740017361111111,0.31719639317441195,0.18849281751775865,0.99951171875,1
forged__4321,4321,/kaggle/input/competitions/recodai-luc-scientific-image-forgery-detection/train_images/forged/4321.png,forged,1,15304,0.1037868923611111,Q4,33006,0.22383626302083334,0.597598840820539,0.4261254612563067,0.99462890625,1
forged__43285,43285,/kaggle/input/competitions/recodai-luc-scientific-image-forgery-detection/train_images/forged/43285.png,forged,1,8712,0.05908203125,Q2,17716,0.1201443142361111,0.45232329347868805,0.292259547213866,0.99365234375,1
forged__43368,43368,/kaggle/input/competitions/recodai-luc-scientific-image-forgery-detection/train_images/forged/43368.png,forged,1,801,0.00543212890625,Q1,0,0.0,1.2484394505307816e-10,1.2484394505307816e-10,0.66162109375,0
forged__43610,43610,/kaggle/input/competitions/recodai-luc-scientific-image-forgery-detection/train_images/forged/43610.png,forged,1,432,0.0029296875,Q2,418,0.002834743923611111,1.1764705880968858e-10,1.1764705880968858e-10,0.99462890625,1
forged__4371,4371,/kaggle/input/competitions/recodai-luc-scientific-image-forgery-detection/train_images/forged/4371.png,forged,1,24558,0.16654459635416666,Q4,1415,0.009596082899305556,3.8501520809923755e-12,3.8501520809923755e-12,0.9326171875,1
forged__43810,43810,/kaggle/input/competitions/recodai-luc-scientific-image-forgery-detection/train_images/forged/43810.png,forged,1,1260,0.008544921875,Q3,898,0.006089952256944444,0.5662650602610628,0.39495798323238795,0.99560546875,1
forged__43915,43915,/kaggle/input/competitions/recodai-luc-scientific-image-forgery-detection/train_images/forged/43915.png,forged,1,3012,0.020426432291666668,Q1,0,0.0,3.320053120739706e-11,3.320053120739706e-11,0.3505859375,0
forged__44020,44020,/kaggle/input/competitions/recodai-luc-scientific-image-forgery-detection/train_images/forged/44020.png,forged,1,1223,0.008293999565972222,Q1,0,0.0,8.176614880770513e-11,8.176614880770513e-11,0.84619140625,1
forged__44171,44171,/kaggle/input/competitions/recodai-luc-scientific-image-forgery-detection/train_images/forged/44171.png,forged,1,8137,0.055182562934027776,Q3,1249,0.008470323350694444,0.2546345621217277,0.14589183250951177,0.88916015625,1
forged__44236,44236,/kaggle/input/competitions/recodai-luc-scientific-image-forgery-detection/train_images/forged/44236.png,forged,1,12896,0.08745659722222222,Q3,10109,0.06855604383680555,0.5414475114125562,0.37122250700738374,0.99755859375,1
forged__44311,44311,/kaggle/input/competitions/recodai-luc-scientific-image-forgery-detection/train_images/forged/44311.png,forged,1,487,0.003302680121527778,Q2,0,0.0,2.0533880899274355e-10,2.0533880899274355e-10,0.83544921875,1
forged__44420,44420,/kaggle/input/competitions/recodai-luc-scientific-image-forgery-detection/train_images/forged/44420.png,forged,1,3381,0.022928873697916668,Q1,3239,0.021965874565972224,0.4815709969866832,0.31715081577164445,0.998046875,1
forged__44555,44555,/kaggle/input/competitions/recodai-luc-scientific-image-forgery-detection/train_images/forged/44555.png,forged,1,10307,0.06989881727430555,Q3,11919,0.08083089192708333,0.45973184558868113,0.2984752000975727,0.99365234375,1
forged__44622,44622,/kaggle/input/competitions/recodai-luc-scientific-image-forgery-detection/train_images/forged/44622.png,forged,1,17954,0.12175835503472222,Q3,22809,0.15468343098958334,0.7389544439817016,0.5859855264197884,0.99951171875,1
forged__44666,44666,/kaggle/input/competitions/recodai-luc-scientific-image-forgery-detection/train_images/forged/44666.png,forged,1,27295,0.18510606553819445,Q3,29772,0.201904296875,0.6794119193234629,0.5144767920184855,0.97705078125,1
forged__44778,44778,/kaggle/input/competitions/recodai-luc-scientific-image-forgery-detection/train_images/forged/44778.png,forged,1,13915,0.09436713324652778,Q2,7063,0.04789903428819445,0.6201735151128793,0.4494576107272199,0.99755859375,1
forged__44829,44829,/kaggle/input/competitions/recodai-luc-scientific-image-forgery-detection/train_images/forged/44829.png,forged,1,25440,0.17252604166666666,Q3,91503,0.62054443359375,0.39320010603508276,0.2447100647147004,0.990234375,1
forged__45004,45004,/kaggle/input/competitions/recodai-luc-scientific-image-forgery-detection/train_images/forged/45004.png,forged,1,1943,0.013176812065972222,Q1,8352,0.056640625,0.10296260321415286,0.05427547363999717,0.98291015625,1
forged__45133,45133,/kaggle/input/competitions/recodai-luc-scientific-image-forgery-detection/train_images/forged/45133.png,forged,1,1482,0.010050455729166666,Q1,393,0.0026652018229166665,0.3957333333655609,0.24667553196498168,0.97314453125,1
forged__45182,45182,/kaggle/input/competitions/recodai-luc-scientific-image-forgery-detection/train_images/forged/45182.png,forged,1,4199,0.028476291232638888,Q4,4880,0.03309461805555555,0.901200572751391,0.8201684041736133,1.0,1
forged__45310,45310,/kaggle/input/competitions/recodai-luc-scientific-image-forgery-detection/train_images/forged/45310.png,forged,1,703,0.004767523871527778,Q3,117,0.00079345703125,0.26341463423616895,0.15168539337757228,0.98828125,1
forged__45381,45381,/kaggle/input/competitions/recodai-luc-scientific-image-forgery-detection/train_images/forged/45381.png,forged,1,422,0.002861870659722222,Q1,0,0.0,2.3696682458839646e-10,2.3696682458839646e-10,0.418701171875,0
forged__45536,45536,/kaggle/input/competitions/recodai-luc-scientific-image-forgery-detection/train_images/forged/45536.png,forged,1,3178,0.021552191840277776,Q2,1451,0.009840223524305556,0.5547634478385232,0.38385650226057233,0.96484375,1
forged__45620,45620,/kaggle/input/competitions/recodai-luc-scientific-image-forgery-detection/train_images/forged/45620.png,forged,1,12510,0.0848388671875,Q3,9543,0.06471761067708333,0.5794223008226571,0.40787793667385164,0.99755859375,1
forged__45767,45767,/kaggle/input/competitions/recodai-luc-scientific-image-forgery-detection/train_images/forged/45767.png,forged,1,6758,0.045830620659722224,Q2,20948,0.1420627170138889,0.4651699992800651,0.3030759100775888,0.99853515625,1
forged__45878,45878,/kaggle/input/competitions/recodai-luc-scientific-image-forgery-detection/train_images/forged/45878.png,forged,1,5710,0.03872341579861111,Q3,25176,0.17073567708333334,0.3178786505234803,0.18897486238137975,0.99658203125,1
forged__45958,45958,/kaggle/input/competitions/recodai-luc-scientific-image-forgery-detection/train_images/forged/45958.png,forged,1,657,0.00445556640625,Q2,0,0.0,1.5220700149890306e-10,1.5220700149890306e-10,0.64599609375,0
forged__46106,46106,/kaggle/input/competitions/recodai-luc-scientific-image-forgery-detection/train_images/forged/46106.png,forged,1,498,0.0033772786458333335,Q1,0,0.0,2.0080321281108367e-10,2.0080321281108367e-10,0.6357421875,0
forged__46206,46206,/kaggle/input/competitions/recodai-luc-scientific-image-forgery-detection/train_images/forged/46206.png,forged,1,722,0.004896375868055556,Q2,0,0.0,1.3850415510547035e-10,1.3850415510547035e-10,0.576171875,0
forged__46309,46309,/kaggle/input/competitions/recodai-luc-scientific-image-forgery-detection/train_images/forged/46309.png,forged,1,5756,0.03903537326388889,Q2,6513,0.044169108072916664,0.4197571114237529,0.2656282236510663,0.994140625,1
forged__46366,46366,/kaggle/input/competitions/recodai-luc-scientific-image-forgery-detection/train_images/forged/46366.png,forged,1,10727,0.07274712456597222,Q3,3222,0.0218505859375,0.4016058498860018,0.25125583064898405,0.98876953125,1
forged__46500,46500,/kaggle/input/competitions/recodai-luc-scientific-image-forgery-detection/train_images/forged/46500.png,forged,1,4347,0.02947998046875,Q3,0,0.0,2.3004370829928585e-11,2.3004370829928585e-11,0.275634765625,0
forged__46698,46698,/kaggle/input/competitions/recodai-luc-scientific-image-forgery-detection/train_images/forged/46698.png,forged,1,18159,0.12314860026041667,Q2,16929,0.11480712890625,0.6132580939363508,0.44222943812140975,0.9931640625,1
forged__46849,46849,/kaggle/input/competitions/recodai-luc-scientific-image-forgery-detection/train_images/forged/46849.png,forged,1,5175,0.03509521484375,Q4,2923,0.019822862413194444,0.5680414917316863,0.39668851329084703,0.99609375,1
forged__46907,46907,/kaggle/input/competitions/recodai-luc-scientific-image-forgery-detection/train_images/forged/46907.png,forged,1,19858,0.1346706814236111,Q4,23824,0.1615668402777778,0.7065152694480415,0.5462107536032487,0.9814453125,1
forged__46969,46969,/kaggle/input/competitions/recodai-luc-scientific-image-forgery-detection/train_images/forged/46969.png,forged,1,1266,0.008585611979166666,Q2,576,0.00390625,0.61237785018391,0.4413145540343259,0.986328125,1
forged__47030,47030,/kaggle/input/competitions/recodai-luc-scientific-image-forgery-detection/train_images/forged/47030.png,forged,1,2655,0.01800537109375,Q2,0,0.0,3.7664783426076653e-11,3.7664783426076653e-11,0.73193359375,0
forged__47069,47069,/kaggle/input/competitions/recodai-luc-scientific-image-forgery-detection/train_images/forged/47069.png,forged,1,9846,0.0667724609375,Q3,7531,0.05107286241319445,0.7050699200109048,0.5444849346765221,0.99951171875,1
forged__47151,47151,/kaggle/input/competitions/recodai-luc-scientific-image-forgery-detection/train_images/forged/47151.png,forged,1,158,0.001071506076388889,Q1,0,0.0,6.329113920044864e-10,6.329113920044864e-10,0.83837890625,1
forged__47261,47261,/kaggle/input/competitions/recodai-luc-scientific-image-forgery-detection/train_images/forged/47261.png,forged,1,35256,0.23909505208333334,Q3,47657,0.3231947157118056,0.6752861433072314,0.5097600058277618,0.99560546875,1
forged__4740,4740,/kaggle/input/competitions/recodai-luc-scientific-image-forgery-detection/train_images/forged/4740.png,forged,1,10101,0.06850179036458333,Q4,10612,0.07196723090277778,0.4911891082919365,0.32554716498575736,1.0,1
forged__47441,47441,/kaggle/input/competitions/recodai-luc-scientific-image-forgery-detection/train_images/forged/47441.png,forged,1,1003,0.006802029079861111,Q1,0,0.0,9.970089729813551e-11,9.970089729813551e-11,0.7763671875,0
forged__47770,47770,/kaggle/input/competitions/recodai-luc-scientific-image-forgery-detection/train_images/forged/47770.png,forged,1,5763,0.039082845052083336,Q3,0,0.0,1.7352073572490853e-11,1.7352073572490853e-11,0.748046875,0
forged__47916,47916,/kaggle/input/competitions/recodai-luc-scientific-image-forgery-detection/train_images/forged/47916.png,forged,1,20626,0.13987901475694445,Q4,24656,0.1672092013888889,0.8960293273267611,0.8116423284664467,0.99658203125,1
forged__48113,48113,/kaggle/input/competitions/recodai-luc-scientific-image-forgery-detection/train_images/forged/48113.png,forged,1,533,0.0036146375868055555,Q1,0,0.0,1.8761726075279228e-10,1.8761726075279228e-10,0.60693359375,0
forged__48207,48207,/kaggle/input/competitions/recodai-luc-scientific-image-forgery-detection/train_images/forged/48207.png,forged,1,23144,0.1569552951388889,Q4,23795,0.1613701714409722,0.8854896780930879,0.7945100737860056,0.99755859375,1
forged__48272,48272,/kaggle/input/competitions/recodai-luc-scientific-image-forgery-detection/train_images/forged/48272.png,forged,1,19843,0.13456895616319445,Q4,18861,0.12790934244791666,0.4486357999187458,0.28918792885454275,0.986328125,1
forged__48333,48333,/kaggle/input/competitions/recodai-luc-scientific-image-forgery-detection/train_images/forged/48333.png,forged,1,2226,0.015096028645833334,Q3,277,0.0018785264756944445,0.12704754298333812,0.06783276454488768,0.96044921875,1
forged__4845,4845,/kaggle/input/competitions/recodai-luc-scientific-image-forgery-detection/train_images/forged/4845.png,forged,1,4441,0.030117458767361112,Q1,965,0.006544325086805556,0.27229004810817076,0.157601713080137,0.97900390625,1
forged__4865,4865,/kaggle/input/competitions/recodai-luc-scientific-image-forgery-detection/train_images/forged/4865.png,forged,1,1187,0.008049858940972222,Q1,0,0.0,8.424599830798264e-11,8.424599830798264e-11,0.58837890625,0
forged__48718,48718,/kaggle/input/competitions/recodai-luc-scientific-image-forgery-detection/train_images/forged/48718.png,forged,1,1476,0.010009765625,Q1,0,0.0,6.775067750218491e-11,6.775067750218491e-11,0.4228515625,0
forged__48836,48836,/kaggle/input/competitions/recodai-luc-scientific-image-forgery-detection/train_images/forged/48836.png,forged,1,9229,0.0625881618923611,Q3,6026,0.04086642795138889,0.6858079318276905,0.5218475658467493,0.9775390625,1
forged__48981,48981,/kaggle/input/competitions/recodai-luc-scientific-image-forgery-detection/train_images/forged/48981.png,forged,1,16008,0.10856119791666667,Q4,31758,0.21537272135416666,0.6452706946370949,0.47630968938502144,0.9990234375,1
forged__49042,49042,/kaggle/input/competitions/recodai-luc-scientific-image-forgery-detection/train_images/forged/49042.png,forged,1,2664,0.01806640625,Q2,0,0.0,3.7537537536128474e-11,3.7537537536128474e-11,0.78857421875,1
forged__49233,49233,/kaggle/input/competitions/recodai-luc-scientific-image-forgery-detection/train_images/forged/49233.png,forged,1,341,0.002312554253472222,Q2,261,0.00177001953125,0.7807308970463903,0.6403269755748427,0.9990234375,1
forged__49506,49506,/kaggle/input/competitions/recodai-luc-scientific-image-forgery-detection/train_images/forged/49506.png,forged,1,432,0.0029296875,Q1,0,0.0,2.3148148142789777e-10,2.3148148142789777e-10,0.7958984375,1
forged__4957,4957,/kaggle/input/competitions/recodai-luc-scientific-image-forgery-detection/train_images/forged/4957.png,forged,1,14777,0.10021294487847222,Q1,4931,0.033440483940972224,0.48345849401520474,0.318790149897492,0.94921875,1
forged__49711,49711,/kaggle/input/competitions/recodai-luc-scientific-image-forgery-detection/train_images/forged/49711.png,forged,1,6081,0.041239420572916664,Q4,2798,0.018975151909722224,0.15159364794288102,0.08201316111281971,0.96630859375,1
forged__49733,49733,/kaggle/input/competitions/recodai-luc-scientific-image-forgery-detection/train_images/forged/49733.png,forged,1,195,0.0013224283854166667,Q1,0,0.0,5.12820512557528e-10,5.12820512557528e-10,0.6318359375,0
forged__49799,49799,/kaggle/input/competitions/recodai-luc-scientific-image-forgery-detection/train_images/forged/49799.png,forged,1,896,0.006076388888888889,Q3,1770,0.012003580729166666,0.3360840210301544,0.20198376919738578,0.994140625,1
forged__4992,4992,/kaggle/input/competitions/recodai-luc-scientific-image-forgery-detection/train_images/forged/4992.png,forged,1,239,0.001620822482638889,Q1,0,0.0,4.1841004166593723e-10,4.1841004166593723e-10,0.8779296875,1
forged__49982,49982,/kaggle/input/competitions/recodai-luc-scientific-image-forgery-detection/train_images/forged/49982.png,forged,1,10426,0.0707058376736111,Q3,11051,0.07494439019097222,0.6253201098867378,0.45488416204135695,0.99853515625,1
forged__50069,50069,/kaggle/input/competitions/recodai-luc-scientific-image-forgery-detection/train_images/forged/50069.png,forged,1,615,0.004170735677083333,Q2,386,0.002617730034722222,0.7072927073219488,0.5471406492199165,0.99951171875,1
forged__50158,50158,/kaggle/input/competitions/recodai-luc-scientific-image-forgery-detection/train_images/forged/50158.png,forged,1,28157,0.1909518771701389,Q4,34265,0.23237440321180555,0.7211560026918056,0.5639124116862156,0.998046875,1
forged__50255,50255,/kaggle/input/competitions/recodai-luc-scientific-image-forgery-detection/train_images/forged/50255.png,forged,1,1417,0.009609646267361112,Q1,575,0.003899468315972222,0.5622489960059112,0.39106145255649005,0.97900390625,1
forged__50311,50311,/kaggle/input/competitions/recodai-luc-scientific-image-forgery-detection/train_images/forged/50311.png,forged,1,1324,0.008978949652777778,Q1,678,0.004597981770833333,0.3706293706608077,0.22746781120616383,0.97607421875,1
forged__50419,50419,/kaggle/input/competitions/recodai-luc-scientific-image-forgery-detection/train_images/forged/50419.png,forged,1,47704,0.3235134548611111,Q4,34141,0.2315334743923611,0.7973119921805886,0.6629416664980333,0.99169921875,1
forged__50539,50539,/kaggle/input/competitions/recodai-luc-scientific-image-forgery-detection/train_images/forged/50539.png,forged,1,1387,0.009406195746527778,Q1,0,0.0,7.209805334736135e-11,7.209805334736135e-11,0.66015625,0
forged__50636,50636,/kaggle/input/competitions/recodai-luc-scientific-image-forgery-detection/train_images/forged/50636.png,forged,1,526,0.003567165798611111,Q2,106,0.0007188585069444445,0.303797468464589,0.17910447776509245,0.97412109375,1
forged__50690,50690,/kaggle/input/competitions/recodai-luc-scientific-image-forgery-detection/train_images/forged/50690.png,forged,1,8575,0.05815294053819445,Q3,5948,0.040337456597222224,0.6169524203014739,0.4460818480588859,0.998046875,1
forged__5080,5080,/kaggle/input/competitions/recodai-luc-scientific-image-forgery-detection/train_images/forged/5080.png,forged,1,9606,0.06514485677083333,Q4,8502,0.057657877604166664,0.8920918930865248,0.8052038680111134,0.99853515625,1
forged__50907,50907,/kaggle/input/competitions/recodai-luc-scientific-image-forgery-detection/train_images/forged/50907.png,forged,1,11312,0.07671440972222222,Q3,3905,0.026482476128472224,0.32700269435942037,0.19545918768799228,0.966796875,1
forged__50983,50983,/kaggle/input/competitions/recodai-luc-scientific-image-forgery-detection/train_images/forged/50983.png,forged,1,1116,0.007568359375,Q2,0,0.0,8.960573475899589e-11,8.960573475899589e-11,0.7412109375,0
forged__51069,51069,/kaggle/input/competitions/recodai-luc-scientific-image-forgery-detection/train_images/forged/51069.png,forged,1,2334,0.015828450520833332,Q3,10005,0.06785074869791667,0.36032093363027534,0.21975088968742829,0.9892578125,1
forged__51165,51165,/kaggle/input/competitions/recodai-luc-scientific-image-forgery-detection/train_images/forged/51165.png,forged,1,2648,0.017957899305555556,Q4,1947,0.013203938802083334,0.5009793253645053,0.3342044134920382,1.0,1
forged__51227,51227,/kaggle/input/competitions/recodai-luc-scientific-image-forgery-detection/train_images/forged/51227.png,forged,1,1316,0.008924696180555556,Q1,1063,0.007208930121527778,4.203446826220956e-11,4.203446826220956e-11,0.91943359375,1
forged__5130,5130,/kaggle/input/competitions/recodai-luc-scientific-image-forgery-detection/train_images/forged/5130.png,forged,1,12804,0.08683268229166667,Q2,46876,0.3178982204861111,0.30439008043012,0.17951657213040395,0.9990234375,1
forged__51345,51345,/kaggle/input/competitions/recodai-luc-scientific-image-forgery-detection/train_images/forged/51345.png,forged,1,6665,0.04519992404513889,Q4,9069,0.061503092447916664,0.783780348291701,0.6444397993348198,0.99951171875,1
forged__51552,51552,/kaggle/input/competitions/recodai-luc-scientific-image-forgery-detection/train_images/forged/51552.png,forged,1,16302,0.11055501302083333,Q3,22694,0.1539035373263889,0.6550415427232151,0.4870347773051898,0.99658203125,1
forged__51718,51718,/kaggle/input/competitions/recodai-luc-scientific-image-forgery-detection/train_images/forged/51718.png,forged,1,4491,0.03045654296875,Q2,217,0.0014716254340277778,0.0921835174364447,0.04831885996329729,0.896484375,1
forged__51796,51796,/kaggle/input/competitions/recodai-luc-scientific-image-forgery-detection/train_images/forged/51796.png,forged,1,1645,0.011155870225694444,Q3,794,0.005384657118055556,0.45018450186756115,0.2904761905137314,0.9677734375,1
forged__51927,51927,/kaggle/input/competitions/recodai-luc-scientific-image-forgery-detection/train_images/forged/51927.png,forged,1,8688,0.058919270833333336,Q3,10158,0.06888834635416667,0.9174360607029745,0.8474659347137784,1.0,1
forged__52050,52050,/kaggle/input/competitions/recodai-luc-scientific-image-forgery-detection/train_images/forged/52050.png,forged,1,897,0.006083170572916667,Q1,0,0.0,1.1148272016594395e-10,1.1148272016594395e-10,0.84716796875,1
forged__5220,5220,/kaggle/input/competitions/recodai-luc-scientific-image-forgery-detection/train_images/forged/5220.png,forged,1,12912,0.08756510416666667,Q2,15735,0.10670979817708333,0.7949872587014523,0.6597334878351117,0.9990234375,1
forged__52298,52298,/kaggle/input/competitions/recodai-luc-scientific-image-forgery-detection/train_images/forged/52298.png,forged,1,10139,0.0687594943576389,Q4,5741,0.038933648003472224,0.6764483627224405,0.5110857360404312,0.98828125,1
forged__52396,52396,/kaggle/input/competitions/recodai-luc-scientific-image-forgery-detection/train_images/forged/52396.png,forged,1,39266,0.2662896050347222,Q4,21986,0.1491021050347222,0.511330242278601,0.3434813125124068,0.998046875,1
forged__52590,52590,/kaggle/input/competitions/recodai-luc-scientific-image-forgery-detection/train_images/forged/52590.png,forged,1,7422,0.050333658854166664,Q3,18228,0.12361653645833333,0.5495516569218342,0.378883990972052,0.99951171875,1
forged__5270,5270,/kaggle/input/competitions/recodai-luc-scientific-image-forgery-detection/train_images/forged/5270.png,forged,1,5266,0.035712348090277776,Q3,22968,0.15576171875,0.3367571013694951,0.20247018739692302,0.99853515625,1
forged__52798,52798,/kaggle/input/competitions/recodai-luc-scientific-image-forgery-detection/train_images/forged/52798.png,forged,1,1703,0.011549207899305556,Q1,456,0.0030924479166666665,0.42149143124495175,0.2670187793857383,0.9423828125,1
forged__52927,52927,/kaggle/input/competitions/recodai-luc-scientific-image-forgery-detection/train_images/forged/52927.png,forged,1,11205,0.07598876953125,Q3,22325,0.1514010959201389,0.6650164032219952,0.49814574862830907,0.99853515625,1
forged__53118,53118,/kaggle/input/competitions/recodai-luc-scientific-image-forgery-detection/train_images/forged/53118.png,forged,1,2082,0.014119466145833334,Q2,0,0.0,4.803073967108402e-11,4.803073967108402e-11,0.91259765625,1
forged__53157,53157,/kaggle/input/competitions/recodai-luc-scientific-image-forgery-detection/train_images/forged/53157.png,forged,1,6400,0.043402777777777776,Q3,2419,0.016404893663194444,0.44131987754347063,0.2831369125668102,0.9970703125,1
forged__53248,53248,/kaggle/input/competitions/recodai-luc-scientific-image-forgery-detection/train_images/forged/53248.png,forged,1,4310,0.029229058159722224,Q2,6691,0.04537624782986111,0.6644850468169758,0.49754968691127754,0.99853515625,1
forged__53404,53404,/kaggle/input/competitions/recodai-luc-scientific-image-forgery-detection/train_images/forged/53404.png,forged,1,9205,0.06242540147569445,Q4,24485,0.1660495334201389,0.5265657465137235,0.3573730862233789,0.99951171875,1
forged__53527,53527,/kaggle/input/competitions/recodai-luc-scientific-image-forgery-detection/train_images/forged/53527.png,forged,1,1240,0.008409288194444444,Q1,1636,0.011094835069444444,3.477051460240715e-11,3.477051460240715e-11,0.9755859375,1
forged__53675,53675,/kaggle/input/competitions/recodai-luc-scientific-image-forgery-detection/train_images/forged/53675.png,forged,1,1829,0.012403700086805556,Q2,0,0.0,5.4674685617568354e-11,5.4674685617568354e-11,0.7548828125,0
forged__5385,5385,/kaggle/input/competitions/recodai-luc-scientific-image-forgery-detection/train_images/forged/5385.png,forged,1,810,0.0054931640625,Q2,0,0.0,1.234567901082152e-10,1.234567901082152e-10,0.85693359375,1
forged__53927,53927,/kaggle/input/competitions/recodai-luc-scientific-image-forgery-detection/train_images/forged/53927.png,forged,1,13725,0.09307861328125,Q3,7680,0.052083333333333336,0.5630460172877223,0.39183301905590845,0.9990234375,1
forged__54000,54000,/kaggle/input/competitions/recodai-luc-scientific-image-forgery-detection/train_images/forged/54000.png,forged,1,23978,0.16261121961805555,Q4,11625,0.07883707682291667,0.5123725528761274,0.3444226266923026,0.99267578125,1
forged__54040,54040,/kaggle/input/competitions/recodai-luc-scientific-image-forgery-detection/train_images/forged/54040.png,forged,1,16445,0.11152479383680555,Q2,22239,0.15081787109375,0.6110019646375479,0.43988684582952475,0.9677734375,1
forged__54152,54152,/kaggle/input/competitions/recodai-luc-scientific-image-forgery-detection/train_images/forged/54152.png,forged,1,9964,0.06757269965277778,Q4,17843,0.1210055881076389,0.3714891933708365,0.22811589082577458,0.99609375,1
forged__5436,5436,/kaggle/input/competitions/recodai-luc-scientific-image-forgery-detection/train_images/forged/5436.png,forged,1,15408,0.1044921875,Q3,7625,0.05171034071180555,0.5907176659593162,0.41916204559815673,0.98486328125,1
forged__54527,54527,/kaggle/input/competitions/recodai-luc-scientific-image-forgery-detection/train_images/forged/54527.png,forged,1,21550,0.1461452907986111,Q4,23961,0.16249593098958334,0.9343235701260479,0.8767422680417454,0.9990234375,1
forged__54553,54553,/kaggle/input/competitions/recodai-luc-scientific-image-forgery-detection/train_images/forged/54553.png,forged,1,2402,0.016289605034722224,Q2,291,0.0019734700520833335,3.7133308576415396e-11,3.7133308576415396e-11,0.90380859375,1
forged__54710,54710,/kaggle/input/competitions/recodai-luc-scientific-image-forgery-detection/train_images/forged/54710.png,forged,1,12418,0.08421495225694445,Q2,26244,0.177978515625,0.6235580156235488,0.4530216476268302,0.990234375,1
forged__54790,54790,/kaggle/input/competitions/recodai-luc-scientific-image-forgery-detection/train_images/forged/54790.png,forged,1,5429,0.03681776258680555,Q2,3217,0.021816677517361112,0.5056673606349101,0.3383900928894986,0.99853515625,1
forged__54870,54870,/kaggle/input/competitions/recodai-luc-scientific-image-forgery-detection/train_images/forged/54870.png,forged,1,13197,0.08949788411458333,Q3,9499,0.0644192165798611,0.5771060979926987,0.40558617700250454,0.9990234375,1
forged__54945,54945,/kaggle/input/competitions/recodai-luc-scientific-image-forgery-detection/train_images/forged/54945.png,forged,1,8906,0.06039767795138889,Q4,6892,0.04673936631944445,0.5336118496041675,0.3638953639008556,0.9931640625,1
forged__55025,55025,/kaggle/input/competitions/recodai-luc-scientific-image-forgery-detection/train_images/forged/55025.png,forged,1,4519,0.030646430121527776,Q3,177,0.0012003580729166667,2.1294718909256925e-11,2.1294718909256925e-11,0.9189453125,1
forged__55072,55072,/kaggle/input/competitions/recodai-luc-scientific-image-forgery-detection/train_images/forged/55072.png,forged,1,12598,0.08543565538194445,Q3,15688,0.10639105902777778,0.7649720709900129,0.6193965764033927,0.998046875,1
forged__55175,55175,/kaggle/input/competitions/recodai-luc-scientific-image-forgery-detection/train_images/forged/55175.png,forged,1,24753,0.16786702473958334,Q4,27206,0.1845024956597222,0.8325025500878914,0.7130658402304142,0.99951171875,1
forged__55291,55291,/kaggle/input/competitions/recodai-luc-scientific-image-forgery-detection/train_images/forged/55291.png,forged,1,561,0.0038045247395833335,Q1,0,0.0,1.7825311939781585e-10,1.7825311939781585e-10,0.82861328125,1
forged__55394,55394,/kaggle/input/competitions/recodai-luc-scientific-image-forgery-detection/train_images/forged/55394.png,forged,1,2202,0.014933268229166666,Q4,1560,0.010579427083333334,0.39766081872946146,0.24817518250669623,0.97265625,1
forged__55541,55541,/kaggle/input/competitions/recodai-luc-scientific-image-forgery-detection/train_images/forged/55541.png,forged,1,471,0.0031941731770833335,Q1,0,0.0,2.123142250080012e-10,2.123142250080012e-10,0.60302734375,0
forged__55651,55651,/kaggle/input/competitions/recodai-luc-scientific-image-forgery-detection/train_images/forged/55651.png,forged,1,6868,0.046576605902777776,Q2,512,0.003472222222222222,1.3550135501171407e-11,1.3550135501171407e-11,0.88525390625,1
forged__55695,55695,/kaggle/input/competitions/recodai-luc-scientific-image-forgery-detection/train_images/forged/55695.png,forged,1,25536,0.17317708333333334,Q3,8439,0.057230631510416664,0.496777041944086,0.3304746240627723,0.97119140625,1
forged__55790,55790,/kaggle/input/competitions/recodai-luc-scientific-image-forgery-detection/train_images/forged/55790.png,forged,1,20704,0.1404079861111111,Q4,6804,0.046142578125,0.48087828995390114,0.31655020580397936,0.99951171875,1
forged__55949,55949,/kaggle/input/competitions/recodai-luc-scientific-image-forgery-detection/train_images/forged/55949.png,forged,1,1226,0.008314344618055556,Q3,0,0.0,8.156606850884452e-11,8.156606850884452e-11,0.771484375,0
forged__56127,56127,/kaggle/input/competitions/recodai-luc-scientific-image-forgery-detection/train_images/forged/56127.png,forged,1,1850,0.012546115451388888,Q2,998,0.006768120659722222,0.6713483146182814,0.5052854122883041,0.986328125,1
forged__5626,5626,/kaggle/input/competitions/recodai-luc-scientific-image-forgery-detection/train_images/forged/5626.png,forged,1,3857,0.026156955295138888,Q2,1486,0.010077582465277778,0.5536215609291855,0.38276397517125355,0.9814453125,1
forged__56311,56311,/kaggle/input/competitions/recodai-luc-scientific-image-forgery-detection/train_images/forged/56311.png,forged,1,2207,0.014967176649305556,Q1,4109,0.027865939670138888,0.3195060164768919,0.1901262483664947,0.97705078125,1
forged__56438,56438,/kaggle/input/competitions/recodai-luc-scientific-image-forgery-detection/train_images/forged/56438.png,forged,1,6169,0.04183620876736111,Q3,5876,0.039849175347222224,0.5198837692028236,0.35124523222625925,0.9931640625,1
forged__56515,56515,/kaggle/input/competitions/recodai-luc-scientific-image-forgery-detection/train_images/forged/56515.png,forged,1,809,0.005486382378472222,Q3,0,0.0,1.2360939429868859e-10,1.2360939429868859e-10,0.908203125,1
forged__56589,56589,/kaggle/input/competitions/recodai-luc-scientific-image-forgery-detection/train_images/forged/56589.png,forged,1,17815,0.1208157009548611,Q4,10707,0.07261149088541667,0.7090666853667027,0.5492667028813185,0.99951171875,1
forged__56723,56723,/kaggle/input/competitions/recodai-luc-scientific-image-forgery-detection/train_images/forged/56723.png,forged,1,1227,0.008321126302083334,Q2,710,0.004814995659722222,0.6029943211356225,0.4316334072851712,1.0,1
forged__56793,56793,/kaggle/input/competitions/recodai-luc-scientific-image-forgery-detection/train_images/forged/56793.png,forged,1,21222,0.1439208984375,Q4,29089,0.1972724066840278,0.7118920315642466,0.5526648767103273,0.99755859375,1
forged__569,569,/kaggle/input/competitions/recodai-luc-scientific-image-forgery-detection/train_images/forged/569.png,forged,1,77222,0.5236952039930556,Q3,44151,0.2994181315104167,0.6507542863736986,0.4823096933360825,0.9892578125,1
forged__56997,56997,/kaggle/input/competitions/recodai-luc-scientific-image-forgery-detection/train_images/forged/56997.png,forged,1,591,0.004007975260416667,Q3,127,0.0008612738715277778,0.35376044577245674,0.21489001705331812,0.90625,1
forged__57085,57085,/kaggle/input/competitions/recodai-luc-scientific-image-forgery-detection/train_images/forged/57085.png,forged,1,2125,0.014411078559027778,Q2,329,0.002231174045138889,0.2534637327117578,0.1451236584626634,0.95849609375,1
forged__57239,57239,/kaggle/input/competitions/recodai-luc-scientific-image-forgery-detection/train_images/forged/57239.png,forged,1,6884,0.046685112847222224,Q2,7434,0.0504150390625,0.6403128928646438,0.4709266488651024,0.99951171875,1
forged__57328,57328,/kaggle/input/competitions/recodai-luc-scientific-image-forgery-detection/train_images/forged/57328.png,forged,1,14118,0.09574381510416667,Q4,6939,0.04705810546875,0.6560288740102768,0.4881272084841828,0.9892578125,1
forged__57505,57505,/kaggle/input/competitions/recodai-luc-scientific-image-forgery-detection/train_images/forged/57505.png,forged,1,85,0.0005764431423611111,Q1,0,0.0,1.1764705868512112e-09,1.1764705868512112e-09,0.72216796875,0
forged__57643,57643,/kaggle/input/competitions/recodai-luc-scientific-image-forgery-detection/train_images/forged/57643.png,forged,1,13701,0.09291585286458333,Q4,21521,0.14594862196180555,0.7360740446319457,0.5823711757060858,0.99951171875,1
forged__5772,5772,/kaggle/input/competitions/recodai-luc-scientific-image-forgery-detection/train_images/forged/5772.png,forged,1,2152,0.014594184027777778,Q2,2380,0.016140407986111112,0.3689320388488762,0.22619047621141258,0.9873046875,1
forged__57824,57824,/kaggle/input/competitions/recodai-luc-scientific-image-forgery-detection/train_images/forged/57824.png,forged,1,5562,0.0377197265625,Q2,389,0.0026380750868055555,1.6803898504170662e-11,1.6803898504170662e-11,0.89306640625,1
forged__57927,57927,/kaggle/input/competitions/recodai-luc-scientific-image-forgery-detection/train_images/forged/57927.png,forged,1,15770,0.10694715711805555,Q3,27707,0.1879001193576389,0.6114957333771615,0.4403988868293122,0.98974609375,1
forged__58081,58081,/kaggle/input/competitions/recodai-luc-scientific-image-forgery-detection/train_images/forged/58081.png,forged,1,8583,0.058207194010416664,Q2,17909,0.12145317925347222,0.3114902612135306,0.1844764374533467,0.9990234375,1
forged__58180,58180,/kaggle/input/competitions/recodai-luc-scientific-image-forgery-detection/train_images/forged/58180.png,forged,1,618,0.004191080729166667,Q1,0,0.0,1.618122977084446e-10,1.618122977084446e-10,0.381103515625,0
forged__58338,58338,/kaggle/input/competitions/recodai-luc-scientific-image-forgery-detection/train_images/forged/58338.png,forged,1,11481,0.07786051432291667,Q3,28690,0.19456651475694445,0.5497498195226662,0.3790724020756666,0.9990234375,1
forged__58425,58425,/kaggle/input/competitions/recodai-luc-scientific-image-forgery-detection/train_images/forged/58425.png,forged,1,718,0.004869249131944444,Q3,0,0.0,1.3927576599731534e-10,1.3927576599731534e-10,0.8955078125,1
forged__58510,58510,/kaggle/input/competitions/recodai-luc-scientific-image-forgery-detection/train_images/forged/58510.png,forged,1,1536,0.010416666666666666,Q1,817,0.005540635850694444,0.6536336591732413,0.48547979801228025,0.99951171875,1
forged__58593,58593,/kaggle/input/competitions/recodai-luc-scientific-image-forgery-detection/train_images/forged/58593.png,forged,1,6929,0.046990288628472224,Q3,4523,0.030673556857638888,0.5909884736326318,0.4194348041717968,0.99658203125,1
forged__58697,58697,/kaggle/input/competitions/recodai-luc-scientific-image-forgery-detection/train_images/forged/58697.png,forged,1,5914,0.040106879340277776,Q2,0,0.0,1.6909029421425278e-11,1.6909029421425278e-11,0.85595703125,1
forged__58782,58782,/kaggle/input/competitions/recodai-luc-scientific-image-forgery-detection/train_images/forged/58782.png,forged,1,9378,0.0635986328125,Q4,11422,0.07746039496527778,0.8125961538470549,0.6843469106835829,0.998046875,1
forged__58955,58955,/kaggle/input/competitions/recodai-luc-scientific-image-forgery-detection/train_images/forged/58955.png,forged,1,2936,0.019911024305555556,Q1,1448,0.009819878472222222,0.6149635036584178,0.4440052701105401,0.99462890625,1
forged__59022,59022,/kaggle/input/competitions/recodai-luc-scientific-image-forgery-detection/train_images/forged/59022.png,forged,1,1033,0.007005479600694444,Q3,0,0.0,9.68054210942105e-11,9.68054210942105e-11,0.7685546875,0
forged__59148,59148,/kaggle/input/competitions/recodai-luc-scientific-image-forgery-detection/train_images/forged/59148.png,forged,1,4127,0.027988009982638888,Q2,2634,0.017862955729166668,0.5440023665205739,0.37362860627034483,1.0,1
forged__59255,59255,/kaggle/input/competitions/recodai-luc-scientific-image-forgery-detection/train_images/forged/59255.png,forged,1,2494,0.016913519965277776,Q3,0,0.0,4.009623095268259e-11,4.009623095268259e-11,0.88427734375,1
forged__59375,59375,/kaggle/input/competitions/recodai-luc-scientific-image-forgery-detection/train_images/forged/59375.png,forged,1,306,0.0020751953125,Q1,0,0.0,3.267973855141185e-10,3.267973855141185e-10,0.311279296875,0
forged__59453,59453,/kaggle/input/competitions/recodai-luc-scientific-image-forgery-detection/train_images/forged/59453.png,forged,1,15294,0.10371907552083333,Q3,4174,0.028306749131944444,0.41812204643816453,0.2643200415686172,0.97265625,1
forged__59617,59617,/kaggle/input/competitions/recodai-luc-scientific-image-forgery-detection/train_images/forged/59617.png,forged,1,26833,0.1819729275173611,Q3,13038,0.08841959635416667,0.6510496350739859,0.4826342406682931,0.9951171875,1
forged__5967,5967,/kaggle/input/competitions/recodai-luc-scientific-image-forgery-detection/train_images/forged/5967.png,forged,1,4140,0.028076171875,Q1,0,0.0,2.4154589371397233e-11,2.4154589371397233e-11,0.607421875,0
forged__59840,59840,/kaggle/input/competitions/recodai-luc-scientific-image-forgery-detection/train_images/forged/59840.png,forged,1,11050,0.07493760850694445,Q3,18304,0.12413194444444445,0.7361177352328946,0.5824258760130328,0.9990234375,1
forged__59951,59951,/kaggle/input/competitions/recodai-luc-scientific-image-forgery-detection/train_images/forged/59951.png,forged,1,15299,0.10375298394097222,Q4,11590,0.07859971788194445,0.5424523039178012,0.37216778934796807,0.99755859375,1
forged__60046,60046,/kaggle/input/competitions/recodai-luc-scientific-image-forgery-detection/train_images/forged/60046.png,forged,1,664,0.004503038194444444,Q1,0,0.0,1.5060240961587313e-10,1.5060240961587313e-10,0.8876953125,1
forged__6011,6011,/kaggle/input/competitions/recodai-luc-scientific-image-forgery-detection/train_images/forged/6011.png,forged,1,8182,0.055487738715277776,Q2,9220,0.0625271267361111,0.23882312378325005,0.13560428087225523,0.9736328125,1
forged__60195,60195,/kaggle/input/competitions/recodai-luc-scientific-image-forgery-detection/train_images/forged/60195.png,forged,1,1730,0.011732313368055556,Q1,0,0.0,5.780346820475124e-11,5.780346820475124e-11,0.78515625,1
forged__60298,60298,/kaggle/input/competitions/recodai-luc-scientific-image-forgery-detection/train_images/forged/60298.png,forged,1,1484,0.010064019097222222,Q3,0,0.0,6.73854447393945e-11,6.73854447393945e-11,0.71826171875,0
forged__60340,60340,/kaggle/input/competitions/recodai-luc-scientific-image-forgery-detection/train_images/forged/60340.png,forged,1,850,0.005764431423611111,Q2,0,0.0,1.1764705880968858e-10,1.1764705880968858e-10,0.55029296875,0
forged__60457,60457,/kaggle/input/competitions/recodai-luc-scientific-image-forgery-detection/train_images/forged/60457.png,forged,1,12121,0.08220079210069445,Q4,16055,0.10887993706597222,0.6707126632606804,0.5045656004725554,0.99951171875,1
forged__6060,6060,/kaggle/input/competitions/recodai-luc-scientific-image-forgery-detection/train_images/forged/6060.png,forged,1,16153,0.10954454210069445,Q3,0,0.0,6.190800470462509e-12,6.190800470462509e-12,0.71240234375,0
forged__60829,60829,/kaggle/input/competitions/recodai-luc-scientific-image-forgery-detection/train_images/forged/60829.png,forged,1,1776,0.012044270833333334,Q1,2581,0.017503526475694444,0.39293091578166334,0.24450157100129957,0.9609375,1
forged__60986,60986,/kaggle/input/competitions/recodai-luc-scientific-image-forgery-detection/train_images/forged/60986.png,forged,1,17673,0.11985270182291667,Q3,21169,0.1435614691840278,0.8617475928122605,0.7570795259216635,0.99853515625,1
forged__6103,6103,/kaggle/input/competitions/recodai-luc-scientific-image-forgery-detection/train_images/forged/6103.png,forged,1,9526,0.0646023220486111,Q2,25112,0.17030164930555555,0.5413707488898281,0.37115034439327393,0.9990234375,1
forged__61134,61134,/kaggle/input/competitions/recodai-luc-scientific-image-forgery-detection/train_images/forged/61134.png,forged,1,1103,0.007480197482638889,Q3,0,0.0,9.066183136077408e-11,9.066183136077408e-11,0.97216796875,1
forged__61270,61270,/kaggle/input/competitions/recodai-luc-scientific-image-forgery-detection/train_images/forged/61270.png,forged,1,9491,0.0643649631076389,Q2,8010,0.0543212890625,0.7252157019614581,0.568892873154918,0.998046875,1
forged__61355,61355,/kaggle/input/competitions/recodai-luc-scientific-image-forgery-detection/train_images/forged/61355.png,forged,1,836,0.005669487847222222,Q1,0,0.0,1.1961722486607449e-10,1.1961722486607449e-10,0.74658203125,0
forged__61566,61566,/kaggle/input/competitions/recodai-luc-scientific-image-forgery-detection/train_images/forged/61566.png,forged,1,4094,0.027764214409722224,Q1,0,0.0,2.4425989251968098e-11,2.4425989251968098e-11,0.775390625,0
forged__61725,61725,/kaggle/input/competitions/recodai-luc-scientific-image-forgery-detection/train_images/forged/61725.png,forged,1,11201,0.0759616427951389,Q3,0,0.0,8.927774305785842e-12,8.927774305785842e-12,0.83203125,1
forged__61883,61883,/kaggle/input/competitions/recodai-luc-scientific-image-forgery-detection/train_images/forged/61883.png,forged,1,2443,0.016567654079861112,Q2,4388,0.029758029513888888,0.6748645879128259,0.5092797172004137,0.99169921875,1
forged__61997,61997,/kaggle/input/competitions/recodai-luc-scientific-image-forgery-detection/train_images/forged/61997.png,forged,1,5058,0.0343017578125,Q1,6612,0.044840494791666664,0.3401885175720635,0.20495611771600458,0.974609375,1
forged__6212,6212,/kaggle/input/competitions/recodai-luc-scientific-image-forgery-detection/train_images/forged/6212.png,forged,1,3254,0.022067599826388888,Q4,2392,0.016221788194444444,0.7236981934161584,0.5670274771144317,0.99951171875,1
forged__62249,62249,/kaggle/input/competitions/recodai-luc-scientific-image-forgery-detection/train_images/forged/62249.png,forged,1,723,0.004903157552083333,Q1,7421,0.05032687717013889,0.06999017682870837,0.03626415575726856,0.9892578125,1
forged__62330,62330,/kaggle/input/competitions/recodai-luc-scientific-image-forgery-detection/train_images/forged/62330.png,forged,1,1441,0.009772406684027778,Q3,757,0.005133734809027778,0.5568698817308068,0.3858764187020254,0.99853515625,1
forged__62519,62519,/kaggle/input/competitions/recodai-luc-scientific-image-forgery-detection/train_images/forged/62519.png,forged,1,42162,0.2859293619791667,Q3,55046,0.3733045789930556,0.8235536169864378,0.7000349772653025,0.99609375,1
forged__62663,62663,/kaggle/input/competitions/recodai-luc-scientific-image-forgery-detection/train_images/forged/62663.png,forged,1,25875,0.17547607421875,Q3,12626,0.08562554253472222,0.5893353419402371,0.41777139490566445,0.9970703125,1
forged__62793,62793,/kaggle/input/competitions/recodai-luc-scientific-image-forgery-detection/train_images/forged/62793.png,forged,1,3418,0.023179796006944444,Q3,132,0.0008951822916666666,0.0743661972091728,0.03861907551086544,0.89013671875,1
forged__62865,62865,/kaggle/input/competitions/recodai-luc-scientific-image-forgery-detection/train_images/forged/62865.png,forged,1,4189,0.028408474392361112,Q2,1361,0.009229871961805556,0.44720720721716745,0.28800185659577626,0.98291015625,1
forged__63046,63046,/kaggle/input/competitions/recodai-luc-scientific-image-forgery-detection/train_images/forged/63046.png,forged,1,2973,0.020161946614583332,Q1,1983,0.013448079427083334,0.7425343018615308,0.5905006418616656,0.99951171875,1
forged__63117,63117,/kaggle/input/competitions/recodai-luc-scientific-image-forgery-detection/train_images/forged/63117.png,forged,1,3948,0.026774088541666668,Q1,0,0.0,2.532928064778801e-11,2.532928064778801e-11,0.88330078125,1
forged__63245,63245,/kaggle/input/competitions/recodai-luc-scientific-image-forgery-detection/train_images/forged/63245.png,forged,1,19540,0.1325141059027778,Q3,33920,0.2300347222222222,0.39281705948486195,0.24441340782298787,0.99853515625,1
forged__633,633,/kaggle/input/competitions/recodai-luc-scientific-image-forgery-detection/train_images/forged/633.png,forged,1,712,0.004828559027777778,Q1,307,0.002081976996527778,0.592737978450173,0.42119944220066957,0.94287109375,1
forged__63355,63355,/kaggle/input/competitions/recodai-luc-scientific-image-forgery-detection/train_images/forged/63355.png,forged,1,532,0.003607855902777778,Q2,116,0.0007866753472222222,0.23765432110530027,0.13485113850528002,0.99169921875,1
forged__63427,63427,/kaggle/input/competitions/recodai-luc-scientific-image-forgery-detection/train_images/forged/63427.png,forged,1,1043,0.007073296440972222,Q1,125,0.0008477105034722222,0.21404109595770193,0.11984659644105017,0.88818359375,1
forged__63654,63654,/kaggle/input/competitions/recodai-luc-scientific-image-forgery-detection/train_images/forged/63654.png,forged,1,1124,0.007622612847222222,Q3,0,0.0,8.89679715223338e-11,8.89679715223338e-11,0.62255859375,0
forged__63713,63713,/kaggle/input/competitions/recodai-luc-scientific-image-forgery-detection/train_images/forged/63713.png,forged,1,260,0.0017632378472222222,Q1,0,0.0,3.8461538446745557e-10,3.8461538446745557e-10,0.65234375,0
forged__63834,63834,/kaggle/input/competitions/recodai-luc-scientific-image-forgery-detection/train_images/forged/63834.png,forged,1,6579,0.04461669921875,Q2,940,0.006374782986111111,0.25003324911224856,0.14287885698217237,0.91357421875,1
forged__63947,63947,/kaggle/input/competitions/recodai-luc-scientific-image-forgery-detection/train_images/forged/63947.png,forged,1,24051,0.16310628255208334,Q4,23907,0.16212972005208334,0.9427832686935594,0.8917596938981036,0.99853515625,1
forged__6407,6407,/kaggle/input/competitions/recodai-luc-scientific-image-forgery-detection/train_images/forged/6407.png,forged,1,410,0.002780490451388889,Q1,347,0.002353244357638889,0.528401585267054,0.35906642740411737,0.99267578125,1
forged__64128,64128,/kaggle/input/competitions/recodai-luc-scientific-image-forgery-detection/train_images/forged/64128.png,forged,1,20544,0.13932291666666666,Q4,31323,0.21242268880208334,0.5136213777555795,0.34555218305096236,0.99951171875,1
forged__6419,6419,/kaggle/input/competitions/recodai-luc-scientific-image-forgery-detection/train_images/forged/6419.png,forged,1,11052,0.074951171875,Q3,26892,0.182373046875,0.5792747206420533,0.40773169103135815,0.99755859375,1
forged__64245,64245,/kaggle/input/competitions/recodai-luc-scientific-image-forgery-detection/train_images/forged/64245.png,forged,1,2401,0.016282823350694444,Q2,1226,0.008314344618055556,0.6104218362390289,0.4392857143079649,1.0,1
forged__64289,64289,/kaggle/input/competitions/recodai-luc-scientific-image-forgery-detection/train_images/forged/64289.png,forged,1,3359,0.022779676649305556,Q4,5443,0.03691270616319445,0.4623949102537787,0.300724102271306,0.9990234375,1
forged__64391,64391,/kaggle/input/competitions/recodai-luc-scientific-image-forgery-detection/train_images/forged/64391.png,forged,1,5313,0.036031087239583336,Q2,3145,0.021328396267361112,0.6230787420238463,0.4525158852919025,0.9970703125,1
forged__6454,6454,/kaggle/input/competitions/recodai-luc-scientific-image-forgery-detection/train_images/forged/6454.png,forged,1,2217,0.015034993489583334,Q2,353,0.0023939344618055555,3.8910505835061846e-11,3.8910505835061846e-11,0.93310546875,1
forged__64717,64717,/kaggle/input/competitions/recodai-luc-scientific-image-forgery-detection/train_images/forged/64717.png,forged,1,504,0.00341796875,Q1,0,0.0,1.984126983733308e-10,1.984126983733308e-10,0.4599609375,0
forged__64773,64773,/kaggle/input/competitions/recodai-luc-scientific-image-forgery-detection/train_images/forged/64773.png,forged,1,666,0.0045166015625,Q3,241,0.0016343858506944445,0.4807056229899994,0.3164005806507401,0.99853515625,1
forged__64941,64941,/kaggle/input/competitions/recodai-luc-scientific-image-forgery-detection/train_images/forged/64941.png,forged,1,7976,0.05409071180555555,Q2,6095,0.04133436414930555,0.8125932769539295,0.6843428297859188,0.99365234375,1
forged__6508,6508,/kaggle/input/competitions/recodai-luc-scientific-image-forgery-detection/train_images/forged/6508.png,forged,1,10138,0.0687527126736111,Q4,11766,0.07979329427083333,0.8268809349898335,0.7048567870508651,0.9990234375,1
forged__65214,65214,/kaggle/input/competitions/recodai-luc-scientific-image-forgery-detection/train_images/forged/65214.png,forged,1,2163,0.014668782552083334,Q1,1056,0.007161458333333333,0.6113699906924086,0.44026845640088286,0.99658203125,1
forged__65311,65311,/kaggle/input/competitions/recodai-luc-scientific-image-forgery-detection/train_images/forged/65311.png,forged,1,28614,0.19405110677083334,Q4,3355,0.022752549913194444,0.19049704401391818,0.10527589545323857,0.9365234375,1
forged__65399,65399,/kaggle/input/competitions/recodai-luc-scientific-image-forgery-detection/train_images/forged/65399.png,forged,1,404,0.002739800347222222,Q2,113,0.0007663302951388889,1.9342359764150415e-10,1.9342359764150415e-10,0.990234375,1
forged__65532,65532,/kaggle/input/competitions/recodai-luc-scientific-image-forgery-detection/train_images/forged/65532.png,forged,1,142,0.0009629991319444445,Q1,0,0.0,7.042253516167427e-10,7.042253516167427e-10,0.810546875,1
forged__6618,6618,/kaggle/input/competitions/recodai-luc-scientific-image-forgery-detection/train_images/forged/6618.png,forged,1,684,0.004638671875,Q1,0,0.0,1.4619883038798264e-10,1.4619883038798264e-10,0.85693359375,1
forged__6696,6696,/kaggle/input/competitions/recodai-luc-scientific-image-forgery-detection/train_images/forged/6696.png,forged,1,1065,0.007222493489583333,Q1,781,0.005296495225694444,0.7529794149646274,0.6038227628493638,0.99365234375,1
forged__6800,6800,/kaggle/input/competitions/recodai-luc-scientific-image-forgery-detection/train_images/forged/6800.png,forged,1,4776,0.032389322916666664,Q2,1246,0.008449978298611112,0.4138160079805079,0.26088777220978043,0.91796875,1
forged__6932,6932,/kaggle/input/competitions/recodai-luc-scientific-image-forgery-detection/train_images/forged/6932.png,forged,1,8330,0.05649142795138889,Q2,0,0.0,1.200480192062419e-11,1.200480192062419e-11,0.79638671875,1
forged__7004,7004,/kaggle/input/competitions/recodai-luc-scientific-image-forgery-detection/train_images/forged/7004.png,forged,1,2365,0.016038682725694444,Q4,782,0.005303276909722222,0.4912615189230613,0.32561078351619166,1.0,1
forged__7130,7130,/kaggle/input/competitions/recodai-luc-scientific-image-forgery-detection/train_images/forged/7130.png,forged,1,374,0.002536349826388889,Q1,0,0.0,2.673796790728931e-10,2.673796790728931e-10,0.430419921875,0
forged__7279,7279,/kaggle/input/competitions/recodai-luc-scientific-image-forgery-detection/train_images/forged/7279.png,forged,1,722,0.004896375868055556,Q1,0,0.0,1.3850415510547035e-10,1.3850415510547035e-10,0.78173828125,1
forged__7411,7411,/kaggle/input/competitions/recodai-luc-scientific-image-forgery-detection/train_images/forged/7411.png,forged,1,12772,0.08661566840277778,Q4,31475,0.21345350477430555,0.5532126471861296,0.3823731567127519,0.99853515625,1
forged__7498,7498,/kaggle/input/competitions/recodai-luc-scientific-image-forgery-detection/train_images/forged/7498.png,forged,1,1786,0.012112087673611112,Q3,0,0.0,5.599104143023566e-11,5.599104143023566e-11,0.88916015625,1
forged__7610,7610,/kaggle/input/competitions/recodai-luc-scientific-image-forgery-detection/train_images/forged/7610.png,forged,1,293,0.001987033420138889,Q2,0,0.0,3.412969282111614e-10,3.412969282111614e-10,0.96044921875,1
forged__770,770,/kaggle/input/competitions/recodai-luc-scientific-image-forgery-detection/train_images/forged/770.png,forged,1,2288,0.015516493055555556,Q1,0,0.0,4.370629370438347e-11,4.370629370438347e-11,0.783203125,1
forged__7715,7715,/kaggle/input/competitions/recodai-luc-scientific-image-forgery-detection/train_images/forged/7715.png,forged,1,9465,0.06418863932291667,Q4,15664,0.1062282986111111,0.5472561582253681,0.3767051991487607,0.9970703125,1
forged__7771,7771,/kaggle/input/competitions/recodai-luc-scientific-image-forgery-detection/train_images/forged/7771.png,forged,1,1568,0.010633680555555556,Q2,1164,0.007893880208333334,0.31551976576443924,0.187309865311286,0.92138671875,1
forged__7972,7972,/kaggle/input/competitions/recodai-luc-scientific-image-forgery-detection/train_images/forged/7972.png,forged,1,9308,0.06312391493055555,Q3,0,0.0,1.074344649752102e-11,1.074344649752102e-11,0.1527099609375,0
forged__8074,8074,/kaggle/input/competitions/recodai-luc-scientific-image-forgery-detection/train_images/forged/8074.png,forged,1,32990,0.2237277560763889,Q4,31599,0.21429443359375,0.9296319806779334,0.8685162148874114,0.99755859375,1
forged__8130,8130,/kaggle/input/competitions/recodai-luc-scientific-image-forgery-detection/train_images/forged/8130.png,forged,1,1390,0.009426540798611112,Q1,0,0.0,7.194244603798975e-11,7.194244603798975e-11,0.66162109375,0
forged__8259,8259,/kaggle/input/competitions/recodai-luc-scientific-image-forgery-detection/train_images/forged/8259.png,forged,1,9285,0.06296793619791667,Q3,19805,0.1343112521701389,0.6057064283272406,0.4344181459593964,0.99658203125,1
forged__8388,8388,/kaggle/input/competitions/recodai-luc-scientific-image-forgery-detection/train_images/forged/8388.png,forged,1,16361,0.11095513237847222,Q4,25817,0.1750827365451389,0.7441794300352217,0.5925842017837465,0.99951171875,1
forged__8481,8481,/kaggle/input/competitions/recodai-luc-scientific-image-forgery-detection/train_images/forged/8481.png,forged,1,881,0.005974663628472222,Q1,0,0.0,1.1350737796668475e-10,1.1350737796668475e-10,0.73828125,0
forged__8678,8678,/kaggle/input/competitions/recodai-luc-scientific-image-forgery-detection/train_images/forged/8678.png,forged,1,3769,0.025560167100694444,Q4,2696,0.018283420138888888,0.5624129930462117,0.39122014204021477,0.99853515625,1
forged__8733,8733,/kaggle/input/competitions/recodai-luc-scientific-image-forgery-detection/train_images/forged/8733.png,forged,1,15195,0.10304768880208333,Q3,32793,0.22239176432291666,0.6332833208309717,0.4633610831596275,0.99951171875,1
forged__8874,8874,/kaggle/input/competitions/recodai-luc-scientific-image-forgery-detection/train_images/forged/8874.png,forged,1,4435,0.030076768663194444,Q2,16444,0.11151801215277778,0.09147947699079707,0.047932142144911,0.9453125,1
forged__899,899,/kaggle/input/competitions/recodai-luc-scientific-image-forgery-detection/train_images/forged/899.png,forged,1,10816,0.07335069444444445,Q2,0,0.0,9.245562130092033e-12,9.245562130092033e-12,0.77099609375,0
forged__9086,9086,/kaggle/input/competitions/recodai-luc-scientific-image-forgery-detection/train_images/forged/9086.png,forged,1,1395,0.00946044921875,Q3,135,0.00091552734375,6.535947711991114e-11,6.535947711991114e-11,0.96484375,1
forged__9218,9218,/kaggle/input/competitions/recodai-luc-scientific-image-forgery-detection/train_images/forged/9218.png,forged,1,21112,0.14317491319444445,Q3,27943,0.18950059678819445,0.5799204974017329,0.40837185266168535,0.99853515625,1
forged__9568,9568,/kaggle/input/competitions/recodai-luc-scientific-image-forgery-detection/train_images/forged/9568.png,forged,1,8341,0.05656602647569445,Q4,1341,0.00909423828125,0.22908489982205033,0.12935961741363164,0.97802734375,1
forged__9759,9759,/kaggle/input/competitions/recodai-luc-scientific-image-forgery-detection/train_images/forged/9759.png,forged,1,2315,0.015699598524305556,Q2,0,0.0,4.319654427459194e-11,4.319654427459194e-11,0.65869140625,0
forged__9849,9849,/kaggle/input/competitions/recodai-luc-scientific-image-forgery-detection/train_images/forged/9849.png,forged,1,7615,0.051642523871527776,Q4,5552,0.037651909722222224,0.5530492898947896,0.38221709007576926,0.994140625,1
forged__9977,9977,/kaggle/input/competitions/recodai-luc-scientific-image-forgery-detection/train_images/forged/9977.png,forged,1,3005,0.020378960503472224,Q1,0,0.0,3.327787021519874e-11,3.327787021519874e-11,0.798828125,1
