sample_id,image_id,image_path,class_name,image_label,gt_area,gt_area_ratio,mask_quartile,pred_area,pred_area_ratio,dice,iou,image_score,image_pred_label
authentic__10,10,/kaggle/input/competitions/recodai-luc-scientific-image-forgery-detection/train_images/authentic/10.png,authentic,0,0,0.0,,5561,0.037712944878472224,1.7982377269951764e-11,1.7982377269951764e-11,0.9546936750411987,1
authentic__1008,1008,/kaggle/input/competitions/recodai-luc-scientific-image-forgery-detection/train_images/authentic/1008.png,authentic,0,0,0.0,,0,0.0,1.0,1.0,0.0666336864233017,0
authentic__10176,10176,/kaggle/input/competitions/recodai-luc-scientific-image-forgery-detection/train_images/authentic/10176.png,authentic,0,0,0.0,,0,0.0,1.0,1.0,0.06870913505554199,0
authentic__10296,10296,/kaggle/input/competitions/recodai-luc-scientific-image-forgery-detection/train_images/authentic/10296.png,authentic,0,0,0.0,,22141,0.1501532660590278,4.5165078361206966e-12,4.5165078361206966e-12,0.9940990209579468,1
authentic__10408,10408,/kaggle/input/competitions/recodai-luc-scientific-image-forgery-detection/train_images/authentic/10408.png,authentic,0,0,0.0,,0,0.0,1.0,1.0,0.405775249004364,0
authentic__10458,10458,/kaggle/input/competitions/recodai-luc-scientific-image-forgery-detection/train_images/authentic/10458.png,authentic,0,0,0.0,,0,0.0,1.0,1.0,0.2233717441558838,0
authentic__10632,10632,/kaggle/input/competitions/recodai-luc-scientific-image-forgery-detection/train_images/authentic/10632.png,authentic,0,0,0.0,,0,0.0,1.0,1.0,0.6818575263023376,1
authentic__10742,10742,/kaggle/input/competitions/recodai-luc-scientific-image-forgery-detection/train_images/authentic/10742.png,authentic,0,0,0.0,,0,0.0,1.0,1.0,0.06767173111438751,0
authentic__10878,10878,/kaggle/input/competitions/recodai-luc-scientific-image-forgery-detection/train_images/authentic/10878.png,authentic,0,0,0.0,,0,0.0,1.0,1.0,0.7540189623832703,1
authentic__10951,10951,/kaggle/input/competitions/recodai-luc-scientific-image-forgery-detection/train_images/authentic/10951.png,authentic,0,0,0.0,,0,0.0,1.0,1.0,0.3379064202308655,0
authentic__1101,1101,/kaggle/input/competitions/recodai-luc-scientific-image-forgery-detection/train_images/authentic/1101.png,authentic,0,0,0.0,,0,0.0,1.0,1.0,0.9631721377372742,1
authentic__11206,11206,/kaggle/input/competitions/recodai-luc-scientific-image-forgery-detection/train_images/authentic/11206.png,authentic,0,0,0.0,,0,0.0,1.0,1.0,0.04305290803313255,0
authentic__11277,11277,/kaggle/input/competitions/recodai-luc-scientific-image-forgery-detection/train_images/authentic/11277.png,authentic,0,0,0.0,,0,0.0,1.0,1.0,0.9674044847488403,1
authentic__11356,11356,/kaggle/input/competitions/recodai-luc-scientific-image-forgery-detection/train_images/authentic/11356.png,authentic,0,0,0.0,,391,0.002651638454861111,2.5575447563791445e-10,2.5575447563791445e-10,0.942813515663147,1
authentic__1143,1143,/kaggle/input/competitions/recodai-luc-scientific-image-forgery-detection/train_images/authentic/1143.png,authentic,0,0,0.0,,0,0.0,1.0,1.0,0.4101511836051941,0
authentic__11513,11513,/kaggle/input/competitions/recodai-luc-scientific-image-forgery-detection/train_images/authentic/11513.png,authentic,0,0,0.0,,0,0.0,1.0,1.0,0.6902264356613159,1
authentic__11662,11662,/kaggle/input/competitions/recodai-luc-scientific-image-forgery-detection/train_images/authentic/11662.png,authentic,0,0,0.0,,0,0.0,1.0,1.0,0.12371588498353958,0
authentic__11740,11740,/kaggle/input/competitions/recodai-luc-scientific-image-forgery-detection/train_images/authentic/11740.png,authentic,0,0,0.0,,0,0.0,1.0,1.0,0.8023015260696411,1
authentic__11854,11854,/kaggle/input/competitions/recodai-luc-scientific-image-forgery-detection/train_images/authentic/11854.png,authentic,0,0,0.0,,0,0.0,1.0,1.0,0.9469572901725769,1
authentic__11964,11964,/kaggle/input/competitions/recodai-luc-scientific-image-forgery-detection/train_images/authentic/11964.png,authentic,0,0,0.0,,0,0.0,1.0,1.0,0.2854871153831482,0
authentic__12073,12073,/kaggle/input/competitions/recodai-luc-scientific-image-forgery-detection/train_images/authentic/12073.png,authentic,0,0,0.0,,0,0.0,1.0,1.0,0.5003429651260376,0
authentic__12262,12262,/kaggle/input/competitions/recodai-luc-scientific-image-forgery-detection/train_images/authentic/12262.png,authentic,0,0,0.0,,5420,0.03675672743055555,1.8450184501504607e-11,1.8450184501504607e-11,0.9883651733398438,1
authentic__12300,12300,/kaggle/input/competitions/recodai-luc-scientific-image-forgery-detection/train_images/authentic/12300.png,authentic,0,0,0.0,,268,0.0018174913194444445,3.731343282189797e-10,3.731343282189797e-10,0.9736586809158325,1
authentic__12364,12364,/kaggle/input/competitions/recodai-luc-scientific-image-forgery-detection/train_images/authentic/12364.png,authentic,0,0,0.0,,2340,0.015869140625,4.273504273321645e-11,4.273504273321645e-11,0.9223906397819519,1
authentic__12446,12446,/kaggle/input/competitions/recodai-luc-scientific-image-forgery-detection/train_images/authentic/12446.png,authentic,0,0,0.0,,0,0.0,1.0,1.0,0.17690032720565796,0
authentic__12572,12572,/kaggle/input/competitions/recodai-luc-scientific-image-forgery-detection/train_images/authentic/12572.png,authentic,0,0,0.0,,0,0.0,1.0,1.0,0.7882497310638428,1
authentic__12629,12629,/kaggle/input/competitions/recodai-luc-scientific-image-forgery-detection/train_images/authentic/12629.png,authentic,0,0,0.0,,453,0.0030721028645833335,2.2075055182764888e-10,2.2075055182764888e-10,0.8999872207641602,1
authentic__12793,12793,/kaggle/input/competitions/recodai-luc-scientific-image-forgery-detection/train_images/authentic/12793.png,authentic,0,0,0.0,,0,0.0,1.0,1.0,0.14535781741142273,0
authentic__12879,12879,/kaggle/input/competitions/recodai-luc-scientific-image-forgery-detection/train_images/authentic/12879.png,authentic,0,0,0.0,,0,0.0,1.0,1.0,0.16195295751094818,0
authentic__13020,13020,/kaggle/input/competitions/recodai-luc-scientific-image-forgery-detection/train_images/authentic/13020.png,authentic,0,0,0.0,,0,0.0,1.0,1.0,0.11921734362840652,0
authentic__13333,13333,/kaggle/input/competitions/recodai-luc-scientific-image-forgery-detection/train_images/authentic/13333.png,authentic,0,0,0.0,,0,0.0,1.0,1.0,0.8385992646217346,1
authentic__13451,13451,/kaggle/input/competitions/recodai-luc-scientific-image-forgery-detection/train_images/authentic/13451.png,authentic,0,0,0.0,,50523,0.3426310221354167,1.979296557999368e-12,1.979296557999368e-12,0.9987987279891968,1
authentic__13603,13603,/kaggle/input/competitions/recodai-luc-scientific-image-forgery-detection/train_images/authentic/13603.png,authentic,0,0,0.0,,2787,0.018900553385416668,3.58808754920746e-11,3.58808754920746e-11,0.9944304823875427,1
authentic__13670,13670,/kaggle/input/competitions/recodai-luc-scientific-image-forgery-detection/train_images/authentic/13670.png,authentic,0,0,0.0,,0,0.0,1.0,1.0,0.04801805317401886,0
authentic__13742,13742,/kaggle/input/competitions/recodai-luc-scientific-image-forgery-detection/train_images/authentic/13742.png,authentic,0,0,0.0,,140,0.0009494357638888889,7.142857137755102e-10,7.142857137755102e-10,0.9950827360153198,1
authentic__13839,13839,/kaggle/input/competitions/recodai-luc-scientific-image-forgery-detection/train_images/authentic/13839.png,authentic,0,0,0.0,,0,0.0,1.0,1.0,0.43749162554740906,0
authentic__13893,13893,/kaggle/input/competitions/recodai-luc-scientific-image-forgery-detection/train_images/authentic/13893.png,authentic,0,0,0.0,,0,0.0,1.0,1.0,0.41591790318489075,0
authentic__13971,13971,/kaggle/input/competitions/recodai-luc-scientific-image-forgery-detection/train_images/authentic/13971.png,authentic,0,0,0.0,,0,0.0,1.0,1.0,0.800387442111969,1
authentic__14070,14070,/kaggle/input/competitions/recodai-luc-scientific-image-forgery-detection/train_images/authentic/14070.png,authentic,0,0,0.0,,100,0.0006781684027777778,9.99999999e-10,9.99999999e-10,0.8993011116981506,1
authentic__14114,14114,/kaggle/input/competitions/recodai-luc-scientific-image-forgery-detection/train_images/authentic/14114.png,authentic,0,0,0.0,,0,0.0,1.0,1.0,0.03188334032893181,0
authentic__1419,1419,/kaggle/input/competitions/recodai-luc-scientific-image-forgery-detection/train_images/authentic/1419.png,authentic,0,0,0.0,,0,0.0,1.0,1.0,0.3401015102863312,0
authentic__14331,14331,/kaggle/input/competitions/recodai-luc-scientific-image-forgery-detection/train_images/authentic/14331.png,authentic,0,0,0.0,,139,0.0009426540798611111,7.194244599140831e-10,7.194244599140831e-10,0.9906032681465149,1
authentic__14436,14436,/kaggle/input/competitions/recodai-luc-scientific-image-forgery-detection/train_images/authentic/14436.png,authentic,0,0,0.0,,6535,0.044318305121527776,1.5302218821494992e-11,1.5302218821494992e-11,0.9898365139961243,1
authentic__14700,14700,/kaggle/input/competitions/recodai-luc-scientific-image-forgery-detection/train_images/authentic/14700.png,authentic,0,0,0.0,,135,0.00091552734375,7.407407401920439e-10,7.407407401920439e-10,0.9312166571617126,1
authentic__14770,14770,/kaggle/input/competitions/recodai-luc-scientific-image-forgery-detection/train_images/authentic/14770.png,authentic,0,0,0.0,,0,0.0,1.0,1.0,0.06005563959479332,0
authentic__14829,14829,/kaggle/input/competitions/recodai-luc-scientific-image-forgery-detection/train_images/authentic/14829.png,authentic,0,0,0.0,,111,0.0007527669270833334,9.009009000892785e-10,9.009009000892785e-10,0.9542853236198425,1
authentic__14988,14988,/kaggle/input/competitions/recodai-luc-scientific-image-forgery-detection/train_images/authentic/14988.png,authentic,0,0,0.0,,575,0.003899468315972222,1.7391304344801514e-10,1.7391304344801514e-10,0.9868676662445068,1
authentic__15061,15061,/kaggle/input/competitions/recodai-luc-scientific-image-forgery-detection/train_images/authentic/15061.png,authentic,0,0,0.0,,0,0.0,1.0,1.0,0.6533230543136597,1
authentic__15269,15269,/kaggle/input/competitions/recodai-luc-scientific-image-forgery-detection/train_images/authentic/15269.png,authentic,0,0,0.0,,0,0.0,1.0,1.0,0.06608537584543228,0
authentic__1536,1536,/kaggle/input/competitions/recodai-luc-scientific-image-forgery-detection/train_images/authentic/1536.png,authentic,0,0,0.0,,0,0.0,1.0,1.0,0.31138432025909424,0
authentic__15426,15426,/kaggle/input/competitions/recodai-luc-scientific-image-forgery-detection/train_images/authentic/15426.png,authentic,0,0,0.0,,5650,0.03831651475694445,1.769911504393453e-11,1.769911504393453e-11,0.985693097114563,1
authentic__15579,15579,/kaggle/input/competitions/recodai-luc-scientific-image-forgery-detection/train_images/authentic/15579.png,authentic,0,0,0.0,,311,0.002109103732638889,3.215434082567384e-10,3.215434082567384e-10,0.9940893650054932,1
authentic__15733,15733,/kaggle/input/competitions/recodai-luc-scientific-image-forgery-detection/train_images/authentic/15733.png,authentic,0,0,0.0,,11890,0.08063422309027778,8.41042893180479e-12,8.41042893180479e-12,0.9876602292060852,1
authentic__15860,15860,/kaggle/input/competitions/recodai-luc-scientific-image-forgery-detection/train_images/authentic/15860.png,authentic,0,0,0.0,,0,0.0,1.0,1.0,0.41433778405189514,0
authentic__15940,15940,/kaggle/input/competitions/recodai-luc-scientific-image-forgery-detection/train_images/authentic/15940.png,authentic,0,0,0.0,,0,0.0,1.0,1.0,0.8405700325965881,1
authentic__1608,1608,/kaggle/input/competitions/recodai-luc-scientific-image-forgery-detection/train_images/authentic/1608.png,authentic,0,0,0.0,,0,0.0,1.0,1.0,0.24824362993240356,0
authentic__16161,16161,/kaggle/input/competitions/recodai-luc-scientific-image-forgery-detection/train_images/authentic/16161.png,authentic,0,0,0.0,,1416,0.009602864583333334,7.062146892156627e-11,7.062146892156627e-11,0.9969178438186646,1
authentic__16219,16219,/kaggle/input/competitions/recodai-luc-scientific-image-forgery-detection/train_images/authentic/16219.png,authentic,0,0,0.0,,0,0.0,1.0,1.0,0.30872729420661926,0
authentic__16294,16294,/kaggle/input/competitions/recodai-luc-scientific-image-forgery-detection/train_images/authentic/16294.png,authentic,0,0,0.0,,0,0.0,1.0,1.0,0.162205770611763,0
authentic__1641,1641,/kaggle/input/competitions/recodai-luc-scientific-image-forgery-detection/train_images/authentic/1641.png,authentic,0,0,0.0,,0,0.0,1.0,1.0,0.5755311250686646,0
authentic__16534,16534,/kaggle/input/competitions/recodai-luc-scientific-image-forgery-detection/train_images/authentic/16534.png,authentic,0,0,0.0,,0,0.0,1.0,1.0,0.8226058483123779,1
authentic__16647,16647,/kaggle/input/competitions/recodai-luc-scientific-image-forgery-detection/train_images/authentic/16647.png,authentic,0,0,0.0,,0,0.0,1.0,1.0,0.8539642095565796,1
authentic__16703,16703,/kaggle/input/competitions/recodai-luc-scientific-image-forgery-detection/train_images/authentic/16703.png,authentic,0,0,0.0,,0,0.0,1.0,1.0,0.23142147064208984,0
authentic__16866,16866,/kaggle/input/competitions/recodai-luc-scientific-image-forgery-detection/train_images/authentic/16866.png,authentic,0,0,0.0,,23451,0.15903727213541666,4.2642104814111796e-12,4.2642104814111796e-12,0.9929284453392029,1
authentic__16960,16960,/kaggle/input/competitions/recodai-luc-scientific-image-forgery-detection/train_images/authentic/16960.png,authentic,0,0,0.0,,0,0.0,1.0,1.0,0.02970990724861622,0
authentic__17071,17071,/kaggle/input/competitions/recodai-luc-scientific-image-forgery-detection/train_images/authentic/17071.png,authentic,0,0,0.0,,0,0.0,1.0,1.0,0.6204913854598999,1
authentic__17245,17245,/kaggle/input/competitions/recodai-luc-scientific-image-forgery-detection/train_images/authentic/17245.png,authentic,0,0,0.0,,0,0.0,1.0,1.0,0.2082015722990036,0
authentic__17298,17298,/kaggle/input/competitions/recodai-luc-scientific-image-forgery-detection/train_images/authentic/17298.png,authentic,0,0,0.0,,181,0.0012274848090277778,5.524861875400629e-10,5.524861875400629e-10,0.9924985766410828,1
authentic__17493,17493,/kaggle/input/competitions/recodai-luc-scientific-image-forgery-detection/train_images/authentic/17493.png,authentic,0,0,0.0,,607,0.004116482204861111,1.6474464577187075e-10,1.6474464577187075e-10,0.8796533346176147,1
authentic__17625,17625,/kaggle/input/competitions/recodai-luc-scientific-image-forgery-detection/train_images/authentic/17625.png,authentic,0,0,0.0,,3144,0.021321614583333332,3.180661577506976e-11,3.180661577506976e-11,0.9813872575759888,1
authentic__17846,17846,/kaggle/input/competitions/recodai-luc-scientific-image-forgery-detection/train_images/authentic/17846.png,authentic,0,0,0.0,,0,0.0,1.0,1.0,0.15499451756477356,0
authentic__1813,1813,/kaggle/input/competitions/recodai-luc-scientific-image-forgery-detection/train_images/authentic/1813.png,authentic,0,0,0.0,,749,0.005079481336805556,1.335113484467942e-10,1.335113484467942e-10,0.9736493229866028,1
authentic__18440,18440,/kaggle/input/competitions/recodai-luc-scientific-image-forgery-detection/train_images/authentic/18440.png,authentic,0,0,0.0,,0,0.0,1.0,1.0,0.09238538891077042,0
authentic__1856,1856,/kaggle/input/competitions/recodai-luc-scientific-image-forgery-detection/train_images/authentic/1856.png,authentic,0,0,0.0,,8691,0.058939615885416664,1.150615579321705e-11,1.150615579321705e-11,0.9591757655143738,1
authentic__187,187,/kaggle/input/competitions/recodai-luc-scientific-image-forgery-detection/train_images/authentic/187.png,authentic,0,0,0.0,,0,0.0,1.0,1.0,0.7047058343887329,1
authentic__1879,1879,/kaggle/input/competitions/recodai-luc-scientific-image-forgery-detection/train_images/authentic/1879.png,authentic,0,0,0.0,,4397,0.029819064670138888,2.2742779167097048e-11,2.2742779167097048e-11,0.9822163581848145,1
authentic__18995,18995,/kaggle/input/competitions/recodai-luc-scientific-image-forgery-detection/train_images/authentic/18995.png,authentic,0,0,0.0,,0,0.0,1.0,1.0,0.02461872063577175,0
authentic__19281,19281,/kaggle/input/competitions/recodai-luc-scientific-image-forgery-detection/train_images/authentic/19281.png,authentic,0,0,0.0,,0,0.0,1.0,1.0,0.7723268270492554,1
authentic__1940,1940,/kaggle/input/competitions/recodai-luc-scientific-image-forgery-detection/train_images/authentic/1940.png,authentic,0,0,0.0,,0,0.0,1.0,1.0,0.10092014819383621,0
authentic__19593,19593,/kaggle/input/competitions/recodai-luc-scientific-image-forgery-detection/train_images/authentic/19593.png,authentic,0,0,0.0,,0,0.0,1.0,1.0,0.13840536773204803,0
authentic__19633,19633,/kaggle/input/competitions/recodai-luc-scientific-image-forgery-detection/train_images/authentic/19633.png,authentic,0,0,0.0,,0,0.0,1.0,1.0,0.044566377997398376,0
authentic__19728,19728,/kaggle/input/competitions/recodai-luc-scientific-image-forgery-detection/train_images/authentic/19728.png,authentic,0,0,0.0,,137,0.0009290907118055555,7.299270067664766e-10,7.299270067664766e-10,0.8810707926750183,1
authentic__19847,19847,/kaggle/input/competitions/recodai-luc-scientific-image-forgery-detection/train_images/authentic/19847.png,authentic,0,0,0.0,,1418,0.009616427951388888,7.052186177217757e-11,7.052186177217757e-11,0.9954664707183838,1
authentic__19953,19953,/kaggle/input/competitions/recodai-luc-scientific-image-forgery-detection/train_images/authentic/19953.png,authentic,0,0,0.0,,0,0.0,1.0,1.0,0.22089605033397675,0
authentic__20103,20103,/kaggle/input/competitions/recodai-luc-scientific-image-forgery-detection/train_images/authentic/20103.png,authentic,0,0,0.0,,0,0.0,1.0,1.0,0.6334846615791321,1
authentic__20270,20270,/kaggle/input/competitions/recodai-luc-scientific-image-forgery-detection/train_images/authentic/20270.png,authentic,0,0,0.0,,0,0.0,1.0,1.0,0.6287859082221985,1
authentic__20379,20379,/kaggle/input/competitions/recodai-luc-scientific-image-forgery-detection/train_images/authentic/20379.png,authentic,0,0,0.0,,0,0.0,1.0,1.0,0.30564552545547485,0
authentic__20490,20490,/kaggle/input/competitions/recodai-luc-scientific-image-forgery-detection/train_images/authentic/20490.png,authentic,0,0,0.0,,325,0.002204047309027778,3.076923075976331e-10,3.076923075976331e-10,0.9088280200958252,1
authentic__20587,20587,/kaggle/input/competitions/recodai-luc-scientific-image-forgery-detection/train_images/authentic/20587.png,authentic,0,0,0.0,,0,0.0,1.0,1.0,0.7635554075241089,1
authentic__20753,20753,/kaggle/input/competitions/recodai-luc-scientific-image-forgery-detection/train_images/authentic/20753.png,authentic,0,0,0.0,,54568,0.3700629340277778,1.8325758686376033e-12,1.8325758686376033e-12,0.9689792990684509,1
authentic__20800,20800,/kaggle/input/competitions/recodai-luc-scientific-image-forgery-detection/train_images/authentic/20800.png,authentic,0,0,0.0,,0,0.0,1.0,1.0,0.6232998967170715,1
authentic__20833,20833,/kaggle/input/competitions/recodai-luc-scientific-image-forgery-detection/train_images/authentic/20833.png,authentic,0,0,0.0,,0,0.0,1.0,1.0,0.7932661771774292,1
authentic__20920,20920,/kaggle/input/competitions/recodai-luc-scientific-image-forgery-detection/train_images/authentic/20920.png,authentic,0,0,0.0,,0,0.0,1.0,1.0,0.9869469404220581,1
authentic__21204,21204,/kaggle/input/competitions/recodai-luc-scientific-image-forgery-detection/train_images/authentic/21204.png,authentic,0,0,0.0,,0,0.0,1.0,1.0,0.15774409472942352,0
authentic__21264,21264,/kaggle/input/competitions/recodai-luc-scientific-image-forgery-detection/train_images/authentic/21264.png,authentic,0,0,0.0,,0,0.0,1.0,1.0,0.5743350982666016,0
authentic__21540,21540,/kaggle/input/competitions/recodai-luc-scientific-image-forgery-detection/train_images/authentic/21540.png,authentic,0,0,0.0,,490,0.003323025173611111,2.040816326114119e-10,2.040816326114119e-10,0.9625588655471802,1
authentic__2164,2164,/kaggle/input/competitions/recodai-luc-scientific-image-forgery-detection/train_images/authentic/2164.png,authentic,0,0,0.0,,0,0.0,1.0,1.0,0.8810691237449646,1
authentic__21728,21728,/kaggle/input/competitions/recodai-luc-scientific-image-forgery-detection/train_images/authentic/21728.png,authentic,0,0,0.0,,10160,0.06890190972222222,9.842519684942494e-12,9.842519684942494e-12,0.9718834757804871,1
authentic__21851,21851,/kaggle/input/competitions/recodai-luc-scientific-image-forgery-detection/train_images/authentic/21851.png,authentic,0,0,0.0,,0,0.0,1.0,1.0,0.3241651952266693,0
authentic__22046,22046,/kaggle/input/competitions/recodai-luc-scientific-image-forgery-detection/train_images/authentic/22046.png,authentic,0,0,0.0,,0,0.0,1.0,1.0,0.7626644372940063,1
authentic__22155,22155,/kaggle/input/competitions/recodai-luc-scientific-image-forgery-detection/train_images/authentic/22155.png,authentic,0,0,0.0,,0,0.0,1.0,1.0,0.0550910122692585,0
authentic__22182,22182,/kaggle/input/competitions/recodai-luc-scientific-image-forgery-detection/train_images/authentic/22182.png,authentic,0,0,0.0,,0,0.0,1.0,1.0,0.7815391421318054,1
authentic__2228,2228,/kaggle/input/competitions/recodai-luc-scientific-image-forgery-detection/train_images/authentic/2228.png,authentic,0,0,0.0,,6760,0.045844184027777776,1.4792899408065193e-11,1.4792899408065193e-11,0.9887105822563171,1
authentic__22337,22337,/kaggle/input/competitions/recodai-luc-scientific-image-forgery-detection/train_images/authentic/22337.png,authentic,0,0,0.0,,0,0.0,1.0,1.0,0.21117524802684784,0
authentic__22565,22565,/kaggle/input/competitions/recodai-luc-scientific-image-forgery-detection/train_images/authentic/22565.png,authentic,0,0,0.0,,0,0.0,1.0,1.0,0.21805734932422638,0
authentic__22739,22739,/kaggle/input/competitions/recodai-luc-scientific-image-forgery-detection/train_images/authentic/22739.png,authentic,0,0,0.0,,158,0.001071506076388889,6.329113920044864e-10,6.329113920044864e-10,0.9867117404937744,1
authentic__22797,22797,/kaggle/input/competitions/recodai-luc-scientific-image-forgery-detection/train_images/authentic/22797.png,authentic,0,0,0.0,,10779,0.07309977213541667,9.27729845060509e-12,9.27729845060509e-12,0.9768527746200562,1
authentic__2290,2290,/kaggle/input/competitions/recodai-luc-scientific-image-forgery-detection/train_images/authentic/2290.png,authentic,0,0,0.0,,0,0.0,1.0,1.0,0.8325198292732239,1
authentic__22951,22951,/kaggle/input/competitions/recodai-luc-scientific-image-forgery-detection/train_images/authentic/22951.png,authentic,0,0,0.0,,214,0.0014512803819444445,4.672897194078085e-10,4.672897194078085e-10,0.9953292608261108,1
authentic__2305,2305,/kaggle/input/competitions/recodai-luc-scientific-image-forgery-detection/train_images/authentic/2305.png,authentic,0,0,0.0,,2563,0.017381456163194444,3.90167772126798e-11,3.90167772126798e-11,0.9178289771080017,1
authentic__23143,23143,/kaggle/input/competitions/recodai-luc-scientific-image-forgery-detection/train_images/authentic/23143.png,authentic,0,0,0.0,,0,0.0,1.0,1.0,0.12530434131622314,0
authentic__23236,23236,/kaggle/input/competitions/recodai-luc-scientific-image-forgery-detection/train_images/authentic/23236.png,authentic,0,0,0.0,,0,0.0,1.0,1.0,0.6438586711883545,1
authentic__23357,23357,/kaggle/input/competitions/recodai-luc-scientific-image-forgery-detection/train_images/authentic/23357.png,authentic,0,0,0.0,,0,0.0,1.0,1.0,0.04640655592083931,0
authentic__23460,23460,/kaggle/input/competitions/recodai-luc-scientific-image-forgery-detection/train_images/authentic/23460.png,authentic,0,0,0.0,,4879,0.033087836371527776,2.0496003278940437e-11,2.0496003278940437e-11,0.9686548113822937,1
authentic__23527,23527,/kaggle/input/competitions/recodai-luc-scientific-image-forgery-detection/train_images/authentic/23527.png,authentic,0,0,0.0,,0,0.0,1.0,1.0,0.7826598882675171,1
authentic__23726,23726,/kaggle/input/competitions/recodai-luc-scientific-image-forgery-detection/train_images/authentic/23726.png,authentic,0,0,0.0,,236,0.0016004774305555555,4.2372881337977594e-10,4.2372881337977594e-10,0.8932729959487915,1
authentic__23904,23904,/kaggle/input/competitions/recodai-luc-scientific-image-forgery-detection/train_images/authentic/23904.png,authentic,0,0,0.0,,0,0.0,1.0,1.0,0.14861391484737396,0
authentic__24029,24029,/kaggle/input/competitions/recodai-luc-scientific-image-forgery-detection/train_images/authentic/24029.png,authentic,0,0,0.0,,132,0.0008951822916666666,7.575757570018365e-10,7.575757570018365e-10,0.9772007465362549,1
authentic__24218,24218,/kaggle/input/competitions/recodai-luc-scientific-image-forgery-detection/train_images/authentic/24218.png,authentic,0,0,0.0,,1455,0.009867350260416666,6.872852233204615e-11,6.872852233204615e-11,0.998231828212738,1
authentic__24332,24332,/kaggle/input/competitions/recodai-luc-scientific-image-forgery-detection/train_images/authentic/24332.png,authentic,0,0,0.0,,0,0.0,1.0,1.0,0.5336777567863464,0
authentic__24381,24381,/kaggle/input/competitions/recodai-luc-scientific-image-forgery-detection/train_images/authentic/24381.png,authentic,0,0,0.0,,0,0.0,1.0,1.0,0.4197510778903961,0
authentic__2450,2450,/kaggle/input/competitions/recodai-luc-scientific-image-forgery-detection/train_images/authentic/2450.png,authentic,0,0,0.0,,1508,0.010226779513888888,6.631299734308269e-11,6.631299734308269e-11,0.9914235472679138,1
authentic__24600,24600,/kaggle/input/competitions/recodai-luc-scientific-image-forgery-detection/train_images/authentic/24600.png,authentic,0,0,0.0,,0,0.0,1.0,1.0,0.8220953941345215,1
authentic__24676,24676,/kaggle/input/competitions/recodai-luc-scientific-image-forgery-detection/train_images/authentic/24676.png,authentic,0,0,0.0,,0,0.0,1.0,1.0,0.022225089371204376,0
authentic__24749,24749,/kaggle/input/competitions/recodai-luc-scientific-image-forgery-detection/train_images/authentic/24749.png,authentic,0,0,0.0,,0,0.0,1.0,1.0,0.7849584817886353,1
authentic__24937,24937,/kaggle/input/competitions/recodai-luc-scientific-image-forgery-detection/train_images/authentic/24937.png,authentic,0,0,0.0,,0,0.0,1.0,1.0,0.5815170407295227,0
authentic__25003,25003,/kaggle/input/competitions/recodai-luc-scientific-image-forgery-detection/train_images/authentic/25003.png,authentic,0,0,0.0,,0,0.0,1.0,1.0,0.16865788400173187,0
authentic__25124,25124,/kaggle/input/competitions/recodai-luc-scientific-image-forgery-detection/train_images/authentic/25124.png,authentic,0,0,0.0,,3605,0.024447970920138888,2.7739251039452447e-11,2.7739251039452447e-11,0.9622806906700134,1
authentic__2534,2534,/kaggle/input/competitions/recodai-luc-scientific-image-forgery-detection/train_images/authentic/2534.png,authentic,0,0,0.0,,0,0.0,1.0,1.0,0.756140947341919,1
authentic__25388,25388,/kaggle/input/competitions/recodai-luc-scientific-image-forgery-detection/train_images/authentic/25388.png,authentic,0,0,0.0,,15058,0.10211859809027778,6.640988178996938e-12,6.640988178996938e-12,0.9506778120994568,1
authentic__25458,25458,/kaggle/input/competitions/recodai-luc-scientific-image-forgery-detection/train_images/authentic/25458.png,authentic,0,0,0.0,,0,0.0,1.0,1.0,0.7332221269607544,1
authentic__25525,25525,/kaggle/input/competitions/recodai-luc-scientific-image-forgery-detection/train_images/authentic/25525.png,authentic,0,0,0.0,,323,0.002190483940972222,3.0959752312396356e-10,3.0959752312396356e-10,0.9341252446174622,1
authentic__25638,25638,/kaggle/input/competitions/recodai-luc-scientific-image-forgery-detection/train_images/authentic/25638.png,authentic,0,0,0.0,,0,0.0,1.0,1.0,0.7537811398506165,1
authentic__2577,2577,/kaggle/input/competitions/recodai-luc-scientific-image-forgery-detection/train_images/authentic/2577.png,authentic,0,0,0.0,,137,0.0009290907118055555,7.299270067664766e-10,7.299270067664766e-10,0.9868944883346558,1
authentic__25981,25981,/kaggle/input/competitions/recodai-luc-scientific-image-forgery-detection/train_images/authentic/25981.png,authentic,0,0,0.0,,252,0.001708984375,3.9682539666792644e-10,3.9682539666792644e-10,0.986034631729126,1
authentic__26035,26035,/kaggle/input/competitions/recodai-luc-scientific-image-forgery-detection/train_images/authentic/26035.png,authentic,0,0,0.0,,0,0.0,1.0,1.0,0.9918856620788574,1
authentic__26148,26148,/kaggle/input/competitions/recodai-luc-scientific-image-forgery-detection/train_images/authentic/26148.png,authentic,0,0,0.0,,0,0.0,1.0,1.0,0.025462782010436058,0
authentic__2622,2622,/kaggle/input/competitions/recodai-luc-scientific-image-forgery-detection/train_images/authentic/2622.png,authentic,0,0,0.0,,0,0.0,1.0,1.0,0.9633546471595764,1
authentic__26329,26329,/kaggle/input/competitions/recodai-luc-scientific-image-forgery-detection/train_images/authentic/26329.png,authentic,0,0,0.0,,0,0.0,1.0,1.0,0.7159797549247742,1
authentic__26435,26435,/kaggle/input/competitions/recodai-luc-scientific-image-forgery-detection/train_images/authentic/26435.png,authentic,0,0,0.0,,0,0.0,1.0,1.0,0.08075755089521408,0
authentic__26492,26492,/kaggle/input/competitions/recodai-luc-scientific-image-forgery-detection/train_images/authentic/26492.png,authentic,0,0,0.0,,16162,0.10960557725694445,6.18735305032677e-12,6.18735305032677e-12,0.9904388785362244,1
authentic__26730,26730,/kaggle/input/competitions/recodai-luc-scientific-image-forgery-detection/train_images/authentic/26730.png,authentic,0,0,0.0,,0,0.0,1.0,1.0,0.7373916506767273,1
authentic__27061,27061,/kaggle/input/competitions/recodai-luc-scientific-image-forgery-detection/train_images/authentic/27061.png,authentic,0,0,0.0,,10070,0.06829155815972222,9.930486593744482e-12,9.930486593744482e-12,0.9930444359779358,1
authentic__27195,27195,/kaggle/input/competitions/recodai-luc-scientific-image-forgery-detection/train_images/authentic/27195.png,authentic,0,0,0.0,,0,0.0,1.0,1.0,0.2739414572715759,0
authentic__27409,27409,/kaggle/input/competitions/recodai-luc-scientific-image-forgery-detection/train_images/authentic/27409.png,authentic,0,0,0.0,,334,0.002265082465277778,2.9940119751514933e-10,2.9940119751514933e-10,0.9790826439857483,1
authentic__27586,27586,/kaggle/input/competitions/recodai-luc-scientific-image-forgery-detection/train_images/authentic/27586.png,authentic,0,0,0.0,,0,0.0,1.0,1.0,0.5799897313117981,0
authentic__27694,27694,/kaggle/input/competitions/recodai-luc-scientific-image-forgery-detection/train_images/authentic/27694.png,authentic,0,0,0.0,,0,0.0,1.0,1.0,0.858288586139679,1
authentic__27896,27896,/kaggle/input/competitions/recodai-luc-scientific-image-forgery-detection/train_images/authentic/27896.png,authentic,0,0,0.0,,378,0.0025634765625,2.645502644802777e-10,2.645502644802777e-10,0.9821950793266296,1
authentic__28014,28014,/kaggle/input/competitions/recodai-luc-scientific-image-forgery-detection/train_images/authentic/28014.png,authentic,0,0,0.0,,0,0.0,1.0,1.0,0.1137225478887558,0
authentic__28195,28195,/kaggle/input/competitions/recodai-luc-scientific-image-forgery-detection/train_images/authentic/28195.png,authentic,0,0,0.0,,2265,0.015360514322916666,4.4150110373326705e-11,4.4150110373326705e-11,0.9883296489715576,1
authentic__28245,28245,/kaggle/input/competitions/recodai-luc-scientific-image-forgery-detection/train_images/authentic/28245.png,authentic,0,0,0.0,,0,0.0,1.0,1.0,0.4302726686000824,0
authentic__28283,28283,/kaggle/input/competitions/recodai-luc-scientific-image-forgery-detection/train_images/authentic/28283.png,authentic,0,0,0.0,,11021,0.0747409396701389,9.073586788775305e-12,9.073586788775305e-12,0.9578075408935547,1
authentic__28412,28412,/kaggle/input/competitions/recodai-luc-scientific-image-forgery-detection/train_images/authentic/28412.png,authentic,0,0,0.0,,0,0.0,1.0,1.0,0.12999004125595093,0
authentic__28496,28496,/kaggle/input/competitions/recodai-luc-scientific-image-forgery-detection/train_images/authentic/28496.png,authentic,0,0,0.0,,0,0.0,1.0,1.0,0.3931911289691925,0
authentic__28878,28878,/kaggle/input/competitions/recodai-luc-scientific-image-forgery-detection/train_images/authentic/28878.png,authentic,0,0,0.0,,206,0.0013970269097222222,4.854368929682345e-10,4.854368929682345e-10,0.8900540471076965,1
authentic__28928,28928,/kaggle/input/competitions/recodai-luc-scientific-image-forgery-detection/train_images/authentic/28928.png,authentic,0,0,0.0,,247,0.001675075954861111,4.0485829943123145e-10,4.0485829943123145e-10,0.9837888479232788,1
authentic__28965,28965,/kaggle/input/competitions/recodai-luc-scientific-image-forgery-detection/train_images/authentic/28965.png,authentic,0,0,0.0,,0,0.0,1.0,1.0,0.7444618940353394,1
authentic__29129,29129,/kaggle/input/competitions/recodai-luc-scientific-image-forgery-detection/train_images/authentic/29129.png,authentic,0,0,0.0,,0,0.0,1.0,1.0,0.5476417541503906,0
authentic__29229,29229,/kaggle/input/competitions/recodai-luc-scientific-image-forgery-detection/train_images/authentic/29229.png,authentic,0,0,0.0,,0,0.0,1.0,1.0,0.1276441216468811,0
authentic__29464,29464,/kaggle/input/competitions/recodai-luc-scientific-image-forgery-detection/train_images/authentic/29464.png,authentic,0,0,0.0,,888,0.006022135416666667,1.1261261259993101e-10,1.1261261259993101e-10,0.9976509213447571,1
authentic__29482,29482,/kaggle/input/competitions/recodai-luc-scientific-image-forgery-detection/train_images/authentic/29482.png,authentic,0,0,0.0,,0,0.0,1.0,1.0,0.6750353574752808,1
authentic__29593,29593,/kaggle/input/competitions/recodai-luc-scientific-image-forgery-detection/train_images/authentic/29593.png,authentic,0,0,0.0,,0,0.0,1.0,1.0,0.8283343315124512,1
authentic__29663,29663,/kaggle/input/competitions/recodai-luc-scientific-image-forgery-detection/train_images/authentic/29663.png,authentic,0,0,0.0,,453,0.0030721028645833335,2.2075055182764888e-10,2.2075055182764888e-10,0.8801499605178833,1
authentic__29736,29736,/kaggle/input/competitions/recodai-luc-scientific-image-forgery-detection/train_images/authentic/29736.png,authentic,0,0,0.0,,0,0.0,1.0,1.0,0.020946083590388298,0
authentic__298,298,/kaggle/input/competitions/recodai-luc-scientific-image-forgery-detection/train_images/authentic/298.png,authentic,0,0,0.0,,0,0.0,1.0,1.0,0.023876525461673737,0
authentic__30045,30045,/kaggle/input/competitions/recodai-luc-scientific-image-forgery-detection/train_images/authentic/30045.png,authentic,0,0,0.0,,5593,0.03792995876736111,1.7879492222101208e-11,1.7879492222101208e-11,0.9939153790473938,1
authentic__30217,30217,/kaggle/input/competitions/recodai-luc-scientific-image-forgery-detection/train_images/authentic/30217.png,authentic,0,0,0.0,,0,0.0,1.0,1.0,0.19237098097801208,0
authentic__30298,30298,/kaggle/input/competitions/recodai-luc-scientific-image-forgery-detection/train_images/authentic/30298.png,authentic,0,0,0.0,,0,0.0,1.0,1.0,0.9367982745170593,1
authentic__30354,30354,/kaggle/input/competitions/recodai-luc-scientific-image-forgery-detection/train_images/authentic/30354.png,authentic,0,0,0.0,,0,0.0,1.0,1.0,0.7602837681770325,1
authentic__3062,3062,/kaggle/input/competitions/recodai-luc-scientific-image-forgery-detection/train_images/authentic/3062.png,authentic,0,0,0.0,,0,0.0,1.0,1.0,0.8869922161102295,1
authentic__30715,30715,/kaggle/input/competitions/recodai-luc-scientific-image-forgery-detection/train_images/authentic/30715.png,authentic,0,0,0.0,,0,0.0,1.0,1.0,0.6495698690414429,1
authentic__30871,30871,/kaggle/input/competitions/recodai-luc-scientific-image-forgery-detection/train_images/authentic/30871.png,authentic,0,0,0.0,,888,0.006022135416666667,1.1261261259993101e-10,1.1261261259993101e-10,0.9633998870849609,1
authentic__31077,31077,/kaggle/input/competitions/recodai-luc-scientific-image-forgery-detection/train_images/authentic/31077.png,authentic,0,0,0.0,,617,0.004184299045138889,1.6207455426870752e-10,1.6207455426870752e-10,0.9891498684883118,1
authentic__3110,3110,/kaggle/input/competitions/recodai-luc-scientific-image-forgery-detection/train_images/authentic/3110.png,authentic,0,0,0.0,,0,0.0,1.0,1.0,0.5547512769699097,0
authentic__31218,31218,/kaggle/input/competitions/recodai-luc-scientific-image-forgery-detection/train_images/authentic/31218.png,authentic,0,0,0.0,,0,0.0,1.0,1.0,0.3838144838809967,0
authentic__31262,31262,/kaggle/input/competitions/recodai-luc-scientific-image-forgery-detection/train_images/authentic/31262.png,authentic,0,0,0.0,,0,0.0,1.0,1.0,0.8928781151771545,1
authentic__31336,31336,/kaggle/input/competitions/recodai-luc-scientific-image-forgery-detection/train_images/authentic/31336.png,authentic,0,0,0.0,,0,0.0,1.0,1.0,0.8619199991226196,1
authentic__31468,31468,/kaggle/input/competitions/recodai-luc-scientific-image-forgery-detection/train_images/authentic/31468.png,authentic,0,0,0.0,,0,0.0,1.0,1.0,0.1971665471792221,0
authentic__31725,31725,/kaggle/input/competitions/recodai-luc-scientific-image-forgery-detection/train_images/authentic/31725.png,authentic,0,0,0.0,,16100,0.10918511284722222,6.211180124185023e-12,6.211180124185023e-12,0.9727855324745178,1
authentic__31834,31834,/kaggle/input/competitions/recodai-luc-scientific-image-forgery-detection/train_images/authentic/31834.png,authentic,0,0,0.0,,0,0.0,1.0,1.0,0.6262741684913635,1
authentic__31942,31942,/kaggle/input/competitions/recodai-luc-scientific-image-forgery-detection/train_images/authentic/31942.png,authentic,0,0,0.0,,0,0.0,1.0,1.0,0.8974835276603699,1
authentic__32013,32013,/kaggle/input/competitions/recodai-luc-scientific-image-forgery-detection/train_images/authentic/32013.png,authentic,0,0,0.0,,551,0.0037367078993055555,1.8148820323384969e-10,1.8148820323384969e-10,0.9721639156341553,1
authentic__32139,32139,/kaggle/input/competitions/recodai-luc-scientific-image-forgery-detection/train_images/authentic/32139.png,authentic,0,0,0.0,,0,0.0,1.0,1.0,0.15596021711826324,0
authentic__3228,3228,/kaggle/input/competitions/recodai-luc-scientific-image-forgery-detection/train_images/authentic/3228.png,authentic,0,0,0.0,,0,0.0,1.0,1.0,0.04405204951763153,0
authentic__32398,32398,/kaggle/input/competitions/recodai-luc-scientific-image-forgery-detection/train_images/authentic/32398.png,authentic,0,0,0.0,,0,0.0,1.0,1.0,0.41201624274253845,0
authentic__32535,32535,/kaggle/input/competitions/recodai-luc-scientific-image-forgery-detection/train_images/authentic/32535.png,authentic,0,0,0.0,,3687,0.025004069010416668,2.7122321669999395e-11,2.7122321669999395e-11,0.9365538358688354,1
authentic__32722,32722,/kaggle/input/competitions/recodai-luc-scientific-image-forgery-detection/train_images/authentic/32722.png,authentic,0,0,0.0,,1167,0.007914225260416666,8.568980290611054e-11,8.568980290611054e-11,0.9221499562263489,1
authentic__32884,32884,/kaggle/input/competitions/recodai-luc-scientific-image-forgery-detection/train_images/authentic/32884.png,authentic,0,0,0.0,,0,0.0,1.0,1.0,0.8229774236679077,1
authentic__32973,32973,/kaggle/input/competitions/recodai-luc-scientific-image-forgery-detection/train_images/authentic/32973.png,authentic,0,0,0.0,,0,0.0,1.0,1.0,0.12855590879917145,0
authentic__33053,33053,/kaggle/input/competitions/recodai-luc-scientific-image-forgery-detection/train_images/authentic/33053.png,authentic,0,0,0.0,,0,0.0,1.0,1.0,0.5849835276603699,0
authentic__33343,33343,/kaggle/input/competitions/recodai-luc-scientific-image-forgery-detection/train_images/authentic/33343.png,authentic,0,0,0.0,,0,0.0,1.0,1.0,0.09392444789409637,0
authentic__33580,33580,/kaggle/input/competitions/recodai-luc-scientific-image-forgery-detection/train_images/authentic/33580.png,authentic,0,0,0.0,,0,0.0,1.0,1.0,0.43506497144699097,0
authentic__33686,33686,/kaggle/input/competitions/recodai-luc-scientific-image-forgery-detection/train_images/authentic/33686.png,authentic,0,0,0.0,,8387,0.056877983940972224,1.1923214498486665e-11,1.1923214498486665e-11,0.9816001057624817,1
authentic__339,339,/kaggle/input/competitions/recodai-luc-scientific-image-forgery-detection/train_images/authentic/339.png,authentic,0,0,0.0,,0,0.0,1.0,1.0,0.037102729082107544,0
authentic__33985,33985,/kaggle/input/competitions/recodai-luc-scientific-image-forgery-detection/train_images/authentic/33985.png,authentic,0,0,0.0,,0,0.0,1.0,1.0,0.22917382419109344,0
authentic__34036,34036,/kaggle/input/competitions/recodai-luc-scientific-image-forgery-detection/train_images/authentic/34036.png,authentic,0,0,0.0,,2696,0.018283420138888888,3.7091988129187984e-11,3.7091988129187984e-11,0.921895444393158,1
authentic__34211,34211,/kaggle/input/competitions/recodai-luc-scientific-image-forgery-detection/train_images/authentic/34211.png,authentic,0,0,0.0,,0,0.0,1.0,1.0,0.03655928000807762,0
authentic__34306,34306,/kaggle/input/competitions/recodai-luc-scientific-image-forgery-detection/train_images/authentic/34306.png,authentic,0,0,0.0,,0,0.0,1.0,1.0,0.6239132285118103,1
authentic__34415,34415,/kaggle/input/competitions/recodai-luc-scientific-image-forgery-detection/train_images/authentic/34415.png,authentic,0,0,0.0,,0,0.0,1.0,1.0,0.049555953592061996,0
authentic__34597,34597,/kaggle/input/competitions/recodai-luc-scientific-image-forgery-detection/train_images/authentic/34597.png,authentic,0,0,0.0,,13490,0.09148491753472222,7.412898443236375e-12,7.412898443236375e-12,0.9993122816085815,1
authentic__34824,34824,/kaggle/input/competitions/recodai-luc-scientific-image-forgery-detection/train_images/authentic/34824.png,authentic,0,0,0.0,,0,0.0,1.0,1.0,0.9388638734817505,1
authentic__34873,34873,/kaggle/input/competitions/recodai-luc-scientific-image-forgery-detection/train_images/authentic/34873.png,authentic,0,0,0.0,,15673,0.1062893337673611,6.380399412962544e-12,6.380399412962544e-12,0.9976969361305237,1
authentic__35018,35018,/kaggle/input/competitions/recodai-luc-scientific-image-forgery-detection/train_images/authentic/35018.png,authentic,0,0,0.0,,157,0.001064724392361111,6.369426747535397e-10,6.369426747535397e-10,0.9898125529289246,1
authentic__35127,35127,/kaggle/input/competitions/recodai-luc-scientific-image-forgery-detection/train_images/authentic/35127.png,authentic,0,0,0.0,,0,0.0,1.0,1.0,0.7855580449104309,1
authentic__35222,35222,/kaggle/input/competitions/recodai-luc-scientific-image-forgery-detection/train_images/authentic/35222.png,authentic,0,0,0.0,,1643,0.011142306857638888,6.08642726682371e-11,6.08642726682371e-11,0.8965489864349365,1
authentic__35378,35378,/kaggle/input/competitions/recodai-luc-scientific-image-forgery-detection/train_images/authentic/35378.png,authentic,0,0,0.0,,0,0.0,1.0,1.0,0.7269468903541565,1
authentic__35471,35471,/kaggle/input/competitions/recodai-luc-scientific-image-forgery-detection/train_images/authentic/35471.png,authentic,0,0,0.0,,0,0.0,1.0,1.0,0.8464726209640503,1
authentic__35586,35586,/kaggle/input/competitions/recodai-luc-scientific-image-forgery-detection/train_images/authentic/35586.png,authentic,0,0,0.0,,23795,0.1613701714409722,4.2025635637562404e-12,4.2025635637562404e-12,0.998096764087677,1
authentic__35715,35715,/kaggle/input/competitions/recodai-luc-scientific-image-forgery-detection/train_images/authentic/35715.png,authentic,0,0,0.0,,0,0.0,1.0,1.0,0.6500725746154785,1
authentic__35744,35744,/kaggle/input/competitions/recodai-luc-scientific-image-forgery-detection/train_images/authentic/35744.png,authentic,0,0,0.0,,0,0.0,1.0,1.0,0.7726110816001892,1
authentic__35885,35885,/kaggle/input/competitions/recodai-luc-scientific-image-forgery-detection/train_images/authentic/35885.png,authentic,0,0,0.0,,0,0.0,1.0,1.0,0.4199555218219757,0
authentic__36010,36010,/kaggle/input/competitions/recodai-luc-scientific-image-forgery-detection/train_images/authentic/36010.png,authentic,0,0,0.0,,0,0.0,1.0,1.0,0.8251344561576843,1
authentic__36190,36190,/kaggle/input/competitions/recodai-luc-scientific-image-forgery-detection/train_images/authentic/36190.png,authentic,0,0,0.0,,0,0.0,1.0,1.0,0.7005236148834229,1
authentic__36295,36295,/kaggle/input/competitions/recodai-luc-scientific-image-forgery-detection/train_images/authentic/36295.png,authentic,0,0,0.0,,0,0.0,1.0,1.0,0.02920042723417282,0
authentic__36390,36390,/kaggle/input/competitions/recodai-luc-scientific-image-forgery-detection/train_images/authentic/36390.png,authentic,0,0,0.0,,0,0.0,1.0,1.0,0.5583513975143433,0
authentic__36453,36453,/kaggle/input/competitions/recodai-luc-scientific-image-forgery-detection/train_images/authentic/36453.png,authentic,0,0,0.0,,0,0.0,1.0,1.0,0.020894203335046768,0
authentic__36597,36597,/kaggle/input/competitions/recodai-luc-scientific-image-forgery-detection/train_images/authentic/36597.png,authentic,0,0,0.0,,0,0.0,1.0,1.0,0.8694307804107666,1
authentic__36707,36707,/kaggle/input/competitions/recodai-luc-scientific-image-forgery-detection/train_images/authentic/36707.png,authentic,0,0,0.0,,252,0.001708984375,3.9682539666792644e-10,3.9682539666792644e-10,0.9297180771827698,1
authentic__36746,36746,/kaggle/input/competitions/recodai-luc-scientific-image-forgery-detection/train_images/authentic/36746.png,authentic,0,0,0.0,,0,0.0,1.0,1.0,0.36000725626945496,0
authentic__36949,36949,/kaggle/input/competitions/recodai-luc-scientific-image-forgery-detection/train_images/authentic/36949.png,authentic,0,0,0.0,,0,0.0,1.0,1.0,0.11086763441562653,0
authentic__37076,37076,/kaggle/input/competitions/recodai-luc-scientific-image-forgery-detection/train_images/authentic/37076.png,authentic,0,0,0.0,,0,0.0,1.0,1.0,0.7511008381843567,1
authentic__37149,37149,/kaggle/input/competitions/recodai-luc-scientific-image-forgery-detection/train_images/authentic/37149.png,authentic,0,0,0.0,,0,0.0,1.0,1.0,0.5176917314529419,0
authentic__37280,37280,/kaggle/input/competitions/recodai-luc-scientific-image-forgery-detection/train_images/authentic/37280.png,authentic,0,0,0.0,,0,0.0,1.0,1.0,0.8841409087181091,1
authentic__37400,37400,/kaggle/input/competitions/recodai-luc-scientific-image-forgery-detection/train_images/authentic/37400.png,authentic,0,0,0.0,,627,0.004252115885416667,1.5948963314840675e-10,1.5948963314840675e-10,0.9367458820343018,1
authentic__3751,3751,/kaggle/input/competitions/recodai-luc-scientific-image-forgery-detection/train_images/authentic/3751.png,authentic,0,0,0.0,,0,0.0,1.0,1.0,0.5431278944015503,0
authentic__37586,37586,/kaggle/input/competitions/recodai-luc-scientific-image-forgery-detection/train_images/authentic/37586.png,authentic,0,0,0.0,,0,0.0,1.0,1.0,0.2864716947078705,0
authentic__37735,37735,/kaggle/input/competitions/recodai-luc-scientific-image-forgery-detection/train_images/authentic/37735.png,authentic,0,0,0.0,,0,0.0,1.0,1.0,0.22635047137737274,0
authentic__37817,37817,/kaggle/input/competitions/recodai-luc-scientific-image-forgery-detection/train_images/authentic/37817.png,authentic,0,0,0.0,,0,0.0,1.0,1.0,0.796255350112915,1
authentic__37903,37903,/kaggle/input/competitions/recodai-luc-scientific-image-forgery-detection/train_images/authentic/37903.png,authentic,0,0,0.0,,0,0.0,1.0,1.0,0.5445530414581299,0
authentic__37942,37942,/kaggle/input/competitions/recodai-luc-scientific-image-forgery-detection/train_images/authentic/37942.png,authentic,0,0,0.0,,0,0.0,1.0,1.0,0.3214566707611084,0
authentic__38034,38034,/kaggle/input/competitions/recodai-luc-scientific-image-forgery-detection/train_images/authentic/38034.png,authentic,0,0,0.0,,0,0.0,1.0,1.0,0.6226323246955872,1
authentic__38136,38136,/kaggle/input/competitions/recodai-luc-scientific-image-forgery-detection/train_images/authentic/38136.png,authentic,0,0,0.0,,0,0.0,1.0,1.0,0.8786953091621399,1
authentic__38256,38256,/kaggle/input/competitions/recodai-luc-scientific-image-forgery-detection/train_images/authentic/38256.png,authentic,0,0,0.0,,0,0.0,1.0,1.0,0.9599842429161072,1
authentic__38294,38294,/kaggle/input/competitions/recodai-luc-scientific-image-forgery-detection/train_images/authentic/38294.png,authentic,0,0,0.0,,0,0.0,1.0,1.0,0.36610090732574463,0
authentic__38456,38456,/kaggle/input/competitions/recodai-luc-scientific-image-forgery-detection/train_images/authentic/38456.png,authentic,0,0,0.0,,0,0.0,1.0,1.0,0.921005368232727,1
authentic__38486,38486,/kaggle/input/competitions/recodai-luc-scientific-image-forgery-detection/train_images/authentic/38486.png,authentic,0,0,0.0,,0,0.0,1.0,1.0,0.7572814226150513,1
authentic__38548,38548,/kaggle/input/competitions/recodai-luc-scientific-image-forgery-detection/train_images/authentic/38548.png,authentic,0,0,0.0,,0,0.0,1.0,1.0,0.47591346502304077,0
authentic__38633,38633,/kaggle/input/competitions/recodai-luc-scientific-image-forgery-detection/train_images/authentic/38633.png,authentic,0,0,0.0,,0,0.0,1.0,1.0,0.990164577960968,1
authentic__38699,38699,/kaggle/input/competitions/recodai-luc-scientific-image-forgery-detection/train_images/authentic/38699.png,authentic,0,0,0.0,,0,0.0,1.0,1.0,0.1702772080898285,0
authentic__38913,38913,/kaggle/input/competitions/recodai-luc-scientific-image-forgery-detection/train_images/authentic/38913.png,authentic,0,0,0.0,,0,0.0,1.0,1.0,0.022715754806995392,0
authentic__39099,39099,/kaggle/input/competitions/recodai-luc-scientific-image-forgery-detection/train_images/authentic/39099.png,authentic,0,0,0.0,,275,0.001864963107638889,3.636363635041322e-10,3.636363635041322e-10,0.9797701835632324,1
authentic__39299,39299,/kaggle/input/competitions/recodai-luc-scientific-image-forgery-detection/train_images/authentic/39299.png,authentic,0,0,0.0,,0,0.0,1.0,1.0,0.6442775726318359,1
authentic__39366,39366,/kaggle/input/competitions/recodai-luc-scientific-image-forgery-detection/train_images/authentic/39366.png,authentic,0,0,0.0,,0,0.0,1.0,1.0,0.7986214756965637,1
authentic__39625,39625,/kaggle/input/competitions/recodai-luc-scientific-image-forgery-detection/train_images/authentic/39625.png,authentic,0,0,0.0,,0,0.0,1.0,1.0,0.8040768504142761,1
authentic__39737,39737,/kaggle/input/competitions/recodai-luc-scientific-image-forgery-detection/train_images/authentic/39737.png,authentic,0,0,0.0,,0,0.0,1.0,1.0,0.041103545576334,0
authentic__39875,39875,/kaggle/input/competitions/recodai-luc-scientific-image-forgery-detection/train_images/authentic/39875.png,authentic,0,0,0.0,,10848,0.07356770833333333,9.218289085460744e-12,9.218289085460744e-12,0.9844367504119873,1
authentic__39944,39944,/kaggle/input/competitions/recodai-luc-scientific-image-forgery-detection/train_images/authentic/39944.png,authentic,0,0,0.0,,341,0.002312554253472222,2.932551318788108e-10,2.932551318788108e-10,0.9771361351013184,1
authentic__40033,40033,/kaggle/input/competitions/recodai-luc-scientific-image-forgery-detection/train_images/authentic/40033.png,authentic,0,0,0.0,,7727,0.05240207248263889,1.2941633233946659e-11,1.2941633233946659e-11,0.98463374376297,1
authentic__4022,4022,/kaggle/input/competitions/recodai-luc-scientific-image-forgery-detection/train_images/authentic/4022.png,authentic,0,0,0.0,,0,0.0,1.0,1.0,0.6020780801773071,1
authentic__40298,40298,/kaggle/input/competitions/recodai-luc-scientific-image-forgery-detection/train_images/authentic/40298.png,authentic,0,0,0.0,,0,0.0,1.0,1.0,0.23048105835914612,0
authentic__40349,40349,/kaggle/input/competitions/recodai-luc-scientific-image-forgery-detection/train_images/authentic/40349.png,authentic,0,0,0.0,,0,0.0,1.0,1.0,0.2236577868461609,0
authentic__40373,40373,/kaggle/input/competitions/recodai-luc-scientific-image-forgery-detection/train_images/authentic/40373.png,authentic,0,0,0.0,,0,0.0,1.0,1.0,0.65529465675354,1
authentic__4045,4045,/kaggle/input/competitions/recodai-luc-scientific-image-forgery-detection/train_images/authentic/4045.png,authentic,0,0,0.0,,0,0.0,1.0,1.0,0.23764505982398987,0
authentic__40519,40519,/kaggle/input/competitions/recodai-luc-scientific-image-forgery-detection/train_images/authentic/40519.png,authentic,0,0,0.0,,0,0.0,1.0,1.0,0.1377425640821457,0
authentic__40728,40728,/kaggle/input/competitions/recodai-luc-scientific-image-forgery-detection/train_images/authentic/40728.png,authentic,0,0,0.0,,110,0.0007459852430555555,9.090909082644628e-10,9.090909082644628e-10,0.9952131509780884,1
authentic__40828,40828,/kaggle/input/competitions/recodai-luc-scientific-image-forgery-detection/train_images/authentic/40828.png,authentic,0,0,0.0,,0,0.0,1.0,1.0,0.3817623257637024,0
authentic__40919,40919,/kaggle/input/competitions/recodai-luc-scientific-image-forgery-detection/train_images/authentic/40919.png,authentic,0,0,0.0,,0,0.0,1.0,1.0,0.05770033597946167,0
authentic__40974,40974,/kaggle/input/competitions/recodai-luc-scientific-image-forgery-detection/train_images/authentic/40974.png,authentic,0,0,0.0,,0,0.0,1.0,1.0,0.7563519477844238,1
authentic__41024,41024,/kaggle/input/competitions/recodai-luc-scientific-image-forgery-detection/train_images/authentic/41024.png,authentic,0,0,0.0,,2409,0.016337076822916668,4.151100041338684e-11,4.151100041338684e-11,0.9960753321647644,1
authentic__41080,41080,/kaggle/input/competitions/recodai-luc-scientific-image-forgery-detection/train_images/authentic/41080.png,authentic,0,0,0.0,,0,0.0,1.0,1.0,0.0426635779440403,0
authentic__41171,41171,/kaggle/input/competitions/recodai-luc-scientific-image-forgery-detection/train_images/authentic/41171.png,authentic,0,0,0.0,,0,0.0,1.0,1.0,0.41847318410873413,0
authentic__41255,41255,/kaggle/input/competitions/recodai-luc-scientific-image-forgery-detection/train_images/authentic/41255.png,authentic,0,0,0.0,,0,0.0,1.0,1.0,0.5039471983909607,0
authentic__414,414,/kaggle/input/competitions/recodai-luc-scientific-image-forgery-detection/train_images/authentic/414.png,authentic,0,0,0.0,,19175,0.1300387912326389,5.215123859164458e-12,5.215123859164458e-12,0.973551332950592,1
authentic__41517,41517,/kaggle/input/competitions/recodai-luc-scientific-image-forgery-detection/train_images/authentic/41517.png,authentic,0,0,0.0,,6586,0.04466417100694445,1.5183723048661042e-11,1.5183723048661042e-11,0.9997089505195618,1
authentic__41600,41600,/kaggle/input/competitions/recodai-luc-scientific-image-forgery-detection/train_images/authentic/41600.png,authentic,0,0,0.0,,17502,0.11869303385416667,5.713632727655618e-12,5.713632727655618e-12,0.989658772945404,1
authentic__41697,41697,/kaggle/input/competitions/recodai-luc-scientific-image-forgery-detection/train_images/authentic/41697.png,authentic,0,0,0.0,,1561,0.010586208767361112,6.406149903497364e-11,6.406149903497364e-11,0.9209375977516174,1
authentic__41830,41830,/kaggle/input/competitions/recodai-luc-scientific-image-forgery-detection/train_images/authentic/41830.png,authentic,0,0,0.0,,0,0.0,1.0,1.0,0.1869911402463913,0
authentic__41895,41895,/kaggle/input/competitions/recodai-luc-scientific-image-forgery-detection/train_images/authentic/41895.png,authentic,0,0,0.0,,0,0.0,1.0,1.0,0.8528220057487488,1
authentic__42035,42035,/kaggle/input/competitions/recodai-luc-scientific-image-forgery-detection/train_images/authentic/42035.png,authentic,0,0,0.0,,0,0.0,1.0,1.0,0.09455221891403198,0
authentic__4222,4222,/kaggle/input/competitions/recodai-luc-scientific-image-forgery-detection/train_images/authentic/4222.png,authentic,0,0,0.0,,13194,0.0894775390625,7.579202667821894e-12,7.579202667821894e-12,0.9568690657615662,1
authentic__42289,42289,/kaggle/input/competitions/recodai-luc-scientific-image-forgery-detection/train_images/authentic/42289.png,authentic,0,0,0.0,,0,0.0,1.0,1.0,0.7099061012268066,1
authentic__42385,42385,/kaggle/input/competitions/recodai-luc-scientific-image-forgery-detection/train_images/authentic/42385.png,authentic,0,0,0.0,,0,0.0,1.0,1.0,0.631228506565094,1
authentic__42461,42461,/kaggle/input/competitions/recodai-luc-scientific-image-forgery-detection/train_images/authentic/42461.png,authentic,0,0,0.0,,0,0.0,1.0,1.0,0.01948862336575985,0
authentic__42632,42632,/kaggle/input/competitions/recodai-luc-scientific-image-forgery-detection/train_images/authentic/42632.png,authentic,0,0,0.0,,0,0.0,1.0,1.0,0.5047084093093872,0
authentic__42742,42742,/kaggle/input/competitions/recodai-luc-scientific-image-forgery-detection/train_images/authentic/42742.png,authentic,0,0,0.0,,0,0.0,1.0,1.0,0.885049045085907,1
authentic__42832,42832,/kaggle/input/competitions/recodai-luc-scientific-image-forgery-detection/train_images/authentic/42832.png,authentic,0,0,0.0,,0,0.0,1.0,1.0,0.8242409825325012,1
authentic__43085,43085,/kaggle/input/competitions/recodai-luc-scientific-image-forgery-detection/train_images/authentic/43085.png,authentic,0,0,0.0,,0,0.0,1.0,1.0,0.655697762966156,1
authentic__43142,43142,/kaggle/input/competitions/recodai-luc-scientific-image-forgery-detection/train_images/authentic/43142.png,authentic,0,0,0.0,,0,0.0,1.0,1.0,0.33342182636260986,0
authentic__4321,4321,/kaggle/input/competitions/recodai-luc-scientific-image-forgery-detection/train_images/authentic/4321.png,authentic,0,0,0.0,,0,0.0,1.0,1.0,0.2815074324607849,0
authentic__43285,43285,/kaggle/input/competitions/recodai-luc-scientific-image-forgery-detection/train_images/authentic/43285.png,authentic,0,0,0.0,,0,0.0,1.0,1.0,0.45108938217163086,0
authentic__43368,43368,/kaggle/input/competitions/recodai-luc-scientific-image-forgery-detection/train_images/authentic/43368.png,authentic,0,0,0.0,,0,0.0,1.0,1.0,0.9030807614326477,1
authentic__43610,43610,/kaggle/input/competitions/recodai-luc-scientific-image-forgery-detection/train_images/authentic/43610.png,authentic,0,0,0.0,,258,0.0017496744791666667,3.875968990745748e-10,3.875968990745748e-10,0.9969173669815063,1
authentic__4371,4371,/kaggle/input/competitions/recodai-luc-scientific-image-forgery-detection/train_images/authentic/4371.png,authentic,0,0,0.0,,4824,0.03271484375,2.0729684908359666e-11,2.0729684908359666e-11,0.9941368103027344,1
authentic__43810,43810,/kaggle/input/competitions/recodai-luc-scientific-image-forgery-detection/train_images/authentic/43810.png,authentic,0,0,0.0,,888,0.006022135416666667,1.1261261259993101e-10,1.1261261259993101e-10,0.997137188911438,1
authentic__43915,43915,/kaggle/input/competitions/recodai-luc-scientific-image-forgery-detection/train_images/authentic/43915.png,authentic,0,0,0.0,,0,0.0,1.0,1.0,0.7121320366859436,1
authentic__44311,44311,/kaggle/input/competitions/recodai-luc-scientific-image-forgery-detection/train_images/authentic/44311.png,authentic,0,0,0.0,,0,0.0,1.0,1.0,0.9096390008926392,1
authentic__44420,44420,/kaggle/input/competitions/recodai-luc-scientific-image-forgery-detection/train_images/authentic/44420.png,authentic,0,0,0.0,,0,0.0,1.0,1.0,0.7184647917747498,1
authentic__44622,44622,/kaggle/input/competitions/recodai-luc-scientific-image-forgery-detection/train_images/authentic/44622.png,authentic,0,0,0.0,,0,0.0,1.0,1.0,0.7345660328865051,1
authentic__44666,44666,/kaggle/input/competitions/recodai-luc-scientific-image-forgery-detection/train_images/authentic/44666.png,authentic,0,0,0.0,,0,0.0,1.0,1.0,0.0662362203001976,0
authentic__45004,45004,/kaggle/input/competitions/recodai-luc-scientific-image-forgery-detection/train_images/authentic/45004.png,authentic,0,0,0.0,,0,0.0,1.0,1.0,0.13891199231147766,0
authentic__45133,45133,/kaggle/input/competitions/recodai-luc-scientific-image-forgery-detection/train_images/authentic/45133.png,authentic,0,0,0.0,,0,0.0,1.0,1.0,0.44909578561782837,0
authentic__45182,45182,/kaggle/input/competitions/recodai-luc-scientific-image-forgery-detection/train_images/authentic/45182.png,authentic,0,0,0.0,,1824,0.012369791666666666,5.4824561400503036e-11,5.4824561400503036e-11,0.9909628033638,1
authentic__45310,45310,/kaggle/input/competitions/recodai-luc-scientific-image-forgery-detection/train_images/authentic/45310.png,authentic,0,0,0.0,,381,0.0025838216145833335,2.624671915321608e-10,2.624671915321608e-10,0.993963897228241,1
authentic__45381,45381,/kaggle/input/competitions/recodai-luc-scientific-image-forgery-detection/train_images/authentic/45381.png,authentic,0,0,0.0,,0,0.0,1.0,1.0,0.573002815246582,0
authentic__45536,45536,/kaggle/input/competitions/recodai-luc-scientific-image-forgery-detection/train_images/authentic/45536.png,authentic,0,0,0.0,,0,0.0,1.0,1.0,0.81645667552948,1
authentic__45620,45620,/kaggle/input/competitions/recodai-luc-scientific-image-forgery-detection/train_images/authentic/45620.png,authentic,0,0,0.0,,0,0.0,1.0,1.0,0.7918915152549744,1
authentic__45767,45767,/kaggle/input/competitions/recodai-luc-scientific-image-forgery-detection/train_images/authentic/45767.png,authentic,0,0,0.0,,0,0.0,1.0,1.0,0.3481082320213318,0
authentic__45878,45878,/kaggle/input/competitions/recodai-luc-scientific-image-forgery-detection/train_images/authentic/45878.png,authentic,0,0,0.0,,22219,0.15068223741319445,4.500652594605964e-12,4.500652594605964e-12,0.9956837892532349,1
authentic__45958,45958,/kaggle/input/competitions/recodai-luc-scientific-image-forgery-detection/train_images/authentic/45958.png,authentic,0,0,0.0,,0,0.0,1.0,1.0,0.43480294942855835,0
authentic__46106,46106,/kaggle/input/competitions/recodai-luc-scientific-image-forgery-detection/train_images/authentic/46106.png,authentic,0,0,0.0,,0,0.0,1.0,1.0,0.8490524291992188,1
authentic__46206,46206,/kaggle/input/competitions/recodai-luc-scientific-image-forgery-detection/train_images/authentic/46206.png,authentic,0,0,0.0,,0,0.0,1.0,1.0,0.4984237849712372,0
authentic__46309,46309,/kaggle/input/competitions/recodai-luc-scientific-image-forgery-detection/train_images/authentic/46309.png,authentic,0,0,0.0,,0,0.0,1.0,1.0,0.43265411257743835,0
authentic__46366,46366,/kaggle/input/competitions/recodai-luc-scientific-image-forgery-detection/train_images/authentic/46366.png,authentic,0,0,0.0,,13597,0.09221055772569445,7.35456350660179e-12,7.35456350660179e-12,0.9496285319328308,1
authentic__46698,46698,/kaggle/input/competitions/recodai-luc-scientific-image-forgery-detection/train_images/authentic/46698.png,authentic,0,0,0.0,,0,0.0,1.0,1.0,0.10681572556495667,0
authentic__46849,46849,/kaggle/input/competitions/recodai-luc-scientific-image-forgery-detection/train_images/authentic/46849.png,authentic,0,0,0.0,,0,0.0,1.0,1.0,0.8334898948669434,1
authentic__46907,46907,/kaggle/input/competitions/recodai-luc-scientific-image-forgery-detection/train_images/authentic/46907.png,authentic,0,0,0.0,,8254,0.055976019965277776,1.2115338017783917e-11,1.2115338017783917e-11,0.991905689239502,1
authentic__46969,46969,/kaggle/input/competitions/recodai-luc-scientific-image-forgery-detection/train_images/authentic/46969.png,authentic,0,0,0.0,,618,0.004191080729166667,1.618122977084446e-10,1.618122977084446e-10,0.9863167405128479,1
authentic__47069,47069,/kaggle/input/competitions/recodai-luc-scientific-image-forgery-detection/train_images/authentic/47069.png,authentic,0,0,0.0,,0,0.0,1.0,1.0,0.15404164791107178,0
authentic__47151,47151,/kaggle/input/competitions/recodai-luc-scientific-image-forgery-detection/train_images/authentic/47151.png,authentic,0,0,0.0,,0,0.0,1.0,1.0,0.9875184893608093,1
authentic__4740,4740,/kaggle/input/competitions/recodai-luc-scientific-image-forgery-detection/train_images/authentic/4740.png,authentic,0,0,0.0,,0,0.0,1.0,1.0,0.03173203021287918,0
authentic__47441,47441,/kaggle/input/competitions/recodai-luc-scientific-image-forgery-detection/train_images/authentic/47441.png,authentic,0,0,0.0,,0,0.0,1.0,1.0,0.5869724154472351,0
authentic__47770,47770,/kaggle/input/competitions/recodai-luc-scientific-image-forgery-detection/train_images/authentic/47770.png,authentic,0,0,0.0,,1978,0.013414171006944444,5.0556117287636185e-11,5.0556117287636185e-11,0.9932767152786255,1
authentic__47916,47916,/kaggle/input/competitions/recodai-luc-scientific-image-forgery-detection/train_images/authentic/47916.png,authentic,0,0,0.0,,0,0.0,1.0,1.0,0.7337262034416199,1
authentic__48113,48113,/kaggle/input/competitions/recodai-luc-scientific-image-forgery-detection/train_images/authentic/48113.png,authentic,0,0,0.0,,0,0.0,1.0,1.0,0.3310994505882263,0
authentic__48207,48207,/kaggle/input/competitions/recodai-luc-scientific-image-forgery-detection/train_images/authentic/48207.png,authentic,0,0,0.0,,0,0.0,1.0,1.0,0.8591400980949402,1
authentic__48272,48272,/kaggle/input/competitions/recodai-luc-scientific-image-forgery-detection/train_images/authentic/48272.png,authentic,0,0,0.0,,20235,0.13722737630208334,4.941932295503128e-12,4.941932295503128e-12,0.9873484373092651,1
authentic__4845,4845,/kaggle/input/competitions/recodai-luc-scientific-image-forgery-detection/train_images/authentic/4845.png,authentic,0,0,0.0,,0,0.0,1.0,1.0,0.8670533895492554,1
authentic__4865,4865,/kaggle/input/competitions/recodai-luc-scientific-image-forgery-detection/train_images/authentic/4865.png,authentic,0,0,0.0,,0,0.0,1.0,1.0,0.050275228917598724,0
authentic__48718,48718,/kaggle/input/competitions/recodai-luc-scientific-image-forgery-detection/train_images/authentic/48718.png,authentic,0,0,0.0,,0,0.0,1.0,1.0,0.509166419506073,0
authentic__48836,48836,/kaggle/input/competitions/recodai-luc-scientific-image-forgery-detection/train_images/authentic/48836.png,authentic,0,0,0.0,,2615,0.017734103732638888,3.82409177805644e-11,3.82409177805644e-11,0.9248045682907104,1
authentic__48981,48981,/kaggle/input/competitions/recodai-luc-scientific-image-forgery-detection/train_images/authentic/48981.png,authentic,0,0,0.0,,0,0.0,1.0,1.0,0.15710856020450592,0
authentic__49042,49042,/kaggle/input/competitions/recodai-luc-scientific-image-forgery-detection/train_images/authentic/49042.png,authentic,0,0,0.0,,0,0.0,1.0,1.0,0.8600388169288635,1
authentic__49233,49233,/kaggle/input/competitions/recodai-luc-scientific-image-forgery-detection/train_images/authentic/49233.png,authentic,0,0,0.0,,281,0.0019056532118055555,3.558718859943516e-10,3.558718859943516e-10,0.9921265840530396,1
authentic__49506,49506,/kaggle/input/competitions/recodai-luc-scientific-image-forgery-detection/train_images/authentic/49506.png,authentic,0,0,0.0,,0,0.0,1.0,1.0,0.8722045421600342,1
authentic__4957,4957,/kaggle/input/competitions/recodai-luc-scientific-image-forgery-detection/train_images/authentic/4957.png,authentic,0,0,0.0,,16998,0.11527506510416667,5.883045064090581e-12,5.883045064090581e-12,0.9824379086494446,1
authentic__49711,49711,/kaggle/input/competitions/recodai-luc-scientific-image-forgery-detection/train_images/authentic/49711.png,authentic,0,0,0.0,,553,0.003750271267361111,1.808318263687465e-10,1.808318263687465e-10,0.9476920366287231,1
authentic__4992,4992,/kaggle/input/competitions/recodai-luc-scientific-image-forgery-detection/train_images/authentic/4992.png,authentic,0,0,0.0,,0,0.0,1.0,1.0,0.7358997464179993,1
authentic__49982,49982,/kaggle/input/competitions/recodai-luc-scientific-image-forgery-detection/train_images/authentic/49982.png,authentic,0,0,0.0,,0,0.0,1.0,1.0,0.6093907356262207,1
authentic__50069,50069,/kaggle/input/competitions/recodai-luc-scientific-image-forgery-detection/train_images/authentic/50069.png,authentic,0,0,0.0,,0,0.0,1.0,1.0,0.9804775714874268,1
authentic__50158,50158,/kaggle/input/competitions/recodai-luc-scientific-image-forgery-detection/train_images/authentic/50158.png,authentic,0,0,0.0,,30644,0.2078179253472222,3.2632815559219967e-12,3.2632815559219967e-12,0.994961142539978,1
authentic__50255,50255,/kaggle/input/competitions/recodai-luc-scientific-image-forgery-detection/train_images/authentic/50255.png,authentic,0,0,0.0,,306,0.0020751953125,3.267973855141185e-10,3.267973855141185e-10,0.9733161330223083,1
authentic__50311,50311,/kaggle/input/competitions/recodai-luc-scientific-image-forgery-detection/train_images/authentic/50311.png,authentic,0,0,0.0,,0,0.0,1.0,1.0,0.7763024568557739,1
authentic__50419,50419,/kaggle/input/competitions/recodai-luc-scientific-image-forgery-detection/train_images/authentic/50419.png,authentic,0,0,0.0,,0,0.0,1.0,1.0,0.09003046154975891,0
authentic__50539,50539,/kaggle/input/competitions/recodai-luc-scientific-image-forgery-detection/train_images/authentic/50539.png,authentic,0,0,0.0,,0,0.0,1.0,1.0,0.6242085099220276,1
authentic__50636,50636,/kaggle/input/competitions/recodai-luc-scientific-image-forgery-detection/train_images/authentic/50636.png,authentic,0,0,0.0,,0,0.0,1.0,1.0,0.8907731771469116,1
authentic__50690,50690,/kaggle/input/competitions/recodai-luc-scientific-image-forgery-detection/train_images/authentic/50690.png,authentic,0,0,0.0,,0,0.0,1.0,1.0,0.27437567710876465,0
authentic__5080,5080,/kaggle/input/competitions/recodai-luc-scientific-image-forgery-detection/train_images/authentic/5080.png,authentic,0,0,0.0,,0,0.0,1.0,1.0,0.1841362863779068,0
authentic__50907,50907,/kaggle/input/competitions/recodai-luc-scientific-image-forgery-detection/train_images/authentic/50907.png,authentic,0,0,0.0,,0,0.0,1.0,1.0,0.7266075015068054,1
authentic__50983,50983,/kaggle/input/competitions/recodai-luc-scientific-image-forgery-detection/train_images/authentic/50983.png,authentic,0,0,0.0,,0,0.0,1.0,1.0,0.461830198764801,0
authentic__51069,51069,/kaggle/input/competitions/recodai-luc-scientific-image-forgery-detection/train_images/authentic/51069.png,authentic,0,0,0.0,,5895,0.03997802734375,1.696352841362233e-11,1.696352841362233e-11,0.9868288636207581,1
authentic__51165,51165,/kaggle/input/competitions/recodai-luc-scientific-image-forgery-detection/train_images/authentic/51165.png,authentic,0,0,0.0,,0,0.0,1.0,1.0,0.3392835557460785,0
authentic__51227,51227,/kaggle/input/competitions/recodai-luc-scientific-image-forgery-detection/train_images/authentic/51227.png,authentic,0,0,0.0,,4389,0.029764811197916668,2.2784233310029977e-11,2.2784233310029977e-11,0.9897421598434448,1
authentic__5130,5130,/kaggle/input/competitions/recodai-luc-scientific-image-forgery-detection/train_images/authentic/5130.png,authentic,0,0,0.0,,0,0.0,1.0,1.0,0.19145755469799042,0
authentic__51345,51345,/kaggle/input/competitions/recodai-luc-scientific-image-forgery-detection/train_images/authentic/51345.png,authentic,0,0,0.0,,567,0.00384521484375,1.7636684300240443e-10,1.7636684300240443e-10,0.9611185193061829,1
authentic__51552,51552,/kaggle/input/competitions/recodai-luc-scientific-image-forgery-detection/train_images/authentic/51552.png,authentic,0,0,0.0,,0,0.0,1.0,1.0,0.011601559817790985,0
authentic__51718,51718,/kaggle/input/competitions/recodai-luc-scientific-image-forgery-detection/train_images/authentic/51718.png,authentic,0,0,0.0,,0,0.0,1.0,1.0,0.7533532381057739,1
authentic__51927,51927,/kaggle/input/competitions/recodai-luc-scientific-image-forgery-detection/train_images/authentic/51927.png,authentic,0,0,0.0,,0,0.0,1.0,1.0,0.7556905746459961,1
authentic__52050,52050,/kaggle/input/competitions/recodai-luc-scientific-image-forgery-detection/train_images/authentic/52050.png,authentic,0,0,0.0,,1088,0.007378472222222222,9.191176469743457e-11,9.191176469743457e-11,0.9322569966316223,1
authentic__5220,5220,/kaggle/input/competitions/recodai-luc-scientific-image-forgery-detection/train_images/authentic/5220.png,authentic,0,0,0.0,,0,0.0,1.0,1.0,0.11872632801532745,0
authentic__52298,52298,/kaggle/input/competitions/recodai-luc-scientific-image-forgery-detection/train_images/authentic/52298.png,authentic,0,0,0.0,,3180,0.021565755208333332,3.144654087951426e-11,3.144654087951426e-11,0.9614547491073608,1
authentic__52396,52396,/kaggle/input/competitions/recodai-luc-scientific-image-forgery-detection/train_images/authentic/52396.png,authentic,0,0,0.0,,0,0.0,1.0,1.0,0.5348867774009705,0
authentic__52590,52590,/kaggle/input/competitions/recodai-luc-scientific-image-forgery-detection/train_images/authentic/52590.png,authentic,0,0,0.0,,0,0.0,1.0,1.0,0.8782995939254761,1
authentic__5270,5270,/kaggle/input/competitions/recodai-luc-scientific-image-forgery-detection/train_images/authentic/5270.png,authentic,0,0,0.0,,17574,0.11918131510416667,5.690224194800897e-12,5.690224194800897e-12,0.9739770293235779,1
authentic__52798,52798,/kaggle/input/competitions/recodai-luc-scientific-image-forgery-detection/train_images/authentic/52798.png,authentic,0,0,0.0,,0,0.0,1.0,1.0,0.08146949857473373,0
authentic__52927,52927,/kaggle/input/competitions/recodai-luc-scientific-image-forgery-detection/train_images/authentic/52927.png,authentic,0,0,0.0,,0,0.0,1.0,1.0,0.6097356677055359,1
authentic__53118,53118,/kaggle/input/competitions/recodai-luc-scientific-image-forgery-detection/train_images/authentic/53118.png,authentic,0,0,0.0,,1144,0.007758246527777778,8.741258740494644e-11,8.741258740494644e-11,0.9476011395454407,1
authentic__53248,53248,/kaggle/input/competitions/recodai-luc-scientific-image-forgery-detection/train_images/authentic/53248.png,authentic,0,0,0.0,,0,0.0,1.0,1.0,0.8291680216789246,1
authentic__53404,53404,/kaggle/input/competitions/recodai-luc-scientific-image-forgery-detection/train_images/authentic/53404.png,authentic,0,0,0.0,,0,0.0,1.0,1.0,0.0420151948928833,0
authentic__53527,53527,/kaggle/input/competitions/recodai-luc-scientific-image-forgery-detection/train_images/authentic/53527.png,authentic,0,0,0.0,,1707,0.011576334635416666,5.858230813950894e-11,5.858230813950894e-11,0.954200029373169,1
authentic__53675,53675,/kaggle/input/competitions/recodai-luc-scientific-image-forgery-detection/train_images/authentic/53675.png,authentic,0,0,0.0,,0,0.0,1.0,1.0,0.5993667840957642,1
authentic__5385,5385,/kaggle/input/competitions/recodai-luc-scientific-image-forgery-detection/train_images/authentic/5385.png,authentic,0,0,0.0,,0,0.0,1.0,1.0,0.6662898659706116,1
authentic__54000,54000,/kaggle/input/competitions/recodai-luc-scientific-image-forgery-detection/train_images/authentic/54000.png,authentic,0,0,0.0,,24129,0.16363525390625,4.144390567349892e-12,4.144390567349892e-12,0.9802010655403137,1
authentic__54152,54152,/kaggle/input/competitions/recodai-luc-scientific-image-forgery-detection/train_images/authentic/54152.png,authentic,0,0,0.0,,1015,0.006883409288194444,9.852216747797811e-11,9.852216747797811e-11,0.9198227524757385,1
authentic__54527,54527,/kaggle/input/competitions/recodai-luc-scientific-image-forgery-detection/train_images/authentic/54527.png,authentic,0,0,0.0,,260,0.0017632378472222222,3.8461538446745557e-10,3.8461538446745557e-10,0.9200632572174072,1
authentic__54553,54553,/kaggle/input/competitions/recodai-luc-scientific-image-forgery-detection/train_images/authentic/54553.png,authentic,0,0,0.0,,500,0.003390842013888889,1.9999999995999998e-10,1.9999999995999998e-10,0.93641597032547,1
authentic__54710,54710,/kaggle/input/competitions/recodai-luc-scientific-image-forgery-detection/train_images/authentic/54710.png,authentic,0,0,0.0,,0,0.0,1.0,1.0,0.7616077065467834,1
authentic__54790,54790,/kaggle/input/competitions/recodai-luc-scientific-image-forgery-detection/train_images/authentic/54790.png,authentic,0,0,0.0,,1138,0.007717556423611111,8.787346220668949e-11,8.787346220668949e-11,0.993362545967102,1
authentic__54945,54945,/kaggle/input/competitions/recodai-luc-scientific-image-forgery-detection/train_images/authentic/54945.png,authentic,0,0,0.0,,0,0.0,1.0,1.0,0.17777517437934875,0
authentic__55025,55025,/kaggle/input/competitions/recodai-luc-scientific-image-forgery-detection/train_images/authentic/55025.png,authentic,0,0,0.0,,0,0.0,1.0,1.0,0.6043428182601929,1
authentic__55072,55072,/kaggle/input/competitions/recodai-luc-scientific-image-forgery-detection/train_images/authentic/55072.png,authentic,0,0,0.0,,0,0.0,1.0,1.0,0.029007263481616974,0
authentic__55175,55175,/kaggle/input/competitions/recodai-luc-scientific-image-forgery-detection/train_images/authentic/55175.png,authentic,0,0,0.0,,0,0.0,1.0,1.0,0.7942553162574768,1
authentic__55291,55291,/kaggle/input/competitions/recodai-luc-scientific-image-forgery-detection/train_images/authentic/55291.png,authentic,0,0,0.0,,0,0.0,1.0,1.0,0.6359937191009521,1
authentic__55541,55541,/kaggle/input/competitions/recodai-luc-scientific-image-forgery-detection/train_images/authentic/55541.png,authentic,0,0,0.0,,0,0.0,1.0,1.0,0.31665974855422974,0
authentic__55651,55651,/kaggle/input/competitions/recodai-luc-scientific-image-forgery-detection/train_images/authentic/55651.png,authentic,0,0,0.0,,0,0.0,1.0,1.0,0.5515784621238708,0
authentic__55695,55695,/kaggle/input/competitions/recodai-luc-scientific-image-forgery-detection/train_images/authentic/55695.png,authentic,0,0,0.0,,0,0.0,1.0,1.0,0.2165546864271164,0
authentic__55790,55790,/kaggle/input/competitions/recodai-luc-scientific-image-forgery-detection/train_images/authentic/55790.png,authentic,0,0,0.0,,752,0.005099826388888889,1.3297872338657199e-10,1.3297872338657199e-10,0.9244897961616516,1
authentic__56127,56127,/kaggle/input/competitions/recodai-luc-scientific-image-forgery-detection/train_images/authentic/56127.png,authentic,0,0,0.0,,0,0.0,1.0,1.0,0.8435712456703186,1
authentic__5626,5626,/kaggle/input/competitions/recodai-luc-scientific-image-forgery-detection/train_images/authentic/5626.png,authentic,0,0,0.0,,3493,0.023688422309027776,2.86286859424956e-11,2.86286859424956e-11,0.9983243346214294,1
authentic__56311,56311,/kaggle/input/competitions/recodai-luc-scientific-image-forgery-detection/train_images/authentic/56311.png,authentic,0,0,0.0,,151,0.0010240342881944445,6.622516551905618e-10,6.622516551905618e-10,0.962346076965332,1
authentic__56515,56515,/kaggle/input/competitions/recodai-luc-scientific-image-forgery-detection/train_images/authentic/56515.png,authentic,0,0,0.0,,0,0.0,1.0,1.0,0.47454166412353516,0
authentic__56589,56589,/kaggle/input/competitions/recodai-luc-scientific-image-forgery-detection/train_images/authentic/56589.png,authentic,0,0,0.0,,0,0.0,1.0,1.0,0.14539384841918945,0
authentic__56723,56723,/kaggle/input/competitions/recodai-luc-scientific-image-forgery-detection/train_images/authentic/56723.png,authentic,0,0,0.0,,0,0.0,1.0,1.0,0.17637217044830322,0
authentic__56793,56793,/kaggle/input/competitions/recodai-luc-scientific-image-forgery-detection/train_images/authentic/56793.png,authentic,0,0,0.0,,0,0.0,1.0,1.0,0.7860485315322876,1
authentic__569,569,/kaggle/input/competitions/recodai-luc-scientific-image-forgery-detection/train_images/authentic/569.png,authentic,0,0,0.0,,12654,0.0858154296875,7.902639481524398e-12,7.902639481524398e-12,0.9753790497779846,1
authentic__56997,56997,/kaggle/input/competitions/recodai-luc-scientific-image-forgery-detection/train_images/authentic/56997.png,authentic,0,0,0.0,,0,0.0,1.0,1.0,0.3402453660964966,0
authentic__57085,57085,/kaggle/input/competitions/recodai-luc-scientific-image-forgery-detection/train_images/authentic/57085.png,authentic,0,0,0.0,,0,0.0,1.0,1.0,0.9790182113647461,1
authentic__57239,57239,/kaggle/input/competitions/recodai-luc-scientific-image-forgery-detection/train_images/authentic/57239.png,authentic,0,0,0.0,,0,0.0,1.0,1.0,0.07257916033267975,0
authentic__57328,57328,/kaggle/input/competitions/recodai-luc-scientific-image-forgery-detection/train_images/authentic/57328.png,authentic,0,0,0.0,,0,0.0,1.0,1.0,0.5877379179000854,0
authentic__57505,57505,/kaggle/input/competitions/recodai-luc-scientific-image-forgery-detection/train_images/authentic/57505.png,authentic,0,0,0.0,,298,0.002020941840277778,3.3557046968605015e-10,3.3557046968605015e-10,0.987882137298584,1
authentic__57643,57643,/kaggle/input/competitions/recodai-luc-scientific-image-forgery-detection/train_images/authentic/57643.png,authentic,0,0,0.0,,0,0.0,1.0,1.0,0.03568905219435692,0
authentic__5772,5772,/kaggle/input/competitions/recodai-luc-scientific-image-forgery-detection/train_images/authentic/5772.png,authentic,0,0,0.0,,2169,0.01470947265625,4.6104195479663244e-11,4.6104195479663244e-11,0.9949544072151184,1
authentic__57927,57927,/kaggle/input/competitions/recodai-luc-scientific-image-forgery-detection/train_images/authentic/57927.png,authentic,0,0,0.0,,20503,0.1390448676215278,4.877335024119019e-12,4.877335024119019e-12,0.9814006090164185,1
authentic__58081,58081,/kaggle/input/competitions/recodai-luc-scientific-image-forgery-detection/train_images/authentic/58081.png,authentic,0,0,0.0,,14372,0.09746636284722222,6.957973837969955e-12,6.957973837969955e-12,0.9902639389038086,1
authentic__58338,58338,/kaggle/input/competitions/recodai-luc-scientific-image-forgery-detection/train_images/authentic/58338.png,authentic,0,0,0.0,,15562,0.10553656684027778,6.425909266119869e-12,6.425909266119869e-12,0.9966268539428711,1
authentic__58510,58510,/kaggle/input/competitions/recodai-luc-scientific-image-forgery-detection/train_images/authentic/58510.png,authentic,0,0,0.0,,0,0.0,1.0,1.0,0.09948935359716415,0
authentic__58697,58697,/kaggle/input/competitions/recodai-luc-scientific-image-forgery-detection/train_images/authentic/58697.png,authentic,0,0,0.0,,0,0.0,1.0,1.0,0.07853630930185318,0
authentic__58782,58782,/kaggle/input/competitions/recodai-luc-scientific-image-forgery-detection/train_images/authentic/58782.png,authentic,0,0,0.0,,2426,0.016452365451388888,4.122011541462407e-11,4.122011541462407e-11,0.9896836280822754,1
authentic__58955,58955,/kaggle/input/competitions/recodai-luc-scientific-image-forgery-detection/train_images/authentic/58955.png,authentic,0,0,0.0,,229,0.001553005642361111,4.366812225167331e-10,4.366812225167331e-10,0.9948961138725281,1
authentic__59148,59148,/kaggle/input/competitions/recodai-luc-scientific-image-forgery-detection/train_images/authentic/59148.png,authentic,0,0,0.0,,0,0.0,1.0,1.0,0.31194406747817993,0
authentic__59255,59255,/kaggle/input/competitions/recodai-luc-scientific-image-forgery-detection/train_images/authentic/59255.png,authentic,0,0,0.0,,0,0.0,1.0,1.0,0.6972716450691223,1
authentic__59375,59375,/kaggle/input/competitions/recodai-luc-scientific-image-forgery-detection/train_images/authentic/59375.png,authentic,0,0,0.0,,0,0.0,1.0,1.0,0.29540136456489563,0
authentic__59453,59453,/kaggle/input/competitions/recodai-luc-scientific-image-forgery-detection/train_images/authentic/59453.png,authentic,0,0,0.0,,1236,0.008382161458333334,8.090614886076811e-11,8.090614886076811e-11,0.9151406288146973,1
authentic__59617,59617,/kaggle/input/competitions/recodai-luc-scientific-image-forgery-detection/train_images/authentic/59617.png,authentic,0,0,0.0,,28296,0.19189453125,3.534068419552113e-12,3.534068419552113e-12,0.9895784258842468,1
authentic__59840,59840,/kaggle/input/competitions/recodai-luc-scientific-image-forgery-detection/train_images/authentic/59840.png,authentic,0,0,0.0,,0,0.0,1.0,1.0,0.655697762966156,1
authentic__59951,59951,/kaggle/input/competitions/recodai-luc-scientific-image-forgery-detection/train_images/authentic/59951.png,authentic,0,0,0.0,,0,0.0,1.0,1.0,0.051210105419158936,0
authentic__60046,60046,/kaggle/input/competitions/recodai-luc-scientific-image-forgery-detection/train_images/authentic/60046.png,authentic,0,0,0.0,,342,0.0023193359375,2.9239766073321704e-10,2.9239766073321704e-10,0.9111649394035339,1
authentic__6011,6011,/kaggle/input/competitions/recodai-luc-scientific-image-forgery-detection/train_images/authentic/6011.png,authentic,0,0,0.0,,7506,0.0509033203125,1.3322675193001296e-11,1.3322675193001296e-11,0.9846115708351135,1
authentic__60195,60195,/kaggle/input/competitions/recodai-luc-scientific-image-forgery-detection/train_images/authentic/60195.png,authentic,0,0,0.0,,0,0.0,1.0,1.0,0.40657109022140503,0
authentic__60340,60340,/kaggle/input/competitions/recodai-luc-scientific-image-forgery-detection/train_images/authentic/60340.png,authentic,0,0,0.0,,0,0.0,1.0,1.0,0.3326084017753601,0
authentic__60457,60457,/kaggle/input/competitions/recodai-luc-scientific-image-forgery-detection/train_images/authentic/60457.png,authentic,0,0,0.0,,0,0.0,1.0,1.0,0.062007199972867966,0
authentic__6060,6060,/kaggle/input/competitions/recodai-luc-scientific-image-forgery-detection/train_images/authentic/6060.png,authentic,0,0,0.0,,0,0.0,1.0,1.0,0.10707512497901917,0
authentic__60829,60829,/kaggle/input/competitions/recodai-luc-scientific-image-forgery-detection/train_images/authentic/60829.png,authentic,0,0,0.0,,0,0.0,1.0,1.0,0.6612951159477234,1
authentic__60986,60986,/kaggle/input/competitions/recodai-luc-scientific-image-forgery-detection/train_images/authentic/60986.png,authentic,0,0,0.0,,2365,0.016038682725694444,4.228329809546371e-11,4.228329809546371e-11,0.9985995888710022,1
authentic__6103,6103,/kaggle/input/competitions/recodai-luc-scientific-image-forgery-detection/train_images/authentic/6103.png,authentic,0,0,0.0,,0,0.0,1.0,1.0,0.014344794675707817,0
authentic__61270,61270,/kaggle/input/competitions/recodai-luc-scientific-image-forgery-detection/train_images/authentic/61270.png,authentic,0,0,0.0,,0,0.0,1.0,1.0,0.24246616661548615,0
authentic__61355,61355,/kaggle/input/competitions/recodai-luc-scientific-image-forgery-detection/train_images/authentic/61355.png,authentic,0,0,0.0,,0,0.0,1.0,1.0,0.8784414529800415,1
authentic__61566,61566,/kaggle/input/competitions/recodai-luc-scientific-image-forgery-detection/train_images/authentic/61566.png,authentic,0,0,0.0,,0,0.0,1.0,1.0,0.45480555295944214,0
authentic__61883,61883,/kaggle/input/competitions/recodai-luc-scientific-image-forgery-detection/train_images/authentic/61883.png,authentic,0,0,0.0,,1361,0.009229871961805556,7.347538574037653e-11,7.347538574037653e-11,0.9195296764373779,1
authentic__61997,61997,/kaggle/input/competitions/recodai-luc-scientific-image-forgery-detection/train_images/authentic/61997.png,authentic,0,0,0.0,,13523,0.0917087131076389,7.394808844136694e-12,7.394808844136694e-12,0.9964861869812012,1
authentic__6212,6212,/kaggle/input/competitions/recodai-luc-scientific-image-forgery-detection/train_images/authentic/6212.png,authentic,0,0,0.0,,0,0.0,1.0,1.0,0.7140146493911743,1
authentic__62249,62249,/kaggle/input/competitions/recodai-luc-scientific-image-forgery-detection/train_images/authentic/62249.png,authentic,0,0,0.0,,3397,0.023037380642361112,2.943773918076427e-11,2.943773918076427e-11,0.9454277157783508,1
authentic__62330,62330,/kaggle/input/competitions/recodai-luc-scientific-image-forgery-detection/train_images/authentic/62330.png,authentic,0,0,0.0,,241,0.0016343858506944445,4.1493775916392623e-10,4.1493775916392623e-10,0.9909611344337463,1
authentic__62519,62519,/kaggle/input/competitions/recodai-luc-scientific-image-forgery-detection/train_images/authentic/62519.png,authentic,0,0,0.0,,25355,0.17194959852430555,3.943995267190124e-12,3.943995267190124e-12,0.9830353260040283,1
authentic__62793,62793,/kaggle/input/competitions/recodai-luc-scientific-image-forgery-detection/train_images/authentic/62793.png,authentic,0,0,0.0,,811,0.005499945746527778,1.2330456225359994e-10,1.2330456225359994e-10,0.9765213131904602,1
authentic__63046,63046,/kaggle/input/competitions/recodai-luc-scientific-image-forgery-detection/train_images/authentic/63046.png,authentic,0,0,0.0,,0,0.0,1.0,1.0,0.046345826238393784,0
authentic__63117,63117,/kaggle/input/competitions/recodai-luc-scientific-image-forgery-detection/train_images/authentic/63117.png,authentic,0,0,0.0,,0,0.0,1.0,1.0,0.8712353706359863,1
authentic__63245,63245,/kaggle/input/competitions/recodai-luc-scientific-image-forgery-detection/train_images/authentic/63245.png,authentic,0,0,0.0,,2541,0.017232259114583332,3.935458480758148e-11,3.935458480758148e-11,0.8932600021362305,1
authentic__633,633,/kaggle/input/competitions/recodai-luc-scientific-image-forgery-detection/train_images/authentic/633.png,authentic,0,0,0.0,,0,0.0,1.0,1.0,0.930048406124115,1
authentic__63355,63355,/kaggle/input/competitions/recodai-luc-scientific-image-forgery-detection/train_images/authentic/63355.png,authentic,0,0,0.0,,174,0.0011800130208333333,5.747126433478663e-10,5.747126433478663e-10,0.9836226105690002,1
authentic__63427,63427,/kaggle/input/competitions/recodai-luc-scientific-image-forgery-detection/train_images/authentic/63427.png,authentic,0,0,0.0,,0,0.0,1.0,1.0,0.21273760497570038,0
authentic__63654,63654,/kaggle/input/competitions/recodai-luc-scientific-image-forgery-detection/train_images/authentic/63654.png,authentic,0,0,0.0,,0,0.0,1.0,1.0,0.41060301661491394,0
authentic__63713,63713,/kaggle/input/competitions/recodai-luc-scientific-image-forgery-detection/train_images/authentic/63713.png,authentic,0,0,0.0,,10063,0.06824408637152778,9.937394415085585e-12,9.937394415085585e-12,0.9610181450843811,1
authentic__63834,63834,/kaggle/input/competitions/recodai-luc-scientific-image-forgery-detection/train_images/authentic/63834.png,authentic,0,0,0.0,,0,0.0,1.0,1.0,0.1079888865351677,0
authentic__63947,63947,/kaggle/input/competitions/recodai-luc-scientific-image-forgery-detection/train_images/authentic/63947.png,authentic,0,0,0.0,,0,0.0,1.0,1.0,0.45311060547828674,0
authentic__6407,6407,/kaggle/input/competitions/recodai-luc-scientific-image-forgery-detection/train_images/authentic/6407.png,authentic,0,0,0.0,,0,0.0,1.0,1.0,0.6637256145477295,1
authentic__64128,64128,/kaggle/input/competitions/recodai-luc-scientific-image-forgery-detection/train_images/authentic/64128.png,authentic,0,0,0.0,,0,0.0,1.0,1.0,0.02427736297249794,0
authentic__6419,6419,/kaggle/input/competitions/recodai-luc-scientific-image-forgery-detection/train_images/authentic/6419.png,authentic,0,0,0.0,,0,0.0,1.0,1.0,0.8834231495857239,1
authentic__64245,64245,/kaggle/input/competitions/recodai-luc-scientific-image-forgery-detection/train_images/authentic/64245.png,authentic,0,0,0.0,,0,0.0,1.0,1.0,0.12869442999362946,0
authentic__64289,64289,/kaggle/input/competitions/recodai-luc-scientific-image-forgery-detection/train_images/authentic/64289.png,authentic,0,0,0.0,,0,0.0,1.0,1.0,0.4655488431453705,0
authentic__64391,64391,/kaggle/input/competitions/recodai-luc-scientific-image-forgery-detection/train_images/authentic/64391.png,authentic,0,0,0.0,,0,0.0,1.0,1.0,0.7743115425109863,1
authentic__6454,6454,/kaggle/input/competitions/recodai-luc-scientific-image-forgery-detection/train_images/authentic/6454.png,authentic,0,0,0.0,,1900,0.012885199652777778,5.2631578944598335e-11,5.2631578944598335e-11,0.9819403290748596,1
authentic__64717,64717,/kaggle/input/competitions/recodai-luc-scientific-image-forgery-detection/train_images/authentic/64717.png,authentic,0,0,0.0,,0,0.0,1.0,1.0,0.8204064965248108,1
authentic__64773,64773,/kaggle/input/competitions/recodai-luc-scientific-image-forgery-detection/train_images/authentic/64773.png,authentic,0,0,0.0,,764,0.005181206597222222,1.3089005233888874e-10,1.3089005233888874e-10,0.9752276539802551,1
authentic__64941,64941,/kaggle/input/competitions/recodai-luc-scientific-image-forgery-detection/train_images/authentic/64941.png,authentic,0,0,0.0,,396,0.002685546875,2.525252524614835e-10,2.525252524614835e-10,0.9295743107795715,1
authentic__6508,6508,/kaggle/input/competitions/recodai-luc-scientific-image-forgery-detection/train_images/authentic/6508.png,authentic,0,0,0.0,,0,0.0,1.0,1.0,0.11895161867141724,0
authentic__65214,65214,/kaggle/input/competitions/recodai-luc-scientific-image-forgery-detection/train_images/authentic/65214.png,authentic,0,0,0.0,,0,0.0,1.0,1.0,0.17841844260692596,0
authentic__65399,65399,/kaggle/input/competitions/recodai-luc-scientific-image-forgery-detection/train_images/authentic/65399.png,authentic,0,0,0.0,,115,0.0007798936631944445,8.695652166351607e-10,8.695652166351607e-10,0.9551233053207397,1
authentic__65532,65532,/kaggle/input/competitions/recodai-luc-scientific-image-forgery-detection/train_images/authentic/65532.png,authentic,0,0,0.0,,0,0.0,1.0,1.0,0.7880562543869019,1
authentic__6618,6618,/kaggle/input/competitions/recodai-luc-scientific-image-forgery-detection/train_images/authentic/6618.png,authentic,0,0,0.0,,399,0.0027058919270833335,2.506265663532264e-10,2.506265663532264e-10,0.9307951331138611,1
authentic__6696,6696,/kaggle/input/competitions/recodai-luc-scientific-image-forgery-detection/train_images/authentic/6696.png,authentic,0,0,0.0,,0,0.0,1.0,1.0,0.5995621085166931,1
authentic__6800,6800,/kaggle/input/competitions/recodai-luc-scientific-image-forgery-detection/train_images/authentic/6800.png,authentic,0,0,0.0,,0,0.0,1.0,1.0,0.6900469064712524,1
authentic__7004,7004,/kaggle/input/competitions/recodai-luc-scientific-image-forgery-detection/train_images/authentic/7004.png,authentic,0,0,0.0,,218,0.0014784071180555555,4.587155961198552e-10,4.587155961198552e-10,0.9979488253593445,1
authentic__7130,7130,/kaggle/input/competitions/recodai-luc-scientific-image-forgery-detection/train_images/authentic/7130.png,authentic,0,0,0.0,,0,0.0,1.0,1.0,0.28930580615997314,0
authentic__7279,7279,/kaggle/input/competitions/recodai-luc-scientific-image-forgery-detection/train_images/authentic/7279.png,authentic,0,0,0.0,,0,0.0,1.0,1.0,0.5567823052406311,0
authentic__7411,7411,/kaggle/input/competitions/recodai-luc-scientific-image-forgery-detection/train_images/authentic/7411.png,authentic,0,0,0.0,,0,0.0,1.0,1.0,0.2325633317232132,0
authentic__7498,7498,/kaggle/input/competitions/recodai-luc-scientific-image-forgery-detection/train_images/authentic/7498.png,authentic,0,0,0.0,,110,0.0007459852430555555,9.090909082644628e-10,9.090909082644628e-10,0.9749310612678528,1
authentic__7610,7610,/kaggle/input/competitions/recodai-luc-scientific-image-forgery-detection/train_images/authentic/7610.png,authentic,0,0,0.0,,0,0.0,1.0,1.0,0.6192941665649414,1
authentic__770,770,/kaggle/input/competitions/recodai-luc-scientific-image-forgery-detection/train_images/authentic/770.png,authentic,0,0,0.0,,0,0.0,1.0,1.0,0.612290620803833,1
authentic__7715,7715,/kaggle/input/competitions/recodai-luc-scientific-image-forgery-detection/train_images/authentic/7715.png,authentic,0,0,0.0,,0,0.0,1.0,1.0,0.026531338691711426,0
authentic__7771,7771,/kaggle/input/competitions/recodai-luc-scientific-image-forgery-detection/train_images/authentic/7771.png,authentic,0,0,0.0,,938,0.006361219618055556,1.0660980809097976e-10,1.0660980809097976e-10,0.9601175785064697,1
authentic__7972,7972,/kaggle/input/competitions/recodai-luc-scientific-image-forgery-detection/train_images/authentic/7972.png,authentic,0,0,0.0,,0,0.0,1.0,1.0,0.42711201310157776,0
authentic__8074,8074,/kaggle/input/competitions/recodai-luc-scientific-image-forgery-detection/train_images/authentic/8074.png,authentic,0,0,0.0,,0,0.0,1.0,1.0,0.11892125010490417,0
authentic__8130,8130,/kaggle/input/competitions/recodai-luc-scientific-image-forgery-detection/train_images/authentic/8130.png,authentic,0,0,0.0,,0,0.0,1.0,1.0,0.8370026350021362,1
authentic__8259,8259,/kaggle/input/competitions/recodai-luc-scientific-image-forgery-detection/train_images/authentic/8259.png,authentic,0,0,0.0,,0,0.0,1.0,1.0,0.6400542855262756,1
authentic__8388,8388,/kaggle/input/competitions/recodai-luc-scientific-image-forgery-detection/train_images/authentic/8388.png,authentic,0,0,0.0,,0,0.0,1.0,1.0,0.4000853896141052,0
authentic__8481,8481,/kaggle/input/competitions/recodai-luc-scientific-image-forgery-detection/train_images/authentic/8481.png,authentic,0,0,0.0,,0,0.0,1.0,1.0,0.857978343963623,1
authentic__8678,8678,/kaggle/input/competitions/recodai-luc-scientific-image-forgery-detection/train_images/authentic/8678.png,authentic,0,0,0.0,,0,0.0,1.0,1.0,0.5904352068901062,1
authentic__8733,8733,/kaggle/input/competitions/recodai-luc-scientific-image-forgery-detection/train_images/authentic/8733.png,authentic,0,0,0.0,,13206,0.08955891927083333,7.572315614057455e-12,7.572315614057455e-12,0.9847927093505859,1
authentic__8874,8874,/kaggle/input/competitions/recodai-luc-scientific-image-forgery-detection/train_images/authentic/8874.png,authentic,0,0,0.0,,32222,0.21851942274305555,3.1034696790916034e-12,3.1034696790916034e-12,0.9884612560272217,1
authentic__9568,9568,/kaggle/input/competitions/recodai-luc-scientific-image-forgery-detection/train_images/authentic/9568.png,authentic,0,0,0.0,,0,0.0,1.0,1.0,0.06159844994544983,0
authentic__9849,9849,/kaggle/input/competitions/recodai-luc-scientific-image-forgery-detection/train_images/authentic/9849.png,authentic,0,0,0.0,,0,0.0,1.0,1.0,0.0838903859257698,0
authentic__9977,9977,/kaggle/input/competitions/recodai-luc-scientific-image-forgery-detection/train_images/authentic/9977.png,authentic,0,0,0.0,,0,0.0,1.0,1.0,0.693401575088501,1
forged__10,10,/kaggle/input/competitions/recodai-luc-scientific-image-forgery-detection/train_images/forged/10.png,forged,1,413,0.002800835503472222,Q1,2196,0.014892578125,3.832886163134041e-11,3.832886163134041e-11,0.9303337335586548,1
forged__1008,1008,/kaggle/input/competitions/recodai-luc-scientific-image-forgery-detection/train_images/forged/1008.png,forged,1,8990,0.060967339409722224,Q3,1950,0.013224283854166666,0.22431444242025303,0.1263255430955799,0.908848226070404,1
forged__10176,10176,/kaggle/input/competitions/recodai-luc-scientific-image-forgery-detection/train_images/forged/10176.png,forged,1,21585,0.14638264973958334,Q4,29532,0.20027669270833334,0.817262358902484,0.6909920936858944,0.9998421669006348,1
forged__10296,10296,/kaggle/input/competitions/recodai-luc-scientific-image-forgery-detection/train_images/forged/10296.png,forged,1,12758,0.0865207248263889,Q1,19027,0.1290351019965278,0.12590844738359003,0.06718372280732211,0.9934682846069336,1
forged__10408,10408,/kaggle/input/competitions/recodai-luc-scientific-image-forgery-detection/train_images/forged/10408.png,forged,1,13170,0.08931477864583333,Q2,18806,0.1275363498263889,0.7789592194152521,0.637946931668692,0.9997460246086121,1
forged__10458,10458,/kaggle/input/competitions/recodai-luc-scientific-image-forgery-detection/train_images/forged/10458.png,forged,1,8835,0.059916178385416664,Q2,16898,0.1145968967013889,0.3750048575783041,0.23077290989462992,0.9998254179954529,1
forged__10632,10632,/kaggle/input/competitions/recodai-luc-scientific-image-forgery-detection/train_images/forged/10632.png,forged,1,733,0.004970974392361111,Q1,475,0.0032212999131944445,0.7168874172419795,0.5587096774762956,0.9941655397415161,1
forged__10742,10742,/kaggle/input/competitions/recodai-luc-scientific-image-forgery-detection/train_images/forged/10742.png,forged,1,757,0.005133734809027778,Q1,509,0.003451877170138889,0.709320695125646,0.5495716034823046,0.9989537000656128,1
forged__10878,10878,/kaggle/input/competitions/recodai-luc-scientific-image-forgery-detection/train_images/forged/10878.png,forged,1,4751,0.032219780815972224,Q2,6350,0.04306369357638889,0.5936402125971205,0.422111196522904,0.9992007613182068,1
forged__10951,10951,/kaggle/input/competitions/recodai-luc-scientific-image-forgery-detection/train_images/forged/10951.png,forged,1,7376,0.05002170138888889,Q2,8321,0.05643039279513889,0.925017519271676,0.8604954367682766,0.9994938373565674,1
forged__1101,1101,/kaggle/input/competitions/recodai-luc-scientific-image-forgery-detection/train_images/forged/1101.png,forged,1,230,0.001559787326388889,Q2,0,0.0,4.3478260850661626e-10,4.3478260850661626e-10,0.9434173703193665,1
forged__11206,11206,/kaggle/input/competitions/recodai-luc-scientific-image-forgery-detection/train_images/forged/11206.png,forged,1,15263,0.10350884331597222,Q4,19520,0.1323784722222222,0.6913722220633891,0.528318467421555,0.999880313873291,1
forged__11277,11277,/kaggle/input/competitions/recodai-luc-scientific-image-forgery-detection/train_images/forged/11277.png,forged,1,473,0.003207736545138889,Q2,0,0.0,2.11416490441561e-10,2.11416490441561e-10,0.9899454712867737,1
forged__11356,11356,/kaggle/input/competitions/recodai-luc-scientific-image-forgery-detection/train_images/forged/11356.png,forged,1,5323,0.03609890407986111,Q1,2356,0.015977647569444444,0.5732517254906465,0.40178897408905095,0.9970044493675232,1
forged__1143,1143,/kaggle/input/competitions/recodai-luc-scientific-image-forgery-detection/train_images/forged/1143.png,forged,1,883,0.005988226996527778,Q2,0,0.0,1.1325028311288218e-10,1.1325028311288218e-10,0.3967846930027008,0
forged__11513,11513,/kaggle/input/competitions/recodai-luc-scientific-image-forgery-detection/train_images/forged/11513.png,forged,1,5955,0.040384928385416664,Q2,2851,0.019334581163194444,0.43334090393557406,0.27660191360863146,0.9840285181999207,1
forged__11662,11662,/kaggle/input/competitions/recodai-luc-scientific-image-forgery-detection/train_images/forged/11662.png,forged,1,1062,0.0072021484375,Q1,791,0.005364312065972222,0.3583378305796903,0.21827744909807512,0.998608410358429,1
forged__11740,11740,/kaggle/input/competitions/recodai-luc-scientific-image-forgery-detection/train_images/forged/11740.png,forged,1,346,0.002346462673611111,Q1,0,0.0,2.890173409569314e-10,2.890173409569314e-10,0.787308394908905,1
forged__11854,11854,/kaggle/input/competitions/recodai-luc-scientific-image-forgery-detection/train_images/forged/11854.png,forged,1,948,0.006429036458333333,Q3,401,0.002719455295138889,0.5470719051484749,0.3765306123085173,0.997595489025116,1
forged__11964,11964,/kaggle/input/competitions/recodai-luc-scientific-image-forgery-detection/train_images/forged/11964.png,forged,1,7671,0.052022298177083336,Q2,7949,0.05390760633680555,0.7473751600528337,0.5966472452254252,0.9990748167037964,1
forged__12025,12025,/kaggle/input/competitions/recodai-luc-scientific-image-forgery-detection/train_images/forged/12025.png,forged,1,11938,0.0809597439236111,Q4,1338,0.009073893229166666,7.532389273820936e-12,7.532389273820936e-12,0.9753020405769348,1
forged__12073,12073,/kaggle/input/competitions/recodai-luc-scientific-image-forgery-detection/train_images/forged/12073.png,forged,1,601,0.004075792100694444,Q1,494,0.003350151909722222,0.6794520548237942,0.5145228216439112,0.9977502226829529,1
forged__12150,12150,/kaggle/input/competitions/recodai-luc-scientific-image-forgery-detection/train_images/forged/12150.png,forged,1,2631,0.017842610677083332,Q2,110,0.0007459852430555555,3.6483035387213313e-11,3.6483035387213313e-11,0.9783568978309631,1
forged__12262,12262,/kaggle/input/competitions/recodai-luc-scientific-image-forgery-detection/train_images/forged/12262.png,forged,1,2267,0.015374077690972222,Q1,5740,0.03892686631944445,0.3904083926640389,0.24255121044005976,0.9875307679176331,1
forged__12300,12300,/kaggle/input/competitions/recodai-luc-scientific-image-forgery-detection/train_images/forged/12300.png,forged,1,1096,0.007432725694444444,Q1,669,0.004536946614583333,0.6220963173018642,0.4514802632030032,0.9917323589324951,1
forged__12364,12364,/kaggle/input/competitions/recodai-luc-scientific-image-forgery-detection/train_images/forged/12364.png,forged,1,8474,0.05746799045138889,Q3,9544,0.0647243923611111,0.9206349206353611,0.8529411764721005,0.9988424181938171,1
forged__12446,12446,/kaggle/input/competitions/recodai-luc-scientific-image-forgery-detection/train_images/forged/12446.png,forged,1,2297,0.015577528211805556,Q1,100,0.0006781684027777778,0.08343763040953535,0.043535045753437744,0.9053328037261963,1
forged__12572,12572,/kaggle/input/competitions/recodai-luc-scientific-image-forgery-detection/train_images/forged/12572.png,forged,1,1785,0.012105305989583334,Q4,722,0.004896375868055556,0.5552453131409955,0.38431805635647054,0.9980480670928955,1
forged__12629,12629,/kaggle/input/competitions/recodai-luc-scientific-image-forgery-detection/train_images/forged/12629.png,forged,1,577,0.003913031684027778,Q1,472,0.003200954861111111,9.532888464296197e-11,9.532888464296197e-11,0.901596188545227,1
forged__12793,12793,/kaggle/input/competitions/recodai-luc-scientific-image-forgery-detection/train_images/forged/12793.png,forged,1,16194,0.10982259114583333,Q4,25049,0.16987440321180555,0.7730766433097178,0.6300936721883321,0.9998824596405029,1
forged__12879,12879,/kaggle/input/competitions/recodai-luc-scientific-image-forgery-detection/train_images/forged/12879.png,forged,1,11613,0.07875569661458333,Q3,10493,0.07116021050347222,0.5990228897150139,0.42757507265464917,0.9980207681655884,1
forged__13020,13020,/kaggle/input/competitions/recodai-luc-scientific-image-forgery-detection/train_images/forged/13020.png,forged,1,21576,0.14632161458333334,Q2,21453,0.14548746744791666,0.9383903878780859,0.8839316987745888,0.9993712306022644,1
forged__13123,13123,/kaggle/input/competitions/recodai-luc-scientific-image-forgery-detection/train_images/forged/13123.png,forged,1,384,0.0026041666666666665,Q1,2376,0.01611328125,3.623188405665827e-11,3.623188405665827e-11,0.9862386584281921,1
forged__13333,13333,/kaggle/input/competitions/recodai-luc-scientific-image-forgery-detection/train_images/forged/13333.png,forged,1,1325,0.008985731336805556,Q3,407,0.0027601453993055555,0.44341801388894814,0.28486646889578143,0.9971475005149841,1
forged__13451,13451,/kaggle/input/competitions/recodai-luc-scientific-image-forgery-detection/train_images/forged/13451.png,forged,1,46884,0.3179524739583333,Q4,61854,0.4194742838541667,0.8519376850780298,0.7420657171698648,0.9987840056419373,1
forged__13603,13603,/kaggle/input/competitions/recodai-luc-scientific-image-forgery-detection/train_images/forged/13603.png,forged,1,856,0.005805121527777778,Q1,2914,0.019761827256944444,0.4148541114213567,0.2617135207743737,0.9968187808990479,1
forged__13670,13670,/kaggle/input/competitions/recodai-luc-scientific-image-forgery-detection/train_images/forged/13670.png,forged,1,16855,0.11430528428819445,Q4,17455,0.1183742947048611,0.9653745263772504,0.9330666516427232,0.9997965693473816,1
forged__13742,13742,/kaggle/input/competitions/recodai-luc-scientific-image-forgery-detection/train_images/forged/13742.png,forged,1,535,0.003628200954861111,Q2,483,0.0032755533854166665,0.8939096267294784,0.8081705151317637,0.9984717965126038,1
forged__13839,13839,/kaggle/input/competitions/recodai-luc-scientific-image-forgery-detection/train_images/forged/13839.png,forged,1,1774,0.012030707465277778,Q2,0,0.0,5.636978579163642e-11,5.636978579163642e-11,0.4230278432369232,0
forged__13893,13893,/kaggle/input/competitions/recodai-luc-scientific-image-forgery-detection/train_images/forged/13893.png,forged,1,10464,0.07096354166666667,Q3,15652,0.10614691840277778,0.7902435288719932,0.6532252959444628,0.9988715052604675,1
forged__13971,13971,/kaggle/input/competitions/recodai-luc-scientific-image-forgery-detection/train_images/forged/13971.png,forged,1,552,0.0037434895833333335,Q1,0,0.0,1.8115942025703634e-10,1.8115942025703634e-10,0.7977340817451477,1
forged__14070,14070,/kaggle/input/competitions/recodai-luc-scientific-image-forgery-detection/train_images/forged/14070.png,forged,1,14290,0.09691026475694445,Q4,1859,0.012607150607638888,6.192333890605038e-12,6.192333890605038e-12,0.9362212419509888,1
forged__14114,14114,/kaggle/input/competitions/recodai-luc-scientific-image-forgery-detection/train_images/forged/14114.png,forged,1,21430,0.1453314887152778,Q4,24731,0.1677178276909722,0.923160243495758,0.8572865534728523,0.9999182224273682,1
forged__1419,1419,/kaggle/input/competitions/recodai-luc-scientific-image-forgery-detection/train_images/forged/1419.png,forged,1,1155,0.007832845052083334,Q4,0,0.0,8.658008657259046e-11,8.658008657259046e-11,0.34253373742103577,0
forged__14331,14331,/kaggle/input/competitions/recodai-luc-scientific-image-forgery-detection/train_images/forged/14331.png,forged,1,562,0.003811306423611111,Q2,285,0.0019327799479166667,0.5501770956847489,0.3794788274626256,0.9965924620628357,1
forged__14436,14436,/kaggle/input/competitions/recodai-luc-scientific-image-forgery-detection/train_images/forged/14436.png,forged,1,4354,0.029527452256944444,Q1,5026,0.03408474392361111,0.8710021321975372,0.7714825306936453,0.9990457892417908,1
forged__14594,14594,/kaggle/input/competitions/recodai-luc-scientific-image-forgery-detection/train_images/forged/14594.png,forged,1,1382,0.009372287326388888,Q3,0,0.0,7.235890013948198e-11,7.235890013948198e-11,0.9278530478477478,1
forged__14624,14624,/kaggle/input/competitions/recodai-luc-scientific-image-forgery-detection/train_images/forged/14624.png,forged,1,8560,0.058051215277777776,Q2,0,0.0,1.1682242990517729e-11,1.1682242990517729e-11,0.611222505569458,1
forged__14700,14700,/kaggle/input/competitions/recodai-luc-scientific-image-forgery-detection/train_images/forged/14700.png,forged,1,847,0.005744086371527778,Q1,135,0.00091552734375,1.0183299387965041e-10,1.0183299387965041e-10,0.9315345287322998,1
forged__14770,14770,/kaggle/input/competitions/recodai-luc-scientific-image-forgery-detection/train_images/forged/14770.png,forged,1,38928,0.2639973958333333,Q3,67022,0.4545220269097222,0.6991977347808408,0.5375126977223371,0.9996080994606018,1
forged__14829,14829,/kaggle/input/competitions/recodai-luc-scientific-image-forgery-detection/train_images/forged/14829.png,forged,1,893,0.006056043836805556,Q3,233,0.0015801323784722222,0.38188277092523243,0.23600439086322675,0.9947258830070496,1
forged__14930,14930,/kaggle/input/competitions/recodai-luc-scientific-image-forgery-detection/train_images/forged/14930.png,forged,1,5073,0.034403483072916664,Q4,0,0.0,1.9712201852558404e-11,1.9712201852558404e-11,0.630977213382721,1
forged__14988,14988,/kaggle/input/competitions/recodai-luc-scientific-image-forgery-detection/train_images/forged/14988.png,forged,1,1906,0.012925889756944444,Q1,991,0.006720648871527778,0.4991370383327879,0.3325666973628074,0.994331955909729,1
forged__15061,15061,/kaggle/input/competitions/recodai-luc-scientific-image-forgery-detection/train_images/forged/15061.png,forged,1,1022,0.006930881076388889,Q3,0,0.0,9.784735811175661e-11,9.784735811175661e-11,0.6544074416160583,1
forged__15269,15269,/kaggle/input/competitions/recodai-luc-scientific-image-forgery-detection/train_images/forged/15269.png,forged,1,13093,0.08879258897569445,Q4,21348,0.144775390625,0.6950436979190644,0.5326183695286018,0.998664140701294,1
forged__1536,1536,/kaggle/input/competitions/recodai-luc-scientific-image-forgery-detection/train_images/forged/1536.png,forged,1,10444,0.0708279079861111,Q2,11971,0.08118353949652778,0.8655810840960715,0.7630171464545933,0.9990783929824829,1
forged__15426,15426,/kaggle/input/competitions/recodai-luc-scientific-image-forgery-detection/train_images/forged/15426.png,forged,1,18371,0.12458631727430555,Q4,12477,0.08461507161458333,0.5073910788397712,0.3399357136680569,0.9701622724533081,1
forged__15579,15579,/kaggle/input/competitions/recodai-luc-scientific-image-forgery-detection/train_images/forged/15579.png,forged,1,1259,0.008538140190972222,Q1,287,0.0019463433159722222,6.46830530359196e-11,6.46830530359196e-11,0.9912458062171936,1
forged__15733,15733,/kaggle/input/competitions/recodai-luc-scientific-image-forgery-detection/train_images/forged/15733.png,forged,1,11982,0.08125813802083333,Q4,33670,0.2283393012152778,0.4964514150541128,0.3301864801884319,0.9998443126678467,1
forged__1580,1580,/kaggle/input/competitions/recodai-luc-scientific-image-forgery-detection/train_images/forged/1580.png,forged,1,1329,0.009012858072916666,Q3,611,0.004143608940972222,0.5958762886806249,0.42437591781025136,0.9977765679359436,1
forged__15860,15860,/kaggle/input/competitions/recodai-luc-scientific-image-forgery-detection/train_images/forged/15860.png,forged,1,6596,0.044731987847222224,Q2,9749,0.06611463758680555,0.7662282043452663,0.6210453238161158,0.9992691874504089,1
forged__15940,15940,/kaggle/input/competitions/recodai-luc-scientific-image-forgery-detection/train_images/forged/15940.png,forged,1,6446,0.04371473524305555,Q3,7997,0.05423312717013889,0.3906390639106097,0.24272930649421157,0.9986575841903687,1
forged__1608,1608,/kaggle/input/competitions/recodai-luc-scientific-image-forgery-detection/train_images/forged/1608.png,forged,1,651,0.004414876302083333,Q3,0,0.0,1.536098310055899e-10,1.536098310055899e-10,0.25487104058265686,0
forged__16161,16161,/kaggle/input/competitions/recodai-luc-scientific-image-forgery-detection/train_images/forged/16161.png,forged,1,1204,0.008165147569444444,Q4,1657,0.011237250434027778,0.6822789234644433,0.517771883314707,0.9963569045066833,1
forged__16219,16219,/kaggle/input/competitions/recodai-luc-scientific-image-forgery-detection/train_images/forged/16219.png,forged,1,14182,0.09617784288194445,Q4,14582,0.09889051649305555,0.9738562091504177,0.9490445859876064,0.9997989535331726,1
forged__16294,16294,/kaggle/input/competitions/recodai-luc-scientific-image-forgery-detection/train_images/forged/16294.png,forged,1,19371,0.13136800130208334,Q3,25109,0.1702813042534722,0.8666816546765588,0.7647292203937126,0.9997485280036926,1
forged__1641,1641,/kaggle/input/competitions/recodai-luc-scientific-image-forgery-detection/train_images/forged/1641.png,forged,1,2908,0.019721137152777776,Q2,0,0.0,3.438789545961527e-11,3.438789545961527e-11,0.5528370141983032,0
forged__16534,16534,/kaggle/input/competitions/recodai-luc-scientific-image-forgery-detection/train_images/forged/16534.png,forged,1,2770,0.018785264756944444,Q1,0,0.0,3.610108303118769e-11,3.610108303118769e-11,0.8221154808998108,1
forged__16590,16590,/kaggle/input/competitions/recodai-luc-scientific-image-forgery-detection/train_images/forged/16590.png,forged,1,3816,0.02587890625,Q2,2384,0.016167534722222224,0.4232258064609157,0.2684124386401716,0.9630159139633179,1
forged__16647,16647,/kaggle/input/competitions/recodai-luc-scientific-image-forgery-detection/train_images/forged/16647.png,forged,1,28380,0.19246419270833334,Q4,30332,0.20570203993055555,0.6774424308494389,0.5122215067623639,0.9998028874397278,1
forged__16703,16703,/kaggle/input/competitions/recodai-luc-scientific-image-forgery-detection/train_images/forged/16703.png,forged,1,4272,0.028971354166666668,Q2,0,0.0,2.3408239699826584e-11,2.3408239699826584e-11,0.6192437410354614,1
forged__16866,16866,/kaggle/input/competitions/recodai-luc-scientific-image-forgery-detection/train_images/forged/16866.png,forged,1,32271,0.21885172526041666,Q4,31677,0.21482340494791666,0.6223494088953175,0.4517469182059712,0.9964027404785156,1
forged__16960,16960,/kaggle/input/competitions/recodai-luc-scientific-image-forgery-detection/train_images/forged/16960.png,forged,1,12130,0.08226182725694445,Q4,16092,0.109130859375,0.7621713556808087,0.6157325241906697,0.9997310042381287,1
forged__17071,17071,/kaggle/input/competitions/recodai-luc-scientific-image-forgery-detection/train_images/forged/17071.png,forged,1,1129,0.007656521267361111,Q1,0,0.0,8.857395924813339e-11,8.857395924813339e-11,0.6154292225837708,1
forged__17245,17245,/kaggle/input/competitions/recodai-luc-scientific-image-forgery-detection/train_images/forged/17245.png,forged,1,1200,0.008138020833333334,Q1,709,0.004808213975694444,0.5730749083513319,0.4016152717032587,0.9993897676467896,1
forged__17298,17298,/kaggle/input/competitions/recodai-luc-scientific-image-forgery-detection/train_images/forged/17298.png,forged,1,705,0.004781087239583333,Q3,485,0.003289116753472222,0.7361344538036861,0.582446808566164,0.9979713559150696,1
forged__17493,17493,/kaggle/input/competitions/recodai-luc-scientific-image-forgery-detection/train_images/forged/17493.png,forged,1,25492,0.1728786892361111,Q4,32194,0.2183295355902778,0.8820511042542696,0.7889905411698279,0.9994361996650696,1
forged__17625,17625,/kaggle/input/competitions/recodai-luc-scientific-image-forgery-detection/train_images/forged/17625.png,forged,1,2413,0.016364203559027776,Q2,3791,0.025709364149305556,0.08704061897022823,0.04550050557725817,0.9815581440925598,1
forged__17754,17754,/kaggle/input/competitions/recodai-luc-scientific-image-forgery-detection/train_images/forged/17754.png,forged,1,10337,0.0701022677951389,Q4,3246,0.022013346354166668,0.3792976514806795,0.23403288816903756,0.9628012180328369,1
forged__17846,17846,/kaggle/input/competitions/recodai-luc-scientific-image-forgery-detection/train_images/forged/17846.png,forged,1,41282,0.2799614800347222,Q3,74995,0.5085923936631944,0.7064853754399353,0.5461750196141827,0.9989284873008728,1
forged__18000,18000,/kaggle/input/competitions/recodai-luc-scientific-image-forgery-detection/train_images/forged/18000.png,forged,1,9612,0.065185546875,Q3,9942,0.06742350260416667,0.43315945586870636,0.27645407664157934,0.9941691160202026,1
forged__1813,1813,/kaggle/input/competitions/recodai-luc-scientific-image-forgery-detection/train_images/forged/1813.png,forged,1,690,0.004679361979166667,Q1,871,0.005906846788194444,0.351057014775717,0.21289821295937078,0.9735151529312134,1
forged__18440,18440,/kaggle/input/competitions/recodai-luc-scientific-image-forgery-detection/train_images/forged/18440.png,forged,1,8623,0.058478461371527776,Q4,9252,0.062744140625,0.8754125874132844,0.7784300069666855,0.9998863935470581,1
forged__1856,1856,/kaggle/input/competitions/recodai-luc-scientific-image-forgery-detection/train_images/forged/1856.png,forged,1,64216,0.4354926215277778,Q4,78308,0.5310601128472222,0.8894501978614904,0.8009097801367185,0.9999001026153564,1
forged__187,187,/kaggle/input/competitions/recodai-luc-scientific-image-forgery-detection/train_images/forged/187.png,forged,1,1543,0.010464138454861112,Q2,0,0.0,6.480881399450364e-11,6.480881399450364e-11,0.7050018310546875,1
forged__1879,1879,/kaggle/input/competitions/recodai-luc-scientific-image-forgery-detection/train_images/forged/1879.png,forged,1,6785,0.046013726128472224,Q4,9723,0.06593831380208333,0.7797431548353542,0.6389992057224086,0.9969184398651123,1
forged__18995,18995,/kaggle/input/competitions/recodai-luc-scientific-image-forgery-detection/train_images/forged/18995.png,forged,1,14519,0.09846327039930555,Q4,12768,0.08658854166666667,0.9101037123908451,0.8350369872237052,0.9997461438179016,1
forged__19130,19130,/kaggle/input/competitions/recodai-luc-scientific-image-forgery-detection/train_images/forged/19130.png,forged,1,1658,0.011244032118055556,Q1,0,0.0,6.031363087694128e-11,6.031363087694128e-11,0.12731994688510895,0
forged__19281,19281,/kaggle/input/competitions/recodai-luc-scientific-image-forgery-detection/train_images/forged/19281.png,forged,1,1199,0.008131239149305556,Q2,560,0.0037977430555555555,0.6219442865479281,0.4513201320584719,0.9980233907699585,1
forged__1940,1940,/kaggle/input/competitions/recodai-luc-scientific-image-forgery-detection/train_images/forged/1940.png,forged,1,10724,0.0727267795138889,Q2,6779,0.04597303602430555,0.672456150376093,0.5065415734248017,0.9996551275253296,1
forged__19593,19593,/kaggle/input/competitions/recodai-luc-scientific-image-forgery-detection/train_images/forged/19593.png,forged,1,8162,0.055352105034722224,Q3,4827,0.032735188802083336,0.6654861806169414,0.4986731279624013,0.9998094439506531,1
forged__19633,19633,/kaggle/input/competitions/recodai-luc-scientific-image-forgery-detection/train_images/forged/19633.png,forged,1,24436,0.1657172309027778,Q4,28744,0.19493272569444445,0.8645731478001795,0.7614520883714966,0.9999181032180786,1
forged__19728,19728,/kaggle/input/competitions/recodai-luc-scientific-image-forgery-detection/train_images/forged/19728.png,forged,1,4389,0.029764811197916668,Q1,0,0.0,2.2784233310029977e-11,2.2784233310029977e-11,0.8470112681388855,1
forged__19847,19847,/kaggle/input/competitions/recodai-luc-scientific-image-forgery-detection/train_images/forged/19847.png,forged,1,2911,0.019741482204861112,Q4,1909,0.012946234809027778,0.6593360995921299,0.49179820490585585,0.9987030029296875,1
forged__19953,19953,/kaggle/input/competitions/recodai-luc-scientific-image-forgery-detection/train_images/forged/19953.png,forged,1,20905,0.14177110460069445,Q4,20444,0.1386447482638889,0.9389344361412877,0.8848976614856867,0.9999293088912964,1
forged__20007,20007,/kaggle/input/competitions/recodai-luc-scientific-image-forgery-detection/train_images/forged/20007.png,forged,1,1718,0.011650933159722222,Q1,719,0.004876030815972222,0.24210094381443983,0.13772175540906997,0.9902190566062927,1
forged__20103,20103,/kaggle/input/competitions/recodai-luc-scientific-image-forgery-detection/train_images/forged/20103.png,forged,1,1264,0.008572048611111112,Q1,937,0.006354437934027778,0.7378464334512564,0.5845932325713036,0.9969083666801453,1
forged__20270,20270,/kaggle/input/competitions/recodai-luc-scientific-image-forgery-detection/train_images/forged/20270.png,forged,1,9869,0.0669284396701389,Q3,4976,0.033745659722222224,0.5750084203464129,0.40351706533607334,0.9942529797554016,1
forged__20379,20379,/kaggle/input/competitions/recodai-luc-scientific-image-forgery-detection/train_images/forged/20379.png,forged,1,719,0.004876030815972222,Q1,817,0.005540635850694444,0.7773437500144958,0.6357827476426217,0.9981979727745056,1
forged__20490,20490,/kaggle/input/competitions/recodai-luc-scientific-image-forgery-detection/train_images/forged/20490.png,forged,1,2616,0.017740885416666668,Q2,295,0.0020005967881944445,3.435245619943825e-11,3.435245619943825e-11,0.9052255153656006,1
forged__2053,2053,/kaggle/input/competitions/recodai-luc-scientific-image-forgery-detection/train_images/forged/2053.png,forged,1,1134,0.0076904296875,Q2,0,0.0,8.818342150897853e-11,8.818342150897853e-11,0.33038344979286194,0
forged__20587,20587,/kaggle/input/competitions/recodai-luc-scientific-image-forgery-detection/train_images/forged/20587.png,forged,1,23070,0.15645345052083334,Q4,23017,0.1560940212673611,0.9633085251807162,0.9292142827245627,0.9998782873153687,1
forged__20666,20666,/kaggle/input/competitions/recodai-luc-scientific-image-forgery-detection/train_images/forged/20666.png,forged,1,8882,0.060234917534722224,Q3,1622,0.010999891493055556,9.520182787418885e-12,9.520182787418885e-12,0.9978121519088745,1
forged__20753,20753,/kaggle/input/competitions/recodai-luc-scientific-image-forgery-detection/train_images/forged/20753.png,forged,1,55320,0.3751627604166667,Q3,90965,0.6168958875868056,0.7073999384764621,0.547268996446578,0.9977311491966248,1
forged__20800,20800,/kaggle/input/competitions/recodai-luc-scientific-image-forgery-detection/train_images/forged/20800.png,forged,1,10091,0.06843397352430555,Q3,3893,0.026401095920138888,0.3665617849015549,0.224411172408507,0.9989399313926697,1
forged__20833,20833,/kaggle/input/competitions/recodai-luc-scientific-image-forgery-detection/train_images/forged/20833.png,forged,1,11426,0.0774875217013889,Q3,1393,0.009446885850694444,0.21436929558300669,0.12005242464726909,0.9317386746406555,1
forged__20920,20920,/kaggle/input/competitions/recodai-luc-scientific-image-forgery-detection/train_images/forged/20920.png,forged,1,781,0.005296495225694444,Q3,361,0.002448187934027778,0.6024518389139709,0.43107769430688253,0.9961242079734802,1
forged__21034,21034,/kaggle/input/competitions/recodai-luc-scientific-image-forgery-detection/train_images/forged/21034.png,forged,1,19201,0.1302151150173611,Q4,30527,0.2070244683159722,0.5078828828838725,0.340377358492344,0.9997674822807312,1
forged__21204,21204,/kaggle/input/competitions/recodai-luc-scientific-image-forgery-detection/train_images/forged/21204.png,forged,1,730,0.004950629340277778,Q2,0,0.0,1.3698630135109776e-10,1.3698630135109776e-10,0.15598633885383606,0
forged__21264,21264,/kaggle/input/competitions/recodai-luc-scientific-image-forgery-detection/train_images/forged/21264.png,forged,1,20968,0.14219835069444445,Q4,28225,0.1914130316840278,0.8231658975874145,0.6994748842682945,0.9999321699142456,1
forged__21540,21540,/kaggle/input/competitions/recodai-luc-scientific-image-forgery-detection/train_images/forged/21540.png,forged,1,885,0.006001790364583333,Q1,499,0.003384060329861111,0.5982658959827842,0.4268041237704326,0.9993465542793274,1
forged__2164,2164,/kaggle/input/competitions/recodai-luc-scientific-image-forgery-detection/train_images/forged/2164.png,forged,1,1337,0.009067111545138888,Q2,0,0.0,7.479431562641777e-11,7.479431562641777e-11,0.8799969553947449,1
forged__21728,21728,/kaggle/input/competitions/recodai-luc-scientific-image-forgery-detection/train_images/forged/21728.png,forged,1,31759,0.21537950303819445,Q3,33929,0.2300957573784722,0.9394714407503053,0.885852090032482,0.9993270635604858,1
forged__2177,2177,/kaggle/input/competitions/recodai-luc-scientific-image-forgery-detection/train_images/forged/2177.png,forged,1,2891,0.019605848524305556,Q2,597,0.004048665364583333,2.866972476982025e-11,2.866972476982025e-11,0.9416122436523438,1
forged__21851,21851,/kaggle/input/competitions/recodai-luc-scientific-image-forgery-detection/train_images/forged/21851.png,forged,1,5748,0.038981119791666664,Q2,5863,0.03976101345486111,0.9377314615456228,0.882763093888718,0.9991095662117004,1
forged__22046,22046,/kaggle/input/competitions/recodai-luc-scientific-image-forgery-detection/train_images/forged/22046.png,forged,1,4275,0.02899169921875,Q1,135,0.00091552734375,0.0612244898172058,0.031578947391074176,0.9290632009506226,1
forged__22155,22155,/kaggle/input/competitions/recodai-luc-scientific-image-forgery-detection/train_images/forged/22155.png,forged,1,4973,0.03372531467013889,Q3,11264,0.0763888888888889,0.5990022787485435,0.42755407069256585,0.9998408555984497,1
forged__22182,22182,/kaggle/input/competitions/recodai-luc-scientific-image-forgery-detection/train_images/forged/22182.png,forged,1,9306,0.0631103515625,Q3,10250,0.06951226128472222,0.951626099407079,0.9077163203598896,0.9984788298606873,1
forged__2228,2228,/kaggle/input/competitions/recodai-luc-scientific-image-forgery-detection/train_images/forged/2228.png,forged,1,8398,0.056952582465277776,Q1,5854,0.03969997829861111,0.019927027792450695,0.010063784556980412,0.9865571856498718,1
forged__22337,22337,/kaggle/input/competitions/recodai-luc-scientific-image-forgery-detection/train_images/forged/22337.png,forged,1,3263,0.022128634982638888,Q1,1648,0.011176215277777778,0.6556709427885222,0.48773099062442504,0.9959372282028198,1
forged__22456,22456,/kaggle/input/competitions/recodai-luc-scientific-image-forgery-detection/train_images/forged/22456.png,forged,1,1190,0.008070203993055556,Q2,0,0.0,8.40336134383165e-11,8.40336134383165e-11,0.6475971341133118,1
forged__22565,22565,/kaggle/input/competitions/recodai-luc-scientific-image-forgery-detection/train_images/forged/22565.png,forged,1,1314,0.0089111328125,Q4,692,0.004692925347222222,0.6131605184639501,0.44212796553255723,0.9997391104698181,1
forged__22739,22739,/kaggle/input/competitions/recodai-luc-scientific-image-forgery-detection/train_images/forged/22739.png,forged,1,545,0.003696017795138889,Q2,291,0.0019734700520833335,0.6004784689473113,0.4290598291574257,0.9985910058021545,1
forged__22797,22797,/kaggle/input/competitions/recodai-luc-scientific-image-forgery-detection/train_images/forged/22797.png,forged,1,2796,0.018961588541666668,Q1,6635,0.04499647352430555,1.0603329445333438e-11,1.0603329445333438e-11,0.9688764810562134,1
forged__2290,2290,/kaggle/input/competitions/recodai-luc-scientific-image-forgery-detection/train_images/forged/2290.png,forged,1,11555,0.07836235894097222,Q3,19088,0.1294487847222222,0.5436151812826955,0.3732634220696726,0.99989914894104,1
forged__22951,22951,/kaggle/input/competitions/recodai-luc-scientific-image-forgery-detection/train_images/forged/22951.png,forged,1,190,0.0012885199652777778,Q1,0,0.0,5.263157891966759e-10,5.263157891966759e-10,0.9977673292160034,1
forged__2305,2305,/kaggle/input/competitions/recodai-luc-scientific-image-forgery-detection/train_images/forged/2305.png,forged,1,15682,0.1063503689236111,Q4,18711,0.12689208984375,0.8695955572358631,0.7692782550554592,0.9990467429161072,1
forged__23143,23143,/kaggle/input/competitions/recodai-luc-scientific-image-forgery-detection/train_images/forged/23143.png,forged,1,13535,0.09179009331597222,Q4,11009,0.07465955946180555,0.560136897003096,0.38902093944884536,0.9998886585235596,1
forged__23236,23236,/kaggle/input/competitions/recodai-luc-scientific-image-forgery-detection/train_images/forged/23236.png,forged,1,3572,0.024224175347222224,Q4,0,0.0,2.799552071590158e-11,2.799552071590158e-11,0.6478365063667297,1
forged__23357,23357,/kaggle/input/competitions/recodai-luc-scientific-image-forgery-detection/train_images/forged/23357.png,forged,1,7909,0.05363633897569445,Q4,12203,0.08275689019097222,0.3881264916498203,0.24079215251254985,0.999748170375824,1
forged__23460,23460,/kaggle/input/competitions/recodai-luc-scientific-image-forgery-detection/train_images/forged/23460.png,forged,1,11314,0.07672797309027778,Q4,9788,0.0663791232638889,0.8970713676433653,0.8133539572070693,0.9988874793052673,1
forged__23527,23527,/kaggle/input/competitions/recodai-luc-scientific-image-forgery-detection/train_images/forged/23527.png,forged,1,16016,0.1086154513888889,Q4,16960,0.1150173611111111,0.9545123726347813,0.9129829446576576,0.9998376369476318,1
forged__23726,23726,/kaggle/input/competitions/recodai-luc-scientific-image-forgery-detection/train_images/forged/23726.png,forged,1,1497,0.010152180989583334,Q2,277,0.0018785264756944445,5.636978579163642e-11,5.636978579163642e-11,0.9007660150527954,1
forged__23904,23904,/kaggle/input/competitions/recodai-luc-scientific-image-forgery-detection/train_images/forged/23904.png,forged,1,22723,0.15410020616319445,Q4,23593,0.1600002712673611,0.9704205889973866,0.9425407876528015,0.9998949766159058,1
forged__24029,24029,/kaggle/input/competitions/recodai-luc-scientific-image-forgery-detection/train_images/forged/24029.png,forged,1,345,0.0023396809895833335,Q2,151,0.0010240342881944445,0.17741935500455253,0.09734513294306524,0.9880727529525757,1
forged__24111,24111,/kaggle/input/competitions/recodai-luc-scientific-image-forgery-detection/train_images/forged/24111.png,forged,1,1940,0.013156467013888888,Q1,0,0.0,5.1546391749920286e-11,5.1546391749920286e-11,0.722187340259552,1
forged__24218,24218,/kaggle/input/competitions/recodai-luc-scientific-image-forgery-detection/train_images/forged/24218.png,forged,1,2743,0.018602159288194444,Q2,1370,0.009290907118055556,0.6379771456445908,0.4684041413970581,0.9986035227775574,1
forged__24332,24332,/kaggle/input/competitions/recodai-luc-scientific-image-forgery-detection/train_images/forged/24332.png,forged,1,21446,0.1454399956597222,Q2,23005,0.1560126410590278,0.9355470068166396,0.8788993152427133,0.9993600249290466,1
forged__24381,24381,/kaggle/input/competitions/recodai-luc-scientific-image-forgery-detection/train_images/forged/24381.png,forged,1,2288,0.015516493055555556,Q1,0,0.0,4.370629370438347e-11,4.370629370438347e-11,0.6414592266082764,1
forged__2450,2450,/kaggle/input/competitions/recodai-luc-scientific-image-forgery-detection/train_images/forged/2450.png,forged,1,6385,0.04330105251736111,Q4,6412,0.04348415798611111,0.9450652496683202,0.8958518518533948,0.9992788434028625,1
forged__24600,24600,/kaggle/input/competitions/recodai-luc-scientific-image-forgery-detection/train_images/forged/24600.png,forged,1,18316,0.12421332465277778,Q3,12571,0.08525254991319445,0.5507818823467777,0.38005451052508804,0.954008936882019,1
forged__24676,24676,/kaggle/input/competitions/recodai-luc-scientific-image-forgery-detection/train_images/forged/24676.png,forged,1,16434,0.1114501953125,Q4,23034,0.15620930989583334,0.8251241512115508,0.7023075264192267,0.9998462200164795,1
forged__24749,24749,/kaggle/input/competitions/recodai-luc-scientific-image-forgery-detection/train_images/forged/24749.png,forged,1,17019,0.11541748046875,Q4,0,0.0,5.875785886327775e-12,5.875785886327775e-12,0.7919241786003113,1
forged__24850,24850,/kaggle/input/competitions/recodai-luc-scientific-image-forgery-detection/train_images/forged/24850.png,forged,1,18744,0.12711588541666666,Q4,9641,0.06538221571180555,0.5881979918985796,0.4166292359164714,0.9973312616348267,1
forged__24937,24937,/kaggle/input/competitions/recodai-luc-scientific-image-forgery-detection/train_images/forged/24937.png,forged,1,1816,0.012315538194444444,Q4,3557,0.024122450086805556,0.5806811837040633,0.40912667192737673,0.9998950958251953,1
forged__25003,25003,/kaggle/input/competitions/recodai-luc-scientific-image-forgery-detection/train_images/forged/25003.png,forged,1,676,0.004584418402777778,Q1,442,0.002997504340277778,0.595706618998595,0.42420382172940085,0.9996103644371033,1
forged__25124,25124,/kaggle/input/competitions/recodai-luc-scientific-image-forgery-detection/train_images/forged/25124.png,forged,1,3850,0.026109483506944444,Q1,5439,0.036885579427083336,0.5830552266166104,0.4114876158727931,0.9788274765014648,1
forged__2534,2534,/kaggle/input/competitions/recodai-luc-scientific-image-forgery-detection/train_images/forged/2534.png,forged,1,608,0.004123263888888889,Q1,326,0.0022108289930555555,0.5182012848481584,0.34971098275293194,0.9903064966201782,1
forged__25388,25388,/kaggle/input/competitions/recodai-luc-scientific-image-forgery-detection/train_images/forged/25388.png,forged,1,17735,0.1202731662326389,Q4,22413,0.15199788411458334,0.7556540799049625,0.6072701068913596,0.9723466634750366,1
forged__25458,25458,/kaggle/input/competitions/recodai-luc-scientific-image-forgery-detection/train_images/forged/25458.png,forged,1,779,0.005282931857638889,Q1,481,0.003261990017361111,0.5825396825728143,0.41097424418690104,0.997676432132721,1
forged__25525,25525,/kaggle/input/competitions/recodai-luc-scientific-image-forgery-detection/train_images/forged/25525.png,forged,1,1107,0.00750732421875,Q1,263,0.0017835828993055555,7.299270072459907e-11,7.299270072459907e-11,0.9228329658508301,1
forged__25638,25638,/kaggle/input/competitions/recodai-luc-scientific-image-forgery-detection/train_images/forged/25638.png,forged,1,483,0.0032755533854166665,Q2,0,0.0,2.070393374312548e-10,2.070393374312548e-10,0.767169713973999,1
forged__2577,2577,/kaggle/input/competitions/recodai-luc-scientific-image-forgery-detection/train_images/forged/2577.png,forged,1,186,0.0012613932291666667,Q1,137,0.0009290907118055555,3.0959752312396356e-10,3.0959752312396356e-10,0.9863207936286926,1
forged__25981,25981,/kaggle/input/competitions/recodai-luc-scientific-image-forgery-detection/train_images/forged/25981.png,forged,1,302,0.002048068576388889,Q2,136,0.0009223090277777778,2.283105022309793e-10,2.283105022309793e-10,0.9918054342269897,1
forged__26035,26035,/kaggle/input/competitions/recodai-luc-scientific-image-forgery-detection/train_images/forged/26035.png,forged,1,356,0.002414279513888889,Q2,147,0.0009969075520833333,0.3220675945681774,0.19194312815356795,0.9894604682922363,1
forged__26148,26148,/kaggle/input/competitions/recodai-luc-scientific-image-forgery-detection/train_images/forged/26148.png,forged,1,24854,0.1685519748263889,Q4,19725,0.13376871744791666,0.5021646963828211,0.3352602887457759,0.998798131942749,1
forged__2622,2622,/kaggle/input/competitions/recodai-luc-scientific-image-forgery-detection/train_images/forged/2622.png,forged,1,394,0.0026719835069444445,Q2,0,0.0,2.538071065345667e-10,2.538071065345667e-10,0.9693060517311096,1
forged__26329,26329,/kaggle/input/competitions/recodai-luc-scientific-image-forgery-detection/train_images/forged/26329.png,forged,1,1239,0.008402506510416666,Q1,154,0.0010443793402777778,0.20244077536235172,0.11261980837758627,0.9799076318740845,1
forged__26435,26435,/kaggle/input/competitions/recodai-luc-scientific-image-forgery-detection/train_images/forged/26435.png,forged,1,10673,0.07238091362847222,Q4,16324,0.11070421006944445,0.758158313887624,0.6105112450062011,0.9998101592063904,1
forged__26492,26492,/kaggle/input/competitions/recodai-luc-scientific-image-forgery-detection/train_images/forged/26492.png,forged,1,9590,0.0650363498263889,Q3,15007,0.1017727322048611,0.47859495060585194,0.3145743145779778,0.9867851138114929,1
forged__26580,26580,/kaggle/input/competitions/recodai-luc-scientific-image-forgery-detection/train_images/forged/26580.png,forged,1,960,0.006510416666666667,Q3,0,0.0,1.0416666665581597e-10,1.0416666665581597e-10,0.7440844178199768,1
forged__26730,26730,/kaggle/input/competitions/recodai-luc-scientific-image-forgery-detection/train_images/forged/26730.png,forged,1,1036,0.007025824652777778,Q1,0,0.0,9.652509651577942e-11,9.652509651577942e-11,0.6034912467002869,1
forged__26933,26933,/kaggle/input/competitions/recodai-luc-scientific-image-forgery-detection/train_images/forged/26933.png,forged,1,1965,0.013326009114583334,Q3,335,0.0022718641493055555,0.10434782612589792,0.05504587160297955,0.9923056960105896,1
forged__27061,27061,/kaggle/input/competitions/recodai-luc-scientific-image-forgery-detection/train_images/forged/27061.png,forged,1,10088,0.06841362847222222,Q3,18213,0.12351481119791667,0.537507508570236,0.3675283885026937,0.9985672235488892,1
forged__27195,27195,/kaggle/input/competitions/recodai-luc-scientific-image-forgery-detection/train_images/forged/27195.png,forged,1,37188,0.252197265625,Q4,83748,0.5679524739583334,0.614787987034783,0.44382230393686345,0.999859094619751,1
forged__27409,27409,/kaggle/input/competitions/recodai-luc-scientific-image-forgery-detection/train_images/forged/27409.png,forged,1,326,0.0022108289930555555,Q1,296,0.002007378472222222,1.6077170415421677e-10,1.6077170415421677e-10,0.9799015522003174,1
forged__27586,27586,/kaggle/input/competitions/recodai-luc-scientific-image-forgery-detection/train_images/forged/27586.png,forged,1,3749,0.025424533420138888,Q2,3196,0.021674262152777776,0.7147588192985636,0.5561281649214401,0.9987366795539856,1
forged__27694,27694,/kaggle/input/competitions/recodai-luc-scientific-image-forgery-detection/train_images/forged/27694.png,forged,1,1038,0.007039388020833333,Q2,0,0.0,9.63391136708729e-11,9.63391136708729e-11,0.8572590947151184,1
forged__27829,27829,/kaggle/input/competitions/recodai-luc-scientific-image-forgery-detection/train_images/forged/27829.png,forged,1,8701,0.05900743272569445,Q2,29883,0.20265706380208334,0.22257930748698276,0.1252260134175409,0.9971965551376343,1
forged__27896,27896,/kaggle/input/competitions/recodai-luc-scientific-image-forgery-detection/train_images/forged/27896.png,forged,1,291,0.0019734700520833335,Q2,336,0.0022786458333333335,0.3955342903675384,0.24652087490128807,0.995717465877533,1
forged__28014,28014,/kaggle/input/competitions/recodai-luc-scientific-image-forgery-detection/train_images/forged/28014.png,forged,1,10054,0.06818305121527778,Q4,19711,0.1336737738715278,0.6317486981366311,0.4617197858888095,0.9994885921478271,1
forged__28195,28195,/kaggle/input/competitions/recodai-luc-scientific-image-forgery-detection/train_images/forged/28195.png,forged,1,303,0.0020548502604166665,Q1,2190,0.014851888020833334,0.04091456080862758,0.020884520924615704,0.9829393625259399,1
forged__28245,28245,/kaggle/input/competitions/recodai-luc-scientific-image-forgery-detection/train_images/forged/28245.png,forged,1,24672,0.16731770833333334,Q3,36792,0.24951171875,0.7491865156843857,0.5989594172747166,0.9983808994293213,1
forged__28283,28283,/kaggle/input/competitions/recodai-luc-scientific-image-forgery-detection/train_images/forged/28283.png,forged,1,13175,0.08934868706597222,Q3,20180,0.13685438368055555,0.6944086343885643,0.5318728759091951,0.9997846484184265,1
forged__28412,28412,/kaggle/input/competitions/recodai-luc-scientific-image-forgery-detection/train_images/forged/28412.png,forged,1,18764,0.1272515190972222,Q4,18786,0.12740071614583334,0.949773635153263,0.9043513540931922,0.9999046325683594,1
forged__28496,28496,/kaggle/input/competitions/recodai-luc-scientific-image-forgery-detection/train_images/forged/28496.png,forged,1,351,0.00238037109375,Q1,237,0.0016072591145833333,0.6326530612869639,0.46268656729783914,0.9901846647262573,1
forged__286,286,/kaggle/input/competitions/recodai-luc-scientific-image-forgery-detection/train_images/forged/286.png,forged,1,1545,0.010477701822916666,Q3,126,0.0008544921875,5.984440454459339e-11,5.984440454459339e-11,0.9932489395141602,1
forged__28645,28645,/kaggle/input/competitions/recodai-luc-scientific-image-forgery-detection/train_images/forged/28645.png,forged,1,13756,0.0932888454861111,Q2,1177,0.007982042100694444,0.14036027590477224,0.0754771336040657,0.906565248966217,1
forged__28878,28878,/kaggle/input/competitions/recodai-luc-scientific-image-forgery-detection/train_images/forged/28878.png,forged,1,3973,0.026943630642361112,Q3,828,0.005615234375,0.33909602167591973,0.20416353149726202,0.9684139490127563,1
forged__28928,28928,/kaggle/input/competitions/recodai-luc-scientific-image-forgery-detection/train_images/forged/28928.png,forged,1,843,0.005716959635416667,Q3,123,0.0008341471354166666,0.25258799179579833,0.14454976313453202,0.9942776560783386,1
forged__28965,28965,/kaggle/input/competitions/recodai-luc-scientific-image-forgery-detection/train_images/forged/28965.png,forged,1,5248,0.035590277777777776,Q2,4562,0.030938042534722224,0.5041794087716189,0.3370587433646305,0.9977079629898071,1
forged__29058,29058,/kaggle/input/competitions/recodai-luc-scientific-image-forgery-detection/train_images/forged/29058.png,forged,1,1237,0.008388943142361112,Q2,0,0.0,8.084074372830713e-11,8.084074372830713e-11,0.7476677894592285,1
forged__29129,29129,/kaggle/input/competitions/recodai-luc-scientific-image-forgery-detection/train_images/forged/29129.png,forged,1,6017,0.04080539279513889,Q2,7352,0.049858940972222224,0.7092527488988761,0.5494900324577017,0.9991143345832825,1
forged__29229,29229,/kaggle/input/competitions/recodai-luc-scientific-image-forgery-detection/train_images/forged/29229.png,forged,1,29012,0.1967502170138889,Q4,31724,0.2151421440972222,0.9529438883035548,0.9101173066644334,0.9998061060905457,1
forged__29464,29464,/kaggle/input/competitions/recodai-luc-scientific-image-forgery-detection/train_images/forged/29464.png,forged,1,665,0.004509819878472222,Q1,1063,0.007208930121527778,0.7060185185355313,0.5456171735647927,0.9991863369941711,1
forged__29482,29482,/kaggle/input/competitions/recodai-luc-scientific-image-forgery-detection/train_images/forged/29482.png,forged,1,3838,0.026028103298611112,Q4,4514,0.030612521701388888,0.7301245210760281,0.5749575711941362,0.9964663982391357,1
forged__29593,29593,/kaggle/input/competitions/recodai-luc-scientific-image-forgery-detection/train_images/forged/29593.png,forged,1,3637,0.024664984809027776,Q3,0,0.0,2.7495188341284158e-11,2.7495188341284158e-11,0.7846904993057251,1
forged__29663,29663,/kaggle/input/competitions/recodai-luc-scientific-image-forgery-detection/train_images/forged/29663.png,forged,1,1436,0.009738498263888888,Q2,333,0.00225830078125,5.652911248973831e-11,5.652911248973831e-11,0.873064398765564,1
forged__29736,29736,/kaggle/input/competitions/recodai-luc-scientific-image-forgery-detection/train_images/forged/29736.png,forged,1,11423,0.07746717664930555,Q4,12969,0.08795166015625,0.9168579862253327,0.8464799394409804,0.9997239708900452,1
forged__298,298,/kaggle/input/competitions/recodai-luc-scientific-image-forgery-detection/train_images/forged/298.png,forged,1,21806,0.1478814019097222,Q2,45785,0.3104994032118056,0.596617892915334,0.4251286160086339,0.9984468817710876,1
forged__29935,29935,/kaggle/input/competitions/recodai-luc-scientific-image-forgery-detection/train_images/forged/29935.png,forged,1,17364,0.11775716145833333,Q2,0,0.0,5.759041695428708e-12,5.759041695428708e-12,0.8110010623931885,1
forged__30045,30045,/kaggle/input/competitions/recodai-luc-scientific-image-forgery-detection/train_images/forged/30045.png,forged,1,13668,0.09269205729166667,Q3,12424,0.0842556423611111,0.939751648014948,0.8863504916144711,0.9918978214263916,1
forged__30217,30217,/kaggle/input/competitions/recodai-luc-scientific-image-forgery-detection/train_images/forged/30217.png,forged,1,16521,0.11204020182291667,Q4,24815,0.16828748914930555,0.7741436036390213,0.6315124723727837,0.9998600482940674,1
forged__30298,30298,/kaggle/input/competitions/recodai-luc-scientific-image-forgery-detection/train_images/forged/30298.png,forged,1,485,0.003289116753472222,Q1,106,0.0007188585069444445,1.6920473770402628e-10,1.6920473770402628e-10,0.9453316330909729,1
forged__30354,30354,/kaggle/input/competitions/recodai-luc-scientific-image-forgery-detection/train_images/forged/30354.png,forged,1,882,0.0059814453125,Q3,438,0.0029703776041666665,0.5727272727596419,0.40127388541387754,0.9992582201957703,1
forged__30494,30494,/kaggle/input/competitions/recodai-luc-scientific-image-forgery-detection/train_images/forged/30494.png,forged,1,3137,0.021274142795138888,Q4,139,0.0009426540798611111,3.0525030524098745e-11,3.0525030524098745e-11,0.9913962483406067,1
forged__3062,3062,/kaggle/input/competitions/recodai-luc-scientific-image-forgery-detection/train_images/forged/3062.png,forged,1,386,0.002617730034722222,Q1,0,0.0,2.5906735744583743e-10,2.5906735744583743e-10,0.8863328099250793,1
forged__30715,30715,/kaggle/input/competitions/recodai-luc-scientific-image-forgery-detection/train_images/forged/30715.png,forged,1,1055,0.007154676649305556,Q4,553,0.003750271267361111,0.5957711443037456,0.4242692648871329,0.9992502331733704,1
forged__30871,30871,/kaggle/input/competitions/recodai-luc-scientific-image-forgery-detection/train_images/forged/30871.png,forged,1,1740,0.011800130208333334,Q2,3871,0.026251898871527776,0.3446800926867817,0.20822566754504251,0.9981537461280823,1
forged__30917,30917,/kaggle/input/competitions/recodai-luc-scientific-image-forgery-detection/train_images/forged/30917.png,forged,1,5089,0.03451199001736111,Q3,173,0.0011732313368055555,1.90041809194412e-11,1.90041809194412e-11,0.904405415058136,1
forged__31077,31077,/kaggle/input/competitions/recodai-luc-scientific-image-forgery-detection/train_images/forged/31077.png,forged,1,1589,0.010776095920138888,Q1,902,0.006117078993055556,0.3677238057259043,0.22528283328945978,0.9900720119476318,1
forged__3110,3110,/kaggle/input/competitions/recodai-luc-scientific-image-forgery-detection/train_images/forged/3110.png,forged,1,12261,0.08315022786458333,Q3,16847,0.11425103081597222,0.8416930053598952,0.7266579665456955,0.9974242448806763,1
forged__31218,31218,/kaggle/input/competitions/recodai-luc-scientific-image-forgery-detection/train_images/forged/31218.png,forged,1,732,0.004964192708333333,Q1,0,0.0,1.3661202183926066e-10,1.3661202183926066e-10,0.3871290385723114,0
forged__31262,31262,/kaggle/input/competitions/recodai-luc-scientific-image-forgery-detection/train_images/forged/31262.png,forged,1,891,0.00604248046875,Q3,220,0.001491970486111111,0.38163816387203975,0.23581757516842963,0.9898988604545593,1
forged__31336,31336,/kaggle/input/competitions/recodai-luc-scientific-image-forgery-detection/train_images/forged/31336.png,forged,1,1194,0.008097330729166666,Q4,746,0.005059136284722222,0.5742268041456584,0.4027476500793385,0.9975852966308594,1
forged__31468,31468,/kaggle/input/competitions/recodai-luc-scientific-image-forgery-detection/train_images/forged/31468.png,forged,1,10059,0.06821695963541667,Q4,20515,0.1391262478298611,0.6476090796112789,0.4788623391724927,0.9998301267623901,1
forged__31725,31725,/kaggle/input/competitions/recodai-luc-scientific-image-forgery-detection/train_images/forged/31725.png,forged,1,3415,0.023159450954861112,Q2,6661,0.045172797309027776,0.6447002778915769,0.47568834212835837,0.9961479902267456,1
forged__31834,31834,/kaggle/input/competitions/recodai-luc-scientific-image-forgery-detection/train_images/forged/31834.png,forged,1,5391,0.03656005859375,Q2,12457,0.08447943793402778,0.5891976692089355,0.4176330421015279,0.9998134970664978,1
forged__31942,31942,/kaggle/input/competitions/recodai-luc-scientific-image-forgery-detection/train_images/forged/31942.png,forged,1,1590,0.010782877604166666,Q1,814,0.005520290798611111,0.645590682211082,0.4766584766906229,0.993039071559906,1
forged__32013,32013,/kaggle/input/competitions/recodai-luc-scientific-image-forgery-detection/train_images/forged/32013.png,forged,1,910,0.006171332465277778,Q1,757,0.005133734809027778,0.47630473908360493,0.3125984252509765,0.9682210087776184,1
forged__32139,32139,/kaggle/input/competitions/recodai-luc-scientific-image-forgery-detection/train_images/forged/32139.png,forged,1,15512,0.1051974826388889,Q3,8909,0.060418023003472224,0.579009868557475,0.40746931012963244,0.9988413453102112,1
forged__32201,32201,/kaggle/input/competitions/recodai-luc-scientific-image-forgery-detection/train_images/forged/32201.png,forged,1,9095,0.06167941623263889,Q3,4045,0.027431911892361112,0.4604261796083681,0.29906080079783426,0.9900845289230347,1
forged__3228,3228,/kaggle/input/competitions/recodai-luc-scientific-image-forgery-detection/train_images/forged/3228.png,forged,1,10626,0.07206217447916667,Q4,16944,0.11490885416666667,0.7562568008713956,0.6080489938780517,0.9998688697814941,1
forged__32398,32398,/kaggle/input/competitions/recodai-luc-scientific-image-forgery-detection/train_images/forged/32398.png,forged,1,11726,0.07952202690972222,Q4,14054,0.0953097873263889,0.8145073700550252,0.6870623650305147,0.9983047246932983,1
forged__32535,32535,/kaggle/input/competitions/recodai-luc-scientific-image-forgery-detection/train_images/forged/32535.png,forged,1,3505,0.023769802517361112,Q2,2392,0.016221788194444444,0.4503985077251077,0.29065441017092025,0.9970388412475586,1
forged__32722,32722,/kaggle/input/competitions/recodai-luc-scientific-image-forgery-detection/train_images/forged/32722.png,forged,1,3916,0.026557074652777776,Q3,2068,0.014024522569444444,1.6711229946244798e-11,1.6711229946244798e-11,0.945926308631897,1
forged__32884,32884,/kaggle/input/competitions/recodai-luc-scientific-image-forgery-detection/train_images/forged/32884.png,forged,1,2666,0.018079969618055556,Q1,1422,0.0096435546875,0.5944227005970053,0.42290288898632433,0.9990550875663757,1
forged__32973,32973,/kaggle/input/competitions/recodai-luc-scientific-image-forgery-detection/train_images/forged/32973.png,forged,1,52224,0.3541666666666667,Q3,97640,0.6621636284722222,0.6905460951264543,0.5273542600901678,0.9997254014015198,1
forged__33053,33053,/kaggle/input/competitions/recodai-luc-scientific-image-forgery-detection/train_images/forged/33053.png,forged,1,21996,0.149169921875,Q3,28712,0.19471571180555555,0.7508085509194786,0.6010356150555664,0.9996776580810547,1
forged__33127,33127,/kaggle/input/competitions/recodai-luc-scientific-image-forgery-detection/train_images/forged/33127.png,forged,1,4468,0.030300564236111112,Q3,0,0.0,2.238137869242656e-11,2.238137869242656e-11,0.7955613136291504,1
forged__33235,33235,/kaggle/input/competitions/recodai-luc-scientific-image-forgery-detection/train_images/forged/33235.png,forged,1,1592,0.010796440972222222,Q3,371,0.0025160047743055555,5.094243504580018e-11,5.094243504580018e-11,0.9247704744338989,1
forged__33295,33295,/kaggle/input/competitions/recodai-luc-scientific-image-forgery-detection/train_images/forged/33295.png,forged,1,12636,0.085693359375,Q3,10707,0.07261149088541667,0.5413185965833812,0.371101321589597,0.9972702860832214,1
forged__33343,33343,/kaggle/input/competitions/recodai-luc-scientific-image-forgery-detection/train_images/forged/33343.png,forged,1,11633,0.0788913302951389,Q4,11744,0.07964409722222222,0.8920734054844844,0.8051737451752496,0.9995816349983215,1
forged__33580,33580,/kaggle/input/competitions/recodai-luc-scientific-image-forgery-detection/train_images/forged/33580.png,forged,1,58138,0.3942735460069444,Q3,69204,0.4693196614583333,0.7252909487838064,0.5689854858190175,0.9995298385620117,1
forged__33686,33686,/kaggle/input/competitions/recodai-luc-scientific-image-forgery-detection/train_images/forged/33686.png,forged,1,15020,0.10186089409722222,Q4,30595,0.2074856228298611,0.6338704373569355,0.4639899865220361,0.9993289709091187,1
forged__33778,33778,/kaggle/input/competitions/recodai-luc-scientific-image-forgery-detection/train_images/forged/33778.png,forged,1,1311,0.008890787760416666,Q3,0,0.0,7.627765064254175e-11,7.627765064254175e-11,0.9790958166122437,1
forged__339,339,/kaggle/input/competitions/recodai-luc-scientific-image-forgery-detection/train_images/forged/339.png,forged,1,46101,0.3126424153645833,Q4,83191,0.5641750759548612,0.7078086811251216,0.5477584246129793,0.999708354473114,1
forged__33985,33985,/kaggle/input/competitions/recodai-luc-scientific-image-forgery-detection/train_images/forged/33985.png,forged,1,25329,0.17177327473958334,Q4,25600,0.1736111111111111,0.8716448388936133,0.7724915602277086,0.9997238516807556,1
forged__34036,34036,/kaggle/input/competitions/recodai-luc-scientific-image-forgery-detection/train_images/forged/34036.png,forged,1,14719,0.0998196072048611,Q3,27694,0.1878119574652778,0.676349232547388,0.5109725685802958,0.9949696660041809,1
forged__34211,34211,/kaggle/input/competitions/recodai-luc-scientific-image-forgery-detection/train_images/forged/34211.png,forged,1,17850,0.12105305989583333,Q2,9017,0.061150444878472224,0.6258979417142744,0.4554959640313371,0.9764049053192139,1
forged__34306,34306,/kaggle/input/competitions/recodai-luc-scientific-image-forgery-detection/train_images/forged/34306.png,forged,1,14108,0.0956759982638889,Q2,15729,0.10666910807291667,0.929584073466067,0.8684325881403442,0.9997697472572327,1
forged__34415,34415,/kaggle/input/competitions/recodai-luc-scientific-image-forgery-detection/train_images/forged/34415.png,forged,1,21503,0.14582655164930555,Q4,27803,0.18855116102430555,0.8596114063200024,0.753788148254415,0.9997162222862244,1
forged__34597,34597,/kaggle/input/competitions/recodai-luc-scientific-image-forgery-detection/train_images/forged/34597.png,forged,1,12421,0.08423529730902778,Q4,21298,0.1444363064236111,0.47907707820671114,0.31499103034351844,0.9994701743125916,1
forged__34824,34824,/kaggle/input/competitions/recodai-luc-scientific-image-forgery-detection/train_images/forged/34824.png,forged,1,1076,0.007297092013888889,Q3,415,0.002814398871527778,0.49631120057033457,0.33006244430597126,0.9964231848716736,1
forged__34873,34873,/kaggle/input/competitions/recodai-luc-scientific-image-forgery-detection/train_images/forged/34873.png,forged,1,8370,0.0567626953125,Q4,21276,0.144287109375,0.5050259731515043,0.3378158844795225,0.9999805688858032,1
forged__35018,35018,/kaggle/input/competitions/recodai-luc-scientific-image-forgery-detection/train_images/forged/35018.png,forged,1,752,0.005099826388888889,Q3,194,0.001315646701388889,0.35729386898971527,0.21750321760392494,0.9968560934066772,1
forged__35069,35069,/kaggle/input/competitions/recodai-luc-scientific-image-forgery-detection/train_images/forged/35069.png,forged,1,6334,0.04295518663194445,Q2,7720,0.05235460069444445,7.115411982303148e-12,7.115411982303148e-12,0.9980385899543762,1
forged__35127,35127,/kaggle/input/competitions/recodai-luc-scientific-image-forgery-detection/train_images/forged/35127.png,forged,1,20510,0.1390923394097222,Q2,21074,0.1429172092013889,0.6775202000777282,0.5123104338672863,0.9735646843910217,1
forged__35222,35222,/kaggle/input/competitions/recodai-luc-scientific-image-forgery-detection/train_images/forged/35222.png,forged,1,33810,0.22928873697916666,Q3,56197,0.3811102973090278,0.7381870298979655,0.5850209558701353,0.9994575381278992,1
forged__35378,35378,/kaggle/input/competitions/recodai-luc-scientific-image-forgery-detection/train_images/forged/35378.png,forged,1,953,0.006462944878472222,Q1,0,0.0,1.0493179432267242e-10,1.0493179432267242e-10,0.7374359965324402,1
forged__35471,35471,/kaggle/input/competitions/recodai-luc-scientific-image-forgery-detection/train_images/forged/35471.png,forged,1,186,0.0012613932291666667,Q1,0,0.0,5.376344083130998e-10,5.376344083130998e-10,0.9725462198257446,1
forged__35586,35586,/kaggle/input/competitions/recodai-luc-scientific-image-forgery-detection/train_images/forged/35586.png,forged,1,21044,0.14271375868055555,Q4,35307,0.23944091796875,0.7142020549773488,0.5554543447069795,0.9982876181602478,1
forged__35715,35715,/kaggle/input/competitions/recodai-luc-scientific-image-forgery-detection/train_images/forged/35715.png,forged,1,344,0.0023328993055555555,Q1,0,0.0,2.9069767433409947e-10,2.9069767433409947e-10,0.6529116630554199,1
forged__35744,35744,/kaggle/input/competitions/recodai-luc-scientific-image-forgery-detection/train_images/forged/35744.png,forged,1,11858,0.0804172092013889,Q4,14049,0.09527587890625,0.8938124831130821,0.8080117244761811,0.9994438290596008,1
forged__35829,35829,/kaggle/input/competitions/recodai-luc-scientific-image-forgery-detection/train_images/forged/35829.png,forged,1,6728,0.04562717013888889,Q2,4655,0.03156873914930555,0.5207765966834685,0.35206081483130935,0.9991185069084167,1
forged__35885,35885,/kaggle/input/competitions/recodai-luc-scientific-image-forgery-detection/train_images/forged/35885.png,forged,1,2677,0.018154568142361112,Q1,2000,0.013563368055555556,0.5430831729838982,0.37276196068762074,0.9992210865020752,1
forged__36010,36010,/kaggle/input/competitions/recodai-luc-scientific-image-forgery-detection/train_images/forged/36010.png,forged,1,299,0.0020277235243055555,Q1,0,0.0,3.3444816042326143e-10,3.3444816042326143e-10,0.8185555338859558,1
forged__36190,36190,/kaggle/input/competitions/recodai-luc-scientific-image-forgery-detection/train_images/forged/36190.png,forged,1,2041,0.013841417100694444,Q2,0,0.0,4.899559039446371e-11,4.899559039446371e-11,0.6997035145759583,1
forged__36295,36295,/kaggle/input/competitions/recodai-luc-scientific-image-forgery-detection/train_images/forged/36295.png,forged,1,8689,0.05892605251736111,Q4,16011,0.10858154296875,0.6605668016208074,0.49316890340047653,0.9998692274093628,1
forged__36390,36390,/kaggle/input/competitions/recodai-luc-scientific-image-forgery-detection/train_images/forged/36390.png,forged,1,1562,0.010592990451388888,Q2,1873,0.012702094184027778,0.7551673944758321,0.6066417212531974,0.9983248114585876,1
forged__36453,36453,/kaggle/input/competitions/recodai-luc-scientific-image-forgery-detection/train_images/forged/36453.png,forged,1,1840,0.012478298611111112,Q1,1055,0.007154676649305556,0.5554404145231282,0.3845050215502389,0.9972534775733948,1
forged__36597,36597,/kaggle/input/competitions/recodai-luc-scientific-image-forgery-detection/train_images/forged/36597.png,forged,1,1841,0.012485080295138888,Q2,2359,0.015997992621527776,0.4552380952510658,0.29469790384418315,0.9995606541633606,1
forged__36707,36707,/kaggle/input/competitions/recodai-luc-scientific-image-forgery-detection/train_images/forged/36707.png,forged,1,1703,0.011549207899305556,Q4,1705,0.011562771267361112,0.6672535211365243,0.5006605020034937,0.9975878000259399,1
forged__36746,36746,/kaggle/input/competitions/recodai-luc-scientific-image-forgery-detection/train_images/forged/36746.png,forged,1,14724,0.099853515625,Q3,25493,0.1728854709201389,0.5121714697776757,0.3442409251977263,0.9994475245475769,1
forged__36949,36949,/kaggle/input/competitions/recodai-luc-scientific-image-forgery-detection/train_images/forged/36949.png,forged,1,9298,0.06305609809027778,Q2,7323,0.049662272135416664,0.7222188797321327,0.5652132969247083,0.9994008541107178,1
forged__37076,37076,/kaggle/input/competitions/recodai-luc-scientific-image-forgery-detection/train_images/forged/37076.png,forged,1,1093,0.007412380642361111,Q1,540,0.003662109375,0.5964482547705787,0.4249563700327263,0.9973467588424683,1
forged__37149,37149,/kaggle/input/competitions/recodai-luc-scientific-image-forgery-detection/train_images/forged/37149.png,forged,1,945,0.00640869140625,Q2,0,0.0,1.0582010580890793e-10,1.0582010580890793e-10,0.5039829611778259,0
forged__37280,37280,/kaggle/input/competitions/recodai-luc-scientific-image-forgery-detection/train_images/forged/37280.png,forged,1,2531,0.017164442274305556,Q2,0,0.0,3.9510075067581586e-11,3.9510075067581586e-11,0.8609802722930908,1
forged__37400,37400,/kaggle/input/competitions/recodai-luc-scientific-image-forgery-detection/train_images/forged/37400.png,forged,1,2149,0.014573838975694444,Q2,0,0.0,4.6533271286806273e-11,4.6533271286806273e-11,0.8595753908157349,1
forged__37451,37451,/kaggle/input/competitions/recodai-luc-scientific-image-forgery-detection/train_images/forged/37451.png,forged,1,1557,0.01055908203125,Q3,481,0.003261990017361111,0.011776251275182717,0.005923001036232823,0.992787778377533,1
forged__3751,3751,/kaggle/input/competitions/recodai-luc-scientific-image-forgery-detection/train_images/forged/3751.png,forged,1,1595,0.010816786024305556,Q1,726,0.004923502604166667,0.6057733735628706,0.43448702104854836,0.9982732534408569,1
forged__37586,37586,/kaggle/input/competitions/recodai-luc-scientific-image-forgery-detection/train_images/forged/37586.png,forged,1,2920,0.019802517361111112,Q3,0,0.0,3.424657534129292e-11,3.424657534129292e-11,0.2689954340457916,0
forged__37735,37735,/kaggle/input/competitions/recodai-luc-scientific-image-forgery-detection/train_images/forged/37735.png,forged,1,3297,0.022359212239583332,Q4,4920,0.033365885416666664,0.7370086406262989,0.5835421083140577,0.9976619482040405,1
forged__37817,37817,/kaggle/input/competitions/recodai-luc-scientific-image-forgery-detection/train_images/forged/37817.png,forged,1,3211,0.021775987413194444,Q2,576,0.00390625,0.21441774493756488,0.12008281576101501,0.9356704950332642,1
forged__37856,37856,/kaggle/input/competitions/recodai-luc-scientific-image-forgery-detection/train_images/forged/37856.png,forged,1,9522,0.0645751953125,Q2,12596,0.0854220920138889,4.521204448844736e-12,4.521204448844736e-12,0.9853103160858154,1
forged__37903,37903,/kaggle/input/competitions/recodai-luc-scientific-image-forgery-detection/train_images/forged/37903.png,forged,1,2504,0.016981336805555556,Q1,1232,0.008355034722222222,0.5840471092188424,0.41247637053260966,0.9982283711433411,1
forged__37942,37942,/kaggle/input/competitions/recodai-luc-scientific-image-forgery-detection/train_images/forged/37942.png,forged,1,17473,0.1184963650173611,Q4,28437,0.19285074869791666,0.7508168155091466,0.6010462074992117,0.9993844032287598,1
forged__38034,38034,/kaggle/input/competitions/recodai-luc-scientific-image-forgery-detection/train_images/forged/38034.png,forged,1,413,0.002800835503472222,Q1,0,0.0,2.4213075054669954e-10,2.4213075054669954e-10,0.6230700612068176,1
forged__38136,38136,/kaggle/input/competitions/recodai-luc-scientific-image-forgery-detection/train_images/forged/38136.png,forged,1,1389,0.009419759114583334,Q4,694,0.004706488715277778,0.6481036966083484,0.4794034091278832,0.9995450377464294,1
forged__38256,38256,/kaggle/input/competitions/recodai-luc-scientific-image-forgery-detection/train_images/forged/38256.png,forged,1,8431,0.05717637803819445,Q3,139,0.0009426540798611111,0.03243873980125509,0.01648677500870019,0.9409467577934265,1
forged__38294,38294,/kaggle/input/competitions/recodai-luc-scientific-image-forgery-detection/train_images/forged/38294.png,forged,1,10454,0.0708957248263889,Q4,0,0.0,9.565716472072261e-12,9.565716472072261e-12,0.26782384514808655,0
forged__38456,38456,/kaggle/input/competitions/recodai-luc-scientific-image-forgery-detection/train_images/forged/38456.png,forged,1,796,0.005398220486111111,Q3,610,0.004136827256944444,0.6842105263382495,0.520000000051892,0.9974579215049744,1
forged__38486,38486,/kaggle/input/competitions/recodai-luc-scientific-image-forgery-detection/train_images/forged/38486.png,forged,1,336,0.0022786458333333335,Q2,0,0.0,2.976190475304705e-10,2.976190475304705e-10,0.7291462421417236,1
forged__38548,38548,/kaggle/input/competitions/recodai-luc-scientific-image-forgery-detection/train_images/forged/38548.png,forged,1,251,0.0017022026909722222,Q1,0,0.0,3.984063743432644e-10,3.984063743432644e-10,0.4668484926223755,0
forged__38633,38633,/kaggle/input/competitions/recodai-luc-scientific-image-forgery-detection/train_images/forged/38633.png,forged,1,334,0.002265082465277778,Q2,110,0.0007459852430555555,0.42792792805677293,0.27220630393346523,0.9969332218170166,1
forged__38699,38699,/kaggle/input/competitions/recodai-luc-scientific-image-forgery-detection/train_images/forged/38699.png,forged,1,669,0.004536946614583333,Q1,380,0.0025770399305555555,0.6215443279674409,0.4508990318878425,0.998050332069397,1
forged__38913,38913,/kaggle/input/competitions/recodai-luc-scientific-image-forgery-detection/train_images/forged/38913.png,forged,1,10913,0.0740085177951389,Q4,12742,0.08641221788194445,0.3843584865804931,0.2378983724986242,0.9995829463005066,1
forged__38996,38996,/kaggle/input/competitions/recodai-luc-scientific-image-forgery-detection/train_images/forged/38996.png,forged,1,1024,0.006944444444444444,Q1,0,0.0,9.765624999046325e-11,9.765624999046325e-11,0.7302838563919067,1
forged__39099,39099,/kaggle/input/competitions/recodai-luc-scientific-image-forgery-detection/train_images/forged/39099.png,forged,1,598,0.004055447048611111,Q1,523,0.003546820746527778,0.44959857275204296,0.2899884926018425,0.9929694533348083,1
forged__39299,39299,/kaggle/input/competitions/recodai-luc-scientific-image-forgery-detection/train_images/forged/39299.png,forged,1,11954,0.08106825086805555,Q2,0,0.0,8.365400702623678e-12,8.365400702623678e-12,0.7586615085601807,1
forged__39366,39366,/kaggle/input/competitions/recodai-luc-scientific-image-forgery-detection/train_images/forged/39366.png,forged,1,6516,0.044189453125,Q3,0,0.0,1.5346838551022915e-11,1.5346838551022915e-11,0.735080361366272,1
forged__39549,39549,/kaggle/input/competitions/recodai-luc-scientific-image-forgery-detection/train_images/forged/39549.png,forged,1,588,0.003987630208333333,Q1,265,0.001797146267361111,1.1723329424182493e-10,1.1723329424182493e-10,0.9869908690452576,1
forged__39625,39625,/kaggle/input/competitions/recodai-luc-scientific-image-forgery-detection/train_images/forged/39625.png,forged,1,1156,0.007839626736111112,Q1,655,0.004442003038194444,0.519050248508059,0.35048471294925543,0.9913814663887024,1
forged__39737,39737,/kaggle/input/competitions/recodai-luc-scientific-image-forgery-detection/train_images/forged/39737.png,forged,1,10754,0.07293023003472222,Q4,15311,0.10383436414930555,0.7941684250919081,0.6586064269827642,0.9998816251754761,1
forged__39875,39875,/kaggle/input/competitions/recodai-luc-scientific-image-forgery-detection/train_images/forged/39875.png,forged,1,7217,0.048943413628472224,Q1,11702,0.07935926649305555,0.4247581796108422,0.26964633246581,0.9832231402397156,1
forged__39944,39944,/kaggle/input/competitions/recodai-luc-scientific-image-forgery-detection/train_images/forged/39944.png,forged,1,19808,0.1343315972222222,Q4,38131,0.2585923936631944,0.67470960838179,0.5091032219427784,0.9997398257255554,1
forged__40033,40033,/kaggle/input/competitions/recodai-luc-scientific-image-forgery-detection/train_images/forged/40033.png,forged,1,7772,0.05270724826388889,Q4,11431,0.07752143012152778,0.769046503151752,0.6247567476129557,0.9964503049850464,1
forged__4022,4022,/kaggle/input/competitions/recodai-luc-scientific-image-forgery-detection/train_images/forged/4022.png,forged,1,1955,0.013258192274305556,Q1,2805,0.019022623697916668,0.2894957983342543,0.169245885552217,0.9986036419868469,1
forged__40298,40298,/kaggle/input/competitions/recodai-luc-scientific-image-forgery-detection/train_images/forged/40298.png,forged,1,1006,0.006822374131944444,Q1,0,0.0,9.940357851894596e-11,9.940357851894596e-11,0.22523550689220428,0
forged__40349,40349,/kaggle/input/competitions/recodai-luc-scientific-image-forgery-detection/train_images/forged/40349.png,forged,1,521,0.003533257378472222,Q1,0,0.0,1.9193857961767013e-10,1.9193857961767013e-10,0.784839928150177,1
forged__40373,40373,/kaggle/input/competitions/recodai-luc-scientific-image-forgery-detection/train_images/forged/40373.png,forged,1,34712,0.2354058159722222,Q4,38956,0.2641872829861111,0.9387250909486633,0.8845258499401792,0.9991753697395325,1
forged__4045,4045,/kaggle/input/competitions/recodai-luc-scientific-image-forgery-detection/train_images/forged/4045.png,forged,1,923,0.006259494357638889,Q1,640,0.004340277777777778,0.34932821501283884,0.2116279070378583,0.9948482513427734,1
forged__40519,40519,/kaggle/input/competitions/recodai-luc-scientific-image-forgery-detection/train_images/forged/40519.png,forged,1,679,0.004604763454861111,Q1,381,0.0025838216145833335,0.6358490566381274,0.4661134163947285,0.9988710284233093,1
forged__40582,40582,/kaggle/input/competitions/recodai-luc-scientific-image-forgery-detection/train_images/forged/40582.png,forged,1,713,0.004835340711805556,Q2,0,0.0,1.4025245439828156e-10,1.4025245439828156e-10,0.8714389204978943,1
forged__40728,40728,/kaggle/input/competitions/recodai-luc-scientific-image-forgery-detection/train_images/forged/40728.png,forged,1,487,0.003302680121527778,Q2,0,0.0,2.0533880899274355e-10,2.0533880899274355e-10,0.9920229911804199,1
forged__40828,40828,/kaggle/input/competitions/recodai-luc-scientific-image-forgery-detection/train_images/forged/40828.png,forged,1,7073,0.047966851128472224,Q4,11365,0.07707383897569445,0.754311747479367,0.6055381400243335,0.999847412109375,1
forged__40919,40919,/kaggle/input/competitions/recodai-luc-scientific-image-forgery-detection/train_images/forged/40919.png,forged,1,12041,0.08165825737847222,Q4,12308,0.0834689670138889,0.9611893712269038,0.9252787222272059,0.999871015548706,1
forged__40974,40974,/kaggle/input/competitions/recodai-luc-scientific-image-forgery-detection/train_images/forged/40974.png,forged,1,649,0.004401312934027778,Q2,0,0.0,1.5408320490692091e-10,1.5408320490692091e-10,0.7568436861038208,1
forged__41024,41024,/kaggle/input/competitions/recodai-luc-scientific-image-forgery-detection/train_images/forged/41024.png,forged,1,7002,0.0474853515625,Q4,8844,0.059977213541666664,0.8730278934754953,0.7746668159953559,0.9995470643043518,1
forged__41080,41080,/kaggle/input/competitions/recodai-luc-scientific-image-forgery-detection/train_images/forged/41080.png,forged,1,10186,0.06907823350694445,Q4,12026,0.08155653211805555,0.8458490905823616,0.7328756436282348,0.9993636012077332,1
forged__41171,41171,/kaggle/input/competitions/recodai-luc-scientific-image-forgery-detection/train_images/forged/41171.png,forged,1,7884,0.053466796875,Q3,8588,0.05824110243055555,0.5041282175843605,0.33701298701836835,0.9995369911193848,1
forged__41255,41255,/kaggle/input/competitions/recodai-luc-scientific-image-forgery-detection/train_images/forged/41255.png,forged,1,1292,0.008761935763888888,Q3,0,0.0,7.739938079896289e-11,7.739938079896289e-11,0.5065897107124329,0
forged__414,414,/kaggle/input/competitions/recodai-luc-scientific-image-forgery-detection/train_images/forged/414.png,forged,1,16816,0.1140407986111111,Q3,48830,0.3311496310763889,0.5040672699029582,0.3369585140845666,0.9994800686836243,1
forged__41517,41517,/kaggle/input/competitions/recodai-luc-scientific-image-forgery-detection/train_images/forged/41517.png,forged,1,13515,0.09165445963541667,Q4,20490,0.13895670572916666,0.7863549478024221,0.6479282772006401,0.9997279047966003,1
forged__41600,41600,/kaggle/input/competitions/recodai-luc-scientific-image-forgery-detection/train_images/forged/41600.png,forged,1,2592,0.017578125,Q2,5874,0.039835611979166664,1.1811953697001983e-11,1.1811953697001983e-11,0.9569030404090881,1
forged__41697,41697,/kaggle/input/competitions/recodai-luc-scientific-image-forgery-detection/train_images/forged/41697.png,forged,1,2282,0.015475802951388888,Q4,1225,0.008307562934027778,0.639863130891364,0.47044025159453084,0.9986536502838135,1
forged__41830,41830,/kaggle/input/competitions/recodai-luc-scientific-image-forgery-detection/train_images/forged/41830.png,forged,1,6181,0.04191758897569445,Q4,14215,0.0964016384548611,0.5486369876468492,0.37801499899075724,0.9986265897750854,1
forged__41895,41895,/kaggle/input/competitions/recodai-luc-scientific-image-forgery-detection/train_images/forged/41895.png,forged,1,211,0.001430935329861111,Q2,0,0.0,4.739336490644864e-10,4.739336490644864e-10,0.9979096055030823,1
forged__42035,42035,/kaggle/input/competitions/recodai-luc-scientific-image-forgery-detection/train_images/forged/42035.png,forged,1,6984,0.04736328125,Q4,7454,0.05055067274305555,0.9267211525147062,0.8634486319067701,0.9996906518936157,1
forged__42121,42121,/kaggle/input/competitions/recodai-luc-scientific-image-forgery-detection/train_images/forged/42121.png,forged,1,794,0.005384657118055556,Q3,0,0.0,1.259445843670095e-10,1.259445843670095e-10,0.7317570447921753,1
forged__4222,4222,/kaggle/input/competitions/recodai-luc-scientific-image-forgery-detection/train_images/forged/4222.png,forged,1,27578,0.18702528211805555,Q4,29760,0.20182291666666666,0.9556315183648616,0.9150328980330816,0.9970945119857788,1
forged__42289,42289,/kaggle/input/competitions/recodai-luc-scientific-image-forgery-detection/train_images/forged/42289.png,forged,1,964,0.006537543402777778,Q1,0,0.0,1.0373443982326406e-10,1.0373443982326406e-10,0.8081122040748596,1
forged__42385,42385,/kaggle/input/competitions/recodai-luc-scientific-image-forgery-detection/train_images/forged/42385.png,forged,1,11624,0.0788302951388889,Q3,22609,0.1533270941840278,0.6726842520384638,0.5068004753752067,0.9990334510803223,1
forged__42461,42461,/kaggle/input/competitions/recodai-luc-scientific-image-forgery-detection/train_images/forged/42461.png,forged,1,10968,0.07438151041666667,Q2,26651,0.18073866102430555,0.46800818735355004,0.30549000555488104,0.9935520887374878,1
forged__42632,42632,/kaggle/input/competitions/recodai-luc-scientific-image-forgery-detection/train_images/forged/42632.png,forged,1,15062,0.1021457248263889,Q4,16456,0.1115993923611111,0.945301097785566,0.8962757956807877,0.9992430210113525,1
forged__42742,42742,/kaggle/input/competitions/recodai-luc-scientific-image-forgery-detection/train_images/forged/42742.png,forged,1,1031,0.006991916232638889,Q1,506,0.0034315321180555555,0.5933636955371916,0.42183163742628754,0.9971498847007751,1
forged__42832,42832,/kaggle/input/competitions/recodai-luc-scientific-image-forgery-detection/train_images/forged/42832.png,forged,1,1106,0.007500542534722222,Q1,846,0.0057373046875,0.02356557382051406,0.011923276360190603,0.883801281452179,1
forged__43085,43085,/kaggle/input/competitions/recodai-luc-scientific-image-forgery-detection/train_images/forged/43085.png,forged,1,9251,0.06273735894097222,Q4,17825,0.1208835177951389,0.6661988476892222,0.49947388824555866,0.9998108744621277,1
forged__43142,43142,/kaggle/input/competitions/recodai-luc-scientific-image-forgery-detection/train_images/forged/43142.png,forged,1,4725,0.03204345703125,Q2,6092,0.041314019097222224,0.4552093926277599,0.29467384800365437,0.9989138841629028,1
forged__4321,4321,/kaggle/input/competitions/recodai-luc-scientific-image-forgery-detection/train_images/forged/4321.png,forged,1,15304,0.1037868923611111,Q4,29942,0.2030571831597222,0.6450072934631901,0.47602270503204797,0.9996235370635986,1
forged__43285,43285,/kaggle/input/competitions/recodai-luc-scientific-image-forgery-detection/train_images/forged/43285.png,forged,1,8712,0.05908203125,Q2,5543,0.037590874565972224,0.7306909856209702,0.5756604399295273,0.9998308420181274,1
forged__43368,43368,/kaggle/input/competitions/recodai-luc-scientific-image-forgery-detection/train_images/forged/43368.png,forged,1,801,0.00543212890625,Q1,1981,0.013434516059027778,0.2760603882359432,0.1601334445721379,0.998293936252594,1
forged__43610,43610,/kaggle/input/competitions/recodai-luc-scientific-image-forgery-detection/train_images/forged/43610.png,forged,1,432,0.0029296875,Q2,0,0.0,2.3148148142789777e-10,2.3148148142789777e-10,0.9954268932342529,1
forged__4371,4371,/kaggle/input/competitions/recodai-luc-scientific-image-forgery-detection/train_images/forged/4371.png,forged,1,24558,0.16654459635416666,Q4,1297,0.008795844184027778,0.008431637984883266,0.004233667369672051,0.989086389541626,1
forged__43810,43810,/kaggle/input/competitions/recodai-luc-scientific-image-forgery-detection/train_images/forged/43810.png,forged,1,1260,0.008544921875,Q3,1409,0.009555392795138888,0.7118771075417056,0.5526468877514458,0.9980691075325012,1
forged__43915,43915,/kaggle/input/competitions/recodai-luc-scientific-image-forgery-detection/train_images/forged/43915.png,forged,1,3012,0.020426432291666668,Q1,0,0.0,3.320053120739706e-11,3.320053120739706e-11,0.7423604726791382,1
forged__44020,44020,/kaggle/input/competitions/recodai-luc-scientific-image-forgery-detection/train_images/forged/44020.png,forged,1,1223,0.008293999565972222,Q1,0,0.0,8.176614880770513e-11,8.176614880770513e-11,0.8622773885726929,1
forged__44171,44171,/kaggle/input/competitions/recodai-luc-scientific-image-forgery-detection/train_images/forged/44171.png,forged,1,8137,0.055182562934027776,Q3,6029,0.040886773003472224,7.059155724925461e-12,7.059155724925461e-12,0.9632434844970703,1
forged__44236,44236,/kaggle/input/competitions/recodai-luc-scientific-image-forgery-detection/train_images/forged/44236.png,forged,1,12896,0.08745659722222222,Q3,11407,0.0773586697048611,0.4533596675330068,0.29312546557788055,0.9986308217048645,1
forged__44311,44311,/kaggle/input/competitions/recodai-luc-scientific-image-forgery-detection/train_images/forged/44311.png,forged,1,487,0.003302680121527778,Q2,0,0.0,2.0533880899274355e-10,2.0533880899274355e-10,0.906895637512207,1
forged__44420,44420,/kaggle/input/competitions/recodai-luc-scientific-image-forgery-detection/train_images/forged/44420.png,forged,1,3381,0.022928873697916668,Q1,2935,0.019904242621527776,0.6149461684671478,0.4439871970863286,0.9943143725395203,1
forged__44555,44555,/kaggle/input/competitions/recodai-luc-scientific-image-forgery-detection/train_images/forged/44555.png,forged,1,10307,0.06989881727430555,Q3,7428,0.050374348958333336,0.2582464054172075,0.1482680479174602,0.957812488079071,1
forged__44622,44622,/kaggle/input/competitions/recodai-luc-scientific-image-forgery-detection/train_images/forged/44622.png,forged,1,17954,0.12175835503472222,Q3,22751,0.1542900933159722,0.7606436555711568,0.6137408817014997,0.9986873269081116,1
forged__44666,44666,/kaggle/input/competitions/recodai-luc-scientific-image-forgery-detection/train_images/forged/44666.png,forged,1,27295,0.18510606553819445,Q3,36992,0.2508680555555556,0.6731687588475537,0.5073506999003321,0.9986286163330078,1
forged__44778,44778,/kaggle/input/competitions/recodai-luc-scientific-image-forgery-detection/train_images/forged/44778.png,forged,1,13915,0.09436713324652778,Q2,51318,0.3480224609375,0.3853877638627913,0.23868750356182009,0.9993322491645813,1
forged__44829,44829,/kaggle/input/competitions/recodai-luc-scientific-image-forgery-detection/train_images/forged/44829.png,forged,1,25440,0.17252604166666666,Q3,92631,0.6281941731770834,0.4307577643964811,0.2745004911440135,0.9996700286865234,1
forged__45004,45004,/kaggle/input/competitions/recodai-luc-scientific-image-forgery-detection/train_images/forged/45004.png,forged,1,1943,0.013176812065972222,Q1,735,0.004984537760416667,0.38536221062788045,0.23866790012772118,0.9920658469200134,1
forged__45133,45133,/kaggle/input/competitions/recodai-luc-scientific-image-forgery-detection/train_images/forged/45133.png,forged,1,1482,0.010050455729166666,Q1,692,0.004692925347222222,0.5630174793209284,0.39180537775980756,0.9978742599487305,1
forged__45182,45182,/kaggle/input/competitions/recodai-luc-scientific-image-forgery-detection/train_images/forged/45182.png,forged,1,4199,0.028476291232638888,Q4,4308,0.029215494791666668,0.9328788056902212,0.8742013659424058,0.9989296793937683,1
forged__45310,45310,/kaggle/input/competitions/recodai-luc-scientific-image-forgery-detection/train_images/forged/45310.png,forged,1,703,0.004767523871527778,Q3,457,0.0030992296006944445,0.5310344827990486,0.36150234749278143,0.9965632557868958,1
forged__45381,45381,/kaggle/input/competitions/recodai-luc-scientific-image-forgery-detection/train_images/forged/45381.png,forged,1,422,0.002861870659722222,Q1,0,0.0,2.3696682458839646e-10,2.3696682458839646e-10,0.5620948076248169,0
forged__45536,45536,/kaggle/input/competitions/recodai-luc-scientific-image-forgery-detection/train_images/forged/45536.png,forged,1,3178,0.021552191840277776,Q2,1693,0.011481391059027778,0.5095462944054702,0.3418732782550449,0.9814289808273315,1
forged__45620,45620,/kaggle/input/competitions/recodai-luc-scientific-image-forgery-detection/train_images/forged/45620.png,forged,1,12510,0.0848388671875,Q3,20768,0.1408420138888889,0.6645832081264963,0.4976597659788584,0.999528169631958,1
forged__45767,45767,/kaggle/input/competitions/recodai-luc-scientific-image-forgery-detection/train_images/forged/45767.png,forged,1,6758,0.045830620659722224,Q2,22066,0.14964463975694445,0.4553844018892056,0.294820538164077,0.9999364614486694,1
forged__45878,45878,/kaggle/input/competitions/recodai-luc-scientific-image-forgery-detection/train_images/forged/45878.png,forged,1,5710,0.03872341579861111,Q3,24037,0.16301133897569445,0.28466736141700116,0.16595461137786244,0.9962990880012512,1
forged__45958,45958,/kaggle/input/competitions/recodai-luc-scientific-image-forgery-detection/train_images/forged/45958.png,forged,1,657,0.00445556640625,Q2,0,0.0,1.5220700149890306e-10,1.5220700149890306e-10,0.43059903383255005,0
forged__46106,46106,/kaggle/input/competitions/recodai-luc-scientific-image-forgery-detection/train_images/forged/46106.png,forged,1,498,0.0033772786458333335,Q1,0,0.0,2.0080321281108367e-10,2.0080321281108367e-10,0.8491501212120056,1
forged__46206,46206,/kaggle/input/competitions/recodai-luc-scientific-image-forgery-detection/train_images/forged/46206.png,forged,1,722,0.004896375868055556,Q2,0,0.0,1.3850415510547035e-10,1.3850415510547035e-10,0.4897285997867584,0
forged__46309,46309,/kaggle/input/competitions/recodai-luc-scientific-image-forgery-detection/train_images/forged/46309.png,forged,1,5756,0.03903537326388889,Q2,14665,0.0994533962673611,0.49204250526667626,0.3262973306532032,0.9987693428993225,1
forged__46366,46366,/kaggle/input/competitions/recodai-luc-scientific-image-forgery-detection/train_images/forged/46366.png,forged,1,10727,0.07274712456597222,Q3,10433,0.07075330946180555,0.4805293005695627,0.3162478228457561,0.9585934281349182,1
forged__46500,46500,/kaggle/input/competitions/recodai-luc-scientific-image-forgery-detection/train_images/forged/46500.png,forged,1,4347,0.02947998046875,Q3,0,0.0,2.3004370829928585e-11,2.3004370829928585e-11,0.7414401173591614,1
forged__46698,46698,/kaggle/input/competitions/recodai-luc-scientific-image-forgery-detection/train_images/forged/46698.png,forged,1,18159,0.12314860026041667,Q2,39381,0.2670694986979167,0.5504692387911879,0.3797568520265215,0.9985929131507874,1
forged__46849,46849,/kaggle/input/competitions/recodai-luc-scientific-image-forgery-detection/train_images/forged/46849.png,forged,1,5175,0.03509521484375,Q4,3357,0.02276611328125,0.5436005625932535,0.37324963786619586,0.9861605167388916,1
forged__46907,46907,/kaggle/input/competitions/recodai-luc-scientific-image-forgery-detection/train_images/forged/46907.png,forged,1,19858,0.1346706814236111,Q4,19536,0.13248697916666666,0.7076204498154348,0.547532998116171,0.9938787817955017,1
forged__46969,46969,/kaggle/input/competitions/recodai-luc-scientific-image-forgery-detection/train_images/forged/46969.png,forged,1,1266,0.008585611979166666,Q2,676,0.004584418402777778,0.5427394438958425,0.37243816258852025,0.990639328956604,1
forged__47030,47030,/kaggle/input/competitions/recodai-luc-scientific-image-forgery-detection/train_images/forged/47030.png,forged,1,2655,0.01800537109375,Q2,474,0.0032145182291666665,3.1959092360755545e-11,3.1959092360755545e-11,0.9505904316902161,1
forged__47069,47069,/kaggle/input/competitions/recodai-luc-scientific-image-forgery-detection/train_images/forged/47069.png,forged,1,9846,0.0667724609375,Q3,12050,0.08171929253472222,0.7067957617843131,0.5465461223368657,0.9987679123878479,1
forged__47151,47151,/kaggle/input/competitions/recodai-luc-scientific-image-forgery-detection/train_images/forged/47151.png,forged,1,158,0.001071506076388889,Q1,0,0.0,6.329113920044864e-10,6.329113920044864e-10,0.9871641397476196,1
forged__47261,47261,/kaggle/input/competitions/recodai-luc-scientific-image-forgery-detection/train_images/forged/47261.png,forged,1,35256,0.23909505208333334,Q3,88654,0.6012234157986112,0.5282059559361406,0.3588857816533872,0.9965925812721252,1
forged__4740,4740,/kaggle/input/competitions/recodai-luc-scientific-image-forgery-detection/train_images/forged/4740.png,forged,1,10101,0.06850179036458333,Q4,18087,0.12266031901041667,0.5593160210034082,0.3882295001261353,0.9995638728141785,1
forged__47441,47441,/kaggle/input/competitions/recodai-luc-scientific-image-forgery-detection/train_images/forged/47441.png,forged,1,1003,0.006802029079861111,Q1,0,0.0,9.970089729813551e-11,9.970089729813551e-11,0.5857274532318115,0
forged__47770,47770,/kaggle/input/competitions/recodai-luc-scientific-image-forgery-detection/train_images/forged/47770.png,forged,1,5763,0.039082845052083336,Q3,4145,0.028110080295138888,0.7797739200668169,0.6390405293690812,0.9965023994445801,1
forged__47916,47916,/kaggle/input/competitions/recodai-luc-scientific-image-forgery-detection/train_images/forged/47916.png,forged,1,20626,0.13987901475694445,Q4,23525,0.1595391167534722,0.9193449751989324,0.850729376258171,0.9995321035385132,1
forged__48113,48113,/kaggle/input/competitions/recodai-luc-scientific-image-forgery-detection/train_images/forged/48113.png,forged,1,533,0.0036146375868055555,Q1,279,0.00189208984375,0.5812807882289064,0.409722222324701,0.9986028075218201,1
forged__48207,48207,/kaggle/input/competitions/recodai-luc-scientific-image-forgery-detection/train_images/forged/48207.png,forged,1,23144,0.1569552951388889,Q4,54403,0.3689439561631944,0.5379189394824585,0.3679132122078534,0.9994996786117554,1
forged__48272,48272,/kaggle/input/competitions/recodai-luc-scientific-image-forgery-detection/train_images/forged/48272.png,forged,1,19843,0.13456895616319445,Q4,29841,0.20237223307291666,0.422510264875166,0.26783709298951763,0.9873726963996887,1
forged__48333,48333,/kaggle/input/competitions/recodai-luc-scientific-image-forgery-detection/train_images/forged/48333.png,forged,1,2226,0.015096028645833334,Q3,321,0.0021769205729166665,3.926187671616561e-11,3.926187671616561e-11,0.9982942938804626,1
forged__4845,4845,/kaggle/input/competitions/recodai-luc-scientific-image-forgery-detection/train_images/forged/4845.png,forged,1,4441,0.030117458767361112,Q1,1601,0.010857476128472222,0.5038066865358523,0.3367256637314884,0.9767774939537048,1
forged__4865,4865,/kaggle/input/competitions/recodai-luc-scientific-image-forgery-detection/train_images/forged/4865.png,forged,1,1187,0.008049858940972222,Q1,0,0.0,8.424599830798264e-11,8.424599830798264e-11,0.04616273194551468,0
forged__48718,48718,/kaggle/input/competitions/recodai-luc-scientific-image-forgery-detection/train_images/forged/48718.png,forged,1,1476,0.010009765625,Q1,0,0.0,6.775067750218491e-11,6.775067750218491e-11,0.5022275447845459,0
forged__48836,48836,/kaggle/input/competitions/recodai-luc-scientific-image-forgery-detection/train_images/forged/48836.png,forged,1,9229,0.0625881618923611,Q3,18114,0.12284342447916667,0.5033098050707555,0.33628188838170125,0.9831033945083618,1
forged__48981,48981,/kaggle/input/competitions/recodai-luc-scientific-image-forgery-detection/train_images/forged/48981.png,forged,1,16008,0.10856119791666667,Q4,29917,0.2028876410590278,0.684028307023007,0.5197895294211404,0.9998407363891602,1
forged__49042,49042,/kaggle/input/competitions/recodai-luc-scientific-image-forgery-detection/train_images/forged/49042.png,forged,1,2664,0.01806640625,Q2,0,0.0,3.7537537536128474e-11,3.7537537536128474e-11,0.8637296557426453,1
forged__49233,49233,/kaggle/input/competitions/recodai-luc-scientific-image-forgery-detection/train_images/forged/49233.png,forged,1,341,0.002312554253472222,Q2,170,0.0011528862847222222,0.5440313112438295,0.37365591414686666,0.9987167119979858,1
forged__49506,49506,/kaggle/input/competitions/recodai-luc-scientific-image-forgery-detection/train_images/forged/49506.png,forged,1,432,0.0029296875,Q1,0,0.0,2.3148148142789777e-10,2.3148148142789777e-10,0.8668227791786194,1
forged__4957,4957,/kaggle/input/competitions/recodai-luc-scientific-image-forgery-detection/train_images/forged/4957.png,forged,1,14777,0.10021294487847222,Q1,13139,0.08910454644097222,0.14386015188729093,0.07750501775869421,0.9828428626060486,1
forged__49711,49711,/kaggle/input/competitions/recodai-luc-scientific-image-forgery-detection/train_images/forged/49711.png,forged,1,6081,0.041239420572916664,Q4,1863,0.01263427734375,0.2620845921543041,0.15080399827392724,0.9905343055725098,1
forged__49733,49733,/kaggle/input/competitions/recodai-luc-scientific-image-forgery-detection/train_images/forged/49733.png,forged,1,195,0.0013224283854166667,Q1,0,0.0,5.12820512557528e-10,5.12820512557528e-10,0.3524559736251831,0
forged__49799,49799,/kaggle/input/competitions/recodai-luc-scientific-image-forgery-detection/train_images/forged/49799.png,forged,1,896,0.006076388888888889,Q3,385,0.0026109483506944445,0.36690085875355966,0.224665392043531,0.9058206677436829,1
forged__4992,4992,/kaggle/input/competitions/recodai-luc-scientific-image-forgery-detection/train_images/forged/4992.png,forged,1,239,0.001620822482638889,Q1,0,0.0,4.1841004166593723e-10,4.1841004166593723e-10,0.7305032014846802,1
forged__49982,49982,/kaggle/input/competitions/recodai-luc-scientific-image-forgery-detection/train_images/forged/49982.png,forged,1,10426,0.0707058376736111,Q3,7168,0.04861111111111111,0.6797771967734467,0.5148958153993896,0.9980915188789368,1
forged__50069,50069,/kaggle/input/competitions/recodai-luc-scientific-image-forgery-detection/train_images/forged/50069.png,forged,1,615,0.004170735677083333,Q2,258,0.0017496744791666667,0.545246277257131,0.3748031497047554,0.9974785447120667,1
forged__50158,50158,/kaggle/input/competitions/recodai-luc-scientific-image-forgery-detection/train_images/forged/50158.png,forged,1,28157,0.1909518771701389,Q4,38319,0.2598673502604167,0.709338708707339,0.5495932306124861,0.9994471669197083,1
forged__50255,50255,/kaggle/input/competitions/recodai-luc-scientific-image-forgery-detection/train_images/forged/50255.png,forged,1,1417,0.009609646267361112,Q1,658,0.004462348090277778,0.599518072308457,0.4280798348638623,0.9961047172546387,1
forged__50311,50311,/kaggle/input/competitions/recodai-luc-scientific-image-forgery-detection/train_images/forged/50311.png,forged,1,1324,0.008978949652777778,Q1,446,0.003024631076388889,0.41016949155874743,0.2579957356604125,0.9765591621398926,1
forged__50419,50419,/kaggle/input/competitions/recodai-luc-scientific-image-forgery-detection/train_images/forged/50419.png,forged,1,47704,0.3235134548611111,Q4,52858,0.3584662543402778,0.9395397864004897,0.8859736314024756,0.9998102784156799,1
forged__50539,50539,/kaggle/input/competitions/recodai-luc-scientific-image-forgery-detection/train_images/forged/50539.png,forged,1,1387,0.009406195746527778,Q1,738,0.0050048828125,0.5524705882563544,0.3816644993900088,0.9986520409584045,1
forged__50636,50636,/kaggle/input/competitions/recodai-luc-scientific-image-forgery-detection/train_images/forged/50636.png,forged,1,526,0.003567165798611111,Q2,137,0.0009290907118055555,0.37405731532819647,0.23005565876993403,0.9977537989616394,1
forged__50690,50690,/kaggle/input/competitions/recodai-luc-scientific-image-forgery-detection/train_images/forged/50690.png,forged,1,8575,0.05815294053819445,Q3,6055,0.04106309678819445,0.6110731373915853,0.439960629926772,0.9996065497398376,1
forged__5080,5080,/kaggle/input/competitions/recodai-luc-scientific-image-forgery-detection/train_images/forged/5080.png,forged,1,9606,0.06514485677083333,Q4,14415,0.09775797526041667,0.7705757462230108,0.6267777326315402,0.9997838139533997,1
forged__50907,50907,/kaggle/input/competitions/recodai-luc-scientific-image-forgery-detection/train_images/forged/50907.png,forged,1,11312,0.07671440972222222,Q3,0,0.0,8.840169731180691e-12,8.840169731180691e-12,0.8274886012077332,1
forged__50983,50983,/kaggle/input/competitions/recodai-luc-scientific-image-forgery-detection/train_images/forged/50983.png,forged,1,1116,0.007568359375,Q2,0,0.0,8.960573475899589e-11,8.960573475899589e-11,0.45595791935920715,0
forged__51069,51069,/kaggle/input/competitions/recodai-luc-scientific-image-forgery-detection/train_images/forged/51069.png,forged,1,2334,0.015828450520833332,Q3,5988,0.040608723958333336,0.09685171834779076,0.05089026393419763,0.9881137013435364,1
forged__51165,51165,/kaggle/input/competitions/recodai-luc-scientific-image-forgery-detection/train_images/forged/51165.png,forged,1,2648,0.017957899305555556,Q4,1513,0.010260687934027778,0.5532323960693768,0.38239202659859167,0.9964411854743958,1
forged__51227,51227,/kaggle/input/competitions/recodai-luc-scientific-image-forgery-detection/train_images/forged/51227.png,forged,1,1316,0.008924696180555556,Q1,3662,0.024834526909722224,0.3664122137531858,0.22429906543963848,0.9863178730010986,1
forged__5130,5130,/kaggle/input/competitions/recodai-luc-scientific-image-forgery-detection/train_images/forged/5130.png,forged,1,12804,0.08683268229166667,Q2,38557,0.2614813910590278,0.4228500223916535,0.2681102167812254,0.9997664093971252,1
forged__51345,51345,/kaggle/input/competitions/recodai-luc-scientific-image-forgery-detection/train_images/forged/51345.png,forged,1,6665,0.04519992404513889,Q4,7175,0.04865858289930555,0.9390173410409031,0.8850449468825246,0.9988285899162292,1
forged__51552,51552,/kaggle/input/competitions/recodai-luc-scientific-image-forgery-detection/train_images/forged/51552.png,forged,1,16302,0.11055501302083333,Q3,34832,0.23621961805555555,0.5784800719685953,0.40694475016672094,0.9999308586120605,1
forged__51718,51718,/kaggle/input/competitions/recodai-luc-scientific-image-forgery-detection/train_images/forged/51718.png,forged,1,4491,0.03045654296875,Q2,0,0.0,2.2266755733193794e-11,2.2266755733193794e-11,0.8489956855773926,1
forged__51796,51796,/kaggle/input/competitions/recodai-luc-scientific-image-forgery-detection/train_images/forged/51796.png,forged,1,1645,0.011155870225694444,Q3,0,0.0,6.079027355253554e-11,6.079027355253554e-11,0.920709490776062,1
forged__51927,51927,/kaggle/input/competitions/recodai-luc-scientific-image-forgery-detection/train_images/forged/51927.png,forged,1,8688,0.058919270833333336,Q3,5287,0.03585476345486111,0.7274418604670666,0.5716374269054021,0.9893667101860046,1
forged__52050,52050,/kaggle/input/competitions/recodai-luc-scientific-image-forgery-detection/train_images/forged/52050.png,forged,1,897,0.006083170572916667,Q1,670,0.004543728298611111,6.381620931309405e-11,6.381620931309405e-11,0.9173975586891174,1
forged__5220,5220,/kaggle/input/competitions/recodai-luc-scientific-image-forgery-detection/train_images/forged/5220.png,forged,1,12912,0.08756510416666667,Q2,12651,0.08579508463541667,0.5209873645522005,0.35225349132801387,0.999821126461029,1
forged__52298,52298,/kaggle/input/competitions/recodai-luc-scientific-image-forgery-detection/train_images/forged/52298.png,forged,1,10139,0.0687594943576389,Q4,6534,0.0443115234375,0.6634678822067807,0.4964099802594111,0.9750686287879944,1
forged__52396,52396,/kaggle/input/competitions/recodai-luc-scientific-image-forgery-detection/train_images/forged/52396.png,forged,1,39266,0.2662896050347222,Q4,84189,0.5709431966145834,0.6360860232476319,0.4663681391128905,0.9998180270195007,1
forged__52590,52590,/kaggle/input/competitions/recodai-luc-scientific-image-forgery-detection/train_images/forged/52590.png,forged,1,7422,0.050333658854166664,Q3,12285,0.08331298828125,0.7453189222116744,0.594030575106414,0.9997237324714661,1
forged__5270,5270,/kaggle/input/competitions/recodai-luc-scientific-image-forgery-detection/train_images/forged/5270.png,forged,1,5266,0.035712348090277776,Q3,10912,0.0740017361111111,0.6443318086312009,0.47528725150943557,0.9852146506309509,1
forged__52798,52798,/kaggle/input/competitions/recodai-luc-scientific-image-forgery-detection/train_images/forged/52798.png,forged,1,1703,0.011549207899305556,Q1,1147,0.007778591579861111,0.6301754386094676,0.4600409836342192,0.9986826777458191,1
forged__52927,52927,/kaggle/input/competitions/recodai-luc-scientific-image-forgery-detection/train_images/forged/52927.png,forged,1,11205,0.07598876953125,Q3,22227,0.15073649088541666,0.6585307489840316,0.4909026043547498,0.9998284578323364,1
forged__53118,53118,/kaggle/input/competitions/recodai-luc-scientific-image-forgery-detection/train_images/forged/53118.png,forged,1,2082,0.014119466145833334,Q2,1332,0.009033203125,0.4639718805077923,0.30205949659412434,0.9493533968925476,1
forged__53157,53157,/kaggle/input/competitions/recodai-luc-scientific-image-forgery-detection/train_images/forged/53157.png,forged,1,6400,0.043402777777777776,Q3,6817,0.04623074001736111,0.48301429976936505,0.3184039900317366,0.9838558435440063,1
forged__53248,53248,/kaggle/input/competitions/recodai-luc-scientific-image-forgery-detection/train_images/forged/53248.png,forged,1,4310,0.029229058159722224,Q2,3011,0.020419650607638888,0.5936347493567322,0.4221056721168977,0.999052107334137,1
forged__53404,53404,/kaggle/input/competitions/recodai-luc-scientific-image-forgery-detection/train_images/forged/53404.png,forged,1,9205,0.06242540147569445,Q4,10127,0.06867811414930555,0.9256155596941568,0.8615310544067257,0.9998619556427002,1
forged__53527,53527,/kaggle/input/competitions/recodai-luc-scientific-image-forgery-detection/train_images/forged/53527.png,forged,1,1240,0.008409288194444444,Q1,5203,0.035285101996527776,0.11330125719209527,0.060052648913128455,0.9746761918067932,1
forged__53675,53675,/kaggle/input/competitions/recodai-luc-scientific-image-forgery-detection/train_images/forged/53675.png,forged,1,1829,0.012403700086805556,Q2,0,0.0,5.4674685617568354e-11,5.4674685617568354e-11,0.5932374596595764,1
forged__5385,5385,/kaggle/input/competitions/recodai-luc-scientific-image-forgery-detection/train_images/forged/5385.png,forged,1,810,0.0054931640625,Q2,190,0.0012885199652777778,0.380000000062,0.2345679013290657,0.9709738492965698,1
forged__53927,53927,/kaggle/input/competitions/recodai-luc-scientific-image-forgery-detection/train_images/forged/53927.png,forged,1,13725,0.09307861328125,Q3,0,0.0,7.285974499036167e-12,7.285974499036167e-12,0.44529300928115845,0
forged__54000,54000,/kaggle/input/competitions/recodai-luc-scientific-image-forgery-detection/train_images/forged/54000.png,forged,1,23978,0.16261121961805555,Q4,45075,0.3056844075520833,0.6124860614316359,0.44142696113338326,0.9981212019920349,1
forged__54040,54040,/kaggle/input/competitions/recodai-luc-scientific-image-forgery-detection/train_images/forged/54040.png,forged,1,16445,0.11152479383680555,Q2,16886,0.11451551649305555,0.5723200624056515,0.4008742067019675,0.996606707572937,1
forged__54152,54152,/kaggle/input/competitions/recodai-luc-scientific-image-forgery-detection/train_images/forged/54152.png,forged,1,9964,0.06757269965277778,Q4,11841,0.08030192057291667,0.8793396010094963,0.7846619741382823,0.9999222755432129,1
forged__5436,5436,/kaggle/input/competitions/recodai-luc-scientific-image-forgery-detection/train_images/forged/5436.png,forged,1,15408,0.1044921875,Q3,7935,0.053812662760416664,0.35693784004045354,0.2172394013703017,0.9803538918495178,1
forged__54527,54527,/kaggle/input/competitions/recodai-luc-scientific-image-forgery-detection/train_images/forged/54527.png,forged,1,21550,0.1461452907986111,Q4,25499,0.17292616102430555,0.9113052349679881,0.8370621998366442,0.9943653345108032,1
forged__54553,54553,/kaggle/input/competitions/recodai-luc-scientific-image-forgery-detection/train_images/forged/54553.png,forged,1,2402,0.016289605034722224,Q2,577,0.003913031684027778,3.356831151280402e-11,3.356831151280402e-11,0.943308413028717,1
forged__54710,54710,/kaggle/input/competitions/recodai-luc-scientific-image-forgery-detection/train_images/forged/54710.png,forged,1,12418,0.08421495225694445,Q2,13489,0.09147813585069445,0.9165862508205637,0.8460168163043608,0.9981650710105896,1
forged__54790,54790,/kaggle/input/competitions/recodai-luc-scientific-image-forgery-detection/train_images/forged/54790.png,forged,1,5429,0.03681776258680555,Q2,4303,0.029181586371527776,0.6545417180471172,0.48648235833990405,0.9937071204185486,1
forged__54870,54870,/kaggle/input/competitions/recodai-luc-scientific-image-forgery-detection/train_images/forged/54870.png,forged,1,13197,0.08949788411458333,Q3,0,0.0,7.577479730184302e-12,7.577479730184302e-12,0.8236278295516968,1
forged__54945,54945,/kaggle/input/competitions/recodai-luc-scientific-image-forgery-detection/train_images/forged/54945.png,forged,1,8906,0.06039767795138889,Q4,7701,0.052225748697916664,0.8791473475047923,0.7843558611820741,0.9997418522834778,1
forged__55025,55025,/kaggle/input/competitions/recodai-luc-scientific-image-forgery-detection/train_images/forged/55025.png,forged,1,4519,0.030646430121527776,Q3,0,0.0,2.2128789554721647e-11,2.2128789554721647e-11,0.8208512663841248,1
forged__55072,55072,/kaggle/input/competitions/recodai-luc-scientific-image-forgery-detection/train_images/forged/55072.png,forged,1,12598,0.08543565538194445,Q3,16077,0.10902913411458333,0.7187445510035964,0.5609689711510019,0.9996508359909058,1
forged__55175,55175,/kaggle/input/competitions/recodai-luc-scientific-image-forgery-detection/train_images/forged/55175.png,forged,1,24753,0.16786702473958334,Q4,27676,0.1876898871527778,0.9274256613707539,0.8646726179895982,0.9998867511749268,1
forged__55291,55291,/kaggle/input/competitions/recodai-luc-scientific-image-forgery-detection/train_images/forged/55291.png,forged,1,561,0.0038045247395833335,Q1,0,0.0,1.7825311939781585e-10,1.7825311939781585e-10,0.6461079120635986,1
forged__55394,55394,/kaggle/input/competitions/recodai-luc-scientific-image-forgery-detection/train_images/forged/55394.png,forged,1,2202,0.014933268229166666,Q4,0,0.0,4.54132606700539e-11,4.54132606700539e-11,0.46517154574394226,0
forged__55541,55541,/kaggle/input/competitions/recodai-luc-scientific-image-forgery-detection/train_images/forged/55541.png,forged,1,471,0.0031941731770833335,Q1,0,0.0,2.123142250080012e-10,2.123142250080012e-10,0.3121439218521118,0
forged__55651,55651,/kaggle/input/competitions/recodai-luc-scientific-image-forgery-detection/train_images/forged/55651.png,forged,1,6868,0.046576605902777776,Q2,0,0.0,1.45602795571555e-11,1.45602795571555e-11,0.4756726622581482,0
forged__55695,55695,/kaggle/input/competitions/recodai-luc-scientific-image-forgery-detection/train_images/forged/55695.png,forged,1,25536,0.17317708333333334,Q3,21857,0.1482272677951389,0.8951110923556325,0.8101367351622866,0.9988654851913452,1
forged__55790,55790,/kaggle/input/competitions/recodai-luc-scientific-image-forgery-detection/train_images/forged/55790.png,forged,1,20704,0.1404079861111111,Q4,19485,0.13214111328125,0.7851402124964912,0.6462805177795908,0.9981462955474854,1
forged__55949,55949,/kaggle/input/competitions/recodai-luc-scientific-image-forgery-detection/train_images/forged/55949.png,forged,1,1226,0.008314344618055556,Q3,861,0.005839029947916667,4.7915668421278596e-11,4.7915668421278596e-11,0.9740248918533325,1
forged__56127,56127,/kaggle/input/competitions/recodai-luc-scientific-image-forgery-detection/train_images/forged/56127.png,forged,1,1850,0.012546115451388888,Q2,1029,0.006978352864583333,0.614796804459368,0.4438314945113424,0.9757680892944336,1
forged__5626,5626,/kaggle/input/competitions/recodai-luc-scientific-image-forgery-detection/train_images/forged/5626.png,forged,1,3857,0.026156955295138888,Q2,5621,0.03811984592013889,0.34057818105781196,0.2052390640996282,0.9961013793945312,1
forged__56311,56311,/kaggle/input/competitions/recodai-luc-scientific-image-forgery-detection/train_images/forged/56311.png,forged,1,2207,0.014967176649305556,Q1,173,0.0011732313368055555,4.2016806720923665e-11,4.2016806720923665e-11,0.964126706123352,1
forged__56438,56438,/kaggle/input/competitions/recodai-luc-scientific-image-forgery-detection/train_images/forged/56438.png,forged,1,6169,0.04183620876736111,Q3,31716,0.215087890625,0.2970568826730974,0.17443734887725698,0.9879163503646851,1
forged__56515,56515,/kaggle/input/competitions/recodai-luc-scientific-image-forgery-detection/train_images/forged/56515.png,forged,1,809,0.005486382378472222,Q3,304,0.0020616319444444445,0.4707996406585085,0.3078730905631172,0.9621708989143372,1
forged__56589,56589,/kaggle/input/competitions/recodai-luc-scientific-image-forgery-detection/train_images/forged/56589.png,forged,1,17815,0.1208157009548611,Q4,18586,0.1260443793402778,0.9737095134749768,0.9487659938971639,0.9994921684265137,1
forged__56723,56723,/kaggle/input/competitions/recodai-luc-scientific-image-forgery-detection/train_images/forged/56723.png,forged,1,1227,0.008321126302083334,Q2,718,0.004869249131944444,0.6015424164729284,0.4301470588654303,0.9990115165710449,1
forged__56793,56793,/kaggle/input/competitions/recodai-luc-scientific-image-forgery-detection/train_images/forged/56793.png,forged,1,21222,0.1439208984375,Q4,24010,0.16282823350694445,0.8962681287586305,0.8120342921247815,0.9993323683738708,1
forged__569,569,/kaggle/input/competitions/recodai-luc-scientific-image-forgery-detection/train_images/forged/569.png,forged,1,77222,0.5236952039930556,Q3,63676,0.4318305121527778,0.8293659242857746,0.7084758093855845,0.9965450167655945,1
forged__56997,56997,/kaggle/input/competitions/recodai-luc-scientific-image-forgery-detection/train_images/forged/56997.png,forged,1,591,0.004007975260416667,Q3,173,0.0011732313368055555,0.43455497389600073,0.2775919733649512,0.9643697738647461,1
forged__57085,57085,/kaggle/input/competitions/recodai-luc-scientific-image-forgery-detection/train_images/forged/57085.png,forged,1,2125,0.014411078559027778,Q2,0,0.0,4.705882352719723e-11,4.705882352719723e-11,0.9798895120620728,1
forged__57239,57239,/kaggle/input/competitions/recodai-luc-scientific-image-forgery-detection/train_images/forged/57239.png,forged,1,6884,0.046685112847222224,Q2,5961,0.040425618489583336,0.6735694822913697,0.5078060805316609,0.9966086149215698,1
forged__57328,57328,/kaggle/input/competitions/recodai-luc-scientific-image-forgery-detection/train_images/forged/57328.png,forged,1,14118,0.09574381510416667,Q4,13974,0.09476725260416667,0.9802078883668652,0.9611840268084252,0.9996743202209473,1
forged__57505,57505,/kaggle/input/competitions/recodai-luc-scientific-image-forgery-detection/train_images/forged/57505.png,forged,1,85,0.0005764431423611111,Q1,161,0.0010918511284722222,0.3089430897118117,0.1826923080852441,0.9843979477882385,1
forged__57643,57643,/kaggle/input/competitions/recodai-luc-scientific-image-forgery-detection/train_images/forged/57643.png,forged,1,13701,0.09291585286458333,Q4,21703,0.1471828884548611,0.7452265280766432,0.5939132000738614,0.9999158382415771,1
forged__5772,5772,/kaggle/input/competitions/recodai-luc-scientific-image-forgery-detection/train_images/forged/5772.png,forged,1,2152,0.014594184027777778,Q2,1685,0.011427137586805556,0.41178003650216893,0.25927141453038166,0.9942183494567871,1
forged__57824,57824,/kaggle/input/competitions/recodai-luc-scientific-image-forgery-detection/train_images/forged/57824.png,forged,1,5562,0.0377197265625,Q2,4447,0.030158148871527776,9.991008092616734e-12,9.991008092616734e-12,0.9909867644309998,1
forged__57927,57927,/kaggle/input/competitions/recodai-luc-scientific-image-forgery-detection/train_images/forged/57927.png,forged,1,15770,0.10694715711805555,Q3,28315,0.1920233832465278,0.7081773845985978,0.5482001755942117,0.9893641471862793,1
forged__58081,58081,/kaggle/input/competitions/recodai-luc-scientific-image-forgery-detection/train_images/forged/58081.png,forged,1,8583,0.058207194010416664,Q2,13643,0.09252251519097222,0.39737244668677507,0.24795058956065158,0.9831504225730896,1
forged__58180,58180,/kaggle/input/competitions/recodai-luc-scientific-image-forgery-detection/train_images/forged/58180.png,forged,1,618,0.004191080729166667,Q1,490,0.003323025173611111,9.025270757308187e-11,9.025270757308187e-11,0.9276034235954285,1
forged__58338,58338,/kaggle/input/competitions/recodai-luc-scientific-image-forgery-detection/train_images/forged/58338.png,forged,1,11481,0.07786051432291667,Q3,18935,0.1284111870659722,0.7430957390855369,0.5912110907685524,0.9996452331542969,1
forged__58425,58425,/kaggle/input/competitions/recodai-luc-scientific-image-forgery-detection/train_images/forged/58425.png,forged,1,718,0.004869249131944444,Q3,121,0.0008205837673611111,1.1918951130879744e-10,1.1918951130879744e-10,0.941968560218811,1
forged__58510,58510,/kaggle/input/competitions/recodai-luc-scientific-image-forgery-detection/train_images/forged/58510.png,forged,1,1536,0.010416666666666666,Q1,1626,0.011027018229166666,0.5673624288561872,0.39602649009289065,0.999258816242218,1
forged__58593,58593,/kaggle/input/competitions/recodai-luc-scientific-image-forgery-detection/train_images/forged/58593.png,forged,1,6929,0.046990288628472224,Q3,1131,0.007670084635416667,1.2406947890664926e-11,1.2406947890664926e-11,0.9255859851837158,1
forged__58697,58697,/kaggle/input/competitions/recodai-luc-scientific-image-forgery-detection/train_images/forged/58697.png,forged,1,5914,0.040106879340277776,Q2,3007,0.020392523871527776,0.6476852370849939,0.4789456233508132,0.9964640736579895,1
forged__58782,58782,/kaggle/input/competitions/recodai-luc-scientific-image-forgery-detection/train_images/forged/58782.png,forged,1,9378,0.0635986328125,Q4,10149,0.06882731119791667,0.8037076867936513,0.6718321917836315,0.9970851540565491,1
forged__58955,58955,/kaggle/input/competitions/recodai-luc-scientific-image-forgery-detection/train_images/forged/58955.png,forged,1,2936,0.019911024305555556,Q1,2009,0.013624403211805556,0.5985844287239922,0.42712842714496024,0.9985900521278381,1
forged__59022,59022,/kaggle/input/competitions/recodai-luc-scientific-image-forgery-detection/train_images/forged/59022.png,forged,1,1033,0.007005479600694444,Q3,0,0.0,9.68054210942105e-11,9.68054210942105e-11,0.9315112233161926,1
forged__59148,59148,/kaggle/input/competitions/recodai-luc-scientific-image-forgery-detection/train_images/forged/59148.png,forged,1,4127,0.027988009982638888,Q2,4967,0.033684624565972224,0.7714976907876456,0.6279985678548514,0.9993009567260742,1
forged__59255,59255,/kaggle/input/competitions/recodai-luc-scientific-image-forgery-detection/train_images/forged/59255.png,forged,1,2494,0.016913519965277776,Q3,0,0.0,4.009623095268259e-11,4.009623095268259e-11,0.7261176705360413,1
forged__59375,59375,/kaggle/input/competitions/recodai-luc-scientific-image-forgery-detection/train_images/forged/59375.png,forged,1,306,0.0020751953125,Q1,0,0.0,3.267973855141185e-10,3.267973855141185e-10,0.29405656456947327,0
forged__59453,59453,/kaggle/input/competitions/recodai-luc-scientific-image-forgery-detection/train_images/forged/59453.png,forged,1,15294,0.10371907552083333,Q3,4814,0.032647026909722224,0.4731450169113132,0.309882092376328,0.9964861869812012,1
forged__59617,59617,/kaggle/input/competitions/recodai-luc-scientific-image-forgery-detection/train_images/forged/59617.png,forged,1,26833,0.1819729275173611,Q3,31257,0.21197509765625,0.8622826648306726,0.7579058859138814,0.9994290471076965,1
forged__5967,5967,/kaggle/input/competitions/recodai-luc-scientific-image-forgery-detection/train_images/forged/5967.png,forged,1,4140,0.028076171875,Q1,176,0.001193576388888889,0.0037071362603404282,0.001857010236725696,0.9505545496940613,1
forged__59840,59840,/kaggle/input/competitions/recodai-luc-scientific-image-forgery-detection/train_images/forged/59840.png,forged,1,11050,0.07493760850694445,Q3,15587,0.10570610894097222,0.7939332507422234,0.6582830106477104,0.9997979998588562,1
forged__59951,59951,/kaggle/input/competitions/recodai-luc-scientific-image-forgery-detection/train_images/forged/59951.png,forged,1,15299,0.10375298394097222,Q4,12414,0.08418782552083333,0.5776350449262886,0.4061088842690846,0.9996236562728882,1
forged__60046,60046,/kaggle/input/competitions/recodai-luc-scientific-image-forgery-detection/train_images/forged/60046.png,forged,1,664,0.004503038194444444,Q1,342,0.0023193359375,9.940357851894596e-11,9.940357851894596e-11,0.9119104743003845,1
forged__6011,6011,/kaggle/input/competitions/recodai-luc-scientific-image-forgery-detection/train_images/forged/6011.png,forged,1,8182,0.055487738715277776,Q2,6840,0.04638671875,0.2718679270451879,0.1573189522406986,0.9841889142990112,1
forged__60195,60195,/kaggle/input/competitions/recodai-luc-scientific-image-forgery-detection/train_images/forged/60195.png,forged,1,1730,0.011732313368055556,Q1,1422,0.0096435546875,0.892766497465331,0.8063037249394669,0.9952617883682251,1
forged__60298,60298,/kaggle/input/competitions/recodai-luc-scientific-image-forgery-detection/train_images/forged/60298.png,forged,1,1484,0.010064019097222222,Q3,323,0.002190483940972222,5.5340343107064724e-11,5.5340343107064724e-11,0.9980473518371582,1
forged__60340,60340,/kaggle/input/competitions/recodai-luc-scientific-image-forgery-detection/train_images/forged/60340.png,forged,1,850,0.005764431423611111,Q2,0,0.0,1.1764705880968858e-10,1.1764705880968858e-10,0.35166236758232117,0
forged__60457,60457,/kaggle/input/competitions/recodai-luc-scientific-image-forgery-detection/train_images/forged/60457.png,forged,1,12121,0.08220079210069445,Q4,15632,0.10601128472222222,0.8483407199227171,0.7366247418826317,0.9992328882217407,1
forged__6060,6060,/kaggle/input/competitions/recodai-luc-scientific-image-forgery-detection/train_images/forged/6060.png,forged,1,16153,0.10954454210069445,Q3,0,0.0,6.190800470462509e-12,6.190800470462509e-12,0.42818668484687805,0
forged__60829,60829,/kaggle/input/competitions/recodai-luc-scientific-image-forgery-detection/train_images/forged/60829.png,forged,1,1776,0.012044270833333334,Q1,0,0.0,5.63063063031359e-11,5.63063063031359e-11,0.6214323043823242,1
forged__60986,60986,/kaggle/input/competitions/recodai-luc-scientific-image-forgery-detection/train_images/forged/60986.png,forged,1,17673,0.11985270182291667,Q3,18589,0.1260647243923611,0.895151949699699,0.8102036741223533,0.9998242259025574,1
forged__6103,6103,/kaggle/input/competitions/recodai-luc-scientific-image-forgery-detection/train_images/forged/6103.png,forged,1,9526,0.0646023220486111,Q2,11661,0.07908121744791667,0.583754188891378,0.4121842298246205,0.999881386756897,1
forged__61134,61134,/kaggle/input/competitions/recodai-luc-scientific-image-forgery-detection/train_images/forged/61134.png,forged,1,1103,0.007480197482638889,Q3,121,0.0008205837673611111,8.169934639855397e-11,8.169934639855397e-11,0.9903102517127991,1
forged__61270,61270,/kaggle/input/competitions/recodai-luc-scientific-image-forgery-detection/train_images/forged/61270.png,forged,1,9491,0.0643649631076389,Q2,9768,0.06624348958333333,0.9384703255623944,0.884073566817804,0.9987633228302002,1
forged__61355,61355,/kaggle/input/competitions/recodai-luc-scientific-image-forgery-detection/train_images/forged/61355.png,forged,1,836,0.005669487847222222,Q1,0,0.0,1.1961722486607449e-10,1.1961722486607449e-10,0.8523373007774353,1
forged__61566,61566,/kaggle/input/competitions/recodai-luc-scientific-image-forgery-detection/train_images/forged/61566.png,forged,1,4094,0.027764214409722224,Q1,5001,0.033915201822916664,0.7362286970892112,0.5825648164332249,0.9958030581474304,1
forged__61725,61725,/kaggle/input/competitions/recodai-luc-scientific-image-forgery-detection/train_images/forged/61725.png,forged,1,11201,0.0759616427951389,Q3,6000,0.040690104166666664,5.81361548743786e-12,5.81361548743786e-12,0.9793312549591064,1
forged__61883,61883,/kaggle/input/competitions/recodai-luc-scientific-image-forgery-detection/train_images/forged/61883.png,forged,1,2443,0.016567654079861112,Q2,2895,0.019632975260416668,0.5451479955124551,0.3747102755762372,0.9574123620986938,1
forged__61997,61997,/kaggle/input/competitions/recodai-luc-scientific-image-forgery-detection/train_images/forged/61997.png,forged,1,5058,0.0343017578125,Q1,15114,0.10249837239583333,0.48839976204893715,0.3231011412873993,0.9954742789268494,1
forged__6212,6212,/kaggle/input/competitions/recodai-luc-scientific-image-forgery-detection/train_images/forged/6212.png,forged,1,3254,0.022067599826388888,Q4,2858,0.019382052951388888,0.7490183246114362,0.5987444415485549,0.9994502663612366,1
forged__62249,62249,/kaggle/input/competitions/recodai-luc-scientific-image-forgery-detection/train_images/forged/62249.png,forged,1,723,0.004903157552083333,Q1,4085,0.027703179253472224,2.0798668884758763e-11,2.0798668884758763e-11,0.9600241184234619,1
forged__62330,62330,/kaggle/input/competitions/recodai-luc-scientific-image-forgery-detection/train_images/forged/62330.png,forged,1,1441,0.009772406684027778,Q3,635,0.004306369357638889,0.5818882466482713,0.4103260869965811,0.994124710559845,1
forged__62519,62519,/kaggle/input/competitions/recodai-luc-scientific-image-forgery-detection/train_images/forged/62519.png,forged,1,42162,0.2859293619791667,Q3,59589,0.40411376953125,0.8068127094575908,0.6761827886141338,0.9993033409118652,1
forged__62663,62663,/kaggle/input/competitions/recodai-luc-scientific-image-forgery-detection/train_images/forged/62663.png,forged,1,25875,0.17547607421875,Q3,21191,0.1437106662326389,0.5493562231769231,0.378698224853891,0.9920456409454346,1
forged__62793,62793,/kaggle/input/competitions/recodai-luc-scientific-image-forgery-detection/train_images/forged/62793.png,forged,1,3418,0.023179796006944444,Q3,1378,0.009345160590277778,0.41951626356506433,0.2654353562199094,0.9929983615875244,1
forged__62865,62865,/kaggle/input/competitions/recodai-luc-scientific-image-forgery-detection/train_images/forged/62865.png,forged,1,4189,0.028408474392361112,Q2,0,0.0,2.387204583375813e-11,2.387204583375813e-11,0.656258225440979,1
forged__63046,63046,/kaggle/input/competitions/recodai-luc-scientific-image-forgery-detection/train_images/forged/63046.png,forged,1,2973,0.020161946614583332,Q1,1655,0.011223687065972222,0.705704407957958,0.5452420701320454,0.9988812804222107,1
forged__63117,63117,/kaggle/input/competitions/recodai-luc-scientific-image-forgery-detection/train_images/forged/63117.png,forged,1,3948,0.026774088541666668,Q1,0,0.0,2.532928064778801e-11,2.532928064778801e-11,0.7806311845779419,1
forged__63245,63245,/kaggle/input/competitions/recodai-luc-scientific-image-forgery-detection/train_images/forged/63245.png,forged,1,19540,0.1325141059027778,Q3,23771,0.16120741102430555,0.5498372238009979,0.3791555215915834,0.9999196529388428,1
forged__633,633,/kaggle/input/competitions/recodai-luc-scientific-image-forgery-detection/train_images/forged/633.png,forged,1,712,0.004828559027777778,Q1,518,0.003512912326388889,0.5430894309314561,0.37276785721286076,0.9980723857879639,1
forged__63355,63355,/kaggle/input/competitions/recodai-luc-scientific-image-forgery-detection/train_images/forged/63355.png,forged,1,532,0.003607855902777778,Q2,135,0.00091552734375,0.2638680660773811,0.15198618322072777,0.9977335929870605,1
forged__63427,63427,/kaggle/input/competitions/recodai-luc-scientific-image-forgery-detection/train_images/forged/63427.png,forged,1,1043,0.007073296440972222,Q1,472,0.003200954861111111,0.4844884488789116,0.31968641120908653,0.9903214573860168,1
forged__63654,63654,/kaggle/input/competitions/recodai-luc-scientific-image-forgery-detection/train_images/forged/63654.png,forged,1,1124,0.007622612847222222,Q3,392,0.002658420138888889,0.5079155673147813,0.340406719775384,0.9916093945503235,1
forged__63713,63713,/kaggle/input/competitions/recodai-luc-scientific-image-forgery-detection/train_images/forged/63713.png,forged,1,260,0.0017632378472222222,Q1,7997,0.05423312717013889,1.211093617521968e-11,1.211093617521968e-11,0.9437118172645569,1
forged__63834,63834,/kaggle/input/competitions/recodai-luc-scientific-image-forgery-detection/train_images/forged/63834.png,forged,1,6579,0.04461669921875,Q2,6357,0.043111165364583336,0.8548237476820129,0.7464560550864526,0.9977149963378906,1
forged__63947,63947,/kaggle/input/competitions/recodai-luc-scientific-image-forgery-detection/train_images/forged/63947.png,forged,1,24051,0.16310628255208334,Q4,21108,0.14314778645833334,0.8847405832726927,0.7933047414828318,0.9983110427856445,1
forged__6407,6407,/kaggle/input/competitions/recodai-luc-scientific-image-forgery-detection/train_images/forged/6407.png,forged,1,410,0.002780490451388889,Q1,334,0.002265082465277778,0.5376344086642965,0.3676470589397708,0.9950397610664368,1
forged__64128,64128,/kaggle/input/competitions/recodai-luc-scientific-image-forgery-detection/train_images/forged/64128.png,forged,1,20544,0.13932291666666666,Q4,24116,0.1635470920138889,0.7047917599648348,0.5441532397498646,0.9999486207962036,1
forged__6419,6419,/kaggle/input/competitions/recodai-luc-scientific-image-forgery-detection/train_images/forged/6419.png,forged,1,11052,0.074951171875,Q3,21144,0.14339192708333334,0.6385886445532408,0.4690636977574874,0.9994315505027771,1
forged__64245,64245,/kaggle/input/competitions/recodai-luc-scientific-image-forgery-detection/train_images/forged/64245.png,forged,1,2401,0.016282823350694444,Q2,4056,0.027506510416666668,0.6591296267669331,0.49156849158023636,0.9993799924850464,1
forged__64289,64289,/kaggle/input/competitions/recodai-luc-scientific-image-forgery-detection/train_images/forged/64289.png,forged,1,3359,0.022779676649305556,Q4,2613,0.017720540364583332,0.8057602143368091,0.6747055524488305,0.9991457462310791,1
forged__64391,64391,/kaggle/input/competitions/recodai-luc-scientific-image-forgery-detection/train_images/forged/64391.png,forged,1,5313,0.036031087239583336,Q2,6558,0.044474283854166664,0.4447814000552204,0.28599285018648035,0.9983888864517212,1
forged__6454,6454,/kaggle/input/competitions/recodai-luc-scientific-image-forgery-detection/train_images/forged/6454.png,forged,1,2217,0.015034993489583334,Q2,2627,0.017815483940972224,0.14987613544281841,0.08100870343492506,0.9822728037834167,1
forged__64717,64717,/kaggle/input/competitions/recodai-luc-scientific-image-forgery-detection/train_images/forged/64717.png,forged,1,504,0.00341796875,Q1,0,0.0,1.984126983733308e-10,1.984126983733308e-10,0.799850583076477,1
forged__64773,64773,/kaggle/input/competitions/recodai-luc-scientific-image-forgery-detection/train_images/forged/64773.png,forged,1,666,0.0045166015625,Q3,300,0.0020345052083333335,0.35196687377308833,0.2135678392947779,0.9945353269577026,1
forged__64941,64941,/kaggle/input/competitions/recodai-luc-scientific-image-forgery-detection/train_images/forged/64941.png,forged,1,7976,0.05409071180555555,Q2,654,0.004435221354166667,0.15156431055444305,0.08199598797540125,0.9707147479057312,1
forged__6508,6508,/kaggle/input/competitions/recodai-luc-scientific-image-forgery-detection/train_images/forged/6508.png,forged,1,10138,0.0687527126736111,Q4,12793,0.0867580837673611,0.8428764554540017,0.7284239089490584,0.9995429515838623,1
forged__65214,65214,/kaggle/input/competitions/recodai-luc-scientific-image-forgery-detection/train_images/forged/65214.png,forged,1,2163,0.014668782552083334,Q1,1723,0.011684841579861112,0.8219248584708717,0.6976845784317308,0.9967893362045288,1
forged__65311,65311,/kaggle/input/competitions/recodai-luc-scientific-image-forgery-detection/train_images/forged/65311.png,forged,1,28614,0.19405110677083334,Q4,3660,0.024820963541666668,0.0016112040682852724,0.0008062515535822183,0.9895973801612854,1
forged__65399,65399,/kaggle/input/competitions/recodai-luc-scientific-image-forgery-detection/train_images/forged/65399.png,forged,1,404,0.002739800347222222,Q2,0,0.0,2.47524752413979e-10,2.47524752413979e-10,0.9947314262390137,1
forged__65532,65532,/kaggle/input/competitions/recodai-luc-scientific-image-forgery-detection/train_images/forged/65532.png,forged,1,142,0.0009629991319444445,Q1,0,0.0,7.042253516167427e-10,7.042253516167427e-10,0.7570011019706726,1
forged__6618,6618,/kaggle/input/competitions/recodai-luc-scientific-image-forgery-detection/train_images/forged/6618.png,forged,1,684,0.004638671875,Q1,398,0.0026991102430555555,9.242144176594995e-11,9.242144176594995e-11,0.9306869506835938,1
forged__6696,6696,/kaggle/input/competitions/recodai-luc-scientific-image-forgery-detection/train_images/forged/6696.png,forged,1,1065,0.007222493489583333,Q1,867,0.005879720052083333,0.7308488612975751,0.5758564437540084,0.9978669881820679,1
forged__6800,6800,/kaggle/input/competitions/recodai-luc-scientific-image-forgery-detection/train_images/forged/6800.png,forged,1,4776,0.032389322916666664,Q2,2987,0.020256890190972224,0.6886512946066128,0.525147347749997,0.9979091286659241,1
forged__6932,6932,/kaggle/input/competitions/recodai-luc-scientific-image-forgery-detection/train_images/forged/6932.png,forged,1,8330,0.05649142795138889,Q2,179,0.0012139214409722222,1.1752262310356652e-11,1.1752262310356652e-11,0.9577643871307373,1
forged__7004,7004,/kaggle/input/competitions/recodai-luc-scientific-image-forgery-detection/train_images/forged/7004.png,forged,1,2365,0.016038682725694444,Q4,944,0.006401909722222222,0.5596857056645608,0.388585816223727,0.9980663657188416,1
forged__7130,7130,/kaggle/input/competitions/recodai-luc-scientific-image-forgery-detection/train_images/forged/7130.png,forged,1,374,0.002536349826388889,Q1,0,0.0,2.673796790728931e-10,2.673796790728931e-10,0.29358482360839844,0
forged__7279,7279,/kaggle/input/competitions/recodai-luc-scientific-image-forgery-detection/train_images/forged/7279.png,forged,1,722,0.004896375868055556,Q1,0,0.0,1.3850415510547035e-10,1.3850415510547035e-10,0.5596585869789124,0
forged__7411,7411,/kaggle/input/competitions/recodai-luc-scientific-image-forgery-detection/train_images/forged/7411.png,forged,1,12772,0.08661566840277778,Q4,14549,0.0986667209201389,0.9196588704662361,0.8512671093654204,0.9999388456344604,1
forged__7498,7498,/kaggle/input/competitions/recodai-luc-scientific-image-forgery-detection/train_images/forged/7498.png,forged,1,1786,0.012112087673611112,Q3,341,0.002312554253472222,0.11001410441419775,0.05820895527073587,0.9758179187774658,1
forged__7610,7610,/kaggle/input/competitions/recodai-luc-scientific-image-forgery-detection/train_images/forged/7610.png,forged,1,293,0.001987033420138889,Q2,0,0.0,3.412969282111614e-10,3.412969282111614e-10,0.6985712647438049,1
forged__770,770,/kaggle/input/competitions/recodai-luc-scientific-image-forgery-detection/train_images/forged/770.png,forged,1,2288,0.015516493055555556,Q1,0,0.0,4.370629370438347e-11,4.370629370438347e-11,0.6351994872093201,1
forged__7715,7715,/kaggle/input/competitions/recodai-luc-scientific-image-forgery-detection/train_images/forged/7715.png,forged,1,9465,0.06418863932291667,Q4,16325,0.11071099175347222,0.7256300891829173,0.5694030304900541,0.9995984435081482,1
forged__7771,7771,/kaggle/input/competitions/recodai-luc-scientific-image-forgery-detection/train_images/forged/7771.png,forged,1,1568,0.010633680555555556,Q2,684,0.004638671875,0.20781527534601177,0.1159563925115978,0.9405701160430908,1
forged__7972,7972,/kaggle/input/competitions/recodai-luc-scientific-image-forgery-detection/train_images/forged/7972.png,forged,1,9308,0.06312391493055555,Q3,1078,0.007310655381944444,0.20758713653757374,0.11581435325402004,0.9284817576408386,1
forged__8074,8074,/kaggle/input/competitions/recodai-luc-scientific-image-forgery-detection/train_images/forged/8074.png,forged,1,32990,0.2237277560763889,Q4,32701,0.2217678493923611,0.9530985979815301,0.9103995812251777,0.9999067783355713,1
forged__8130,8130,/kaggle/input/competitions/recodai-luc-scientific-image-forgery-detection/train_images/forged/8130.png,forged,1,1390,0.009426540798611112,Q1,0,0.0,7.194244603798975e-11,7.194244603798975e-11,0.8227928876876831,1
forged__8259,8259,/kaggle/input/competitions/recodai-luc-scientific-image-forgery-detection/train_images/forged/8259.png,forged,1,9285,0.06296793619791667,Q3,2363,0.016025119357638888,0.39800824176340993,0.24844587353431458,0.9386902451515198,1
forged__8388,8388,/kaggle/input/competitions/recodai-luc-scientific-image-forgery-detection/train_images/forged/8388.png,forged,1,16361,0.11095513237847222,Q4,28309,0.1919826931423611,0.7107230803677844,0.55125711904587,0.9995871186256409,1
forged__8481,8481,/kaggle/input/competitions/recodai-luc-scientific-image-forgery-detection/train_images/forged/8481.png,forged,1,881,0.005974663628472222,Q1,0,0.0,1.1350737796668475e-10,1.1350737796668475e-10,0.8635553121566772,1
forged__8678,8678,/kaggle/input/competitions/recodai-luc-scientific-image-forgery-detection/train_images/forged/8678.png,forged,1,3769,0.025560167100694444,Q4,2154,0.014607747395833334,0.5831504305321096,0.4115824594992474,0.9974161386489868,1
forged__8733,8733,/kaggle/input/competitions/recodai-luc-scientific-image-forgery-detection/train_images/forged/8733.png,forged,1,15195,0.10304768880208333,Q3,19736,0.1338433159722222,0.8673098393980495,0.7657079310530975,0.9982118606567383,1
forged__8874,8874,/kaggle/input/competitions/recodai-luc-scientific-image-forgery-detection/train_images/forged/8874.png,forged,1,4435,0.030076768663194444,Q2,12928,0.0876736111111111,5.7593733801430656e-12,5.7593733801430656e-12,0.9627180099487305,1
forged__899,899,/kaggle/input/competitions/recodai-luc-scientific-image-forgery-detection/train_images/forged/899.png,forged,1,10816,0.07335069444444445,Q2,9097,0.06169297960069445,0.0005021845076055733,0.0002511553194682984,0.9828845262527466,1
forged__9086,9086,/kaggle/input/competitions/recodai-luc-scientific-image-forgery-detection/train_images/forged/9086.png,forged,1,1395,0.00946044921875,Q3,106,0.0007188585069444445,6.662225182767339e-11,6.662225182767339e-11,0.9477359652519226,1
forged__9218,9218,/kaggle/input/competitions/recodai-luc-scientific-image-forgery-detection/train_images/forged/9218.png,forged,1,21112,0.14317491319444445,Q3,25477,0.17277696397569445,0.5144562021088359,0.34630833694741714,0.9978194236755371,1
forged__9568,9568,/kaggle/input/competitions/recodai-luc-scientific-image-forgery-detection/train_images/forged/9568.png,forged,1,8341,0.05656602647569445,Q4,8136,0.05517578125,0.7171208351051944,0.5589932822446873,0.9996988773345947,1
forged__9759,9759,/kaggle/input/competitions/recodai-luc-scientific-image-forgery-detection/train_images/forged/9759.png,forged,1,2315,0.015699598524305556,Q2,0,0.0,4.319654427459194e-11,4.319654427459194e-11,0.9169384837150574,1
forged__9849,9849,/kaggle/input/competitions/recodai-luc-scientific-image-forgery-detection/train_images/forged/9849.png,forged,1,7615,0.051642523871527776,Q4,10982,0.07447645399305555,0.7293649513376923,0.5740160812562504,0.9990072846412659,1
forged__9977,9977,/kaggle/input/competitions/recodai-luc-scientific-image-forgery-detection/train_images/forged/9977.png,forged,1,3005,0.020378960503472224,Q1,0,0.0,3.327787021519874e-11,3.327787021519874e-11,0.7894291281700134,1
