sample_id,image_id,image_path,class_name,image_label,gt_area,gt_area_ratio,mask_quartile,pred_area,pred_area_ratio,dice,iou,image_score,image_pred_label
authentic__10,10,/kaggle/input/competitions/recodai-luc-scientific-image-forgery-detection/train_images/authentic/10.png,authentic,0,0,0.0,,8447,0.05728488498263889,1.183852255224531e-11,1.183852255224531e-11,0.9680922031402588,1
authentic__1008,1008,/kaggle/input/competitions/recodai-luc-scientific-image-forgery-detection/train_images/authentic/1008.png,authentic,0,0,0.0,,0,0.0,1.0,1.0,0.08899827301502228,0
authentic__10176,10176,/kaggle/input/competitions/recodai-luc-scientific-image-forgery-detection/train_images/authentic/10176.png,authentic,0,0,0.0,,0,0.0,1.0,1.0,0.08549429476261139,0
authentic__10296,10296,/kaggle/input/competitions/recodai-luc-scientific-image-forgery-detection/train_images/authentic/10296.png,authentic,0,0,0.0,,3609,0.02447509765625,2.7708506510731267e-11,2.7708506510731267e-11,0.9595256447792053,1
authentic__10408,10408,/kaggle/input/competitions/recodai-luc-scientific-image-forgery-detection/train_images/authentic/10408.png,authentic,0,0,0.0,,0,0.0,1.0,1.0,0.6156521439552307,1
authentic__10458,10458,/kaggle/input/competitions/recodai-luc-scientific-image-forgery-detection/train_images/authentic/10458.png,authentic,0,0,0.0,,0,0.0,1.0,1.0,0.14742471277713776,0
authentic__10632,10632,/kaggle/input/competitions/recodai-luc-scientific-image-forgery-detection/train_images/authentic/10632.png,authentic,0,0,0.0,,558,0.0037841796875,1.7921146950193344e-10,1.7921146950193344e-10,0.9740287065505981,1
authentic__10742,10742,/kaggle/input/competitions/recodai-luc-scientific-image-forgery-detection/train_images/authentic/10742.png,authentic,0,0,0.0,,377,0.002556694878472222,2.6525198931956176e-10,2.6525198931956176e-10,0.9891487956047058,1
authentic__10878,10878,/kaggle/input/competitions/recodai-luc-scientific-image-forgery-detection/train_images/authentic/10878.png,authentic,0,0,0.0,,4289,0.029086642795138888,2.3315458148209012e-11,2.3315458148209012e-11,0.8925127983093262,1
authentic__10951,10951,/kaggle/input/competitions/recodai-luc-scientific-image-forgery-detection/train_images/authentic/10951.png,authentic,0,0,0.0,,0,0.0,1.0,1.0,0.30112114548683167,0
authentic__1101,1101,/kaggle/input/competitions/recodai-luc-scientific-image-forgery-detection/train_images/authentic/1101.png,authentic,0,0,0.0,,0,0.0,1.0,1.0,0.962456464767456,1
authentic__11206,11206,/kaggle/input/competitions/recodai-luc-scientific-image-forgery-detection/train_images/authentic/11206.png,authentic,0,0,0.0,,0,0.0,1.0,1.0,0.03919513151049614,0
authentic__11277,11277,/kaggle/input/competitions/recodai-luc-scientific-image-forgery-detection/train_images/authentic/11277.png,authentic,0,0,0.0,,0,0.0,1.0,1.0,0.9701843857765198,1
authentic__11356,11356,/kaggle/input/competitions/recodai-luc-scientific-image-forgery-detection/train_images/authentic/11356.png,authentic,0,0,0.0,,1520,0.010308159722222222,6.578947367988226e-11,6.578947367988226e-11,0.98209547996521,1
authentic__1143,1143,/kaggle/input/competitions/recodai-luc-scientific-image-forgery-detection/train_images/authentic/1143.png,authentic,0,0,0.0,,0,0.0,1.0,1.0,0.4112299680709839,0
authentic__11513,11513,/kaggle/input/competitions/recodai-luc-scientific-image-forgery-detection/train_images/authentic/11513.png,authentic,0,0,0.0,,0,0.0,1.0,1.0,0.7388104200363159,1
authentic__11662,11662,/kaggle/input/competitions/recodai-luc-scientific-image-forgery-detection/train_images/authentic/11662.png,authentic,0,0,0.0,,0,0.0,1.0,1.0,0.8754862546920776,1
authentic__11740,11740,/kaggle/input/competitions/recodai-luc-scientific-image-forgery-detection/train_images/authentic/11740.png,authentic,0,0,0.0,,0,0.0,1.0,1.0,0.7121164798736572,1
authentic__11854,11854,/kaggle/input/competitions/recodai-luc-scientific-image-forgery-detection/train_images/authentic/11854.png,authentic,0,0,0.0,,0,0.0,1.0,1.0,0.9721284508705139,1
authentic__11964,11964,/kaggle/input/competitions/recodai-luc-scientific-image-forgery-detection/train_images/authentic/11964.png,authentic,0,0,0.0,,2694,0.018269856770833332,3.7119524868703806e-11,3.7119524868703806e-11,0.9529134631156921,1
authentic__12073,12073,/kaggle/input/competitions/recodai-luc-scientific-image-forgery-detection/train_images/authentic/12073.png,authentic,0,0,0.0,,380,0.0025770399305555555,2.6315789466759e-10,2.6315789466759e-10,0.9939378499984741,1
authentic__12262,12262,/kaggle/input/competitions/recodai-luc-scientific-image-forgery-detection/train_images/authentic/12262.png,authentic,0,0,0.0,,5200,0.03526475694444445,1.9230769230399407e-11,1.9230769230399407e-11,0.977185845375061,1
authentic__12300,12300,/kaggle/input/competitions/recodai-luc-scientific-image-forgery-detection/train_images/authentic/12300.png,authentic,0,0,0.0,,275,0.001864963107638889,3.636363635041322e-10,3.636363635041322e-10,0.9719467759132385,1
authentic__12364,12364,/kaggle/input/competitions/recodai-luc-scientific-image-forgery-detection/train_images/authentic/12364.png,authentic,0,0,0.0,,117,0.00079345703125,8.547008539703411e-10,8.547008539703411e-10,0.8693631887435913,1
authentic__12446,12446,/kaggle/input/competitions/recodai-luc-scientific-image-forgery-detection/train_images/authentic/12446.png,authentic,0,0,0.0,,0,0.0,1.0,1.0,0.4124349355697632,0
authentic__12572,12572,/kaggle/input/competitions/recodai-luc-scientific-image-forgery-detection/train_images/authentic/12572.png,authentic,0,0,0.0,,0,0.0,1.0,1.0,0.8369734883308411,1
authentic__12629,12629,/kaggle/input/competitions/recodai-luc-scientific-image-forgery-detection/train_images/authentic/12629.png,authentic,0,0,0.0,,340,0.0023057725694444445,2.941176469723183e-10,2.941176469723183e-10,0.9076657891273499,1
authentic__12793,12793,/kaggle/input/competitions/recodai-luc-scientific-image-forgery-detection/train_images/authentic/12793.png,authentic,0,0,0.0,,0,0.0,1.0,1.0,0.16118815541267395,0
authentic__12879,12879,/kaggle/input/competitions/recodai-luc-scientific-image-forgery-detection/train_images/authentic/12879.png,authentic,0,0,0.0,,0,0.0,1.0,1.0,0.8163469433784485,1
authentic__13020,13020,/kaggle/input/competitions/recodai-luc-scientific-image-forgery-detection/train_images/authentic/13020.png,authentic,0,0,0.0,,0,0.0,1.0,1.0,0.251664936542511,0
authentic__13333,13333,/kaggle/input/competitions/recodai-luc-scientific-image-forgery-detection/train_images/authentic/13333.png,authentic,0,0,0.0,,0,0.0,1.0,1.0,0.828603208065033,1
authentic__13451,13451,/kaggle/input/competitions/recodai-luc-scientific-image-forgery-detection/train_images/authentic/13451.png,authentic,0,0,0.0,,49224,0.3338216145833333,2.0315293352794744e-12,2.0315293352794744e-12,0.9989951252937317,1
authentic__13603,13603,/kaggle/input/competitions/recodai-luc-scientific-image-forgery-detection/train_images/authentic/13603.png,authentic,0,0,0.0,,2586,0.017537434895833332,3.866976024599112e-11,3.866976024599112e-11,0.9940863847732544,1
authentic__13670,13670,/kaggle/input/competitions/recodai-luc-scientific-image-forgery-detection/train_images/authentic/13670.png,authentic,0,0,0.0,,0,0.0,1.0,1.0,0.0501442477107048,0
authentic__13742,13742,/kaggle/input/competitions/recodai-luc-scientific-image-forgery-detection/train_images/authentic/13742.png,authentic,0,0,0.0,,124,0.0008409288194444445,8.064516122528616e-10,8.064516122528616e-10,0.995010495185852,1
authentic__13839,13839,/kaggle/input/competitions/recodai-luc-scientific-image-forgery-detection/train_images/authentic/13839.png,authentic,0,0,0.0,,0,0.0,1.0,1.0,0.4516746401786804,0
authentic__13893,13893,/kaggle/input/competitions/recodai-luc-scientific-image-forgery-detection/train_images/authentic/13893.png,authentic,0,0,0.0,,0,0.0,1.0,1.0,0.44408634305000305,0
authentic__13971,13971,/kaggle/input/competitions/recodai-luc-scientific-image-forgery-detection/train_images/authentic/13971.png,authentic,0,0,0.0,,101,0.0006849500868055555,9.90099008920694e-10,9.90099008920694e-10,0.9171034097671509,1
authentic__14070,14070,/kaggle/input/competitions/recodai-luc-scientific-image-forgery-detection/train_images/authentic/14070.png,authentic,0,0,0.0,,0,0.0,1.0,1.0,0.86127769947052,1
authentic__14114,14114,/kaggle/input/competitions/recodai-luc-scientific-image-forgery-detection/train_images/authentic/14114.png,authentic,0,0,0.0,,0,0.0,1.0,1.0,0.031102418899536133,0
authentic__1419,1419,/kaggle/input/competitions/recodai-luc-scientific-image-forgery-detection/train_images/authentic/1419.png,authentic,0,0,0.0,,0,0.0,1.0,1.0,0.3411262333393097,0
authentic__14331,14331,/kaggle/input/competitions/recodai-luc-scientific-image-forgery-detection/train_images/authentic/14331.png,authentic,0,0,0.0,,145,0.0009833441840277778,6.896551719381688e-10,6.896551719381688e-10,0.9929618239402771,1
authentic__14436,14436,/kaggle/input/competitions/recodai-luc-scientific-image-forgery-detection/train_images/authentic/14436.png,authentic,0,0,0.0,,7842,0.053181966145833336,1.2751849017945015e-11,1.2751849017945015e-11,0.9850887656211853,1
authentic__14700,14700,/kaggle/input/competitions/recodai-luc-scientific-image-forgery-detection/train_images/authentic/14700.png,authentic,0,0,0.0,,134,0.0009087456597222222,7.46268656159501e-10,7.46268656159501e-10,0.9306436777114868,1
authentic__14770,14770,/kaggle/input/competitions/recodai-luc-scientific-image-forgery-detection/train_images/authentic/14770.png,authentic,0,0,0.0,,0,0.0,1.0,1.0,0.1586524099111557,0
authentic__14829,14829,/kaggle/input/competitions/recodai-luc-scientific-image-forgery-detection/train_images/authentic/14829.png,authentic,0,0,0.0,,122,0.0008273654513888889,8.196721304756786e-10,8.196721304756786e-10,0.961675763130188,1
authentic__14988,14988,/kaggle/input/competitions/recodai-luc-scientific-image-forgery-detection/train_images/authentic/14988.png,authentic,0,0,0.0,,1062,0.0072021484375,9.416195855987175e-11,9.416195855987175e-11,0.9969893097877502,1
authentic__15061,15061,/kaggle/input/competitions/recodai-luc-scientific-image-forgery-detection/train_images/authentic/15061.png,authentic,0,0,0.0,,0,0.0,1.0,1.0,0.7020770311355591,1
authentic__15269,15269,/kaggle/input/competitions/recodai-luc-scientific-image-forgery-detection/train_images/authentic/15269.png,authentic,0,0,0.0,,0,0.0,1.0,1.0,0.06540308147668839,0
authentic__1536,1536,/kaggle/input/competitions/recodai-luc-scientific-image-forgery-detection/train_images/authentic/1536.png,authentic,0,0,0.0,,0,0.0,1.0,1.0,0.26767128705978394,0
authentic__15426,15426,/kaggle/input/competitions/recodai-luc-scientific-image-forgery-detection/train_images/authentic/15426.png,authentic,0,0,0.0,,5711,0.03873019748263889,1.7510068288959724e-11,1.7510068288959724e-11,0.9851780533790588,1
authentic__15579,15579,/kaggle/input/competitions/recodai-luc-scientific-image-forgery-detection/train_images/authentic/15579.png,authentic,0,0,0.0,,1617,0.010965983072916666,6.184291898195158e-11,6.184291898195158e-11,0.9983772039413452,1
authentic__15733,15733,/kaggle/input/competitions/recodai-luc-scientific-image-forgery-detection/train_images/authentic/15733.png,authentic,0,0,0.0,,13718,0.09303114149305555,7.289692374928635e-12,7.289692374928635e-12,0.9894620776176453,1
authentic__15860,15860,/kaggle/input/competitions/recodai-luc-scientific-image-forgery-detection/train_images/authentic/15860.png,authentic,0,0,0.0,,238,0.001614040798611111,4.2016806705034956e-10,4.2016806705034956e-10,0.8846307992935181,1
authentic__15940,15940,/kaggle/input/competitions/recodai-luc-scientific-image-forgery-detection/train_images/authentic/15940.png,authentic,0,0,0.0,,0,0.0,1.0,1.0,0.8507691621780396,1
authentic__1608,1608,/kaggle/input/competitions/recodai-luc-scientific-image-forgery-detection/train_images/authentic/1608.png,authentic,0,0,0.0,,0,0.0,1.0,1.0,0.2760893404483795,0
authentic__16161,16161,/kaggle/input/competitions/recodai-luc-scientific-image-forgery-detection/train_images/authentic/16161.png,authentic,0,0,0.0,,1440,0.009765625,6.94444444396219e-11,6.94444444396219e-11,0.9973340034484863,1
authentic__16219,16219,/kaggle/input/competitions/recodai-luc-scientific-image-forgery-detection/train_images/authentic/16219.png,authentic,0,0,0.0,,0,0.0,1.0,1.0,0.20966684818267822,0
authentic__16294,16294,/kaggle/input/competitions/recodai-luc-scientific-image-forgery-detection/train_images/authentic/16294.png,authentic,0,0,0.0,,0,0.0,1.0,1.0,0.14066976308822632,0
authentic__1641,1641,/kaggle/input/competitions/recodai-luc-scientific-image-forgery-detection/train_images/authentic/1641.png,authentic,0,0,0.0,,0,0.0,1.0,1.0,0.7261010408401489,1
authentic__16534,16534,/kaggle/input/competitions/recodai-luc-scientific-image-forgery-detection/train_images/authentic/16534.png,authentic,0,0,0.0,,295,0.0020005967881944445,3.389830507325481e-10,3.389830507325481e-10,0.9337071180343628,1
authentic__16647,16647,/kaggle/input/competitions/recodai-luc-scientific-image-forgery-detection/train_images/authentic/16647.png,authentic,0,0,0.0,,0,0.0,1.0,1.0,0.5951690673828125,1
authentic__16703,16703,/kaggle/input/competitions/recodai-luc-scientific-image-forgery-detection/train_images/authentic/16703.png,authentic,0,0,0.0,,197,0.0013359917534722222,5.076142129402973e-10,5.076142129402973e-10,0.8746973276138306,1
authentic__16866,16866,/kaggle/input/competitions/recodai-luc-scientific-image-forgery-detection/train_images/authentic/16866.png,authentic,0,0,0.0,,21615,0.14658610026041666,4.6264168401358944e-12,4.6264168401358944e-12,0.9891939163208008,1
authentic__16960,16960,/kaggle/input/competitions/recodai-luc-scientific-image-forgery-detection/train_images/authentic/16960.png,authentic,0,0,0.0,,0,0.0,1.0,1.0,0.03135446459054947,0
authentic__17071,17071,/kaggle/input/competitions/recodai-luc-scientific-image-forgery-detection/train_images/authentic/17071.png,authentic,0,0,0.0,,0,0.0,1.0,1.0,0.6350036859512329,1
authentic__17245,17245,/kaggle/input/competitions/recodai-luc-scientific-image-forgery-detection/train_images/authentic/17245.png,authentic,0,0,0.0,,0,0.0,1.0,1.0,0.9038393497467041,1
authentic__17298,17298,/kaggle/input/competitions/recodai-luc-scientific-image-forgery-detection/train_images/authentic/17298.png,authentic,0,0,0.0,,178,0.0012071397569444445,5.61797752493372e-10,5.61797752493372e-10,0.9936745166778564,1
authentic__17493,17493,/kaggle/input/competitions/recodai-luc-scientific-image-forgery-detection/train_images/authentic/17493.png,authentic,0,0,0.0,,3111,0.021097819010416668,3.2144005142007586e-11,3.2144005142007586e-11,0.9285769462585449,1
authentic__17625,17625,/kaggle/input/competitions/recodai-luc-scientific-image-forgery-detection/train_images/authentic/17625.png,authentic,0,0,0.0,,2817,0.01910400390625,3.5498757542225816e-11,3.5498757542225816e-11,0.9817662835121155,1
authentic__17846,17846,/kaggle/input/competitions/recodai-luc-scientific-image-forgery-detection/train_images/authentic/17846.png,authentic,0,0,0.0,,0,0.0,1.0,1.0,0.19299998879432678,0
authentic__1813,1813,/kaggle/input/competitions/recodai-luc-scientific-image-forgery-detection/train_images/authentic/1813.png,authentic,0,0,0.0,,761,0.005160861545138889,1.3140604466078765e-10,1.3140604466078765e-10,0.9708894491195679,1
authentic__18440,18440,/kaggle/input/competitions/recodai-luc-scientific-image-forgery-detection/train_images/authentic/18440.png,authentic,0,0,0.0,,0,0.0,1.0,1.0,0.17466528713703156,0
authentic__1856,1856,/kaggle/input/competitions/recodai-luc-scientific-image-forgery-detection/train_images/authentic/1856.png,authentic,0,0,0.0,,1552,0.010525173611111112,6.443298968657003e-11,6.443298968657003e-11,0.9030593633651733,1
authentic__187,187,/kaggle/input/competitions/recodai-luc-scientific-image-forgery-detection/train_images/authentic/187.png,authentic,0,0,0.0,,0,0.0,1.0,1.0,0.7021504044532776,1
authentic__1879,1879,/kaggle/input/competitions/recodai-luc-scientific-image-forgery-detection/train_images/authentic/1879.png,authentic,0,0,0.0,,4494,0.030476888020833332,2.225189141027477e-11,2.225189141027477e-11,0.9846439361572266,1
authentic__18995,18995,/kaggle/input/competitions/recodai-luc-scientific-image-forgery-detection/train_images/authentic/18995.png,authentic,0,0,0.0,,0,0.0,1.0,1.0,0.01914236508309841,0
authentic__19281,19281,/kaggle/input/competitions/recodai-luc-scientific-image-forgery-detection/train_images/authentic/19281.png,authentic,0,0,0.0,,0,0.0,1.0,1.0,0.8251014351844788,1
authentic__1940,1940,/kaggle/input/competitions/recodai-luc-scientific-image-forgery-detection/train_images/authentic/1940.png,authentic,0,0,0.0,,0,0.0,1.0,1.0,0.07185126841068268,0
authentic__19593,19593,/kaggle/input/competitions/recodai-luc-scientific-image-forgery-detection/train_images/authentic/19593.png,authentic,0,0,0.0,,0,0.0,1.0,1.0,0.11232595145702362,0
authentic__19633,19633,/kaggle/input/competitions/recodai-luc-scientific-image-forgery-detection/train_images/authentic/19633.png,authentic,0,0,0.0,,0,0.0,1.0,1.0,0.05269964039325714,0
authentic__19728,19728,/kaggle/input/competitions/recodai-luc-scientific-image-forgery-detection/train_images/authentic/19728.png,authentic,0,0,0.0,,0,0.0,1.0,1.0,0.8397339582443237,1
authentic__19847,19847,/kaggle/input/competitions/recodai-luc-scientific-image-forgery-detection/train_images/authentic/19847.png,authentic,0,0,0.0,,1436,0.009738498263888888,6.963788300350711e-11,6.963788300350711e-11,0.9964185953140259,1
authentic__19953,19953,/kaggle/input/competitions/recodai-luc-scientific-image-forgery-detection/train_images/authentic/19953.png,authentic,0,0,0.0,,0,0.0,1.0,1.0,0.09916173666715622,0
authentic__20103,20103,/kaggle/input/competitions/recodai-luc-scientific-image-forgery-detection/train_images/authentic/20103.png,authentic,0,0,0.0,,209,0.0014173719618055555,4.784688992925986e-10,4.784688992925986e-10,0.8984104990959167,1
authentic__20270,20270,/kaggle/input/competitions/recodai-luc-scientific-image-forgery-detection/train_images/authentic/20270.png,authentic,0,0,0.0,,0,0.0,1.0,1.0,0.7074142098426819,1
authentic__20379,20379,/kaggle/input/competitions/recodai-luc-scientific-image-forgery-detection/train_images/authentic/20379.png,authentic,0,0,0.0,,789,0.005350748697916667,1.2674271227797938e-10,1.2674271227797938e-10,0.9621320366859436,1
authentic__20490,20490,/kaggle/input/competitions/recodai-luc-scientific-image-forgery-detection/train_images/authentic/20490.png,authentic,0,0,0.0,,217,0.0014716254340277778,4.608294928751938e-10,4.608294928751938e-10,0.9073635935783386,1
authentic__20587,20587,/kaggle/input/competitions/recodai-luc-scientific-image-forgery-detection/train_images/authentic/20587.png,authentic,0,0,0.0,,0,0.0,1.0,1.0,0.46401840448379517,0
authentic__20753,20753,/kaggle/input/competitions/recodai-luc-scientific-image-forgery-detection/train_images/authentic/20753.png,authentic,0,0,0.0,,48948,0.3319498697916667,2.0429843915950743e-12,2.0429843915950743e-12,0.9569395780563354,1
authentic__20800,20800,/kaggle/input/competitions/recodai-luc-scientific-image-forgery-detection/train_images/authentic/20800.png,authentic,0,0,0.0,,6825,0.046284993489583336,1.465201465179997e-11,1.465201465179997e-11,0.9794961810112,1
authentic__20833,20833,/kaggle/input/competitions/recodai-luc-scientific-image-forgery-detection/train_images/authentic/20833.png,authentic,0,0,0.0,,0,0.0,1.0,1.0,0.8094854354858398,1
authentic__20920,20920,/kaggle/input/competitions/recodai-luc-scientific-image-forgery-detection/train_images/authentic/20920.png,authentic,0,0,0.0,,0,0.0,1.0,1.0,0.9884769916534424,1
authentic__21204,21204,/kaggle/input/competitions/recodai-luc-scientific-image-forgery-detection/train_images/authentic/21204.png,authentic,0,0,0.0,,0,0.0,1.0,1.0,0.1737893521785736,0
authentic__21264,21264,/kaggle/input/competitions/recodai-luc-scientific-image-forgery-detection/train_images/authentic/21264.png,authentic,0,0,0.0,,0,0.0,1.0,1.0,0.2660711407661438,0
authentic__21540,21540,/kaggle/input/competitions/recodai-luc-scientific-image-forgery-detection/train_images/authentic/21540.png,authentic,0,0,0.0,,930,0.006306966145833333,1.0752688170886808e-10,1.0752688170886808e-10,0.9972840547561646,1
authentic__2164,2164,/kaggle/input/competitions/recodai-luc-scientific-image-forgery-detection/train_images/authentic/2164.png,authentic,0,0,0.0,,352,0.002387152777777778,2.8409090901020144e-10,2.8409090901020144e-10,0.9329246282577515,1
authentic__21728,21728,/kaggle/input/competitions/recodai-luc-scientific-image-forgery-detection/train_images/authentic/21728.png,authentic,0,0,0.0,,2370,0.016072591145833332,4.219409282522388e-11,4.219409282522388e-11,0.9491357803344727,1
authentic__21851,21851,/kaggle/input/competitions/recodai-luc-scientific-image-forgery-detection/train_images/authentic/21851.png,authentic,0,0,0.0,,1774,0.012030707465277778,5.636978579163642e-11,5.636978579163642e-11,0.9482909440994263,1
authentic__22046,22046,/kaggle/input/competitions/recodai-luc-scientific-image-forgery-detection/train_images/authentic/22046.png,authentic,0,0,0.0,,5353,0.03630235460069445,1.868111339400932e-11,1.868111339400932e-11,0.9681345224380493,1
authentic__22155,22155,/kaggle/input/competitions/recodai-luc-scientific-image-forgery-detection/train_images/authentic/22155.png,authentic,0,0,0.0,,0,0.0,1.0,1.0,0.04702628403902054,0
authentic__22182,22182,/kaggle/input/competitions/recodai-luc-scientific-image-forgery-detection/train_images/authentic/22182.png,authentic,0,0,0.0,,525,0.0035603841145833335,1.904761904399093e-10,1.904761904399093e-10,0.910057008266449,1
authentic__2228,2228,/kaggle/input/competitions/recodai-luc-scientific-image-forgery-detection/train_images/authentic/2228.png,authentic,0,0,0.0,,4253,0.028842502170138888,2.351281448334087e-11,2.351281448334087e-11,0.9451784491539001,1
authentic__22337,22337,/kaggle/input/competitions/recodai-luc-scientific-image-forgery-detection/train_images/authentic/22337.png,authentic,0,0,0.0,,2068,0.014024522569444444,4.8355899417390916e-11,4.8355899417390916e-11,0.9892661571502686,1
authentic__22565,22565,/kaggle/input/competitions/recodai-luc-scientific-image-forgery-detection/train_images/authentic/22565.png,authentic,0,0,0.0,,0,0.0,1.0,1.0,0.22601930797100067,0
authentic__22739,22739,/kaggle/input/competitions/recodai-luc-scientific-image-forgery-detection/train_images/authentic/22739.png,authentic,0,0,0.0,,102,0.0006917317708333334,9.803921559015764e-10,9.803921559015764e-10,0.9625115990638733,1
authentic__22797,22797,/kaggle/input/competitions/recodai-luc-scientific-image-forgery-detection/train_images/authentic/22797.png,authentic,0,0,0.0,,10720,0.07269965277777778,9.328358208868204e-12,9.328358208868204e-12,0.9857584238052368,1
authentic__2290,2290,/kaggle/input/competitions/recodai-luc-scientific-image-forgery-detection/train_images/authentic/2290.png,authentic,0,0,0.0,,0,0.0,1.0,1.0,0.8315302729606628,1
authentic__22951,22951,/kaggle/input/competitions/recodai-luc-scientific-image-forgery-detection/train_images/authentic/22951.png,authentic,0,0,0.0,,149,0.001010470920138889,6.711409391468853e-10,6.711409391468853e-10,0.9935653805732727,1
authentic__2305,2305,/kaggle/input/competitions/recodai-luc-scientific-image-forgery-detection/train_images/authentic/2305.png,authentic,0,0,0.0,,1694,0.011488172743055556,5.903187721021063e-11,5.903187721021063e-11,0.9050078988075256,1
authentic__23143,23143,/kaggle/input/competitions/recodai-luc-scientific-image-forgery-detection/train_images/authentic/23143.png,authentic,0,0,0.0,,0,0.0,1.0,1.0,0.1292034536600113,0
authentic__23236,23236,/kaggle/input/competitions/recodai-luc-scientific-image-forgery-detection/train_images/authentic/23236.png,authentic,0,0,0.0,,0,0.0,1.0,1.0,0.6958808302879333,1
authentic__23357,23357,/kaggle/input/competitions/recodai-luc-scientific-image-forgery-detection/train_images/authentic/23357.png,authentic,0,0,0.0,,0,0.0,1.0,1.0,0.0437612421810627,0
authentic__23460,23460,/kaggle/input/competitions/recodai-luc-scientific-image-forgery-detection/train_images/authentic/23460.png,authentic,0,0,0.0,,257,0.001742892795138889,3.8910505821435594e-10,3.8910505821435594e-10,0.8960980772972107,1
authentic__23527,23527,/kaggle/input/competitions/recodai-luc-scientific-image-forgery-detection/train_images/authentic/23527.png,authentic,0,0,0.0,,0,0.0,1.0,1.0,0.28397682309150696,0
authentic__23726,23726,/kaggle/input/competitions/recodai-luc-scientific-image-forgery-detection/train_images/authentic/23726.png,authentic,0,0,0.0,,0,0.0,1.0,1.0,0.8858122229576111,1
authentic__23904,23904,/kaggle/input/competitions/recodai-luc-scientific-image-forgery-detection/train_images/authentic/23904.png,authentic,0,0,0.0,,0,0.0,1.0,1.0,0.143729567527771,0
authentic__24029,24029,/kaggle/input/competitions/recodai-luc-scientific-image-forgery-detection/train_images/authentic/24029.png,authentic,0,0,0.0,,131,0.0008884006076388889,7.633587780432376e-10,7.633587780432376e-10,0.9784130454063416,1
authentic__24218,24218,/kaggle/input/competitions/recodai-luc-scientific-image-forgery-detection/train_images/authentic/24218.png,authentic,0,0,0.0,,1684,0.011420355902777778,5.938242279932407e-11,5.938242279932407e-11,0.9780353307723999,1
authentic__24332,24332,/kaggle/input/competitions/recodai-luc-scientific-image-forgery-detection/train_images/authentic/24332.png,authentic,0,0,0.0,,0,0.0,1.0,1.0,0.8075934648513794,1
authentic__24381,24381,/kaggle/input/competitions/recodai-luc-scientific-image-forgery-detection/train_images/authentic/24381.png,authentic,0,0,0.0,,0,0.0,1.0,1.0,0.7286155819892883,1
authentic__2450,2450,/kaggle/input/competitions/recodai-luc-scientific-image-forgery-detection/train_images/authentic/2450.png,authentic,0,0,0.0,,1476,0.010009765625,6.775067750218491e-11,6.775067750218491e-11,0.9881659746170044,1
authentic__24600,24600,/kaggle/input/competitions/recodai-luc-scientific-image-forgery-detection/train_images/authentic/24600.png,authentic,0,0,0.0,,0,0.0,1.0,1.0,0.792253315448761,1
authentic__24676,24676,/kaggle/input/competitions/recodai-luc-scientific-image-forgery-detection/train_images/authentic/24676.png,authentic,0,0,0.0,,0,0.0,1.0,1.0,0.018593283370137215,0
authentic__24749,24749,/kaggle/input/competitions/recodai-luc-scientific-image-forgery-detection/train_images/authentic/24749.png,authentic,0,0,0.0,,0,0.0,1.0,1.0,0.7554284334182739,1
authentic__24937,24937,/kaggle/input/competitions/recodai-luc-scientific-image-forgery-detection/train_images/authentic/24937.png,authentic,0,0,0.0,,0,0.0,1.0,1.0,0.45292961597442627,0
authentic__25003,25003,/kaggle/input/competitions/recodai-luc-scientific-image-forgery-detection/train_images/authentic/25003.png,authentic,0,0,0.0,,0,0.0,1.0,1.0,0.7964903712272644,1
authentic__25124,25124,/kaggle/input/competitions/recodai-luc-scientific-image-forgery-detection/train_images/authentic/25124.png,authentic,0,0,0.0,,3023,0.020501030815972224,3.3079722129239835e-11,3.3079722129239835e-11,0.9594438076019287,1
authentic__2534,2534,/kaggle/input/competitions/recodai-luc-scientific-image-forgery-detection/train_images/authentic/2534.png,authentic,0,0,0.0,,745,0.005052354600694444,1.3422818790144588e-10,1.3422818790144588e-10,0.9588362574577332,1
authentic__25388,25388,/kaggle/input/competitions/recodai-luc-scientific-image-forgery-detection/train_images/authentic/25388.png,authentic,0,0,0.0,,13280,0.0900607638888889,7.530120481871008e-12,7.530120481871008e-12,0.9492417573928833,1
authentic__25458,25458,/kaggle/input/competitions/recodai-luc-scientific-image-forgery-detection/train_images/authentic/25458.png,authentic,0,0,0.0,,2422,0.016425238715277776,4.1288191575504206e-11,4.1288191575504206e-11,0.9967507123947144,1
authentic__25525,25525,/kaggle/input/competitions/recodai-luc-scientific-image-forgery-detection/train_images/authentic/25525.png,authentic,0,0,0.0,,404,0.002739800347222222,2.47524752413979e-10,2.47524752413979e-10,0.9375654458999634,1
authentic__25638,25638,/kaggle/input/competitions/recodai-luc-scientific-image-forgery-detection/train_images/authentic/25638.png,authentic,0,0,0.0,,0,0.0,1.0,1.0,0.7598385214805603,1
authentic__2577,2577,/kaggle/input/competitions/recodai-luc-scientific-image-forgery-detection/train_images/authentic/2577.png,authentic,0,0,0.0,,142,0.0009629991319444445,7.042253516167427e-10,7.042253516167427e-10,0.9901514649391174,1
authentic__25981,25981,/kaggle/input/competitions/recodai-luc-scientific-image-forgery-detection/train_images/authentic/25981.png,authentic,0,0,0.0,,247,0.001675075954861111,4.0485829943123145e-10,4.0485829943123145e-10,0.9842001795768738,1
authentic__26035,26035,/kaggle/input/competitions/recodai-luc-scientific-image-forgery-detection/train_images/authentic/26035.png,authentic,0,0,0.0,,0,0.0,1.0,1.0,0.9889261722564697,1
authentic__26148,26148,/kaggle/input/competitions/recodai-luc-scientific-image-forgery-detection/train_images/authentic/26148.png,authentic,0,0,0.0,,0,0.0,1.0,1.0,0.02578737959265709,0
authentic__2622,2622,/kaggle/input/competitions/recodai-luc-scientific-image-forgery-detection/train_images/authentic/2622.png,authentic,0,0,0.0,,0,0.0,1.0,1.0,0.9405478239059448,1
authentic__26329,26329,/kaggle/input/competitions/recodai-luc-scientific-image-forgery-detection/train_images/authentic/26329.png,authentic,0,0,0.0,,483,0.0032755533854166665,2.070393374312548e-10,2.070393374312548e-10,0.9708272814750671,1
authentic__26435,26435,/kaggle/input/competitions/recodai-luc-scientific-image-forgery-detection/train_images/authentic/26435.png,authentic,0,0,0.0,,0,0.0,1.0,1.0,0.09229330718517303,0
authentic__26492,26492,/kaggle/input/competitions/recodai-luc-scientific-image-forgery-detection/train_images/authentic/26492.png,authentic,0,0,0.0,,15450,0.10477701822916667,6.472491909343219e-12,6.472491909343219e-12,0.9904064536094666,1
authentic__26730,26730,/kaggle/input/competitions/recodai-luc-scientific-image-forgery-detection/train_images/authentic/26730.png,authentic,0,0,0.0,,0,0.0,1.0,1.0,0.8846852779388428,1
authentic__27061,27061,/kaggle/input/competitions/recodai-luc-scientific-image-forgery-detection/train_images/authentic/27061.png,authentic,0,0,0.0,,10941,0.07419840494791667,9.139932364416963e-12,9.139932364416963e-12,0.9933793544769287,1
authentic__27195,27195,/kaggle/input/competitions/recodai-luc-scientific-image-forgery-detection/train_images/authentic/27195.png,authentic,0,0,0.0,,0,0.0,1.0,1.0,0.2535460889339447,0
authentic__27409,27409,/kaggle/input/competitions/recodai-luc-scientific-image-forgery-detection/train_images/authentic/27409.png,authentic,0,0,0.0,,321,0.0021769205729166665,3.1152647965373004e-10,3.1152647965373004e-10,0.9783639311790466,1
authentic__27586,27586,/kaggle/input/competitions/recodai-luc-scientific-image-forgery-detection/train_images/authentic/27586.png,authentic,0,0,0.0,,0,0.0,1.0,1.0,0.829653799533844,1
authentic__27694,27694,/kaggle/input/competitions/recodai-luc-scientific-image-forgery-detection/train_images/authentic/27694.png,authentic,0,0,0.0,,0,0.0,1.0,1.0,0.8543670773506165,1
authentic__27896,27896,/kaggle/input/competitions/recodai-luc-scientific-image-forgery-detection/train_images/authentic/27896.png,authentic,0,0,0.0,,356,0.002414279513888889,2.8089887632559016e-10,2.8089887632559016e-10,0.9818834066390991,1
authentic__28014,28014,/kaggle/input/competitions/recodai-luc-scientific-image-forgery-detection/train_images/authentic/28014.png,authentic,0,0,0.0,,0,0.0,1.0,1.0,0.0951942652463913,0
authentic__28195,28195,/kaggle/input/competitions/recodai-luc-scientific-image-forgery-detection/train_images/authentic/28195.png,authentic,0,0,0.0,,2203,0.014940049913194444,4.539264638922412e-11,4.539264638922412e-11,0.9871392846107483,1
authentic__28245,28245,/kaggle/input/competitions/recodai-luc-scientific-image-forgery-detection/train_images/authentic/28245.png,authentic,0,0,0.0,,0,0.0,1.0,1.0,0.38672634959220886,0
authentic__28283,28283,/kaggle/input/competitions/recodai-luc-scientific-image-forgery-detection/train_images/authentic/28283.png,authentic,0,0,0.0,,5903,0.040032280815972224,1.694053870884397e-11,1.694053870884397e-11,0.9471737146377563,1
authentic__28412,28412,/kaggle/input/competitions/recodai-luc-scientific-image-forgery-detection/train_images/authentic/28412.png,authentic,0,0,0.0,,0,0.0,1.0,1.0,0.26148706674575806,0
authentic__28496,28496,/kaggle/input/competitions/recodai-luc-scientific-image-forgery-detection/train_images/authentic/28496.png,authentic,0,0,0.0,,0,0.0,1.0,1.0,0.7089396715164185,1
authentic__28878,28878,/kaggle/input/competitions/recodai-luc-scientific-image-forgery-detection/train_images/authentic/28878.png,authentic,0,0,0.0,,307,0.002081976996527778,3.2573289891669937e-10,3.2573289891669937e-10,0.9118615388870239,1
authentic__28928,28928,/kaggle/input/competitions/recodai-luc-scientific-image-forgery-detection/train_images/authentic/28928.png,authentic,0,0,0.0,,244,0.0016547309027777778,4.098360654058049e-10,4.098360654058049e-10,0.9826695919036865,1
authentic__28965,28965,/kaggle/input/competitions/recodai-luc-scientific-image-forgery-detection/train_images/authentic/28965.png,authentic,0,0,0.0,,1023,0.006937662760416667,9.775171064538106e-11,9.775171064538106e-11,0.8944413065910339,1
authentic__29129,29129,/kaggle/input/competitions/recodai-luc-scientific-image-forgery-detection/train_images/authentic/29129.png,authentic,0,0,0.0,,0,0.0,1.0,1.0,0.7743755578994751,1
authentic__29229,29229,/kaggle/input/competitions/recodai-luc-scientific-image-forgery-detection/train_images/authentic/29229.png,authentic,0,0,0.0,,0,0.0,1.0,1.0,0.0962270125746727,0
authentic__29464,29464,/kaggle/input/competitions/recodai-luc-scientific-image-forgery-detection/train_images/authentic/29464.png,authentic,0,0,0.0,,1240,0.008409288194444444,8.064516128381893e-11,8.064516128381893e-11,0.9941931366920471,1
authentic__29482,29482,/kaggle/input/competitions/recodai-luc-scientific-image-forgery-detection/train_images/authentic/29482.png,authentic,0,0,0.0,,0,0.0,1.0,1.0,0.680351197719574,1
authentic__29593,29593,/kaggle/input/competitions/recodai-luc-scientific-image-forgery-detection/train_images/authentic/29593.png,authentic,0,0,0.0,,0,0.0,1.0,1.0,0.7213691473007202,1
authentic__29663,29663,/kaggle/input/competitions/recodai-luc-scientific-image-forgery-detection/train_images/authentic/29663.png,authentic,0,0,0.0,,0,0.0,1.0,1.0,0.8352799415588379,1
authentic__29736,29736,/kaggle/input/competitions/recodai-luc-scientific-image-forgery-detection/train_images/authentic/29736.png,authentic,0,0,0.0,,0,0.0,1.0,1.0,0.037193331867456436,0
authentic__298,298,/kaggle/input/competitions/recodai-luc-scientific-image-forgery-detection/train_images/authentic/298.png,authentic,0,0,0.0,,0,0.0,1.0,1.0,0.02558346651494503,0
authentic__30045,30045,/kaggle/input/competitions/recodai-luc-scientific-image-forgery-detection/train_images/authentic/30045.png,authentic,0,0,0.0,,5330,0.03614637586805555,1.8761726078447247e-11,1.8761726078447247e-11,0.9945846199989319,1
authentic__30217,30217,/kaggle/input/competitions/recodai-luc-scientific-image-forgery-detection/train_images/authentic/30217.png,authentic,0,0,0.0,,0,0.0,1.0,1.0,0.1034368947148323,0
authentic__30298,30298,/kaggle/input/competitions/recodai-luc-scientific-image-forgery-detection/train_images/authentic/30298.png,authentic,0,0,0.0,,0,0.0,1.0,1.0,0.9305174946784973,1
authentic__30354,30354,/kaggle/input/competitions/recodai-luc-scientific-image-forgery-detection/train_images/authentic/30354.png,authentic,0,0,0.0,,0,0.0,1.0,1.0,0.6352922320365906,1
authentic__3062,3062,/kaggle/input/competitions/recodai-luc-scientific-image-forgery-detection/train_images/authentic/3062.png,authentic,0,0,0.0,,0,0.0,1.0,1.0,0.9057400226593018,1
authentic__30715,30715,/kaggle/input/competitions/recodai-luc-scientific-image-forgery-detection/train_images/authentic/30715.png,authentic,0,0,0.0,,0,0.0,1.0,1.0,0.8602719306945801,1
authentic__30871,30871,/kaggle/input/competitions/recodai-luc-scientific-image-forgery-detection/train_images/authentic/30871.png,authentic,0,0,0.0,,885,0.006001790364583333,1.1299435026971815e-10,1.1299435026971815e-10,0.9728274941444397,1
authentic__31077,31077,/kaggle/input/competitions/recodai-luc-scientific-image-forgery-detection/train_images/authentic/31077.png,authentic,0,0,0.0,,2793,0.018941243489583332,3.580379520100953e-11,3.580379520100953e-11,0.9944581985473633,1
authentic__3110,3110,/kaggle/input/competitions/recodai-luc-scientific-image-forgery-detection/train_images/authentic/3110.png,authentic,0,0,0.0,,0,0.0,1.0,1.0,0.7346493005752563,1
authentic__31218,31218,/kaggle/input/competitions/recodai-luc-scientific-image-forgery-detection/train_images/authentic/31218.png,authentic,0,0,0.0,,0,0.0,1.0,1.0,0.8144981861114502,1
authentic__31262,31262,/kaggle/input/competitions/recodai-luc-scientific-image-forgery-detection/train_images/authentic/31262.png,authentic,0,0,0.0,,0,0.0,1.0,1.0,0.9528079628944397,1
authentic__31336,31336,/kaggle/input/competitions/recodai-luc-scientific-image-forgery-detection/train_images/authentic/31336.png,authentic,0,0,0.0,,0,0.0,1.0,1.0,0.8941889405250549,1
authentic__31468,31468,/kaggle/input/competitions/recodai-luc-scientific-image-forgery-detection/train_images/authentic/31468.png,authentic,0,0,0.0,,0,0.0,1.0,1.0,0.2889294922351837,0
authentic__31725,31725,/kaggle/input/competitions/recodai-luc-scientific-image-forgery-detection/train_images/authentic/31725.png,authentic,0,0,0.0,,20919,0.14186604817708334,4.780343228620964e-12,4.780343228620964e-12,0.9716532230377197,1
authentic__31834,31834,/kaggle/input/competitions/recodai-luc-scientific-image-forgery-detection/train_images/authentic/31834.png,authentic,0,0,0.0,,0,0.0,1.0,1.0,0.7494570016860962,1
authentic__31942,31942,/kaggle/input/competitions/recodai-luc-scientific-image-forgery-detection/train_images/authentic/31942.png,authentic,0,0,0.0,,326,0.0022108289930555555,3.0674846616357407e-10,3.0674846616357407e-10,0.9669988751411438,1
authentic__32013,32013,/kaggle/input/competitions/recodai-luc-scientific-image-forgery-detection/train_images/authentic/32013.png,authentic,0,0,0.0,,624,0.004231770833333333,1.6025641023072813e-10,1.6025641023072813e-10,0.9830138683319092,1
authentic__32139,32139,/kaggle/input/competitions/recodai-luc-scientific-image-forgery-detection/train_images/authentic/32139.png,authentic,0,0,0.0,,410,0.002780490451388889,2.439024389649018e-10,2.439024389649018e-10,0.8915310502052307,1
authentic__3228,3228,/kaggle/input/competitions/recodai-luc-scientific-image-forgery-detection/train_images/authentic/3228.png,authentic,0,0,0.0,,0,0.0,1.0,1.0,0.045893389731645584,0
authentic__32398,32398,/kaggle/input/competitions/recodai-luc-scientific-image-forgery-detection/train_images/authentic/32398.png,authentic,0,0,0.0,,0,0.0,1.0,1.0,0.4046489894390106,0
authentic__32535,32535,/kaggle/input/competitions/recodai-luc-scientific-image-forgery-detection/train_images/authentic/32535.png,authentic,0,0,0.0,,947,0.006422254774305556,1.0559662089698029e-10,1.0559662089698029e-10,0.9113942980766296,1
authentic__32722,32722,/kaggle/input/competitions/recodai-luc-scientific-image-forgery-detection/train_images/authentic/32722.png,authentic,0,0,0.0,,0,0.0,1.0,1.0,0.864215612411499,1
authentic__32884,32884,/kaggle/input/competitions/recodai-luc-scientific-image-forgery-detection/train_images/authentic/32884.png,authentic,0,0,0.0,,5413,0.03670925564236111,1.8474043967883353e-11,1.8474043967883353e-11,0.9394844770431519,1
authentic__32973,32973,/kaggle/input/competitions/recodai-luc-scientific-image-forgery-detection/train_images/authentic/32973.png,authentic,0,0,0.0,,0,0.0,1.0,1.0,0.10713641345500946,0
authentic__33053,33053,/kaggle/input/competitions/recodai-luc-scientific-image-forgery-detection/train_images/authentic/33053.png,authentic,0,0,0.0,,0,0.0,1.0,1.0,0.6157216429710388,1
authentic__33343,33343,/kaggle/input/competitions/recodai-luc-scientific-image-forgery-detection/train_images/authentic/33343.png,authentic,0,0,0.0,,0,0.0,1.0,1.0,0.104843370616436,0
authentic__33580,33580,/kaggle/input/competitions/recodai-luc-scientific-image-forgery-detection/train_images/authentic/33580.png,authentic,0,0,0.0,,2068,0.014024522569444444,4.8355899417390916e-11,4.8355899417390916e-11,0.8888734579086304,1
authentic__33686,33686,/kaggle/input/competitions/recodai-luc-scientific-image-forgery-detection/train_images/authentic/33686.png,authentic,0,0,0.0,,6393,0.043355305989583336,1.5642108555988705e-11,1.5642108555988705e-11,0.9767767786979675,1
authentic__339,339,/kaggle/input/competitions/recodai-luc-scientific-image-forgery-detection/train_images/authentic/339.png,authentic,0,0,0.0,,0,0.0,1.0,1.0,0.03906547278165817,0
authentic__33985,33985,/kaggle/input/competitions/recodai-luc-scientific-image-forgery-detection/train_images/authentic/33985.png,authentic,0,0,0.0,,0,0.0,1.0,1.0,0.04351924732327461,0
authentic__34036,34036,/kaggle/input/competitions/recodai-luc-scientific-image-forgery-detection/train_images/authentic/34036.png,authentic,0,0,0.0,,0,0.0,1.0,1.0,0.8471377491950989,1
authentic__34211,34211,/kaggle/input/competitions/recodai-luc-scientific-image-forgery-detection/train_images/authentic/34211.png,authentic,0,0,0.0,,0,0.0,1.0,1.0,0.07291677594184875,0
authentic__34306,34306,/kaggle/input/competitions/recodai-luc-scientific-image-forgery-detection/train_images/authentic/34306.png,authentic,0,0,0.0,,0,0.0,1.0,1.0,0.5118173956871033,0
authentic__34415,34415,/kaggle/input/competitions/recodai-luc-scientific-image-forgery-detection/train_images/authentic/34415.png,authentic,0,0,0.0,,0,0.0,1.0,1.0,0.0506143718957901,0
authentic__34597,34597,/kaggle/input/competitions/recodai-luc-scientific-image-forgery-detection/train_images/authentic/34597.png,authentic,0,0,0.0,,13508,0.09160698784722222,7.403020432281588e-12,7.403020432281588e-12,0.999072790145874,1
authentic__34824,34824,/kaggle/input/competitions/recodai-luc-scientific-image-forgery-detection/train_images/authentic/34824.png,authentic,0,0,0.0,,0,0.0,1.0,1.0,0.9413583278656006,1
authentic__34873,34873,/kaggle/input/competitions/recodai-luc-scientific-image-forgery-detection/train_images/authentic/34873.png,authentic,0,0,0.0,,17122,0.1161159939236111,5.840439200993806e-12,5.840439200993806e-12,0.9976969361305237,1
authentic__35018,35018,/kaggle/input/competitions/recodai-luc-scientific-image-forgery-detection/train_images/authentic/35018.png,authentic,0,0,0.0,,127,0.0008612738715277778,7.874015741831484e-10,7.874015741831484e-10,0.991438090801239,1
authentic__35127,35127,/kaggle/input/competitions/recodai-luc-scientific-image-forgery-detection/train_images/authentic/35127.png,authentic,0,0,0.0,,0,0.0,1.0,1.0,0.6293404698371887,1
authentic__35222,35222,/kaggle/input/competitions/recodai-luc-scientific-image-forgery-detection/train_images/authentic/35222.png,authentic,0,0,0.0,,0,0.0,1.0,1.0,0.7939884066581726,1
authentic__35378,35378,/kaggle/input/competitions/recodai-luc-scientific-image-forgery-detection/train_images/authentic/35378.png,authentic,0,0,0.0,,0,0.0,1.0,1.0,0.758502185344696,1
authentic__35471,35471,/kaggle/input/competitions/recodai-luc-scientific-image-forgery-detection/train_images/authentic/35471.png,authentic,0,0,0.0,,0,0.0,1.0,1.0,0.8661660552024841,1
authentic__35586,35586,/kaggle/input/competitions/recodai-luc-scientific-image-forgery-detection/train_images/authentic/35586.png,authentic,0,0,0.0,,23438,0.15894911024305555,4.266575646368007e-12,4.266575646368007e-12,0.9975729584693909,1
authentic__35715,35715,/kaggle/input/competitions/recodai-luc-scientific-image-forgery-detection/train_images/authentic/35715.png,authentic,0,0,0.0,,0,0.0,1.0,1.0,0.6113439202308655,1
authentic__35744,35744,/kaggle/input/competitions/recodai-luc-scientific-image-forgery-detection/train_images/authentic/35744.png,authentic,0,0,0.0,,0,0.0,1.0,1.0,0.8786205053329468,1
authentic__35885,35885,/kaggle/input/competitions/recodai-luc-scientific-image-forgery-detection/train_images/authentic/35885.png,authentic,0,0,0.0,,0,0.0,1.0,1.0,0.2799791991710663,0
authentic__36010,36010,/kaggle/input/competitions/recodai-luc-scientific-image-forgery-detection/train_images/authentic/36010.png,authentic,0,0,0.0,,0,0.0,1.0,1.0,0.816413164138794,1
authentic__36190,36190,/kaggle/input/competitions/recodai-luc-scientific-image-forgery-detection/train_images/authentic/36190.png,authentic,0,0,0.0,,0,0.0,1.0,1.0,0.7309926152229309,1
authentic__36295,36295,/kaggle/input/competitions/recodai-luc-scientific-image-forgery-detection/train_images/authentic/36295.png,authentic,0,0,0.0,,0,0.0,1.0,1.0,0.033774252980947495,0
authentic__36390,36390,/kaggle/input/competitions/recodai-luc-scientific-image-forgery-detection/train_images/authentic/36390.png,authentic,0,0,0.0,,0,0.0,1.0,1.0,0.8051131963729858,1
authentic__36453,36453,/kaggle/input/competitions/recodai-luc-scientific-image-forgery-detection/train_images/authentic/36453.png,authentic,0,0,0.0,,0,0.0,1.0,1.0,0.207749143242836,0
authentic__36597,36597,/kaggle/input/competitions/recodai-luc-scientific-image-forgery-detection/train_images/authentic/36597.png,authentic,0,0,0.0,,512,0.003472222222222222,1.9531249996185303e-10,1.9531249996185303e-10,0.9527791738510132,1
authentic__36707,36707,/kaggle/input/competitions/recodai-luc-scientific-image-forgery-detection/train_images/authentic/36707.png,authentic,0,0,0.0,,307,0.002081976996527778,3.2573289891669937e-10,3.2573289891669937e-10,0.9445472359657288,1
authentic__36746,36746,/kaggle/input/competitions/recodai-luc-scientific-image-forgery-detection/train_images/authentic/36746.png,authentic,0,0,0.0,,0,0.0,1.0,1.0,0.1397005170583725,0
authentic__36949,36949,/kaggle/input/competitions/recodai-luc-scientific-image-forgery-detection/train_images/authentic/36949.png,authentic,0,0,0.0,,0,0.0,1.0,1.0,0.6595490574836731,1
authentic__37076,37076,/kaggle/input/competitions/recodai-luc-scientific-image-forgery-detection/train_images/authentic/37076.png,authentic,0,0,0.0,,443,0.0030042860243055555,2.2573363426055672e-10,2.2573363426055672e-10,0.9803791046142578,1
authentic__37149,37149,/kaggle/input/competitions/recodai-luc-scientific-image-forgery-detection/train_images/authentic/37149.png,authentic,0,0,0.0,,0,0.0,1.0,1.0,0.5764474272727966,0
authentic__37280,37280,/kaggle/input/competitions/recodai-luc-scientific-image-forgery-detection/train_images/authentic/37280.png,authentic,0,0,0.0,,0,0.0,1.0,1.0,0.888972818851471,1
authentic__37400,37400,/kaggle/input/competitions/recodai-luc-scientific-image-forgery-detection/train_images/authentic/37400.png,authentic,0,0,0.0,,191,0.0012953016493055555,5.235602091499684e-10,5.235602091499684e-10,0.907507061958313,1
authentic__3751,3751,/kaggle/input/competitions/recodai-luc-scientific-image-forgery-detection/train_images/authentic/3751.png,authentic,0,0,0.0,,546,0.0037027994791666665,1.8315018311663915e-10,1.8315018311663915e-10,0.9848597645759583,1
authentic__37586,37586,/kaggle/input/competitions/recodai-luc-scientific-image-forgery-detection/train_images/authentic/37586.png,authentic,0,0,0.0,,0,0.0,1.0,1.0,0.2684706747531891,0
authentic__37735,37735,/kaggle/input/competitions/recodai-luc-scientific-image-forgery-detection/train_images/authentic/37735.png,authentic,0,0,0.0,,0,0.0,1.0,1.0,0.228237122297287,0
authentic__37817,37817,/kaggle/input/competitions/recodai-luc-scientific-image-forgery-detection/train_images/authentic/37817.png,authentic,0,0,0.0,,0,0.0,1.0,1.0,0.8528952598571777,1
authentic__37903,37903,/kaggle/input/competitions/recodai-luc-scientific-image-forgery-detection/train_images/authentic/37903.png,authentic,0,0,0.0,,0,0.0,1.0,1.0,0.5325329303741455,0
authentic__37942,37942,/kaggle/input/competitions/recodai-luc-scientific-image-forgery-detection/train_images/authentic/37942.png,authentic,0,0,0.0,,0,0.0,1.0,1.0,0.6339353322982788,1
authentic__38034,38034,/kaggle/input/competitions/recodai-luc-scientific-image-forgery-detection/train_images/authentic/38034.png,authentic,0,0,0.0,,0,0.0,1.0,1.0,0.630463182926178,1
authentic__38136,38136,/kaggle/input/competitions/recodai-luc-scientific-image-forgery-detection/train_images/authentic/38136.png,authentic,0,0,0.0,,0,0.0,1.0,1.0,0.8171758651733398,1
authentic__38256,38256,/kaggle/input/competitions/recodai-luc-scientific-image-forgery-detection/train_images/authentic/38256.png,authentic,0,0,0.0,,685,0.004645453559027778,1.4598540143854227e-10,1.4598540143854227e-10,0.964866578578949,1
authentic__38294,38294,/kaggle/input/competitions/recodai-luc-scientific-image-forgery-detection/train_images/authentic/38294.png,authentic,0,0,0.0,,0,0.0,1.0,1.0,0.2635727524757385,0
authentic__38456,38456,/kaggle/input/competitions/recodai-luc-scientific-image-forgery-detection/train_images/authentic/38456.png,authentic,0,0,0.0,,0,0.0,1.0,1.0,0.894654393196106,1
authentic__38486,38486,/kaggle/input/competitions/recodai-luc-scientific-image-forgery-detection/train_images/authentic/38486.png,authentic,0,0,0.0,,0,0.0,1.0,1.0,0.7373000979423523,1
authentic__38548,38548,/kaggle/input/competitions/recodai-luc-scientific-image-forgery-detection/train_images/authentic/38548.png,authentic,0,0,0.0,,0,0.0,1.0,1.0,0.44730421900749207,0
authentic__38633,38633,/kaggle/input/competitions/recodai-luc-scientific-image-forgery-detection/train_images/authentic/38633.png,authentic,0,0,0.0,,0,0.0,1.0,1.0,0.9900683760643005,1
authentic__38699,38699,/kaggle/input/competitions/recodai-luc-scientific-image-forgery-detection/train_images/authentic/38699.png,authentic,0,0,0.0,,802,0.005438910590277778,1.2468827928619848e-10,1.2468827928619848e-10,0.9636144638061523,1
authentic__38913,38913,/kaggle/input/competitions/recodai-luc-scientific-image-forgery-detection/train_images/authentic/38913.png,authentic,0,0,0.0,,0,0.0,1.0,1.0,0.020332353189587593,0
authentic__39099,39099,/kaggle/input/competitions/recodai-luc-scientific-image-forgery-detection/train_images/authentic/39099.png,authentic,0,0,0.0,,1020,0.006917317708333333,9.803921567666282e-11,9.803921567666282e-11,0.9942424893379211,1
authentic__39299,39299,/kaggle/input/competitions/recodai-luc-scientific-image-forgery-detection/train_images/authentic/39299.png,authentic,0,0,0.0,,1184,0.008029513888888888,8.445945945232605e-11,8.445945945232605e-11,0.8945133090019226,1
authentic__39366,39366,/kaggle/input/competitions/recodai-luc-scientific-image-forgery-detection/train_images/authentic/39366.png,authentic,0,0,0.0,,335,0.0022718641493055555,2.9850746259746044e-10,2.9850746259746044e-10,0.9240090847015381,1
authentic__39625,39625,/kaggle/input/competitions/recodai-luc-scientific-image-forgery-detection/train_images/authentic/39625.png,authentic,0,0,0.0,,174,0.0011800130208333333,5.747126433478663e-10,5.747126433478663e-10,0.9481844902038574,1
authentic__39737,39737,/kaggle/input/competitions/recodai-luc-scientific-image-forgery-detection/train_images/authentic/39737.png,authentic,0,0,0.0,,0,0.0,1.0,1.0,0.0629582330584526,0
authentic__39875,39875,/kaggle/input/competitions/recodai-luc-scientific-image-forgery-detection/train_images/authentic/39875.png,authentic,0,0,0.0,,10885,0.0738186306423611,9.186954524490702e-12,9.186954524490702e-12,0.9945107698440552,1
authentic__39944,39944,/kaggle/input/competitions/recodai-luc-scientific-image-forgery-detection/train_images/authentic/39944.png,authentic,0,0,0.0,,447,0.0030314127604166665,2.2371364648239066e-10,2.2371364648239066e-10,0.9819137454032898,1
authentic__40033,40033,/kaggle/input/competitions/recodai-luc-scientific-image-forgery-detection/train_images/authentic/40033.png,authentic,0,0,0.0,,7723,0.052374945746527776,1.2948336138638503e-11,1.2948336138638503e-11,0.9855356216430664,1
authentic__4022,4022,/kaggle/input/competitions/recodai-luc-scientific-image-forgery-detection/train_images/authentic/4022.png,authentic,0,0,0.0,,0,0.0,1.0,1.0,0.7334772348403931,1
authentic__40298,40298,/kaggle/input/competitions/recodai-luc-scientific-image-forgery-detection/train_images/authentic/40298.png,authentic,0,0,0.0,,0,0.0,1.0,1.0,0.2336435168981552,0
authentic__40349,40349,/kaggle/input/competitions/recodai-luc-scientific-image-forgery-detection/train_images/authentic/40349.png,authentic,0,0,0.0,,0,0.0,1.0,1.0,0.7942653298377991,1
authentic__40373,40373,/kaggle/input/competitions/recodai-luc-scientific-image-forgery-detection/train_images/authentic/40373.png,authentic,0,0,0.0,,0,0.0,1.0,1.0,0.6706453561782837,1
authentic__4045,4045,/kaggle/input/competitions/recodai-luc-scientific-image-forgery-detection/train_images/authentic/4045.png,authentic,0,0,0.0,,0,0.0,1.0,1.0,0.5584636330604553,0
authentic__40519,40519,/kaggle/input/competitions/recodai-luc-scientific-image-forgery-detection/train_images/authentic/40519.png,authentic,0,0,0.0,,0,0.0,1.0,1.0,0.7664002180099487,1
authentic__40728,40728,/kaggle/input/competitions/recodai-luc-scientific-image-forgery-detection/train_images/authentic/40728.png,authentic,0,0,0.0,,111,0.0007527669270833334,9.009009000892785e-10,9.009009000892785e-10,0.9962323307991028,1
authentic__40828,40828,/kaggle/input/competitions/recodai-luc-scientific-image-forgery-detection/train_images/authentic/40828.png,authentic,0,0,0.0,,0,0.0,1.0,1.0,0.49936386942863464,0
authentic__40919,40919,/kaggle/input/competitions/recodai-luc-scientific-image-forgery-detection/train_images/authentic/40919.png,authentic,0,0,0.0,,0,0.0,1.0,1.0,0.07979993522167206,0
authentic__40974,40974,/kaggle/input/competitions/recodai-luc-scientific-image-forgery-detection/train_images/authentic/40974.png,authentic,0,0,0.0,,138,0.0009358723958333334,7.246376806343206e-10,7.246376806343206e-10,0.8995523452758789,1
authentic__41024,41024,/kaggle/input/competitions/recodai-luc-scientific-image-forgery-detection/train_images/authentic/41024.png,authentic,0,0,0.0,,2399,0.016269259982638888,4.1684035012851855e-11,4.1684035012851855e-11,0.9965223073959351,1
authentic__41080,41080,/kaggle/input/competitions/recodai-luc-scientific-image-forgery-detection/train_images/authentic/41080.png,authentic,0,0,0.0,,0,0.0,1.0,1.0,0.04075136408209801,0
authentic__41171,41171,/kaggle/input/competitions/recodai-luc-scientific-image-forgery-detection/train_images/authentic/41171.png,authentic,0,0,0.0,,0,0.0,1.0,1.0,0.6115858554840088,1
authentic__41255,41255,/kaggle/input/competitions/recodai-luc-scientific-image-forgery-detection/train_images/authentic/41255.png,authentic,0,0,0.0,,0,0.0,1.0,1.0,0.5263217091560364,0
authentic__414,414,/kaggle/input/competitions/recodai-luc-scientific-image-forgery-detection/train_images/authentic/414.png,authentic,0,0,0.0,,0,0.0,1.0,1.0,0.8388159871101379,1
authentic__41517,41517,/kaggle/input/competitions/recodai-luc-scientific-image-forgery-detection/train_images/authentic/41517.png,authentic,0,0,0.0,,6528,0.044270833333333336,1.5318627450745732e-11,1.5318627450745732e-11,0.999704897403717,1
authentic__41600,41600,/kaggle/input/competitions/recodai-luc-scientific-image-forgery-detection/train_images/authentic/41600.png,authentic,0,0,0.0,,16607,0.11262342664930555,6.021557174649114e-12,6.021557174649114e-12,0.9912437200546265,1
authentic__41697,41697,/kaggle/input/competitions/recodai-luc-scientific-image-forgery-detection/train_images/authentic/41697.png,authentic,0,0,0.0,,412,0.0027940538194444445,2.427184465430295e-10,2.427184465430295e-10,0.9300165772438049,1
authentic__41830,41830,/kaggle/input/competitions/recodai-luc-scientific-image-forgery-detection/train_images/authentic/41830.png,authentic,0,0,0.0,,0,0.0,1.0,1.0,0.19597609341144562,0
authentic__41895,41895,/kaggle/input/competitions/recodai-luc-scientific-image-forgery-detection/train_images/authentic/41895.png,authentic,0,0,0.0,,0,0.0,1.0,1.0,0.7835177779197693,1
authentic__42035,42035,/kaggle/input/competitions/recodai-luc-scientific-image-forgery-detection/train_images/authentic/42035.png,authentic,0,0,0.0,,0,0.0,1.0,1.0,0.08925842493772507,0
authentic__4222,4222,/kaggle/input/competitions/recodai-luc-scientific-image-forgery-detection/train_images/authentic/4222.png,authentic,0,0,0.0,,4167,0.02825927734375,2.3998080153011806e-11,2.3998080153011806e-11,0.8988053798675537,1
authentic__42289,42289,/kaggle/input/competitions/recodai-luc-scientific-image-forgery-detection/train_images/authentic/42289.png,authentic,0,0,0.0,,0,0.0,1.0,1.0,0.7121164798736572,1
authentic__42385,42385,/kaggle/input/competitions/recodai-luc-scientific-image-forgery-detection/train_images/authentic/42385.png,authentic,0,0,0.0,,0,0.0,1.0,1.0,0.6651047468185425,1
authentic__42461,42461,/kaggle/input/competitions/recodai-luc-scientific-image-forgery-detection/train_images/authentic/42461.png,authentic,0,0,0.0,,0,0.0,1.0,1.0,0.01727590523660183,0
authentic__42632,42632,/kaggle/input/competitions/recodai-luc-scientific-image-forgery-detection/train_images/authentic/42632.png,authentic,0,0,0.0,,0,0.0,1.0,1.0,0.48627969622612,0
authentic__42742,42742,/kaggle/input/competitions/recodai-luc-scientific-image-forgery-detection/train_images/authentic/42742.png,authentic,0,0,0.0,,2024,0.013726128472222222,4.9407114622064864e-11,4.9407114622064864e-11,0.9863771796226501,1
authentic__42832,42832,/kaggle/input/competitions/recodai-luc-scientific-image-forgery-detection/train_images/authentic/42832.png,authentic,0,0,0.0,,2760,0.018717447916666668,3.623188405665827e-11,3.623188405665827e-11,0.9155638813972473,1
authentic__43085,43085,/kaggle/input/competitions/recodai-luc-scientific-image-forgery-detection/train_images/authentic/43085.png,authentic,0,0,0.0,,0,0.0,1.0,1.0,0.5507036447525024,0
authentic__43142,43142,/kaggle/input/competitions/recodai-luc-scientific-image-forgery-detection/train_images/authentic/43142.png,authentic,0,0,0.0,,985,0.006679958767361111,1.0152284262928702e-10,1.0152284262928702e-10,0.9247174859046936,1
authentic__4321,4321,/kaggle/input/competitions/recodai-luc-scientific-image-forgery-detection/train_images/authentic/4321.png,authentic,0,0,0.0,,0,0.0,1.0,1.0,0.14925990998744965,0
authentic__43285,43285,/kaggle/input/competitions/recodai-luc-scientific-image-forgery-detection/train_images/authentic/43285.png,authentic,0,0,0.0,,0,0.0,1.0,1.0,0.8105515837669373,1
authentic__43368,43368,/kaggle/input/competitions/recodai-luc-scientific-image-forgery-detection/train_images/authentic/43368.png,authentic,0,0,0.0,,0,0.0,1.0,1.0,0.43955516815185547,0
authentic__43610,43610,/kaggle/input/competitions/recodai-luc-scientific-image-forgery-detection/train_images/authentic/43610.png,authentic,0,0,0.0,,122,0.0008273654513888889,8.196721304756786e-10,8.196721304756786e-10,0.9974422454833984,1
authentic__4371,4371,/kaggle/input/competitions/recodai-luc-scientific-image-forgery-detection/train_images/authentic/4371.png,authentic,0,0,0.0,,5326,0.03611924913194445,1.8775816747676006e-11,1.8775816747676006e-11,0.9942763447761536,1
authentic__43810,43810,/kaggle/input/competitions/recodai-luc-scientific-image-forgery-detection/train_images/authentic/43810.png,authentic,0,0,0.0,,840,0.005696614583333333,1.190476190334467e-10,1.190476190334467e-10,0.9959821701049805,1
authentic__43915,43915,/kaggle/input/competitions/recodai-luc-scientific-image-forgery-detection/train_images/authentic/43915.png,authentic,0,0,0.0,,0,0.0,1.0,1.0,0.8533121347427368,1
authentic__44311,44311,/kaggle/input/competitions/recodai-luc-scientific-image-forgery-detection/train_images/authentic/44311.png,authentic,0,0,0.0,,0,0.0,1.0,1.0,0.9119828343391418,1
authentic__44420,44420,/kaggle/input/competitions/recodai-luc-scientific-image-forgery-detection/train_images/authentic/44420.png,authentic,0,0,0.0,,0,0.0,1.0,1.0,0.8123677968978882,1
authentic__44622,44622,/kaggle/input/competitions/recodai-luc-scientific-image-forgery-detection/train_images/authentic/44622.png,authentic,0,0,0.0,,0,0.0,1.0,1.0,0.6732487678527832,1
authentic__44666,44666,/kaggle/input/competitions/recodai-luc-scientific-image-forgery-detection/train_images/authentic/44666.png,authentic,0,0,0.0,,0,0.0,1.0,1.0,0.11891164630651474,0
authentic__45004,45004,/kaggle/input/competitions/recodai-luc-scientific-image-forgery-detection/train_images/authentic/45004.png,authentic,0,0,0.0,,1011,0.006856282552083333,9.891196833838654e-11,9.891196833838654e-11,0.9030299186706543,1
authentic__45133,45133,/kaggle/input/competitions/recodai-luc-scientific-image-forgery-detection/train_images/authentic/45133.png,authentic,0,0,0.0,,958,0.006496853298611111,1.0438413360079497e-10,1.0438413360079497e-10,0.9915538430213928,1
authentic__45182,45182,/kaggle/input/competitions/recodai-luc-scientific-image-forgery-detection/train_images/authentic/45182.png,authentic,0,0,0.0,,1798,0.012193467881944444,5.561735261092228e-11,5.561735261092228e-11,0.9918432831764221,1
authentic__45310,45310,/kaggle/input/competitions/recodai-luc-scientific-image-forgery-detection/train_images/authentic/45310.png,authentic,0,0,0.0,,384,0.0026041666666666665,2.604166665988498e-10,2.604166665988498e-10,0.9949605464935303,1
authentic__45381,45381,/kaggle/input/competitions/recodai-luc-scientific-image-forgery-detection/train_images/authentic/45381.png,authentic,0,0,0.0,,0,0.0,1.0,1.0,0.6619013547897339,1
authentic__45536,45536,/kaggle/input/competitions/recodai-luc-scientific-image-forgery-detection/train_images/authentic/45536.png,authentic,0,0,0.0,,0,0.0,1.0,1.0,0.842559814453125,1
authentic__45620,45620,/kaggle/input/competitions/recodai-luc-scientific-image-forgery-detection/train_images/authentic/45620.png,authentic,0,0,0.0,,100,0.0006781684027777778,9.99999999e-10,9.99999999e-10,0.8824610710144043,1
authentic__45767,45767,/kaggle/input/competitions/recodai-luc-scientific-image-forgery-detection/train_images/authentic/45767.png,authentic,0,0,0.0,,0,0.0,1.0,1.0,0.20526883006095886,0
authentic__45878,45878,/kaggle/input/competitions/recodai-luc-scientific-image-forgery-detection/train_images/authentic/45878.png,authentic,0,0,0.0,,22270,0.1510281032986111,4.4903457566030966e-12,4.4903457566030966e-12,0.993933379650116,1
authentic__45958,45958,/kaggle/input/competitions/recodai-luc-scientific-image-forgery-detection/train_images/authentic/45958.png,authentic,0,0,0.0,,0,0.0,1.0,1.0,0.40501564741134644,0
authentic__46106,46106,/kaggle/input/competitions/recodai-luc-scientific-image-forgery-detection/train_images/authentic/46106.png,authentic,0,0,0.0,,0,0.0,1.0,1.0,0.6738626956939697,1
authentic__46206,46206,/kaggle/input/competitions/recodai-luc-scientific-image-forgery-detection/train_images/authentic/46206.png,authentic,0,0,0.0,,0,0.0,1.0,1.0,0.4504642188549042,0
authentic__46309,46309,/kaggle/input/competitions/recodai-luc-scientific-image-forgery-detection/train_images/authentic/46309.png,authentic,0,0,0.0,,0,0.0,1.0,1.0,0.6542771458625793,1
authentic__46366,46366,/kaggle/input/competitions/recodai-luc-scientific-image-forgery-detection/train_images/authentic/46366.png,authentic,0,0,0.0,,11995,0.08134629991319445,8.33680700284838e-12,8.33680700284838e-12,0.9541880488395691,1
authentic__46698,46698,/kaggle/input/competitions/recodai-luc-scientific-image-forgery-detection/train_images/authentic/46698.png,authentic,0,0,0.0,,0,0.0,1.0,1.0,0.12169390171766281,0
authentic__46849,46849,/kaggle/input/competitions/recodai-luc-scientific-image-forgery-detection/train_images/authentic/46849.png,authentic,0,0,0.0,,0,0.0,1.0,1.0,0.6662389636039734,1
authentic__46907,46907,/kaggle/input/competitions/recodai-luc-scientific-image-forgery-detection/train_images/authentic/46907.png,authentic,0,0,0.0,,6714,0.0455322265625,1.4894250818961957e-11,1.4894250818961957e-11,0.9802040457725525,1
authentic__46969,46969,/kaggle/input/competitions/recodai-luc-scientific-image-forgery-detection/train_images/authentic/46969.png,authentic,0,0,0.0,,584,0.003960503472222222,1.7123287668300806e-10,1.7123287668300806e-10,0.9860426783561707,1
authentic__47069,47069,/kaggle/input/competitions/recodai-luc-scientific-image-forgery-detection/train_images/authentic/47069.png,authentic,0,0,0.0,,4217,0.028598361545138888,2.3713540431024103e-11,2.3713540431024103e-11,0.9444960951805115,1
authentic__47151,47151,/kaggle/input/competitions/recodai-luc-scientific-image-forgery-detection/train_images/authentic/47151.png,authentic,0,0,0.0,,0,0.0,1.0,1.0,0.9843447804450989,1
authentic__4740,4740,/kaggle/input/competitions/recodai-luc-scientific-image-forgery-detection/train_images/authentic/4740.png,authentic,0,0,0.0,,0,0.0,1.0,1.0,0.03422831371426582,0
authentic__47441,47441,/kaggle/input/competitions/recodai-luc-scientific-image-forgery-detection/train_images/authentic/47441.png,authentic,0,0,0.0,,0,0.0,1.0,1.0,0.626309871673584,1
authentic__47770,47770,/kaggle/input/competitions/recodai-luc-scientific-image-forgery-detection/train_images/authentic/47770.png,authentic,0,0,0.0,,1580,0.010715060763888888,6.329113923650055e-11,6.329113923650055e-11,0.9853561520576477,1
authentic__47916,47916,/kaggle/input/competitions/recodai-luc-scientific-image-forgery-detection/train_images/authentic/47916.png,authentic,0,0,0.0,,0,0.0,1.0,1.0,0.7572450041770935,1
authentic__48113,48113,/kaggle/input/competitions/recodai-luc-scientific-image-forgery-detection/train_images/authentic/48113.png,authentic,0,0,0.0,,129,0.0008748372395833334,7.75193797848687e-10,7.75193797848687e-10,0.8902614712715149,1
authentic__48207,48207,/kaggle/input/competitions/recodai-luc-scientific-image-forgery-detection/train_images/authentic/48207.png,authentic,0,0,0.0,,0,0.0,1.0,1.0,0.8246892690658569,1
authentic__48272,48272,/kaggle/input/competitions/recodai-luc-scientific-image-forgery-detection/train_images/authentic/48272.png,authentic,0,0,0.0,,15621,0.10593668619791667,6.40163881949682e-12,6.40163881949682e-12,0.9868288636207581,1
authentic__4845,4845,/kaggle/input/competitions/recodai-luc-scientific-image-forgery-detection/train_images/authentic/4845.png,authentic,0,0,0.0,,607,0.004116482204861111,1.6474464577187075e-10,1.6474464577187075e-10,0.948635458946228,1
authentic__4865,4865,/kaggle/input/competitions/recodai-luc-scientific-image-forgery-detection/train_images/authentic/4865.png,authentic,0,0,0.0,,0,0.0,1.0,1.0,0.49723151326179504,0
authentic__48718,48718,/kaggle/input/competitions/recodai-luc-scientific-image-forgery-detection/train_images/authentic/48718.png,authentic,0,0,0.0,,0,0.0,1.0,1.0,0.6196879744529724,1
authentic__48836,48836,/kaggle/input/competitions/recodai-luc-scientific-image-forgery-detection/train_images/authentic/48836.png,authentic,0,0,0.0,,764,0.005181206597222222,1.3089005233888874e-10,1.3089005233888874e-10,0.899290144443512,1
authentic__48981,48981,/kaggle/input/competitions/recodai-luc-scientific-image-forgery-detection/train_images/authentic/48981.png,authentic,0,0,0.0,,0,0.0,1.0,1.0,0.12242481112480164,0
authentic__49042,49042,/kaggle/input/competitions/recodai-luc-scientific-image-forgery-detection/train_images/authentic/49042.png,authentic,0,0,0.0,,0,0.0,1.0,1.0,0.8557400107383728,1
authentic__49233,49233,/kaggle/input/competitions/recodai-luc-scientific-image-forgery-detection/train_images/authentic/49233.png,authentic,0,0,0.0,,229,0.001553005642361111,4.366812225167331e-10,4.366812225167331e-10,0.9901332855224609,1
authentic__49506,49506,/kaggle/input/competitions/recodai-luc-scientific-image-forgery-detection/train_images/authentic/49506.png,authentic,0,0,0.0,,0,0.0,1.0,1.0,0.8935941457748413,1
authentic__4957,4957,/kaggle/input/competitions/recodai-luc-scientific-image-forgery-detection/train_images/authentic/4957.png,authentic,0,0,0.0,,10928,0.07411024305555555,9.150805270780098e-12,9.150805270780098e-12,0.9760507941246033,1
authentic__49711,49711,/kaggle/input/competitions/recodai-luc-scientific-image-forgery-detection/train_images/authentic/49711.png,authentic,0,0,0.0,,733,0.004970974392361111,1.3642564800321614e-10,1.3642564800321614e-10,0.9514997005462646,1
authentic__4992,4992,/kaggle/input/competitions/recodai-luc-scientific-image-forgery-detection/train_images/authentic/4992.png,authentic,0,0,0.0,,0,0.0,1.0,1.0,0.7278999090194702,1
authentic__49982,49982,/kaggle/input/competitions/recodai-luc-scientific-image-forgery-detection/train_images/authentic/49982.png,authentic,0,0,0.0,,7061,0.04788547092013889,1.416229995731253e-11,1.416229995731253e-11,0.9969887137413025,1
authentic__50069,50069,/kaggle/input/competitions/recodai-luc-scientific-image-forgery-detection/train_images/authentic/50069.png,authentic,0,0,0.0,,0,0.0,1.0,1.0,0.9698523283004761,1
authentic__50158,50158,/kaggle/input/competitions/recodai-luc-scientific-image-forgery-detection/train_images/authentic/50158.png,authentic,0,0,0.0,,32242,0.2186550564236111,3.1015445691858395e-12,3.1015445691858395e-12,0.9920726418495178,1
authentic__50255,50255,/kaggle/input/competitions/recodai-luc-scientific-image-forgery-detection/train_images/authentic/50255.png,authentic,0,0,0.0,,1659,0.011250813802083334,6.027727546351552e-11,6.027727546351552e-11,0.9949276447296143,1
authentic__50311,50311,/kaggle/input/competitions/recodai-luc-scientific-image-forgery-detection/train_images/authentic/50311.png,authentic,0,0,0.0,,0,0.0,1.0,1.0,0.8340417742729187,1
authentic__50419,50419,/kaggle/input/competitions/recodai-luc-scientific-image-forgery-detection/train_images/authentic/50419.png,authentic,0,0,0.0,,0,0.0,1.0,1.0,0.06523353606462479,0
authentic__50539,50539,/kaggle/input/competitions/recodai-luc-scientific-image-forgery-detection/train_images/authentic/50539.png,authentic,0,0,0.0,,880,0.005967881944444444,1.1363636362345042e-10,1.1363636362345042e-10,0.9740719199180603,1
authentic__50636,50636,/kaggle/input/competitions/recodai-luc-scientific-image-forgery-detection/train_images/authentic/50636.png,authentic,0,0,0.0,,0,0.0,1.0,1.0,0.8880948424339294,1
authentic__50690,50690,/kaggle/input/competitions/recodai-luc-scientific-image-forgery-detection/train_images/authentic/50690.png,authentic,0,0,0.0,,0,0.0,1.0,1.0,0.2738625705242157,0
authentic__5080,5080,/kaggle/input/competitions/recodai-luc-scientific-image-forgery-detection/train_images/authentic/5080.png,authentic,0,0,0.0,,0,0.0,1.0,1.0,0.19896486401557922,0
authentic__50907,50907,/kaggle/input/competitions/recodai-luc-scientific-image-forgery-detection/train_images/authentic/50907.png,authentic,0,0,0.0,,0,0.0,1.0,1.0,0.7948157787322998,1
authentic__50983,50983,/kaggle/input/competitions/recodai-luc-scientific-image-forgery-detection/train_images/authentic/50983.png,authentic,0,0,0.0,,0,0.0,1.0,1.0,0.42404207587242126,0
authentic__51069,51069,/kaggle/input/competitions/recodai-luc-scientific-image-forgery-detection/train_images/authentic/51069.png,authentic,0,0,0.0,,5476,0.03713650173611111,1.8261504747657752e-11,1.8261504747657752e-11,0.985333263874054,1
authentic__51165,51165,/kaggle/input/competitions/recodai-luc-scientific-image-forgery-detection/train_images/authentic/51165.png,authentic,0,0,0.0,,0,0.0,1.0,1.0,0.2253313809633255,0
authentic__51227,51227,/kaggle/input/competitions/recodai-luc-scientific-image-forgery-detection/train_images/authentic/51227.png,authentic,0,0,0.0,,2923,0.019822862413194444,3.421142661531949e-11,3.421142661531949e-11,0.9777530431747437,1
authentic__5130,5130,/kaggle/input/competitions/recodai-luc-scientific-image-forgery-detection/train_images/authentic/5130.png,authentic,0,0,0.0,,0,0.0,1.0,1.0,0.17257674038410187,0
authentic__51345,51345,/kaggle/input/competitions/recodai-luc-scientific-image-forgery-detection/train_images/authentic/51345.png,authentic,0,0,0.0,,535,0.003628200954861111,1.8691588781552974e-10,1.8691588781552974e-10,0.9590705037117004,1
authentic__51552,51552,/kaggle/input/competitions/recodai-luc-scientific-image-forgery-detection/train_images/authentic/51552.png,authentic,0,0,0.0,,0,0.0,1.0,1.0,0.013856948353350163,0
authentic__51718,51718,/kaggle/input/competitions/recodai-luc-scientific-image-forgery-detection/train_images/authentic/51718.png,authentic,0,0,0.0,,0,0.0,1.0,1.0,0.8332101106643677,1
authentic__51927,51927,/kaggle/input/competitions/recodai-luc-scientific-image-forgery-detection/train_images/authentic/51927.png,authentic,0,0,0.0,,0,0.0,1.0,1.0,0.8253984451293945,1
authentic__52050,52050,/kaggle/input/competitions/recodai-luc-scientific-image-forgery-detection/train_images/authentic/52050.png,authentic,0,0,0.0,,2050,0.013902452256944444,4.8780487802498514e-11,4.8780487802498514e-11,0.9470820426940918,1
authentic__5220,5220,/kaggle/input/competitions/recodai-luc-scientific-image-forgery-detection/train_images/authentic/5220.png,authentic,0,0,0.0,,0,0.0,1.0,1.0,0.10345954447984695,0
authentic__52298,52298,/kaggle/input/competitions/recodai-luc-scientific-image-forgery-detection/train_images/authentic/52298.png,authentic,0,0,0.0,,3242,0.021986219618055556,3.084515730935086e-11,3.084515730935086e-11,0.9684167504310608,1
authentic__52396,52396,/kaggle/input/competitions/recodai-luc-scientific-image-forgery-detection/train_images/authentic/52396.png,authentic,0,0,0.0,,0,0.0,1.0,1.0,0.7917934060096741,1
authentic__52590,52590,/kaggle/input/competitions/recodai-luc-scientific-image-forgery-detection/train_images/authentic/52590.png,authentic,0,0,0.0,,333,0.00225830078125,3.0030030021012e-10,3.0030030021012e-10,0.9035683870315552,1
authentic__5270,5270,/kaggle/input/competitions/recodai-luc-scientific-image-forgery-detection/train_images/authentic/5270.png,authentic,0,0,0.0,,13684,0.0928005642361111,7.307804735404063e-12,7.307804735404063e-12,0.9738606810569763,1
authentic__52798,52798,/kaggle/input/competitions/recodai-luc-scientific-image-forgery-detection/train_images/authentic/52798.png,authentic,0,0,0.0,,1505,0.010206434461805556,6.644518271983752e-11,6.644518271983752e-11,0.9856439828872681,1
authentic__52927,52927,/kaggle/input/competitions/recodai-luc-scientific-image-forgery-detection/train_images/authentic/52927.png,authentic,0,0,0.0,,4731,0.032084147135416664,2.113718029970118e-11,2.113718029970118e-11,0.9557856917381287,1
authentic__53118,53118,/kaggle/input/competitions/recodai-luc-scientific-image-forgery-detection/train_images/authentic/53118.png,authentic,0,0,0.0,,1083,0.007344563802083333,9.233610340790986e-11,9.233610340790986e-11,0.945600688457489,1
authentic__53248,53248,/kaggle/input/competitions/recodai-luc-scientific-image-forgery-detection/train_images/authentic/53248.png,authentic,0,0,0.0,,2716,0.018419053819444444,3.681885125048531e-11,3.681885125048531e-11,0.9355804324150085,1
authentic__53404,53404,/kaggle/input/competitions/recodai-luc-scientific-image-forgery-detection/train_images/authentic/53404.png,authentic,0,0,0.0,,0,0.0,1.0,1.0,0.04456507787108421,0
authentic__53527,53527,/kaggle/input/competitions/recodai-luc-scientific-image-forgery-detection/train_images/authentic/53527.png,authentic,0,0,0.0,,2503,0.016974555121527776,3.995205752936668e-11,3.995205752936668e-11,0.9757016897201538,1
authentic__53675,53675,/kaggle/input/competitions/recodai-luc-scientific-image-forgery-detection/train_images/authentic/53675.png,authentic,0,0,0.0,,0,0.0,1.0,1.0,0.6034572720527649,1
authentic__5385,5385,/kaggle/input/competitions/recodai-luc-scientific-image-forgery-detection/train_images/authentic/5385.png,authentic,0,0,0.0,,0,0.0,1.0,1.0,0.6625065207481384,1
authentic__54000,54000,/kaggle/input/competitions/recodai-luc-scientific-image-forgery-detection/train_images/authentic/54000.png,authentic,0,0,0.0,,25893,0.17559814453125,3.8620476576531796e-12,3.8620476576531796e-12,0.9856172204017639,1
authentic__54152,54152,/kaggle/input/competitions/recodai-luc-scientific-image-forgery-detection/train_images/authentic/54152.png,authentic,0,0,0.0,,0,0.0,1.0,1.0,0.8253127336502075,1
authentic__54527,54527,/kaggle/input/competitions/recodai-luc-scientific-image-forgery-detection/train_images/authentic/54527.png,authentic,0,0,0.0,,0,0.0,1.0,1.0,0.7635856866836548,1
authentic__54553,54553,/kaggle/input/competitions/recodai-luc-scientific-image-forgery-detection/train_images/authentic/54553.png,authentic,0,0,0.0,,392,0.002658420138888889,2.5510204075124943e-10,2.5510204075124943e-10,0.9319267272949219,1
authentic__54710,54710,/kaggle/input/competitions/recodai-luc-scientific-image-forgery-detection/train_images/authentic/54710.png,authentic,0,0,0.0,,0,0.0,1.0,1.0,0.8307937383651733,1
authentic__54790,54790,/kaggle/input/competitions/recodai-luc-scientific-image-forgery-detection/train_images/authentic/54790.png,authentic,0,0,0.0,,1658,0.011244032118055556,6.031363087694128e-11,6.031363087694128e-11,0.9944508075714111,1
authentic__54945,54945,/kaggle/input/competitions/recodai-luc-scientific-image-forgery-detection/train_images/authentic/54945.png,authentic,0,0,0.0,,0,0.0,1.0,1.0,0.18796969950199127,0
authentic__55025,55025,/kaggle/input/competitions/recodai-luc-scientific-image-forgery-detection/train_images/authentic/55025.png,authentic,0,0,0.0,,0,0.0,1.0,1.0,0.683911144733429,1
authentic__55072,55072,/kaggle/input/competitions/recodai-luc-scientific-image-forgery-detection/train_images/authentic/55072.png,authentic,0,0,0.0,,0,0.0,1.0,1.0,0.018890168517827988,0
authentic__55175,55175,/kaggle/input/competitions/recodai-luc-scientific-image-forgery-detection/train_images/authentic/55175.png,authentic,0,0,0.0,,0,0.0,1.0,1.0,0.7432466745376587,1
authentic__55291,55291,/kaggle/input/competitions/recodai-luc-scientific-image-forgery-detection/train_images/authentic/55291.png,authentic,0,0,0.0,,0,0.0,1.0,1.0,0.5992607474327087,1
authentic__55541,55541,/kaggle/input/competitions/recodai-luc-scientific-image-forgery-detection/train_images/authentic/55541.png,authentic,0,0,0.0,,0,0.0,1.0,1.0,0.3231697976589203,0
authentic__55651,55651,/kaggle/input/competitions/recodai-luc-scientific-image-forgery-detection/train_images/authentic/55651.png,authentic,0,0,0.0,,0,0.0,1.0,1.0,0.7742128372192383,1
authentic__55695,55695,/kaggle/input/competitions/recodai-luc-scientific-image-forgery-detection/train_images/authentic/55695.png,authentic,0,0,0.0,,0,0.0,1.0,1.0,0.3402693569660187,0
authentic__55790,55790,/kaggle/input/competitions/recodai-luc-scientific-image-forgery-detection/train_images/authentic/55790.png,authentic,0,0,0.0,,1268,0.008599175347222222,7.886435330608324e-11,7.886435330608324e-11,0.9390841722488403,1
authentic__56127,56127,/kaggle/input/competitions/recodai-luc-scientific-image-forgery-detection/train_images/authentic/56127.png,authentic,0,0,0.0,,0,0.0,1.0,1.0,0.7917330265045166,1
authentic__5626,5626,/kaggle/input/competitions/recodai-luc-scientific-image-forgery-detection/train_images/authentic/5626.png,authentic,0,0,0.0,,3753,0.02545166015625,2.6645350385647606e-11,2.6645350385647606e-11,0.976994514465332,1
authentic__56311,56311,/kaggle/input/competitions/recodai-luc-scientific-image-forgery-detection/train_images/authentic/56311.png,authentic,0,0,0.0,,0,0.0,1.0,1.0,0.9352846145629883,1
authentic__56515,56515,/kaggle/input/competitions/recodai-luc-scientific-image-forgery-detection/train_images/authentic/56515.png,authentic,0,0,0.0,,0,0.0,1.0,1.0,0.5352514386177063,0
authentic__56589,56589,/kaggle/input/competitions/recodai-luc-scientific-image-forgery-detection/train_images/authentic/56589.png,authentic,0,0,0.0,,0,0.0,1.0,1.0,0.09178579598665237,0
authentic__56723,56723,/kaggle/input/competitions/recodai-luc-scientific-image-forgery-detection/train_images/authentic/56723.png,authentic,0,0,0.0,,0,0.0,1.0,1.0,0.1991448998451233,0
authentic__56793,56793,/kaggle/input/competitions/recodai-luc-scientific-image-forgery-detection/train_images/authentic/56793.png,authentic,0,0,0.0,,0,0.0,1.0,1.0,0.7970513105392456,1
authentic__569,569,/kaggle/input/competitions/recodai-luc-scientific-image-forgery-detection/train_images/authentic/569.png,authentic,0,0,0.0,,11801,0.08003065321180555,8.473858147542802e-12,8.473858147542802e-12,0.9870927333831787,1
authentic__56997,56997,/kaggle/input/competitions/recodai-luc-scientific-image-forgery-detection/train_images/authentic/56997.png,authentic,0,0,0.0,,0,0.0,1.0,1.0,0.37855958938598633,0
authentic__57085,57085,/kaggle/input/competitions/recodai-luc-scientific-image-forgery-detection/train_images/authentic/57085.png,authentic,0,0,0.0,,0,0.0,1.0,1.0,0.9771443009376526,1
authentic__57239,57239,/kaggle/input/competitions/recodai-luc-scientific-image-forgery-detection/train_images/authentic/57239.png,authentic,0,0,0.0,,5359,0.03634304470486111,1.8660197797748458e-11,1.8660197797748458e-11,0.973274827003479,1
authentic__57328,57328,/kaggle/input/competitions/recodai-luc-scientific-image-forgery-detection/train_images/authentic/57328.png,authentic,0,0,0.0,,0,0.0,1.0,1.0,0.23568511009216309,0
authentic__57505,57505,/kaggle/input/competitions/recodai-luc-scientific-image-forgery-detection/train_images/authentic/57505.png,authentic,0,0,0.0,,121,0.0008205837673611111,8.264462803087221e-10,8.264462803087221e-10,0.9729571342468262,1
authentic__57643,57643,/kaggle/input/competitions/recodai-luc-scientific-image-forgery-detection/train_images/authentic/57643.png,authentic,0,0,0.0,,0,0.0,1.0,1.0,0.034108467400074005,0
authentic__5772,5772,/kaggle/input/competitions/recodai-luc-scientific-image-forgery-detection/train_images/authentic/5772.png,authentic,0,0,0.0,,2228,0.015109592013888888,4.488330340911655e-11,4.488330340911655e-11,0.9948312640190125,1
authentic__57927,57927,/kaggle/input/competitions/recodai-luc-scientific-image-forgery-detection/train_images/authentic/57927.png,authentic,0,0,0.0,,19850,0.1346164279513889,5.037783375289482e-12,5.037783375289482e-12,0.9796348214149475,1
authentic__58081,58081,/kaggle/input/competitions/recodai-luc-scientific-image-forgery-detection/train_images/authentic/58081.png,authentic,0,0,0.0,,7592,0.05148654513888889,1.3171759746928717e-11,1.3171759746928717e-11,0.9586443901062012,1
authentic__58338,58338,/kaggle/input/competitions/recodai-luc-scientific-image-forgery-detection/train_images/authentic/58338.png,authentic,0,0,0.0,,15875,0.10765923394097222,6.299212598385516e-12,6.299212598385516e-12,0.998336672782898,1
authentic__58510,58510,/kaggle/input/competitions/recodai-luc-scientific-image-forgery-detection/train_images/authentic/58510.png,authentic,0,0,0.0,,1021,0.006924099392361111,9.794319293849724e-11,9.794319293849724e-11,0.9391714334487915,1
authentic__58697,58697,/kaggle/input/competitions/recodai-luc-scientific-image-forgery-detection/train_images/authentic/58697.png,authentic,0,0,0.0,,0,0.0,1.0,1.0,0.716618537902832,1
authentic__58782,58782,/kaggle/input/competitions/recodai-luc-scientific-image-forgery-detection/train_images/authentic/58782.png,authentic,0,0,0.0,,2364,0.016031901041666668,4.230118443137474e-11,4.230118443137474e-11,0.9875210523605347,1
authentic__58955,58955,/kaggle/input/competitions/recodai-luc-scientific-image-forgery-detection/train_images/authentic/58955.png,authentic,0,0,0.0,,515,0.0034925672743055555,1.9417475724384957e-10,1.9417475724384957e-10,0.9986522793769836,1
authentic__59148,59148,/kaggle/input/competitions/recodai-luc-scientific-image-forgery-detection/train_images/authentic/59148.png,authentic,0,0,0.0,,0,0.0,1.0,1.0,0.7460551857948303,1
authentic__59255,59255,/kaggle/input/competitions/recodai-luc-scientific-image-forgery-detection/train_images/authentic/59255.png,authentic,0,0,0.0,,0,0.0,1.0,1.0,0.6893930435180664,1
authentic__59375,59375,/kaggle/input/competitions/recodai-luc-scientific-image-forgery-detection/train_images/authentic/59375.png,authentic,0,0,0.0,,0,0.0,1.0,1.0,0.3369307518005371,0
authentic__59453,59453,/kaggle/input/competitions/recodai-luc-scientific-image-forgery-detection/train_images/authentic/59453.png,authentic,0,0,0.0,,4401,0.02984619140625,2.272210861116287e-11,2.272210861116287e-11,0.9698426127433777,1
authentic__59617,59617,/kaggle/input/competitions/recodai-luc-scientific-image-forgery-detection/train_images/authentic/59617.png,authentic,0,0,0.0,,28576,0.1937934027777778,3.49944008957342e-12,3.49944008957342e-12,0.9944082498550415,1
authentic__59840,59840,/kaggle/input/competitions/recodai-luc-scientific-image-forgery-detection/train_images/authentic/59840.png,authentic,0,0,0.0,,0,0.0,1.0,1.0,0.7883872389793396,1
authentic__59951,59951,/kaggle/input/competitions/recodai-luc-scientific-image-forgery-detection/train_images/authentic/59951.png,authentic,0,0,0.0,,0,0.0,1.0,1.0,0.05035105720162392,0
authentic__60046,60046,/kaggle/input/competitions/recodai-luc-scientific-image-forgery-detection/train_images/authentic/60046.png,authentic,0,0,0.0,,1109,0.007520887586805556,9.017132551035425e-11,9.017132551035425e-11,0.9446558356285095,1
authentic__6011,6011,/kaggle/input/competitions/recodai-luc-scientific-image-forgery-detection/train_images/authentic/6011.png,authentic,0,0,0.0,,7876,0.053412543402777776,1.2696800406136404e-11,1.2696800406136404e-11,0.9906401634216309,1
authentic__60195,60195,/kaggle/input/competitions/recodai-luc-scientific-image-forgery-detection/train_images/authentic/60195.png,authentic,0,0,0.0,,0,0.0,1.0,1.0,0.7669597864151001,1
authentic__60340,60340,/kaggle/input/competitions/recodai-luc-scientific-image-forgery-detection/train_images/authentic/60340.png,authentic,0,0,0.0,,0,0.0,1.0,1.0,0.3148597180843353,0
authentic__60457,60457,/kaggle/input/competitions/recodai-luc-scientific-image-forgery-detection/train_images/authentic/60457.png,authentic,0,0,0.0,,0,0.0,1.0,1.0,0.06637602299451828,0
authentic__6060,6060,/kaggle/input/competitions/recodai-luc-scientific-image-forgery-detection/train_images/authentic/6060.png,authentic,0,0,0.0,,0,0.0,1.0,1.0,0.1046115979552269,0
authentic__60829,60829,/kaggle/input/competitions/recodai-luc-scientific-image-forgery-detection/train_images/authentic/60829.png,authentic,0,0,0.0,,3071,0.020826551649305556,3.2562683164032474e-11,3.2562683164032474e-11,0.964127779006958,1
authentic__60986,60986,/kaggle/input/competitions/recodai-luc-scientific-image-forgery-detection/train_images/authentic/60986.png,authentic,0,0,0.0,,1931,0.013095431857638888,5.178663904444398e-11,5.178663904444398e-11,0.9958475828170776,1
authentic__6103,6103,/kaggle/input/competitions/recodai-luc-scientific-image-forgery-detection/train_images/authentic/6103.png,authentic,0,0,0.0,,0,0.0,1.0,1.0,0.03314069285988808,0
authentic__61270,61270,/kaggle/input/competitions/recodai-luc-scientific-image-forgery-detection/train_images/authentic/61270.png,authentic,0,0,0.0,,2778,0.018839518229166668,3.5997120229085774e-11,3.5997120229085774e-11,0.9507978558540344,1
authentic__61355,61355,/kaggle/input/competitions/recodai-luc-scientific-image-forgery-detection/train_images/authentic/61355.png,authentic,0,0,0.0,,0,0.0,1.0,1.0,0.8390798568725586,1
authentic__61566,61566,/kaggle/input/competitions/recodai-luc-scientific-image-forgery-detection/train_images/authentic/61566.png,authentic,0,0,0.0,,0,0.0,1.0,1.0,0.615110456943512,1
authentic__61883,61883,/kaggle/input/competitions/recodai-luc-scientific-image-forgery-detection/train_images/authentic/61883.png,authentic,0,0,0.0,,1291,0.008755154079861112,7.745933384372894e-11,7.745933384372894e-11,0.9194890260696411,1
authentic__61997,61997,/kaggle/input/competitions/recodai-luc-scientific-image-forgery-detection/train_images/authentic/61997.png,authentic,0,0,0.0,,7794,0.0528564453125,1.2830382345229273e-11,1.2830382345229273e-11,0.9672105312347412,1
authentic__6212,6212,/kaggle/input/competitions/recodai-luc-scientific-image-forgery-detection/train_images/authentic/6212.png,authentic,0,0,0.0,,0,0.0,1.0,1.0,0.7430427670478821,1
authentic__62249,62249,/kaggle/input/competitions/recodai-luc-scientific-image-forgery-detection/train_images/authentic/62249.png,authentic,0,0,0.0,,0,0.0,1.0,1.0,0.7514287829399109,1
authentic__62330,62330,/kaggle/input/competitions/recodai-luc-scientific-image-forgery-detection/train_images/authentic/62330.png,authentic,0,0,0.0,,369,0.00250244140625,2.710027099536578e-10,2.710027099536578e-10,0.9916927814483643,1
authentic__62519,62519,/kaggle/input/competitions/recodai-luc-scientific-image-forgery-detection/train_images/authentic/62519.png,authentic,0,0,0.0,,34377,0.23313395182291666,2.9089216627311605e-12,2.9089216627311605e-12,0.9980325102806091,1
authentic__62793,62793,/kaggle/input/competitions/recodai-luc-scientific-image-forgery-detection/train_images/authentic/62793.png,authentic,0,0,0.0,,1321,0.008958604600694444,7.570022709495077e-11,7.570022709495077e-11,0.989120602607727,1
authentic__63046,63046,/kaggle/input/competitions/recodai-luc-scientific-image-forgery-detection/train_images/authentic/63046.png,authentic,0,0,0.0,,0,0.0,1.0,1.0,0.40442565083503723,0
authentic__63117,63117,/kaggle/input/competitions/recodai-luc-scientific-image-forgery-detection/train_images/authentic/63117.png,authentic,0,0,0.0,,1378,0.009345160590277778,7.256894048820254e-11,7.256894048820254e-11,0.9821266531944275,1
authentic__63245,63245,/kaggle/input/competitions/recodai-luc-scientific-image-forgery-detection/train_images/authentic/63245.png,authentic,0,0,0.0,,0,0.0,1.0,1.0,0.8404207229614258,1
authentic__633,633,/kaggle/input/competitions/recodai-luc-scientific-image-forgery-detection/train_images/authentic/633.png,authentic,0,0,0.0,,770,0.005221896701388889,1.298701298532636e-10,1.298701298532636e-10,0.9959157109260559,1
authentic__63355,63355,/kaggle/input/competitions/recodai-luc-scientific-image-forgery-detection/train_images/authentic/63355.png,authentic,0,0,0.0,,0,0.0,1.0,1.0,0.9755696058273315,1
authentic__63427,63427,/kaggle/input/competitions/recodai-luc-scientific-image-forgery-detection/train_images/authentic/63427.png,authentic,0,0,0.0,,2952,0.02001953125,3.3875338752239995e-11,3.3875338752239995e-11,0.992355465888977,1
authentic__63654,63654,/kaggle/input/competitions/recodai-luc-scientific-image-forgery-detection/train_images/authentic/63654.png,authentic,0,0,0.0,,0,0.0,1.0,1.0,0.625611424446106,1
authentic__63713,63713,/kaggle/input/competitions/recodai-luc-scientific-image-forgery-detection/train_images/authentic/63713.png,authentic,0,0,0.0,,9584,0.06499565972222222,1.0434056761159911e-11,1.0434056761159911e-11,0.9679286479949951,1
authentic__63834,63834,/kaggle/input/competitions/recodai-luc-scientific-image-forgery-detection/train_images/authentic/63834.png,authentic,0,0,0.0,,5860,0.039740668402777776,1.7064846416091044e-11,1.7064846416091044e-11,0.9457167983055115,1
authentic__63947,63947,/kaggle/input/competitions/recodai-luc-scientific-image-forgery-detection/train_images/authentic/63947.png,authentic,0,0,0.0,,0,0.0,1.0,1.0,0.4973178207874298,0
authentic__6407,6407,/kaggle/input/competitions/recodai-luc-scientific-image-forgery-detection/train_images/authentic/6407.png,authentic,0,0,0.0,,2238,0.015177408854166666,4.468275245555484e-11,4.468275245555484e-11,0.9952137470245361,1
authentic__64128,64128,/kaggle/input/competitions/recodai-luc-scientific-image-forgery-detection/train_images/authentic/64128.png,authentic,0,0,0.0,,0,0.0,1.0,1.0,0.026031533256173134,0
authentic__6419,6419,/kaggle/input/competitions/recodai-luc-scientific-image-forgery-detection/train_images/authentic/6419.png,authentic,0,0,0.0,,2616,0.017740885416666668,3.822629969272835e-11,3.822629969272835e-11,0.9282260537147522,1
authentic__64245,64245,/kaggle/input/competitions/recodai-luc-scientific-image-forgery-detection/train_images/authentic/64245.png,authentic,0,0,0.0,,0,0.0,1.0,1.0,0.1554587185382843,0
authentic__64289,64289,/kaggle/input/competitions/recodai-luc-scientific-image-forgery-detection/train_images/authentic/64289.png,authentic,0,0,0.0,,0,0.0,1.0,1.0,0.5015802383422852,0
authentic__64391,64391,/kaggle/input/competitions/recodai-luc-scientific-image-forgery-detection/train_images/authentic/64391.png,authentic,0,0,0.0,,552,0.0037434895833333335,1.8115942025703634e-10,1.8115942025703634e-10,0.9050419926643372,1
authentic__6454,6454,/kaggle/input/competitions/recodai-luc-scientific-image-forgery-detection/train_images/authentic/6454.png,authentic,0,0,0.0,,1834,0.012437608506944444,5.4525627041737964e-11,5.4525627041737964e-11,0.9913123250007629,1
authentic__64717,64717,/kaggle/input/competitions/recodai-luc-scientific-image-forgery-detection/train_images/authentic/64717.png,authentic,0,0,0.0,,0,0.0,1.0,1.0,0.8201545476913452,1
authentic__64773,64773,/kaggle/input/competitions/recodai-luc-scientific-image-forgery-detection/train_images/authentic/64773.png,authentic,0,0,0.0,,706,0.004787868923611111,1.4164305947002223e-10,1.4164305947002223e-10,0.9338091015815735,1
authentic__64941,64941,/kaggle/input/competitions/recodai-luc-scientific-image-forgery-detection/train_images/authentic/64941.png,authentic,0,0,0.0,,843,0.005716959635416667,1.186239620262605e-10,1.186239620262605e-10,0.9470805525779724,1
authentic__6508,6508,/kaggle/input/competitions/recodai-luc-scientific-image-forgery-detection/train_images/authentic/6508.png,authentic,0,0,0.0,,0,0.0,1.0,1.0,0.0951259434223175,0
authentic__65214,65214,/kaggle/input/competitions/recodai-luc-scientific-image-forgery-detection/train_images/authentic/65214.png,authentic,0,0,0.0,,378,0.0025634765625,2.645502644802777e-10,2.645502644802777e-10,0.9088380336761475,1
authentic__65399,65399,/kaggle/input/competitions/recodai-luc-scientific-image-forgery-detection/train_images/authentic/65399.png,authentic,0,0,0.0,,115,0.0007798936631944445,8.695652166351607e-10,8.695652166351607e-10,0.9558076858520508,1
authentic__65532,65532,/kaggle/input/competitions/recodai-luc-scientific-image-forgery-detection/train_images/authentic/65532.png,authentic,0,0,0.0,,0,0.0,1.0,1.0,0.8395557999610901,1
authentic__6618,6618,/kaggle/input/competitions/recodai-luc-scientific-image-forgery-detection/train_images/authentic/6618.png,authentic,0,0,0.0,,537,0.0036417643229166665,1.862197392576872e-10,1.862197392576872e-10,0.9617623090744019,1
authentic__6696,6696,/kaggle/input/competitions/recodai-luc-scientific-image-forgery-detection/train_images/authentic/6696.png,authentic,0,0,0.0,,294,0.0019938151041666665,3.4013605430607615e-10,3.4013605430607615e-10,0.973683774471283,1
authentic__6800,6800,/kaggle/input/competitions/recodai-luc-scientific-image-forgery-detection/train_images/authentic/6800.png,authentic,0,0,0.0,,780,0.005289713541666667,1.2820512818869165e-10,1.2820512818869165e-10,0.9297299981117249,1
authentic__7004,7004,/kaggle/input/competitions/recodai-luc-scientific-image-forgery-detection/train_images/authentic/7004.png,authentic,0,0,0.0,,353,0.0023939344618055555,2.832861188999189e-10,2.832861188999189e-10,0.9980104565620422,1
authentic__7130,7130,/kaggle/input/competitions/recodai-luc-scientific-image-forgery-detection/train_images/authentic/7130.png,authentic,0,0,0.0,,0,0.0,1.0,1.0,0.24351871013641357,0
authentic__7279,7279,/kaggle/input/competitions/recodai-luc-scientific-image-forgery-detection/train_images/authentic/7279.png,authentic,0,0,0.0,,0,0.0,1.0,1.0,0.5824363231658936,0
authentic__7411,7411,/kaggle/input/competitions/recodai-luc-scientific-image-forgery-detection/train_images/authentic/7411.png,authentic,0,0,0.0,,0,0.0,1.0,1.0,0.3883778750896454,0
authentic__7498,7498,/kaggle/input/competitions/recodai-luc-scientific-image-forgery-detection/train_images/authentic/7498.png,authentic,0,0,0.0,,115,0.0007798936631944445,8.695652166351607e-10,8.695652166351607e-10,0.9723811745643616,1
authentic__7610,7610,/kaggle/input/competitions/recodai-luc-scientific-image-forgery-detection/train_images/authentic/7610.png,authentic,0,0,0.0,,0,0.0,1.0,1.0,0.6020490527153015,1
authentic__770,770,/kaggle/input/competitions/recodai-luc-scientific-image-forgery-detection/train_images/authentic/770.png,authentic,0,0,0.0,,1757,0.011915418836805556,5.691519635418809e-11,5.691519635418809e-11,0.9915732741355896,1
authentic__7715,7715,/kaggle/input/competitions/recodai-luc-scientific-image-forgery-detection/train_images/authentic/7715.png,authentic,0,0,0.0,,0,0.0,1.0,1.0,0.025611627846956253,0
authentic__7771,7771,/kaggle/input/competitions/recodai-luc-scientific-image-forgery-detection/train_images/authentic/7771.png,authentic,0,0,0.0,,1189,0.008063422309027778,8.410428931168172e-11,8.410428931168172e-11,0.9644994735717773,1
authentic__7972,7972,/kaggle/input/competitions/recodai-luc-scientific-image-forgery-detection/train_images/authentic/7972.png,authentic,0,0,0.0,,0,0.0,1.0,1.0,0.6000611186027527,1
authentic__8074,8074,/kaggle/input/competitions/recodai-luc-scientific-image-forgery-detection/train_images/authentic/8074.png,authentic,0,0,0.0,,0,0.0,1.0,1.0,0.11820206791162491,0
authentic__8130,8130,/kaggle/input/competitions/recodai-luc-scientific-image-forgery-detection/train_images/authentic/8130.png,authentic,0,0,0.0,,1103,0.007480197482638889,9.066183136077408e-11,9.066183136077408e-11,0.9583359956741333,1
authentic__8259,8259,/kaggle/input/competitions/recodai-luc-scientific-image-forgery-detection/train_images/authentic/8259.png,authentic,0,0,0.0,,0,0.0,1.0,1.0,0.568995475769043,0
authentic__8388,8388,/kaggle/input/competitions/recodai-luc-scientific-image-forgery-detection/train_images/authentic/8388.png,authentic,0,0,0.0,,0,0.0,1.0,1.0,0.7037785053253174,1
authentic__8481,8481,/kaggle/input/competitions/recodai-luc-scientific-image-forgery-detection/train_images/authentic/8481.png,authentic,0,0,0.0,,146,0.0009901258680555555,6.849315063801839e-10,6.849315063801839e-10,0.9101481437683105,1
authentic__8678,8678,/kaggle/input/competitions/recodai-luc-scientific-image-forgery-detection/train_images/authentic/8678.png,authentic,0,0,0.0,,0,0.0,1.0,1.0,0.5999146103858948,1
authentic__8733,8733,/kaggle/input/competitions/recodai-luc-scientific-image-forgery-detection/train_images/authentic/8733.png,authentic,0,0,0.0,,20659,0.1401028103298611,4.84050534873498e-12,4.84050534873498e-12,0.9577088356018066,1
authentic__8874,8874,/kaggle/input/competitions/recodai-luc-scientific-image-forgery-detection/train_images/authentic/8874.png,authentic,0,0,0.0,,32917,0.2232326931423611,3.037943919546016e-12,3.037943919546016e-12,0.9835969805717468,1
authentic__9568,9568,/kaggle/input/competitions/recodai-luc-scientific-image-forgery-detection/train_images/authentic/9568.png,authentic,0,0,0.0,,0,0.0,1.0,1.0,0.05517368018627167,0
authentic__9849,9849,/kaggle/input/competitions/recodai-luc-scientific-image-forgery-detection/train_images/authentic/9849.png,authentic,0,0,0.0,,0,0.0,1.0,1.0,0.08488307893276215,0
authentic__9977,9977,/kaggle/input/competitions/recodai-luc-scientific-image-forgery-detection/train_images/authentic/9977.png,authentic,0,0,0.0,,275,0.001864963107638889,3.636363635041322e-10,3.636363635041322e-10,0.8980534672737122,1
forged__10,10,/kaggle/input/competitions/recodai-luc-scientific-image-forgery-detection/train_images/forged/10.png,forged,1,413,0.002800835503472222,Q1,6781,0.04598659939236111,1.3900472615875724e-11,1.3900472615875724e-11,0.955489456653595,1
forged__1008,1008,/kaggle/input/competitions/recodai-luc-scientific-image-forgery-detection/train_images/forged/1008.png,forged,1,8990,0.060967339409722224,Q3,0,0.0,1.1123470522679382e-11,1.1123470522679382e-11,0.8308880925178528,1
forged__10176,10176,/kaggle/input/competitions/recodai-luc-scientific-image-forgery-detection/train_images/forged/10176.png,forged,1,21585,0.14638264973958334,Q4,27903,0.18922932942708334,0.8334949886844619,0.7145232815974414,0.9998335838317871,1
forged__10296,10296,/kaggle/input/competitions/recodai-luc-scientific-image-forgery-detection/train_images/forged/10296.png,forged,1,12758,0.0865207248263889,Q1,3108,0.021077473958333332,6.302785831297725e-12,6.302785831297725e-12,0.9620630741119385,1
forged__10408,10408,/kaggle/input/competitions/recodai-luc-scientific-image-forgery-detection/train_images/forged/10408.png,forged,1,13170,0.08931477864583333,Q2,18962,0.1285942925347222,0.7494086891580063,0.5992434799940313,0.9998003840446472,1
forged__10458,10458,/kaggle/input/competitions/recodai-luc-scientific-image-forgery-detection/train_images/forged/10458.png,forged,1,8835,0.059916178385416664,Q2,16430,0.1114230685763889,0.37854739758805245,0.23346189523393318,0.9998561143875122,1
forged__10632,10632,/kaggle/input/competitions/recodai-luc-scientific-image-forgery-detection/train_images/forged/10632.png,forged,1,733,0.004970974392361111,Q1,1273,0.008633083767361112,0.6689930209536893,0.5026217228836987,0.9955411553382874,1
forged__10742,10742,/kaggle/input/competitions/recodai-luc-scientific-image-forgery-detection/train_images/forged/10742.png,forged,1,757,0.005133734809027778,Q1,696,0.004720052083333333,0.6896077082113139,0.5262605042514432,0.9990406632423401,1
forged__10878,10878,/kaggle/input/competitions/recodai-luc-scientific-image-forgery-detection/train_images/forged/10878.png,forged,1,4751,0.032219780815972224,Q2,13257,0.08990478515625,0.49822301199745544,0.3317556574520651,0.9992526173591614,1
forged__10951,10951,/kaggle/input/competitions/recodai-luc-scientific-image-forgery-detection/train_images/forged/10951.png,forged,1,7376,0.05002170138888889,Q2,8186,0.05551486545138889,0.9293149980726815,0.8679630296498864,0.9990142583847046,1
forged__1101,1101,/kaggle/input/competitions/recodai-luc-scientific-image-forgery-detection/train_images/forged/1101.png,forged,1,230,0.001559787326388889,Q2,0,0.0,4.3478260850661626e-10,4.3478260850661626e-10,0.9204357266426086,1
forged__11206,11206,/kaggle/input/competitions/recodai-luc-scientific-image-forgery-detection/train_images/forged/11206.png,forged,1,15263,0.10350884331597222,Q4,20095,0.13627794053819445,0.722269359127433,0.5652751339166617,0.9998632669448853,1
forged__11277,11277,/kaggle/input/competitions/recodai-luc-scientific-image-forgery-detection/train_images/forged/11277.png,forged,1,473,0.003207736545138889,Q2,0,0.0,2.11416490441561e-10,2.11416490441561e-10,0.9889950752258301,1
forged__11356,11356,/kaggle/input/competitions/recodai-luc-scientific-image-forgery-detection/train_images/forged/11356.png,forged,1,5323,0.03609890407986111,Q1,3996,0.027099609375,0.5848266981480327,0.41325447377292607,0.997408926486969,1
forged__1143,1143,/kaggle/input/competitions/recodai-luc-scientific-image-forgery-detection/train_images/forged/1143.png,forged,1,883,0.005988226996527778,Q2,0,0.0,1.1325028311288218e-10,1.1325028311288218e-10,0.39401695132255554,0
forged__11513,11513,/kaggle/input/competitions/recodai-luc-scientific-image-forgery-detection/train_images/forged/11513.png,forged,1,5955,0.040384928385416664,Q2,6302,0.04273817274305555,0.4330586603619722,0.27637196710115197,0.997779905796051,1
forged__11662,11662,/kaggle/input/competitions/recodai-luc-scientific-image-forgery-detection/train_images/forged/11662.png,forged,1,1062,0.0072021484375,Q1,1981,0.013434516059027778,0.4705882353115154,0.3076923077220588,0.9991732239723206,1
forged__11740,11740,/kaggle/input/competitions/recodai-luc-scientific-image-forgery-detection/train_images/forged/11740.png,forged,1,346,0.002346462673611111,Q1,0,0.0,2.890173409569314e-10,2.890173409569314e-10,0.7472847104072571,1
forged__11854,11854,/kaggle/input/competitions/recodai-luc-scientific-image-forgery-detection/train_images/forged/11854.png,forged,1,948,0.006429036458333333,Q3,389,0.0026380750868055555,0.5355272999599455,0.3656792646204618,0.9970801472663879,1
forged__11964,11964,/kaggle/input/competitions/recodai-luc-scientific-image-forgery-detection/train_images/forged/11964.png,forged,1,7671,0.052022298177083336,Q2,11843,0.08031548394097222,0.5707697038045979,0.39935460739046713,0.9974820017814636,1
forged__12025,12025,/kaggle/input/competitions/recodai-luc-scientific-image-forgery-detection/train_images/forged/12025.png,forged,1,11938,0.0809597439236111,Q4,1124,0.007622612847222222,7.655795437087307e-12,7.655795437087307e-12,0.9641519784927368,1
forged__12073,12073,/kaggle/input/competitions/recodai-luc-scientific-image-forgery-detection/train_images/forged/12073.png,forged,1,601,0.004075792100694444,Q1,910,0.006171332465277778,0.7743216413120899,0.6317494600829644,0.9977803826332092,1
forged__12150,12150,/kaggle/input/competitions/recodai-luc-scientific-image-forgery-detection/train_images/forged/12150.png,forged,1,2631,0.017842610677083332,Q2,0,0.0,3.8008361838160075e-11,3.8008361838160075e-11,0.9756661653518677,1
forged__12262,12262,/kaggle/input/competitions/recodai-luc-scientific-image-forgery-detection/train_images/forged/12262.png,forged,1,2267,0.015374077690972222,Q1,5808,0.039388020833333336,0.3786996904101709,0.23357775742081308,0.9765220880508423,1
forged__12300,12300,/kaggle/input/competitions/recodai-luc-scientific-image-forgery-detection/train_images/forged/12300.png,forged,1,1096,0.007432725694444444,Q1,614,0.004163953993055556,0.5730994152296432,0.401639344311341,0.989769697189331,1
forged__12364,12364,/kaggle/input/competitions/recodai-luc-scientific-image-forgery-detection/train_images/forged/12364.png,forged,1,8474,0.05746799045138889,Q3,9185,0.06228976779513889,0.9301772467301083,0.8694685581212209,0.9991877675056458,1
forged__12446,12446,/kaggle/input/competitions/recodai-luc-scientific-image-forgery-detection/train_images/forged/12446.png,forged,1,2297,0.015577528211805556,Q1,1424,0.009657118055555556,0.4971781779226773,0.33082975681935517,0.9895797371864319,1
forged__12572,12572,/kaggle/input/competitions/recodai-luc-scientific-image-forgery-detection/train_images/forged/12572.png,forged,1,1785,0.012105305989583334,Q4,723,0.004903157552083333,0.5550239234627184,0.3841059602988904,0.9979952573776245,1
forged__12629,12629,/kaggle/input/competitions/recodai-luc-scientific-image-forgery-detection/train_images/forged/12629.png,forged,1,577,0.003913031684027778,Q1,414,0.0028076171875,1.0090817355187606e-10,1.0090817355187606e-10,0.9103662371635437,1
forged__12793,12793,/kaggle/input/competitions/recodai-luc-scientific-image-forgery-detection/train_images/forged/12793.png,forged,1,16194,0.10982259114583333,Q4,25246,0.1712103949652778,0.7696911196916755,0.6256080338944547,0.9998743534088135,1
forged__12879,12879,/kaggle/input/competitions/recodai-luc-scientific-image-forgery-detection/train_images/forged/12879.png,forged,1,11613,0.07875569661458333,Q3,13098,0.08882649739583333,0.460604589051594,0.2992113564705614,0.9898971319198608,1
forged__13020,13020,/kaggle/input/competitions/recodai-luc-scientific-image-forgery-detection/train_images/forged/13020.png,forged,1,21576,0.14632161458333334,Q2,23278,0.1578640407986111,0.9155036340127625,0.8441739988494196,0.9988611936569214,1
forged__13123,13123,/kaggle/input/competitions/recodai-luc-scientific-image-forgery-detection/train_images/forged/13123.png,forged,1,384,0.0026041666666666665,Q1,2424,0.016438802083333332,3.561253561126736e-11,3.561253561126736e-11,0.9855098724365234,1
forged__13333,13333,/kaggle/input/competitions/recodai-luc-scientific-image-forgery-detection/train_images/forged/13333.png,forged,1,1325,0.008985731336805556,Q3,418,0.002834743923611111,0.4601262191933375,0.29880774967967155,0.9967437982559204,1
forged__13451,13451,/kaggle/input/competitions/recodai-luc-scientific-image-forgery-detection/train_images/forged/13451.png,forged,1,46884,0.3179524739583333,Q4,61490,0.4170057508680556,0.8561093989334563,0.748418946825393,0.9991714954376221,1
forged__13603,13603,/kaggle/input/competitions/recodai-luc-scientific-image-forgery-detection/train_images/forged/13603.png,forged,1,856,0.005805121527777778,Q1,2789,0.018914116753472224,0.3846364883570745,0.23811141306935762,0.9962114095687866,1
forged__13670,13670,/kaggle/input/competitions/recodai-luc-scientific-image-forgery-detection/train_images/forged/13670.png,forged,1,16855,0.11430528428819445,Q4,17360,0.11773003472222222,0.9648399824639344,0.9320684397767685,0.9998199343681335,1
forged__13742,13742,/kaggle/input/competitions/recodai-luc-scientific-image-forgery-detection/train_images/forged/13742.png,forged,1,535,0.003628200954861111,Q2,452,0.0030653211805555555,0.8774062816740217,0.7815884476928542,0.9979332685470581,1
forged__13839,13839,/kaggle/input/competitions/recodai-luc-scientific-image-forgery-detection/train_images/forged/13839.png,forged,1,1774,0.012030707465277778,Q2,0,0.0,5.636978579163642e-11,5.636978579163642e-11,0.4479653835296631,0
forged__13893,13893,/kaggle/input/competitions/recodai-luc-scientific-image-forgery-detection/train_images/forged/13893.png,forged,1,10464,0.07096354166666667,Q3,16715,0.11335584852430555,0.762500459914778,0.6161622168067066,0.9993182420730591,1
forged__13971,13971,/kaggle/input/competitions/recodai-luc-scientific-image-forgery-detection/train_images/forged/13971.png,forged,1,552,0.0037434895833333335,Q1,100,0.0006781684027777778,1.533742331053107e-10,1.533742331053107e-10,0.9161049127578735,1
forged__14070,14070,/kaggle/input/competitions/recodai-luc-scientific-image-forgery-detection/train_images/forged/14070.png,forged,1,14290,0.09691026475694445,Q4,0,0.0,6.997900629762085e-12,6.997900629762085e-12,0.8607481718063354,1
forged__14114,14114,/kaggle/input/competitions/recodai-luc-scientific-image-forgery-detection/train_images/forged/14114.png,forged,1,21430,0.1453314887152778,Q4,27620,0.1873101128472222,0.8674006116210654,0.765849443785269,0.9999216794967651,1
forged__1419,1419,/kaggle/input/competitions/recodai-luc-scientific-image-forgery-detection/train_images/forged/1419.png,forged,1,1155,0.007832845052083334,Q4,0,0.0,8.658008657259046e-11,8.658008657259046e-11,0.3426711857318878,0
forged__14331,14331,/kaggle/input/competitions/recodai-luc-scientific-image-forgery-detection/train_images/forged/14331.png,forged,1,562,0.003811306423611111,Q2,391,0.002651638454861111,0.6862539349752095,0.5223642173286959,0.9969712495803833,1
forged__14436,14436,/kaggle/input/competitions/recodai-luc-scientific-image-forgery-detection/train_images/forged/14436.png,forged,1,4354,0.029527452256944444,Q1,10110,0.06856282552083333,0.5663716814189272,0.3950617284008964,0.9995012283325195,1
forged__14594,14594,/kaggle/input/competitions/recodai-luc-scientific-image-forgery-detection/train_images/forged/14594.png,forged,1,1382,0.009372287326388888,Q3,0,0.0,7.235890013948198e-11,7.235890013948198e-11,0.9289404153823853,1
forged__14624,14624,/kaggle/input/competitions/recodai-luc-scientific-image-forgery-detection/train_images/forged/14624.png,forged,1,8560,0.058051215277777776,Q2,0,0.0,1.1682242990517729e-11,1.1682242990517729e-11,0.3637033700942993,0
forged__14700,14700,/kaggle/input/competitions/recodai-luc-scientific-image-forgery-detection/train_images/forged/14700.png,forged,1,847,0.005744086371527778,Q1,132,0.0008951822916666666,1.0214504595483708e-10,1.0214504595483708e-10,0.9305174946784973,1
forged__14770,14770,/kaggle/input/competitions/recodai-luc-scientific-image-forgery-detection/train_images/forged/14770.png,forged,1,38928,0.2639973958333333,Q3,68372,0.4636773003472222,0.7054799627216165,0.544974154440476,0.9995786547660828,1
forged__14829,14829,/kaggle/input/competitions/recodai-luc-scientific-image-forgery-detection/train_images/forged/14829.png,forged,1,893,0.006056043836805556,Q3,214,0.0014512803819444445,0.3559168925604411,0.2164835165696172,0.9929936528205872,1
forged__14930,14930,/kaggle/input/competitions/recodai-luc-scientific-image-forgery-detection/train_images/forged/14930.png,forged,1,5073,0.034403483072916664,Q4,0,0.0,1.9712201852558404e-11,1.9712201852558404e-11,0.6967487931251526,1
forged__14988,14988,/kaggle/input/competitions/recodai-luc-scientific-image-forgery-detection/train_images/forged/14988.png,forged,1,1906,0.012925889756944444,Q1,1707,0.011576334635416666,0.5314143371289396,0.36185450435876915,0.9971357583999634,1
forged__15061,15061,/kaggle/input/competitions/recodai-luc-scientific-image-forgery-detection/train_images/forged/15061.png,forged,1,1022,0.006930881076388889,Q3,0,0.0,9.784735811175661e-11,9.784735811175661e-11,0.7084016799926758,1
forged__15269,15269,/kaggle/input/competitions/recodai-luc-scientific-image-forgery-detection/train_images/forged/15269.png,forged,1,13093,0.08879258897569445,Q4,21471,0.14560953776041666,0.6976623076041614,0.5357000044451251,0.9987626075744629,1
forged__1536,1536,/kaggle/input/competitions/recodai-luc-scientific-image-forgery-detection/train_images/forged/1536.png,forged,1,10444,0.0708279079861111,Q2,10866,0.07368977864583333,0.8800563115913653,0.785804072741257,0.9994895458221436,1
forged__15426,15426,/kaggle/input/competitions/recodai-luc-scientific-image-forgery-detection/train_images/forged/15426.png,forged,1,18371,0.12458631727430555,Q4,15275,0.10359022352430555,0.5415799797909363,0.3713470552297887,0.9847871661186218,1
forged__15579,15579,/kaggle/input/competitions/recodai-luc-scientific-image-forgery-detection/train_images/forged/15579.png,forged,1,1259,0.008538140190972222,Q1,1608,0.010904947916666666,3.487966515399792e-11,3.487966515399792e-11,0.9979020357131958,1
forged__15733,15733,/kaggle/input/competitions/recodai-luc-scientific-image-forgery-detection/train_images/forged/15733.png,forged,1,11982,0.08125813802083333,Q4,33764,0.2289767795138889,0.4959122109047875,0.3297096183491855,0.9998316764831543,1
forged__1580,1580,/kaggle/input/competitions/recodai-luc-scientific-image-forgery-detection/train_images/forged/1580.png,forged,1,1329,0.009012858072916666,Q3,610,0.004136827256944444,0.5982465188448558,0.4267844003365132,0.9975656270980835,1
forged__15860,15860,/kaggle/input/competitions/recodai-luc-scientific-image-forgery-detection/train_images/forged/15860.png,forged,1,6596,0.044731987847222224,Q2,15519,0.10524495442708333,0.573366493332248,0.4019017432684507,0.9992302656173706,1
forged__15940,15940,/kaggle/input/competitions/recodai-luc-scientific-image-forgery-detection/train_images/forged/15940.png,forged,1,6446,0.04371473524305555,Q3,8421,0.057108561197916664,0.38649357638133786,0.23953643489044907,0.9987536668777466,1
forged__1608,1608,/kaggle/input/competitions/recodai-luc-scientific-image-forgery-detection/train_images/forged/1608.png,forged,1,651,0.004414876302083333,Q3,0,0.0,1.536098310055899e-10,1.536098310055899e-10,0.27679744362831116,0
forged__16161,16161,/kaggle/input/competitions/recodai-luc-scientific-image-forgery-detection/train_images/forged/16161.png,forged,1,1204,0.008165147569444444,Q4,1651,0.011196560329861112,0.6865148861756037,0.5226666666921244,0.9970120191574097,1
forged__16219,16219,/kaggle/input/competitions/recodai-luc-scientific-image-forgery-detection/train_images/forged/16219.png,forged,1,14182,0.09617784288194445,Q4,14486,0.0982394748263889,0.9762104088182775,0.9535264054517647,0.9997697472572327,1
forged__16294,16294,/kaggle/input/competitions/recodai-luc-scientific-image-forgery-detection/train_images/forged/16294.png,forged,1,19371,0.13136800130208334,Q3,25053,0.16990152994791666,0.8686295696023126,0.7677676084370563,0.9997789263725281,1
forged__1641,1641,/kaggle/input/competitions/recodai-luc-scientific-image-forgery-detection/train_images/forged/1641.png,forged,1,2908,0.019721137152777776,Q2,0,0.0,3.438789545961527e-11,3.438789545961527e-11,0.7598719596862793,1
forged__16534,16534,/kaggle/input/competitions/recodai-luc-scientific-image-forgery-detection/train_images/forged/16534.png,forged,1,2770,0.018785264756944444,Q1,271,0.0018378363715277778,3.288391976215443e-11,3.288391976215443e-11,0.9301238059997559,1
forged__16590,16590,/kaggle/input/competitions/recodai-luc-scientific-image-forgery-detection/train_images/forged/16590.png,forged,1,3816,0.02587890625,Q2,1083,0.007344563802083333,0.33272096347555175,0.19955925565133303,0.9295504093170166,1
forged__16647,16647,/kaggle/input/competitions/recodai-luc-scientific-image-forgery-detection/train_images/forged/16647.png,forged,1,28380,0.19246419270833334,Q4,30349,0.2058173285590278,0.6786085238984512,0.513556002269178,0.9997945427894592,1
forged__16703,16703,/kaggle/input/competitions/recodai-luc-scientific-image-forgery-detection/train_images/forged/16703.png,forged,1,4272,0.028971354166666668,Q2,7374,0.050008138020833336,0.3973896616915903,0.2479639948644667,0.9840534329414368,1
forged__16866,16866,/kaggle/input/competitions/recodai-luc-scientific-image-forgery-detection/train_images/forged/16866.png,forged,1,32271,0.21885172526041666,Q4,34686,0.2352294921875,0.6790925519367966,0.5141106236725745,0.9969170093536377,1
forged__16960,16960,/kaggle/input/competitions/recodai-luc-scientific-image-forgery-detection/train_images/forged/16960.png,forged,1,12130,0.08226182725694445,Q4,15550,0.10545518663194445,0.7890895953764845,0.6516498597789149,0.9997803568840027,1
forged__17071,17071,/kaggle/input/competitions/recodai-luc-scientific-image-forgery-detection/train_images/forged/17071.png,forged,1,1129,0.007656521267361111,Q1,0,0.0,8.857395924813339e-11,8.857395924813339e-11,0.6087918877601624,1
forged__17245,17245,/kaggle/input/competitions/recodai-luc-scientific-image-forgery-detection/train_images/forged/17245.png,forged,1,1200,0.008138020833333334,Q1,806,0.005466037326388889,0.5284147557563104,0.3590785908293307,0.998450517654419,1
forged__17298,17298,/kaggle/input/competitions/recodai-luc-scientific-image-forgery-detection/train_images/forged/17298.png,forged,1,705,0.004781087239583333,Q3,475,0.0032212999131944445,0.7220338983286411,0.5649867374582246,0.9978325963020325,1
forged__17493,17493,/kaggle/input/competitions/recodai-luc-scientific-image-forgery-detection/train_images/forged/17493.png,forged,1,25492,0.1728786892361111,Q4,31546,0.2139350043402778,0.8908447000247364,0.803174001012256,0.9994809031486511,1
forged__17625,17625,/kaggle/input/competitions/recodai-luc-scientific-image-forgery-detection/train_images/forged/17625.png,forged,1,2413,0.016364203559027776,Q2,4002,0.027140299479166668,0.20670303976295087,0.11526425592636884,0.9816924333572388,1
forged__17754,17754,/kaggle/input/competitions/recodai-luc-scientific-image-forgery-detection/train_images/forged/17754.png,forged,1,10337,0.0701022677951389,Q4,3174,0.021525065104166668,0.3611871808203598,0.22039562822490832,0.9736915826797485,1
forged__17846,17846,/kaggle/input/competitions/recodai-luc-scientific-image-forgery-detection/train_images/forged/17846.png,forged,1,41282,0.2799614800347222,Q3,68556,0.4649251302083333,0.6859374715492945,0.5219975889263486,0.9982093572616577,1
forged__18000,18000,/kaggle/input/competitions/recodai-luc-scientific-image-forgery-detection/train_images/forged/18000.png,forged,1,9612,0.065185546875,Q3,9750,0.06612141927083333,0.4947835967384837,0.3287125995105084,0.9965169429779053,1
forged__1813,1813,/kaggle/input/competitions/recodai-luc-scientific-image-forgery-detection/train_images/forged/1813.png,forged,1,690,0.004679361979166667,Q1,912,0.006184895833333333,0.3295880150231218,0.19730941710035058,0.9729899764060974,1
forged__18440,18440,/kaggle/input/competitions/recodai-luc-scientific-image-forgery-detection/train_images/forged/18440.png,forged,1,8623,0.058478461371527776,Q4,8790,0.059611002604166664,0.9222994314597008,0.8558030480671873,0.9998681545257568,1
forged__1856,1856,/kaggle/input/competitions/recodai-luc-scientific-image-forgery-detection/train_images/forged/1856.png,forged,1,64216,0.4354926215277778,Q4,74763,0.50701904296875,0.9076910900208609,0.8309838743678449,0.9998931884765625,1
forged__187,187,/kaggle/input/competitions/recodai-luc-scientific-image-forgery-detection/train_images/forged/187.png,forged,1,1543,0.010464138454861112,Q2,0,0.0,6.480881399450364e-11,6.480881399450364e-11,0.7009643912315369,1
forged__1879,1879,/kaggle/input/competitions/recodai-luc-scientific-image-forgery-detection/train_images/forged/1879.png,forged,1,6785,0.046013726128472224,Q4,9728,0.06597222222222222,0.7787803548732588,0.6377070316410025,0.9975252747535706,1
forged__18995,18995,/kaggle/input/competitions/recodai-luc-scientific-image-forgery-detection/train_images/forged/18995.png,forged,1,14519,0.09846327039930555,Q4,12056,0.0817599826388889,0.8831608654755102,0.7907681940714908,0.9997262358665466,1
forged__19130,19130,/kaggle/input/competitions/recodai-luc-scientific-image-forgery-detection/train_images/forged/19130.png,forged,1,1658,0.011244032118055556,Q1,0,0.0,6.031363087694128e-11,6.031363087694128e-11,0.757345974445343,1
forged__19281,19281,/kaggle/input/competitions/recodai-luc-scientific-image-forgery-detection/train_images/forged/19281.png,forged,1,1199,0.008131239149305556,Q2,508,0.003445095486111111,0.5951962507559931,0.4236864053858477,0.9973611235618591,1
forged__1940,1940,/kaggle/input/competitions/recodai-luc-scientific-image-forgery-detection/train_images/forged/1940.png,forged,1,10724,0.0727267795138889,Q2,5950,0.040351019965277776,0.6681060333473186,0.5016210374684652,0.999756395816803,1
forged__19593,19593,/kaggle/input/competitions/recodai-luc-scientific-image-forgery-detection/train_images/forged/19593.png,forged,1,8162,0.055352105034722224,Q3,4642,0.03148057725694445,0.665104654797992,0.49824479289143164,0.9997754693031311,1
forged__19633,19633,/kaggle/input/competitions/recodai-luc-scientific-image-forgery-detection/train_images/forged/19633.png,forged,1,24436,0.1657172309027778,Q4,27732,0.18806966145833334,0.8632495016104447,0.7594010320064774,0.9999220371246338,1
forged__19728,19728,/kaggle/input/competitions/recodai-luc-scientific-image-forgery-detection/train_images/forged/19728.png,forged,1,4389,0.029764811197916668,Q1,0,0.0,2.2784233310029977e-11,2.2784233310029977e-11,0.8271310925483704,1
forged__19847,19847,/kaggle/input/competitions/recodai-luc-scientific-image-forgery-detection/train_images/forged/19847.png,forged,1,2911,0.019741482204861112,Q4,1630,0.011054144965277778,0.7024884386764482,0.5414120841975081,0.9985678195953369,1
forged__19953,19953,/kaggle/input/competitions/recodai-luc-scientific-image-forgery-detection/train_images/forged/19953.png,forged,1,20905,0.14177110460069445,Q4,19868,0.1347384982638889,0.9271822039096285,0.8642494627595252,0.9999319314956665,1
forged__20007,20007,/kaggle/input/competitions/recodai-luc-scientific-image-forgery-detection/train_images/forged/20007.png,forged,1,1718,0.011650933159722222,Q1,674,0.004570855034722222,4.180602006514189e-11,4.180602006514189e-11,0.9925650358200073,1
forged__20103,20103,/kaggle/input/competitions/recodai-luc-scientific-image-forgery-detection/train_images/forged/20103.png,forged,1,1264,0.008572048611111112,Q1,1800,0.01220703125,0.5626631853928635,0.3914623070212778,0.998816728591919,1
forged__20270,20270,/kaggle/input/competitions/recodai-luc-scientific-image-forgery-detection/train_images/forged/20270.png,forged,1,9869,0.0669284396701389,Q3,4805,0.032585991753472224,0.5815728499415186,0.4100124915978667,0.9962665438652039,1
forged__20379,20379,/kaggle/input/competitions/recodai-luc-scientific-image-forgery-detection/train_images/forged/20379.png,forged,1,719,0.004876030815972222,Q1,1354,0.009182400173611112,0.5576459238032975,0.3866220736196239,0.997984766960144,1
forged__20490,20490,/kaggle/input/competitions/recodai-luc-scientific-image-forgery-detection/train_images/forged/20490.png,forged,1,2616,0.017740885416666668,Q2,207,0.00140380859375,3.5423308535762546e-11,3.5423308535762546e-11,0.9064540863037109,1
forged__2053,2053,/kaggle/input/competitions/recodai-luc-scientific-image-forgery-detection/train_images/forged/2053.png,forged,1,1134,0.0076904296875,Q2,0,0.0,8.818342150897853e-11,8.818342150897853e-11,0.2969249486923218,0
forged__20587,20587,/kaggle/input/competitions/recodai-luc-scientific-image-forgery-detection/train_images/forged/20587.png,forged,1,23070,0.15645345052083334,Q4,22925,0.15547010633680555,0.9654527666051409,0.9332128446539458,0.9998749494552612,1
forged__20666,20666,/kaggle/input/competitions/recodai-luc-scientific-image-forgery-detection/train_images/forged/20666.png,forged,1,8882,0.060234917534722224,Q3,2129,0.014438205295138888,9.081827263562965e-12,9.081827263562965e-12,0.9698836207389832,1
forged__20753,20753,/kaggle/input/competitions/recodai-luc-scientific-image-forgery-detection/train_images/forged/20753.png,forged,1,55320,0.3751627604166667,Q3,97490,0.6611463758680556,0.7079248740267601,0.5478976104379535,0.9981179237365723,1
forged__20800,20800,/kaggle/input/competitions/recodai-luc-scientific-image-forgery-detection/train_images/forged/20800.png,forged,1,10091,0.06843397352430555,Q3,4065,0.027567545572916668,0.3640858999762356,0.22255807928817203,0.9987047910690308,1
forged__20833,20833,/kaggle/input/competitions/recodai-luc-scientific-image-forgery-detection/train_images/forged/20833.png,forged,1,11426,0.0774875217013889,Q3,4160,0.028211805555555556,0.33042474015571394,0.1979094612312819,0.9800888895988464,1
forged__20920,20920,/kaggle/input/competitions/recodai-luc-scientific-image-forgery-detection/train_images/forged/20920.png,forged,1,781,0.005296495225694444,Q3,375,0.0025431315104166665,0.6089965398262113,0.4378109453435559,0.9956198334693909,1
forged__21034,21034,/kaggle/input/competitions/recodai-luc-scientific-image-forgery-detection/train_images/forged/21034.png,forged,1,19201,0.1302151150173611,Q4,32878,0.2229682074652778,0.5185967472502955,0.35007128969708345,0.9997634291648865,1
forged__21204,21204,/kaggle/input/competitions/recodai-luc-scientific-image-forgery-detection/train_images/forged/21204.png,forged,1,730,0.004950629340277778,Q2,0,0.0,1.3698630135109776e-10,1.3698630135109776e-10,0.16941018402576447,0
forged__21264,21264,/kaggle/input/competitions/recodai-luc-scientific-image-forgery-detection/train_images/forged/21264.png,forged,1,20968,0.14219835069444445,Q4,29760,0.20182291666666666,0.7964437785842209,0.6617420644031129,0.9999109506607056,1
forged__21540,21540,/kaggle/input/competitions/recodai-luc-scientific-image-forgery-detection/train_images/forged/21540.png,forged,1,885,0.006001790364583333,Q1,1294,0.008775499131944444,0.38366223040919406,0.2373651334902121,0.9987910389900208,1
forged__2164,2164,/kaggle/input/competitions/recodai-luc-scientific-image-forgery-detection/train_images/forged/2164.png,forged,1,1337,0.009067111545138888,Q2,350,0.002373589409722222,5.92768227587862e-11,5.92768227587862e-11,0.9323667287826538,1
forged__21728,21728,/kaggle/input/competitions/recodai-luc-scientific-image-forgery-detection/train_images/forged/21728.png,forged,1,31759,0.21537950303819445,Q3,31461,0.21335856119791666,0.9335336918697666,0.8753522589069581,0.9994044303894043,1
forged__2177,2177,/kaggle/input/competitions/recodai-luc-scientific-image-forgery-detection/train_images/forged/2177.png,forged,1,2891,0.019605848524305556,Q2,329,0.002231174045138889,3.1055900620153544e-11,3.1055900620153544e-11,0.9363677501678467,1
forged__21851,21851,/kaggle/input/competitions/recodai-luc-scientific-image-forgery-detection/train_images/forged/21851.png,forged,1,5748,0.038981119791666664,Q2,10164,0.06892903645833333,0.7088989441948913,0.5490654205651375,0.9989209175109863,1
forged__22046,22046,/kaggle/input/competitions/recodai-luc-scientific-image-forgery-detection/train_images/forged/22046.png,forged,1,4275,0.02899169921875,Q1,9970,0.06761338975694445,0.24612144612673834,0.1403298110859724,0.9910763502120972,1
forged__22155,22155,/kaggle/input/competitions/recodai-luc-scientific-image-forgery-detection/train_images/forged/22155.png,forged,1,4973,0.03372531467013889,Q3,11218,0.0760769314236111,0.5966277561633214,0.42513863216772163,0.9998143315315247,1
forged__22182,22182,/kaggle/input/competitions/recodai-luc-scientific-image-forgery-detection/train_images/forged/22182.png,forged,1,9306,0.0631103515625,Q3,10149,0.06882731119791667,0.9564636340274661,0.9165599448338434,0.9987758994102478,1
forged__2228,2228,/kaggle/input/competitions/recodai-luc-scientific-image-forgery-detection/train_images/forged/2228.png,forged,1,8398,0.056952582465277776,Q1,1412,0.009575737847222222,1.0193679918346648e-11,1.0193679918346648e-11,0.8993176817893982,1
forged__22337,22337,/kaggle/input/competitions/recodai-luc-scientific-image-forgery-detection/train_images/forged/22337.png,forged,1,3263,0.022128634982638888,Q1,3105,0.02105712890625,0.78611809045562,0.6476067270466337,0.9971488118171692,1
forged__22456,22456,/kaggle/input/competitions/recodai-luc-scientific-image-forgery-detection/train_images/forged/22456.png,forged,1,1190,0.008070203993055556,Q2,0,0.0,8.40336134383165e-11,8.40336134383165e-11,0.6451889276504517,1
forged__22565,22565,/kaggle/input/competitions/recodai-luc-scientific-image-forgery-detection/train_images/forged/22565.png,forged,1,1314,0.0089111328125,Q4,691,0.004686143663194444,0.613466334183867,0.4424460432055794,0.9997130036354065,1
forged__22739,22739,/kaggle/input/competitions/recodai-luc-scientific-image-forgery-detection/train_images/forged/22739.png,forged,1,545,0.003696017795138889,Q2,276,0.0018717447916666667,0.58221680882068,0.4106529210634617,0.9978345036506653,1
forged__22797,22797,/kaggle/input/competitions/recodai-luc-scientific-image-forgery-detection/train_images/forged/22797.png,forged,1,2796,0.018961588541666668,Q1,9371,0.06355116102430555,8.2189529053323e-12,8.2189529053323e-12,0.9827893376350403,1
forged__2290,2290,/kaggle/input/competitions/recodai-luc-scientific-image-forgery-detection/train_images/forged/2290.png,forged,1,11555,0.07836235894097222,Q3,21399,0.14512125651041666,0.5577471627130007,0.38671940750973444,0.9998506307601929,1
forged__22951,22951,/kaggle/input/competitions/recodai-luc-scientific-image-forgery-detection/train_images/forged/22951.png,forged,1,190,0.0012885199652777778,Q1,104,0.0007052951388888889,3.4013605430607615e-10,3.4013605430607615e-10,0.997539758682251,1
forged__2305,2305,/kaggle/input/competitions/recodai-luc-scientific-image-forgery-detection/train_images/forged/2305.png,forged,1,15682,0.1063503689236111,Q4,18586,0.1260443793402778,0.9010155246880442,0.8198619224651096,0.9990326166152954,1
forged__23143,23143,/kaggle/input/competitions/recodai-luc-scientific-image-forgery-detection/train_images/forged/23143.png,forged,1,13535,0.09179009331597222,Q4,11050,0.07493760850694445,0.5605857230036178,0.38945405222454244,0.9998900890350342,1
forged__23236,23236,/kaggle/input/competitions/recodai-luc-scientific-image-forgery-detection/train_images/forged/23236.png,forged,1,3572,0.024224175347222224,Q4,0,0.0,2.799552071590158e-11,2.799552071590158e-11,0.6740068793296814,1
forged__23357,23357,/kaggle/input/competitions/recodai-luc-scientific-image-forgery-detection/train_images/forged/23357.png,forged,1,7909,0.05363633897569445,Q4,12060,0.081787109375,0.3993189443667719,0.24946815167532554,0.9997383952140808,1
forged__23460,23460,/kaggle/input/competitions/recodai-luc-scientific-image-forgery-detection/train_images/forged/23460.png,forged,1,11314,0.07672797309027778,Q4,9220,0.0625271267361111,0.8785429044517457,0.7833941288884542,0.9980658888816833,1
forged__23527,23527,/kaggle/input/competitions/recodai-luc-scientific-image-forgery-detection/train_images/forged/23527.png,forged,1,16016,0.1086154513888889,Q4,16609,0.1126369900173611,0.9623908045978165,0.9275079758955009,0.9998377561569214,1
forged__23726,23726,/kaggle/input/competitions/recodai-luc-scientific-image-forgery-detection/train_images/forged/23726.png,forged,1,1497,0.010152180989583334,Q2,0,0.0,6.680026719660652e-11,6.680026719660652e-11,0.8903076648712158,1
forged__23904,23904,/kaggle/input/competitions/recodai-luc-scientific-image-forgery-detection/train_images/forged/23904.png,forged,1,22723,0.15410020616319445,Q4,23370,0.15848795572916666,0.9737270301347846,0.9487992558770979,0.9999078512191772,1
forged__24029,24029,/kaggle/input/competitions/recodai-luc-scientific-image-forgery-detection/train_images/forged/24029.png,forged,1,345,0.0023396809895833335,Q2,118,0.0008002387152777778,0.1425485962975057,0.07674418626122229,0.9806873202323914,1
forged__24111,24111,/kaggle/input/competitions/recodai-luc-scientific-image-forgery-detection/train_images/forged/24111.png,forged,1,1940,0.013156467013888888,Q1,1248,0.008463541666666666,3.136762860629336e-11,3.136762860629336e-11,0.9675475358963013,1
forged__24218,24218,/kaggle/input/competitions/recodai-luc-scientific-image-forgery-detection/train_images/forged/24218.png,forged,1,2743,0.018602159288194444,Q2,1051,0.007127549913194444,0.5255666842507758,0.35645334289036634,0.9981877207756042,1
forged__24332,24332,/kaggle/input/competitions/recodai-luc-scientific-image-forgery-detection/train_images/forged/24332.png,forged,1,21446,0.1454399956597222,Q2,21979,0.1490546332465278,0.9282210708119096,0.8660564651288468,0.9990085959434509,1
forged__24381,24381,/kaggle/input/competitions/recodai-luc-scientific-image-forgery-detection/train_images/forged/24381.png,forged,1,2288,0.015516493055555556,Q1,665,0.004509819878472222,0.3664070437058447,0.22429519074526139,0.9703524708747864,1
forged__2450,2450,/kaggle/input/competitions/recodai-luc-scientific-image-forgery-detection/train_images/forged/2450.png,forged,1,6385,0.04330105251736111,Q4,6421,0.04354519314236111,0.9475245978451701,0.9002819409422721,0.9992830157279968,1
forged__24600,24600,/kaggle/input/competitions/recodai-luc-scientific-image-forgery-detection/train_images/forged/24600.png,forged,1,18316,0.12421332465277778,Q3,23403,0.15871175130208334,0.5318919437198114,0.36229754441169576,0.9687297940254211,1
forged__24676,24676,/kaggle/input/competitions/recodai-luc-scientific-image-forgery-detection/train_images/forged/24676.png,forged,1,16434,0.1114501953125,Q4,23724,0.160888671875,0.8094028587085776,0.6798293315499045,0.9998413324356079,1
forged__24749,24749,/kaggle/input/competitions/recodai-luc-scientific-image-forgery-detection/train_images/forged/24749.png,forged,1,17019,0.11541748046875,Q4,0,0.0,5.875785886327775e-12,5.875785886327775e-12,0.7907954454421997,1
forged__24850,24850,/kaggle/input/competitions/recodai-luc-scientific-image-forgery-detection/train_images/forged/24850.png,forged,1,18744,0.12711588541666666,Q4,9538,0.06468370225694445,0.5894915493968267,0.41792840670100306,0.997517466545105,1
forged__24937,24937,/kaggle/input/competitions/recodai-luc-scientific-image-forgery-detection/train_images/forged/24937.png,forged,1,1816,0.012315538194444444,Q4,3576,0.024251302083333332,0.5804896142511037,0.4089365038043132,0.9998922348022461,1
forged__25003,25003,/kaggle/input/competitions/recodai-luc-scientific-image-forgery-detection/train_images/forged/25003.png,forged,1,676,0.004584418402777778,Q1,1259,0.008538140190972222,0.3452196382767328,0.20861961279146662,0.9995077848434448,1
forged__25124,25124,/kaggle/input/competitions/recodai-luc-scientific-image-forgery-detection/train_images/forged/25124.png,forged,1,3850,0.026109483506944444,Q1,5381,0.036492241753472224,0.5910518903738375,0.41949869291989084,0.9808816909790039,1
forged__2534,2534,/kaggle/input/competitions/recodai-luc-scientific-image-forgery-detection/train_images/forged/2534.png,forged,1,608,0.004123263888888889,Q1,653,0.004428439670138889,0.20301348142719958,0.11297440431483013,0.9477812647819519,1
forged__25388,25388,/kaggle/input/competitions/recodai-luc-scientific-image-forgery-detection/train_images/forged/25388.png,forged,1,17735,0.1202731662326389,Q4,16489,0.11182318793402778,0.5873655913990552,0.41579448144865844,0.9454529881477356,1
forged__25458,25458,/kaggle/input/competitions/recodai-luc-scientific-image-forgery-detection/train_images/forged/25458.png,forged,1,779,0.005282931857638889,Q1,1538,0.010430230034722222,0.4384980578576393,0.280818131604156,0.9989874958992004,1
forged__25525,25525,/kaggle/input/competitions/recodai-luc-scientific-image-forgery-detection/train_images/forged/25525.png,forged,1,1107,0.00750732421875,Q1,358,0.0024278428819444445,6.825938566086966e-11,6.825938566086966e-11,0.9286255240440369,1
forged__25638,25638,/kaggle/input/competitions/recodai-luc-scientific-image-forgery-detection/train_images/forged/25638.png,forged,1,483,0.0032755533854166665,Q2,0,0.0,2.070393374312548e-10,2.070393374312548e-10,0.7295619249343872,1
forged__2577,2577,/kaggle/input/competitions/recodai-luc-scientific-image-forgery-detection/train_images/forged/2577.png,forged,1,186,0.0012613932291666667,Q1,142,0.0009629991319444445,3.0487804868753717e-10,3.0487804868753717e-10,0.9895910620689392,1
forged__25981,25981,/kaggle/input/competitions/recodai-luc-scientific-image-forgery-detection/train_images/forged/25981.png,forged,1,302,0.002048068576388889,Q2,129,0.0008748372395833334,2.3201856143108617e-10,2.3201856143108617e-10,0.9891668558120728,1
forged__26035,26035,/kaggle/input/competitions/recodai-luc-scientific-image-forgery-detection/train_images/forged/26035.png,forged,1,356,0.002414279513888889,Q2,139,0.0009426540798611111,0.3272727274086317,0.19565217410733038,0.9856495261192322,1
forged__26148,26148,/kaggle/input/competitions/recodai-luc-scientific-image-forgery-detection/train_images/forged/26148.png,forged,1,24854,0.1685519748263889,Q4,18129,0.12294514973958333,0.48084126282604556,0.31651811694288795,0.998771607875824,1
forged__2622,2622,/kaggle/input/competitions/recodai-luc-scientific-image-forgery-detection/train_images/forged/2622.png,forged,1,394,0.0026719835069444445,Q2,0,0.0,2.538071065345667e-10,2.538071065345667e-10,0.9493196606636047,1
forged__26329,26329,/kaggle/input/competitions/recodai-luc-scientific-image-forgery-detection/train_images/forged/26329.png,forged,1,1239,0.008402506510416666,Q1,866,0.005872938368055556,0.6185273159326116,0.44773039893757005,0.9948008060455322,1
forged__26435,26435,/kaggle/input/competitions/recodai-luc-scientific-image-forgery-detection/train_images/forged/26435.png,forged,1,10673,0.07238091362847222,Q4,14277,0.09682210286458333,0.8166733466941215,0.6901503861286401,0.9997939467430115,1
forged__26492,26492,/kaggle/input/competitions/recodai-luc-scientific-image-forgery-detection/train_images/forged/26492.png,forged,1,9590,0.0650363498263889,Q3,15487,0.10502794053819445,0.5287713841387376,0.35940803383011105,0.9874311685562134,1
forged__26580,26580,/kaggle/input/competitions/recodai-luc-scientific-image-forgery-detection/train_images/forged/26580.png,forged,1,960,0.006510416666666667,Q3,0,0.0,1.0416666665581597e-10,1.0416666665581597e-10,0.7812811136245728,1
forged__26730,26730,/kaggle/input/competitions/recodai-luc-scientific-image-forgery-detection/train_images/forged/26730.png,forged,1,1036,0.007025824652777778,Q1,0,0.0,9.652509651577942e-11,9.652509651577942e-11,0.8731151223182678,1
forged__26933,26933,/kaggle/input/competitions/recodai-luc-scientific-image-forgery-detection/train_images/forged/26933.png,forged,1,1965,0.013326009114583334,Q3,119,0.0008070203993055555,4.798464491132511e-11,4.798464491132511e-11,0.9922195672988892,1
forged__27061,27061,/kaggle/input/competitions/recodai-luc-scientific-image-forgery-detection/train_images/forged/27061.png,forged,1,10088,0.06841362847222222,Q3,18344,0.12440321180555555,0.5267304445711637,0.35752482811613095,0.9975594282150269,1
forged__27195,27195,/kaggle/input/competitions/recodai-luc-scientific-image-forgery-detection/train_images/forged/27195.png,forged,1,37188,0.252197265625,Q4,81987,0.5560099283854166,0.6237382001261811,0.4532118817682992,0.9999029636383057,1
forged__27409,27409,/kaggle/input/competitions/recodai-luc-scientific-image-forgery-detection/train_images/forged/27409.png,forged,1,326,0.0022108289930555555,Q1,302,0.002048068576388889,1.5923566876445291e-10,1.5923566876445291e-10,0.9796537160873413,1
forged__27586,27586,/kaggle/input/competitions/recodai-luc-scientific-image-forgery-detection/train_images/forged/27586.png,forged,1,3749,0.025424533420138888,Q2,3379,0.022915310329861112,0.6992143658852523,0.5375323554888366,0.996103048324585,1
forged__27694,27694,/kaggle/input/competitions/recodai-luc-scientific-image-forgery-detection/train_images/forged/27694.png,forged,1,1038,0.007039388020833333,Q2,0,0.0,9.63391136708729e-11,9.63391136708729e-11,0.8548562526702881,1
forged__27829,27829,/kaggle/input/competitions/recodai-luc-scientific-image-forgery-detection/train_images/forged/27829.png,forged,1,8701,0.05900743272569445,Q2,92123,0.6247490776909722,0.17259779417681048,0.09444981166582239,0.9991926550865173,1
forged__27896,27896,/kaggle/input/competitions/recodai-luc-scientific-image-forgery-detection/train_images/forged/27896.png,forged,1,291,0.0019734700520833335,Q2,242,0.0016411675347222222,0.46153846163948625,0.3000000001707317,0.9959773421287537,1
forged__28014,28014,/kaggle/input/competitions/recodai-luc-scientific-image-forgery-detection/train_images/forged/28014.png,forged,1,10054,0.06818305121527778,Q4,19272,0.13069661458333334,0.6332264884415426,0.4633002345219136,0.9994516968727112,1
forged__28195,28195,/kaggle/input/competitions/recodai-luc-scientific-image-forgery-detection/train_images/forged/28195.png,forged,1,303,0.0020548502604166665,Q1,2185,0.014817979600694444,0.04019292608359353,0.020508613657895466,0.9835950136184692,1
forged__28245,28245,/kaggle/input/competitions/recodai-luc-scientific-image-forgery-detection/train_images/forged/28245.png,forged,1,24672,0.16731770833333334,Q3,36779,0.2494235568576389,0.7387023807590785,0.5856685761480476,0.9985059499740601,1
forged__28283,28283,/kaggle/input/competitions/recodai-luc-scientific-image-forgery-detection/train_images/forged/28283.png,forged,1,13175,0.08934868706597222,Q3,18620,0.1262749565972222,0.6470199716947727,0.4782184201986228,0.9996768236160278,1
forged__28412,28412,/kaggle/input/competitions/recodai-luc-scientific-image-forgery-detection/train_images/forged/28412.png,forged,1,18764,0.1272515190972222,Q4,18614,0.12623426649305555,0.9494354968164443,0.9037384129576055,0.9999234676361084,1
forged__28496,28496,/kaggle/input/competitions/recodai-luc-scientific-image-forgery-detection/train_images/forged/28496.png,forged,1,351,0.00238037109375,Q1,344,0.0023328993055555555,0.6388489209152736,0.46934460899168184,0.9978020787239075,1
forged__286,286,/kaggle/input/competitions/recodai-luc-scientific-image-forgery-detection/train_images/forged/286.png,forged,1,1545,0.010477701822916666,Q3,227,0.0015394422743055555,5.643340857469337e-11,5.643340857469337e-11,0.9929962754249573,1
forged__28645,28645,/kaggle/input/competitions/recodai-luc-scientific-image-forgery-detection/train_images/forged/28645.png,forged,1,13756,0.0932888454861111,Q2,0,0.0,7.269555103174835e-12,7.269555103174835e-12,0.20289936661720276,0
forged__28878,28878,/kaggle/input/competitions/recodai-luc-scientific-image-forgery-detection/train_images/forged/28878.png,forged,1,3973,0.026943630642361112,Q3,1126,0.007636176215277778,0.43498725241351266,0.27794486217348513,0.9697629809379578,1
forged__28928,28928,/kaggle/input/competitions/recodai-luc-scientific-image-forgery-detection/train_images/forged/28928.png,forged,1,843,0.005716959635416667,Q3,125,0.0008477105034722222,0.25619834718427703,0.14691943138069674,0.9931621551513672,1
forged__28965,28965,/kaggle/input/competitions/recodai-luc-scientific-image-forgery-detection/train_images/forged/28965.png,forged,1,5248,0.035590277777777776,Q2,8114,0.05502658420138889,0.5626403233081676,0.3914401749516667,0.9977846741676331,1
forged__29058,29058,/kaggle/input/competitions/recodai-luc-scientific-image-forgery-detection/train_images/forged/29058.png,forged,1,1237,0.008388943142361112,Q2,0,0.0,8.084074372830713e-11,8.084074372830713e-11,0.7423429489135742,1
forged__29129,29129,/kaggle/input/competitions/recodai-luc-scientific-image-forgery-detection/train_images/forged/29129.png,forged,1,6017,0.04080539279513889,Q2,9189,0.06231689453125,0.6714454820487212,0.5053955054004019,0.9986125230789185,1
forged__29229,29229,/kaggle/input/competitions/recodai-luc-scientific-image-forgery-detection/train_images/forged/29229.png,forged,1,29012,0.1967502170138889,Q4,31700,0.21497938368055555,0.9527605745158243,0.9097829506136842,0.9998319149017334,1
forged__29464,29464,/kaggle/input/competitions/recodai-luc-scientific-image-forgery-detection/train_images/forged/29464.png,forged,1,665,0.004509819878472222,Q1,1348,0.009141710069444444,0.6000993542175808,0.4286728176416839,0.9992926120758057,1
forged__29482,29482,/kaggle/input/competitions/recodai-luc-scientific-image-forgery-detection/train_images/forged/29482.png,forged,1,3838,0.026028103298611112,Q4,4479,0.030375162760416668,0.7202116147683032,0.562758361526442,0.9961757659912109,1
forged__29593,29593,/kaggle/input/competitions/recodai-luc-scientific-image-forgery-detection/train_images/forged/29593.png,forged,1,3637,0.024664984809027776,Q3,0,0.0,2.7495188341284158e-11,2.7495188341284158e-11,0.7380647659301758,1
forged__29663,29663,/kaggle/input/competitions/recodai-luc-scientific-image-forgery-detection/train_images/forged/29663.png,forged,1,1436,0.009738498263888888,Q2,0,0.0,6.963788300350711e-11,6.963788300350711e-11,0.8074749112129211,1
forged__29736,29736,/kaggle/input/competitions/recodai-luc-scientific-image-forgery-detection/train_images/forged/29736.png,forged,1,11423,0.07746717664930555,Q4,12521,0.08491346571180555,0.8977614433682853,0.8144892391647887,0.9996060729026794,1
forged__298,298,/kaggle/input/competitions/recodai-luc-scientific-image-forgery-detection/train_images/forged/298.png,forged,1,21806,0.1478814019097222,Q2,39276,0.266357421875,0.5122949477759204,0.34435249581973687,0.997082531452179,1
forged__29935,29935,/kaggle/input/competitions/recodai-luc-scientific-image-forgery-detection/train_images/forged/29935.png,forged,1,17364,0.11775716145833333,Q2,6726,0.045613606770833336,4.151100041493768e-12,4.151100041493768e-12,0.9724025130271912,1
forged__30045,30045,/kaggle/input/competitions/recodai-luc-scientific-image-forgery-detection/train_images/forged/30045.png,forged,1,13668,0.09269205729166667,Q3,12025,0.08154975043402778,0.9263223446077674,0.8627564706745251,0.9918796420097351,1
forged__30217,30217,/kaggle/input/competitions/recodai-luc-scientific-image-forgery-detection/train_images/forged/30217.png,forged,1,16521,0.11204020182291667,Q4,24050,0.16309950086805555,0.7836632077104738,0.6442814298466228,0.9998711347579956,1
forged__30298,30298,/kaggle/input/competitions/recodai-luc-scientific-image-forgery-detection/train_images/forged/30298.png,forged,1,485,0.003289116753472222,Q1,102,0.0006917317708333334,1.7035775124866137e-10,1.7035775124866137e-10,0.9379927515983582,1
forged__30354,30354,/kaggle/input/competitions/recodai-luc-scientific-image-forgery-detection/train_images/forged/30354.png,forged,1,882,0.0059814453125,Q3,433,0.002936469184027778,0.5733840304506932,0.4019189766096036,0.9992039799690247,1
forged__30494,30494,/kaggle/input/competitions/recodai-luc-scientific-image-forgery-detection/train_images/forged/30494.png,forged,1,3137,0.021274142795138888,Q4,146,0.0009901258680555555,3.045994517117088e-11,3.045994517117088e-11,0.994037389755249,1
forged__3062,3062,/kaggle/input/competitions/recodai-luc-scientific-image-forgery-detection/train_images/forged/3062.png,forged,1,386,0.002617730034722222,Q1,0,0.0,2.5906735744583743e-10,2.5906735744583743e-10,0.9055574536323547,1
forged__30715,30715,/kaggle/input/competitions/recodai-luc-scientific-image-forgery-detection/train_images/forged/30715.png,forged,1,1055,0.007154676649305556,Q4,553,0.003750271267361111,0.5957711443037456,0.4242692648871329,0.9992328882217407,1
forged__30871,30871,/kaggle/input/competitions/recodai-luc-scientific-image-forgery-detection/train_images/forged/30871.png,forged,1,1740,0.011800130208333334,Q2,3782,0.025648328993055556,0.3719666787509604,0.22847608455554005,0.9979515671730042,1
forged__30917,30917,/kaggle/input/competitions/recodai-luc-scientific-image-forgery-detection/train_images/forged/30917.png,forged,1,5089,0.03451199001736111,Q3,374,0.002536349826388889,1.830496064399954e-11,1.830496064399954e-11,0.9160861372947693,1
forged__31077,31077,/kaggle/input/competitions/recodai-luc-scientific-image-forgery-detection/train_images/forged/31077.png,forged,1,1589,0.010776095920138888,Q1,2063,0.013990614149305556,0.49780941950991764,0.3313889901811378,0.9945740103721619,1
forged__3110,3110,/kaggle/input/competitions/recodai-luc-scientific-image-forgery-detection/train_images/forged/3110.png,forged,1,12261,0.08315022786458333,Q3,22546,0.1528998480902778,0.593271468383965,0.4217384200660823,0.9988693594932556,1
forged__31218,31218,/kaggle/input/competitions/recodai-luc-scientific-image-forgery-detection/train_images/forged/31218.png,forged,1,732,0.004964192708333333,Q1,1376,0.009331597222222222,0.23244781787322358,0.13150831996073492,0.9680667519569397,1
forged__31262,31262,/kaggle/input/competitions/recodai-luc-scientific-image-forgery-detection/train_images/forged/31262.png,forged,1,891,0.00604248046875,Q3,207,0.00140380859375,0.37340619313539103,0.2295632699630948,0.9869759678840637,1
forged__31336,31336,/kaggle/input/competitions/recodai-luc-scientific-image-forgery-detection/train_images/forged/31336.png,forged,1,1194,0.008097330729166666,Q4,702,0.0047607421875,0.5759493671109731,0.4044444444885596,0.9969229102134705,1
forged__31468,31468,/kaggle/input/competitions/recodai-luc-scientific-image-forgery-detection/train_images/forged/31468.png,forged,1,10059,0.06821695963541667,Q4,17762,0.1204562717013889,0.6950864454919122,0.5326685764679778,0.9997848868370056,1
forged__31725,31725,/kaggle/input/competitions/recodai-luc-scientific-image-forgery-detection/train_images/forged/31725.png,forged,1,3415,0.023159450954861112,Q2,6706,0.045477973090277776,0.6422290287556345,0.47300247417445784,0.9966765642166138,1
forged__31834,31834,/kaggle/input/competitions/recodai-luc-scientific-image-forgery-detection/train_images/forged/31834.png,forged,1,5391,0.03656005859375,Q2,12982,0.0880398220486111,0.5449300604172159,0.37450437645414447,0.9997740387916565,1
forged__31942,31942,/kaggle/input/competitions/recodai-luc-scientific-image-forgery-detection/train_images/forged/31942.png,forged,1,1590,0.010782877604166666,Q1,1348,0.009141710069444444,0.7515316541949785,0.6019629225953128,0.9888622164726257,1
forged__32013,32013,/kaggle/input/competitions/recodai-luc-scientific-image-forgery-detection/train_images/forged/32013.png,forged,1,910,0.006171332465277778,Q1,799,0.005418565538194444,0.43066120541657915,0.27442207313389844,0.979999303817749,1
forged__32139,32139,/kaggle/input/competitions/recodai-luc-scientific-image-forgery-detection/train_images/forged/32139.png,forged,1,15512,0.1051974826388889,Q3,7578,0.0513916015625,0.6051970550038753,0.4338943054124455,0.9985049962997437,1
forged__32201,32201,/kaggle/input/competitions/recodai-luc-scientific-image-forgery-detection/train_images/forged/32201.png,forged,1,9095,0.06167941623263889,Q3,4387,0.029751247829861112,0.5603026257264478,0.38918083462762304,0.9956597685813904,1
forged__3228,3228,/kaggle/input/competitions/recodai-luc-scientific-image-forgery-detection/train_images/forged/3228.png,forged,1,10626,0.07206217447916667,Q4,16585,0.11247422960069445,0.7665282422558284,0.6214396377093229,0.9998683929443359,1
forged__32398,32398,/kaggle/input/competitions/recodai-luc-scientific-image-forgery-detection/train_images/forged/32398.png,forged,1,11726,0.07952202690972222,Q4,13887,0.09417724609375,0.8121656971076713,0.6837365237990815,0.998336911201477,1
forged__32535,32535,/kaggle/input/competitions/recodai-luc-scientific-image-forgery-detection/train_images/forged/32535.png,forged,1,3505,0.023769802517361112,Q2,1891,0.012824164496527778,0.5248332097938319,0.3557788944885483,0.9951390027999878,1
forged__32722,32722,/kaggle/input/competitions/recodai-luc-scientific-image-forgery-detection/train_images/forged/32722.png,forged,1,3916,0.026557074652777776,Q3,0,0.0,2.553626149066557e-11,2.553626149066557e-11,0.8654143214225769,1
forged__32884,32884,/kaggle/input/competitions/recodai-luc-scientific-image-forgery-detection/train_images/forged/32884.png,forged,1,2666,0.018079969618055556,Q1,3149,0.021355523003472224,0.41857265693175283,0.26468029579676644,0.9976614713668823,1
forged__32973,32973,/kaggle/input/competitions/recodai-luc-scientific-image-forgery-detection/train_images/forged/32973.png,forged,1,52224,0.3541666666666667,Q3,97621,0.6620347764756944,0.6892455537390709,0.5258388065785593,0.9997974038124084,1
forged__33053,33053,/kaggle/input/competitions/recodai-luc-scientific-image-forgery-detection/train_images/forged/33053.png,forged,1,21996,0.149169921875,Q3,29564,0.2004937065972222,0.7487199379368722,0.5983631967276385,0.9997106194496155,1
forged__33127,33127,/kaggle/input/competitions/recodai-luc-scientific-image-forgery-detection/train_images/forged/33127.png,forged,1,4468,0.030300564236111112,Q3,0,0.0,2.238137869242656e-11,2.238137869242656e-11,0.9547740817070007,1
forged__33235,33235,/kaggle/input/competitions/recodai-luc-scientific-image-forgery-detection/train_images/forged/33235.png,forged,1,1592,0.010796440972222222,Q3,421,0.0028550889756944445,4.967709885495891e-11,4.967709885495891e-11,0.935045063495636,1
forged__33295,33295,/kaggle/input/competitions/recodai-luc-scientific-image-forgery-detection/train_images/forged/33295.png,forged,1,12636,0.085693359375,Q3,11237,0.0762057834201389,0.5293008838456444,0.3598974651133016,0.9979887008666992,1
forged__33343,33343,/kaggle/input/competitions/recodai-luc-scientific-image-forgery-detection/train_images/forged/33343.png,forged,1,11633,0.0788913302951389,Q4,11588,0.0785861545138889,0.8885060936226326,0.7993800852398344,0.9995638728141785,1
forged__33580,33580,/kaggle/input/competitions/recodai-luc-scientific-image-forgery-detection/train_images/forged/33580.png,forged,1,58138,0.3942735460069444,Q3,66520,0.4511176215277778,0.7119799772178986,0.5527708922415605,0.9996351003646851,1
forged__33686,33686,/kaggle/input/competitions/recodai-luc-scientific-image-forgery-detection/train_images/forged/33686.png,forged,1,15020,0.10186089409722222,Q4,32595,0.22104899088541666,0.6202667226722246,0.4495555284965613,0.9995477795600891,1
forged__33778,33778,/kaggle/input/competitions/recodai-luc-scientific-image-forgery-detection/train_images/forged/33778.png,forged,1,1311,0.008890787760416666,Q3,0,0.0,7.627765064254175e-11,7.627765064254175e-11,0.967206597328186,1
forged__339,339,/kaggle/input/competitions/recodai-luc-scientific-image-forgery-detection/train_images/forged/339.png,forged,1,46101,0.3126424153645833,Q4,83644,0.5672471788194444,0.7041350341055885,0.5433706849385681,0.9996863603591919,1
forged__33985,33985,/kaggle/input/competitions/recodai-luc-scientific-image-forgery-detection/train_images/forged/33985.png,forged,1,25329,0.17177327473958334,Q4,24723,0.16766357421875,0.8499160872695398,0.7390035438824994,0.999737560749054,1
forged__34036,34036,/kaggle/input/competitions/recodai-luc-scientific-image-forgery-detection/train_images/forged/34036.png,forged,1,14719,0.0998196072048611,Q3,22465,0.1523505316840278,0.7367147160075928,0.5831736705429251,0.9854308366775513,1
forged__34211,34211,/kaggle/input/competitions/recodai-luc-scientific-image-forgery-detection/train_images/forged/34211.png,forged,1,17850,0.12105305989583333,Q2,15630,0.10599772135416667,0.7543608124260622,0.6056013811643699,0.9944656491279602,1
forged__34306,34306,/kaggle/input/competitions/recodai-luc-scientific-image-forgery-detection/train_images/forged/34306.png,forged,1,14108,0.0956759982638889,Q2,15317,0.10387505425347222,0.9362107051828846,0.880071560923391,0.9996969699859619,1
forged__34415,34415,/kaggle/input/competitions/recodai-luc-scientific-image-forgery-detection/train_images/forged/34415.png,forged,1,21503,0.14582655164930555,Q4,26173,0.1774970160590278,0.8863159661047775,0.7958414946519669,0.9997196793556213,1
forged__34597,34597,/kaggle/input/competitions/recodai-luc-scientific-image-forgery-detection/train_images/forged/34597.png,forged,1,12421,0.08423529730902778,Q4,21264,0.14420572916666666,0.4587798723483486,0.2976731643451049,0.9994038343429565,1
forged__34824,34824,/kaggle/input/competitions/recodai-luc-scientific-image-forgery-detection/train_images/forged/34824.png,forged,1,1076,0.007297092013888889,Q3,445,0.003017849392361111,0.50887573967726,0.34126984132793037,0.9952465891838074,1
forged__34873,34873,/kaggle/input/competitions/recodai-luc-scientific-image-forgery-detection/train_images/forged/34873.png,forged,1,8370,0.0567626953125,Q4,21527,0.1459893120659722,0.4995150015068418,0.33290236290979536,0.9999804496765137,1
forged__35018,35018,/kaggle/input/competitions/recodai-luc-scientific-image-forgery-detection/train_images/forged/35018.png,forged,1,752,0.005099826388888889,Q3,176,0.001193576388888889,0.3362068966232536,0.2020725389634621,0.9959606528282166,1
forged__35069,35069,/kaggle/input/competitions/recodai-luc-scientific-image-forgery-detection/train_images/forged/35069.png,forged,1,6334,0.04295518663194445,Q2,5365,0.036383734809027776,8.547739122928901e-12,8.547739122928901e-12,0.9967783093452454,1
forged__35127,35127,/kaggle/input/competitions/recodai-luc-scientific-image-forgery-detection/train_images/forged/35127.png,forged,1,20510,0.1390923394097222,Q2,26505,0.17974853515625,0.6950122301399659,0.5325814127863462,0.980198085308075,1
forged__35222,35222,/kaggle/input/competitions/recodai-luc-scientific-image-forgery-detection/train_images/forged/35222.png,forged,1,33810,0.22928873697916666,Q3,52759,0.3577948676215278,0.7595559611411018,0.6123258586016309,0.9993839263916016,1
forged__35378,35378,/kaggle/input/competitions/recodai-luc-scientific-image-forgery-detection/train_images/forged/35378.png,forged,1,953,0.006462944878472222,Q1,0,0.0,1.0493179432267242e-10,1.0493179432267242e-10,0.7503184080123901,1
forged__35471,35471,/kaggle/input/competitions/recodai-luc-scientific-image-forgery-detection/train_images/forged/35471.png,forged,1,186,0.0012613932291666667,Q1,0,0.0,5.376344083130998e-10,5.376344083130998e-10,0.928462564945221,1
forged__35586,35586,/kaggle/input/competitions/recodai-luc-scientific-image-forgery-detection/train_images/forged/35586.png,forged,1,21044,0.14271375868055555,Q4,34646,0.2349582248263889,0.717256239899951,0.5591578475850855,0.9981920123100281,1
forged__35715,35715,/kaggle/input/competitions/recodai-luc-scientific-image-forgery-detection/train_images/forged/35715.png,forged,1,344,0.0023328993055555555,Q1,0,0.0,2.9069767433409947e-10,2.9069767433409947e-10,0.6331993937492371,1
forged__35744,35744,/kaggle/input/competitions/recodai-luc-scientific-image-forgery-detection/train_images/forged/35744.png,forged,1,11858,0.0804172092013889,Q4,13999,0.0949367947048611,0.9027342692504825,0.8227125334849661,0.9994276165962219,1
forged__35829,35829,/kaggle/input/competitions/recodai-luc-scientific-image-forgery-detection/train_images/forged/35829.png,forged,1,6728,0.04562717013888889,Q2,3720,0.025227864583333332,0.577143950999453,0.40562357057169884,0.9968557357788086,1
forged__35885,35885,/kaggle/input/competitions/recodai-luc-scientific-image-forgery-detection/train_images/forged/35885.png,forged,1,2677,0.018154568142361112,Q1,1550,0.010511610243055556,0.5621007807058883,0.3909180651730531,0.9982292056083679,1
forged__36010,36010,/kaggle/input/competitions/recodai-luc-scientific-image-forgery-detection/train_images/forged/36010.png,forged,1,299,0.0020277235243055555,Q1,0,0.0,3.3444816042326143e-10,3.3444816042326143e-10,0.8508098125457764,1
forged__36190,36190,/kaggle/input/competitions/recodai-luc-scientific-image-forgery-detection/train_images/forged/36190.png,forged,1,2041,0.013841417100694444,Q2,0,0.0,4.899559039446371e-11,4.899559039446371e-11,0.7225208878517151,1
forged__36295,36295,/kaggle/input/competitions/recodai-luc-scientific-image-forgery-detection/train_images/forged/36295.png,forged,1,8689,0.05892605251736111,Q4,14700,0.09969075520833333,0.6838257300453896,0.5195556133087347,0.9998630285263062,1
forged__36390,36390,/kaggle/input/competitions/recodai-luc-scientific-image-forgery-detection/train_images/forged/36390.png,forged,1,1562,0.010592990451388888,Q2,1804,0.012234157986111112,0.7213309566333532,0.564126394072299,0.9986237287521362,1
forged__36453,36453,/kaggle/input/competitions/recodai-luc-scientific-image-forgery-detection/train_images/forged/36453.png,forged,1,1840,0.012478298611111112,Q1,3263,0.022128634982638888,0.34411130708712306,0.207810650906324,0.9986030459403992,1
forged__36597,36597,/kaggle/input/competitions/recodai-luc-scientific-image-forgery-detection/train_images/forged/36597.png,forged,1,1841,0.012485080295138888,Q2,1729,0.011725531684027778,0.5355742297048859,0.36572302986359134,0.9995866417884827,1
forged__36707,36707,/kaggle/input/competitions/recodai-luc-scientific-image-forgery-detection/train_images/forged/36707.png,forged,1,1703,0.011549207899305556,Q4,1819,0.012335883246527778,0.6859738784870535,0.5220397580154694,0.9974285960197449,1
forged__36746,36746,/kaggle/input/competitions/recodai-luc-scientific-image-forgery-detection/train_images/forged/36746.png,forged,1,14724,0.099853515625,Q3,26075,0.17683241102430555,0.47309983087949925,0.30984332862684655,0.9996011853218079,1
forged__36949,36949,/kaggle/input/competitions/recodai-luc-scientific-image-forgery-detection/train_images/forged/36949.png,forged,1,9298,0.06305609809027778,Q2,8394,0.056925455729166664,0.6030974451752029,0.43173909525425475,0.9984902143478394,1
forged__37076,37076,/kaggle/input/competitions/recodai-luc-scientific-image-forgery-detection/train_images/forged/37076.png,forged,1,1093,0.007412380642361111,Q1,684,0.004638671875,0.27124366914624404,0.15690104172155592,0.9954061508178711,1
forged__37149,37149,/kaggle/input/competitions/recodai-luc-scientific-image-forgery-detection/train_images/forged/37149.png,forged,1,945,0.00640869140625,Q2,0,0.0,1.0582010580890793e-10,1.0582010580890793e-10,0.5662413239479065,0
forged__37280,37280,/kaggle/input/competitions/recodai-luc-scientific-image-forgery-detection/train_images/forged/37280.png,forged,1,2531,0.017164442274305556,Q2,0,0.0,3.9510075067581586e-11,3.9510075067581586e-11,0.8913050293922424,1
forged__37400,37400,/kaggle/input/competitions/recodai-luc-scientific-image-forgery-detection/train_images/forged/37400.png,forged,1,2149,0.014573838975694444,Q2,0,0.0,4.6533271286806273e-11,4.6533271286806273e-11,0.765305757522583,1
forged__37451,37451,/kaggle/input/competitions/recodai-luc-scientific-image-forgery-detection/train_images/forged/37451.png,forged,1,1557,0.01055908203125,Q3,677,0.004591200086805556,0.00895255152153301,0.004496402922459694,0.9913468956947327,1
forged__3751,3751,/kaggle/input/competitions/recodai-luc-scientific-image-forgery-detection/train_images/forged/3751.png,forged,1,1595,0.010816786024305556,Q1,1161,0.00787353515625,0.46589259798744953,0.30368968782858613,0.9977380037307739,1
forged__37586,37586,/kaggle/input/competitions/recodai-luc-scientific-image-forgery-detection/train_images/forged/37586.png,forged,1,2920,0.019802517361111112,Q3,0,0.0,3.424657534129292e-11,3.424657534129292e-11,0.2518172860145569,0
forged__37735,37735,/kaggle/input/competitions/recodai-luc-scientific-image-forgery-detection/train_images/forged/37735.png,forged,1,3297,0.022359212239583332,Q4,4860,0.032958984375,0.7313963466993821,0.5765365288060198,0.997593343257904,1
forged__37817,37817,/kaggle/input/competitions/recodai-luc-scientific-image-forgery-detection/train_images/forged/37817.png,forged,1,3211,0.021775987413194444,Q2,1046,0.007093641493055556,0.33920601364014086,0.20424328149351503,0.9617521166801453,1
forged__37856,37856,/kaggle/input/competitions/recodai-luc-scientific-image-forgery-detection/train_images/forged/37856.png,forged,1,9522,0.0645751953125,Q2,3005,0.020378960503472224,7.982757244288474e-12,7.982757244288474e-12,0.9387937784194946,1
forged__37903,37903,/kaggle/input/competitions/recodai-luc-scientific-image-forgery-detection/train_images/forged/37903.png,forged,1,2504,0.016981336805555556,Q1,1383,0.009379069010416666,0.5613583740786889,0.39020028614484265,0.9983426332473755,1
forged__37942,37942,/kaggle/input/competitions/recodai-luc-scientific-image-forgery-detection/train_images/forged/37942.png,forged,1,17473,0.1184963650173611,Q4,24339,0.16505940755208334,0.8225389840241497,0.6985700357503308,0.999265730381012,1
forged__38034,38034,/kaggle/input/competitions/recodai-luc-scientific-image-forgery-detection/train_images/forged/38034.png,forged,1,413,0.002800835503472222,Q1,0,0.0,2.4213075054669954e-10,2.4213075054669954e-10,0.631239652633667,1
forged__38136,38136,/kaggle/input/competitions/recodai-luc-scientific-image-forgery-detection/train_images/forged/38136.png,forged,1,1389,0.009419759114583334,Q4,693,0.00469970703125,0.6464937560208217,0.47764371898668245,0.9995623230934143,1
forged__38256,38256,/kaggle/input/competitions/recodai-luc-scientific-image-forgery-detection/train_images/forged/38256.png,forged,1,8431,0.05717637803819445,Q3,739,0.005011664496527778,0.07131952018460938,0.03697840100602761,0.9474259614944458,1
forged__38294,38294,/kaggle/input/competitions/recodai-luc-scientific-image-forgery-detection/train_images/forged/38294.png,forged,1,10454,0.0708957248263889,Q4,0,0.0,9.565716472072261e-12,9.565716472072261e-12,0.1723785549402237,0
forged__38456,38456,/kaggle/input/competitions/recodai-luc-scientific-image-forgery-detection/train_images/forged/38456.png,forged,1,796,0.005398220486111111,Q3,596,0.004041883680555556,0.6910919540451801,0.5279912184930855,0.997560977935791,1
forged__38486,38486,/kaggle/input/competitions/recodai-luc-scientific-image-forgery-detection/train_images/forged/38486.png,forged,1,336,0.0022786458333333335,Q2,0,0.0,2.976190475304705e-10,2.976190475304705e-10,0.7001553177833557,1
forged__38548,38548,/kaggle/input/competitions/recodai-luc-scientific-image-forgery-detection/train_images/forged/38548.png,forged,1,251,0.0017022026909722222,Q1,0,0.0,3.984063743432644e-10,3.984063743432644e-10,0.4444971978664398,0
forged__38633,38633,/kaggle/input/competitions/recodai-luc-scientific-image-forgery-detection/train_images/forged/38633.png,forged,1,334,0.002265082465277778,Q2,110,0.0007459852430555555,0.42792792805677293,0.27220630393346523,0.9967896342277527,1
forged__38699,38699,/kaggle/input/competitions/recodai-luc-scientific-image-forgery-detection/train_images/forged/38699.png,forged,1,669,0.004536946614583333,Q1,1518,0.010294596354166666,0.5432098765640966,0.3728813559715705,0.9985264539718628,1
forged__38913,38913,/kaggle/input/competitions/recodai-luc-scientific-image-forgery-detection/train_images/forged/38913.png,forged,1,10913,0.0740085177951389,Q4,12718,0.08624945746527778,0.37332317718516644,0.229500520295372,0.9995396137237549,1
forged__38996,38996,/kaggle/input/competitions/recodai-luc-scientific-image-forgery-detection/train_images/forged/38996.png,forged,1,1024,0.006944444444444444,Q1,0,0.0,9.765624999046325e-11,9.765624999046325e-11,0.7357811331748962,1
forged__39099,39099,/kaggle/input/competitions/recodai-luc-scientific-image-forgery-detection/train_images/forged/39099.png,forged,1,598,0.004055447048611111,Q1,1307,0.008863661024305556,0.6057742782359173,0.4344879518498126,0.9957791566848755,1
forged__39299,39299,/kaggle/input/competitions/recodai-luc-scientific-image-forgery-detection/train_images/forged/39299.png,forged,1,11954,0.08106825086805555,Q2,6780,0.045979817708333336,5.337888331347614e-12,5.337888331347614e-12,0.9505043625831604,1
forged__39366,39366,/kaggle/input/competitions/recodai-luc-scientific-image-forgery-detection/train_images/forged/39366.png,forged,1,6516,0.044189453125,Q3,0,0.0,1.5346838551022915e-11,1.5346838551022915e-11,0.8444089889526367,1
forged__39549,39549,/kaggle/input/competitions/recodai-luc-scientific-image-forgery-detection/train_images/forged/39549.png,forged,1,588,0.003987630208333333,Q1,367,0.0024888780381944445,1.0471204187385215e-10,1.0471204187385215e-10,0.9884240031242371,1
forged__39625,39625,/kaggle/input/competitions/recodai-luc-scientific-image-forgery-detection/train_images/forged/39625.png,forged,1,1156,0.007839626736111112,Q1,1215,0.00823974609375,0.4563475327095594,0.29562841533903667,0.9959642887115479,1
forged__39737,39737,/kaggle/input/competitions/recodai-luc-scientific-image-forgery-detection/train_images/forged/39737.png,forged,1,10754,0.07293023003472222,Q4,13976,0.09478081597222222,0.8332389809954176,0.714147085328106,0.9998747110366821,1
forged__39875,39875,/kaggle/input/competitions/recodai-luc-scientific-image-forgery-detection/train_images/forged/39875.png,forged,1,7217,0.048943413628472224,Q1,13757,0.0932956271701389,0.4648612567966775,0.30281383937323547,0.9953800439834595,1
forged__39944,39944,/kaggle/input/competitions/recodai-luc-scientific-image-forgery-detection/train_images/forged/39944.png,forged,1,19808,0.1343315972222222,Q4,37604,0.2550184461805556,0.6813209781932674,0.5166693083966908,0.9997674822807312,1
forged__40033,40033,/kaggle/input/competitions/recodai-luc-scientific-image-forgery-detection/train_images/forged/40033.png,forged,1,7772,0.05270724826388889,Q4,11285,0.07653130425347222,0.7694810305936428,0.6253304904083127,0.9961381554603577,1
forged__4022,4022,/kaggle/input/competitions/recodai-luc-scientific-image-forgery-detection/train_images/forged/4022.png,forged,1,1955,0.013258192274305556,Q1,3237,0.021952311197916668,0.2654083205072148,0.1530091050598932,0.99933260679245,1
forged__40298,40298,/kaggle/input/competitions/recodai-luc-scientific-image-forgery-detection/train_images/forged/40298.png,forged,1,1006,0.006822374131944444,Q1,0,0.0,9.940357851894596e-11,9.940357851894596e-11,0.22707809507846832,0
forged__40349,40349,/kaggle/input/competitions/recodai-luc-scientific-image-forgery-detection/train_images/forged/40349.png,forged,1,521,0.003533257378472222,Q1,0,0.0,1.9193857961767013e-10,1.9193857961767013e-10,0.8677763342857361,1
forged__40373,40373,/kaggle/input/competitions/recodai-luc-scientific-image-forgery-detection/train_images/forged/40373.png,forged,1,34712,0.2354058159722222,Q4,38048,0.2580295138888889,0.9473336998351466,0.8999373302697411,0.9991488456726074,1
forged__4045,4045,/kaggle/input/competitions/recodai-luc-scientific-image-forgery-detection/train_images/forged/4045.png,forged,1,923,0.006259494357638889,Q1,190,0.0012885199652777778,0.32165318963866546,0.19164882235635453,0.9646216034889221,1
forged__40519,40519,/kaggle/input/competitions/recodai-luc-scientific-image-forgery-detection/train_images/forged/40519.png,forged,1,679,0.004604763454861111,Q1,1045,0.007086859809027778,0.4002320185962742,0.25018129084480195,0.9990164041519165,1
forged__40582,40582,/kaggle/input/competitions/recodai-luc-scientific-image-forgery-detection/train_images/forged/40582.png,forged,1,713,0.004835340711805556,Q2,0,0.0,1.4025245439828156e-10,1.4025245439828156e-10,0.6713479161262512,1
forged__40728,40728,/kaggle/input/competitions/recodai-luc-scientific-image-forgery-detection/train_images/forged/40728.png,forged,1,487,0.003302680121527778,Q2,0,0.0,2.0533880899274355e-10,2.0533880899274355e-10,0.9935431480407715,1
forged__40828,40828,/kaggle/input/competitions/recodai-luc-scientific-image-forgery-detection/train_images/forged/40828.png,forged,1,7073,0.047966851128472224,Q4,13880,0.09412977430555555,0.663962201118389,0.4969636350682506,0.9998481273651123,1
forged__40919,40919,/kaggle/input/competitions/recodai-luc-scientific-image-forgery-detection/train_images/forged/40919.png,forged,1,12041,0.08165825737847222,Q4,12277,0.08325873480902778,0.9607698001481998,0.924501424502022,0.9998615980148315,1
forged__40974,40974,/kaggle/input/competitions/recodai-luc-scientific-image-forgery-detection/train_images/forged/40974.png,forged,1,649,0.004401312934027778,Q2,148,0.001003689236111111,1.254705144133663e-10,1.254705144133663e-10,0.9020137786865234,1
forged__41024,41024,/kaggle/input/competitions/recodai-luc-scientific-image-forgery-detection/train_images/forged/41024.png,forged,1,7002,0.0474853515625,Q4,8974,0.060858832465277776,0.8642964446678499,0.7610229276922285,0.9995811581611633,1
forged__41080,41080,/kaggle/input/competitions/recodai-luc-scientific-image-forgery-detection/train_images/forged/41080.png,forged,1,10186,0.06907823350694445,Q4,11587,0.0785793728298611,0.8520644835353325,0.7422581419561314,0.999332845211029,1
forged__41171,41171,/kaggle/input/competitions/recodai-luc-scientific-image-forgery-detection/train_images/forged/41171.png,forged,1,7884,0.053466796875,Q3,12565,0.08521185980902778,0.48090371167548096,0.31657223796474004,0.999519944190979,1
forged__41255,41255,/kaggle/input/competitions/recodai-luc-scientific-image-forgery-detection/train_images/forged/41255.png,forged,1,1292,0.008761935763888888,Q3,0,0.0,7.739938079896289e-11,7.739938079896289e-11,0.5293780565261841,0
forged__414,414,/kaggle/input/competitions/recodai-luc-scientific-image-forgery-detection/train_images/forged/414.png,forged,1,16816,0.1140407986111111,Q3,35843,0.2430759006076389,0.615279439412797,0.44433473216642166,0.9986770749092102,1
forged__41517,41517,/kaggle/input/competitions/recodai-luc-scientific-image-forgery-detection/train_images/forged/41517.png,forged,1,13515,0.09165445963541667,Q4,20277,0.13751220703125,0.7900094696975911,0.6529054979473053,0.9996922016143799,1
forged__41600,41600,/kaggle/input/competitions/recodai-luc-scientific-image-forgery-detection/train_images/forged/41600.png,forged,1,2592,0.017578125,Q2,8210,0.05567762586805555,9.257544899007057e-12,9.257544899007057e-12,0.9702760577201843,1
forged__41697,41697,/kaggle/input/competitions/recodai-luc-scientific-image-forgery-detection/train_images/forged/41697.png,forged,1,2282,0.015475802951388888,Q4,1248,0.008463541666666666,0.6475920679986518,0.4788437369300862,0.9986905455589294,1
forged__41830,41830,/kaggle/input/competitions/recodai-luc-scientific-image-forgery-detection/train_images/forged/41830.png,forged,1,6181,0.04191758897569445,Q4,14263,0.09672715928819445,0.5439248679341424,0.37355549583866193,0.9986009001731873,1
forged__41895,41895,/kaggle/input/competitions/recodai-luc-scientific-image-forgery-detection/train_images/forged/41895.png,forged,1,211,0.001430935329861111,Q2,0,0.0,4.739336490644864e-10,4.739336490644864e-10,0.9978064894676208,1
forged__42035,42035,/kaggle/input/competitions/recodai-luc-scientific-image-forgery-detection/train_images/forged/42035.png,forged,1,6984,0.04736328125,Q4,7451,0.050530327690972224,0.9248354693458619,0.8601804123729359,0.999660849571228,1
forged__42121,42121,/kaggle/input/competitions/recodai-luc-scientific-image-forgery-detection/train_images/forged/42121.png,forged,1,794,0.005384657118055556,Q3,0,0.0,1.259445843670095e-10,1.259445843670095e-10,0.8446674942970276,1
forged__4222,4222,/kaggle/input/competitions/recodai-luc-scientific-image-forgery-detection/train_images/forged/4222.png,forged,1,27578,0.18702528211805555,Q4,29193,0.19797770182291666,0.9589403040285376,0.9211194206628502,0.997116208076477,1
forged__42289,42289,/kaggle/input/competitions/recodai-luc-scientific-image-forgery-detection/train_images/forged/42289.png,forged,1,964,0.006537543402777778,Q1,0,0.0,1.0373443982326406e-10,1.0373443982326406e-10,0.8287115097045898,1
forged__42385,42385,/kaggle/input/competitions/recodai-luc-scientific-image-forgery-detection/train_images/forged/42385.png,forged,1,11624,0.0788302951388889,Q3,24228,0.164306640625,0.6437576704238431,0.4746627180015027,0.9993405938148499,1
forged__42461,42461,/kaggle/input/competitions/recodai-luc-scientific-image-forgery-detection/train_images/forged/42461.png,forged,1,10968,0.07438151041666667,Q2,36519,0.24766031901041666,0.44883862952081865,0.2893565028528663,0.997044026851654,1
forged__42632,42632,/kaggle/input/competitions/recodai-luc-scientific-image-forgery-detection/train_images/forged/42632.png,forged,1,15062,0.1021457248263889,Q4,16343,0.11083306206597222,0.9456455978349128,0.896895385359405,0.9991446733474731,1
forged__42742,42742,/kaggle/input/competitions/recodai-luc-scientific-image-forgery-detection/train_images/forged/42742.png,forged,1,1031,0.006991916232638889,Q1,1126,0.007636176215277778,0.5841446453600304,0.41257367390880323,0.9974295496940613,1
forged__42832,42832,/kaggle/input/competitions/recodai-luc-scientific-image-forgery-detection/train_images/forged/42832.png,forged,1,1106,0.007500542534722222,Q1,0,0.0,9.041591319254828e-11,9.041591319254828e-11,0.8651439547538757,1
forged__43085,43085,/kaggle/input/competitions/recodai-luc-scientific-image-forgery-detection/train_images/forged/43085.png,forged,1,9251,0.06273735894097222,Q4,17840,0.12098524305555555,0.6688568159179474,0.5024679718290584,0.9997875094413757,1
forged__43142,43142,/kaggle/input/competitions/recodai-luc-scientific-image-forgery-detection/train_images/forged/43142.png,forged,1,4725,0.03204345703125,Q2,12508,0.08482530381944445,0.48964196599843535,0.32418933456797144,0.9987585544586182,1
forged__4321,4321,/kaggle/input/competitions/recodai-luc-scientific-image-forgery-detection/train_images/forged/4321.png,forged,1,15304,0.1037868923611111,Q4,27712,0.1879340277777778,0.671099125907404,0.505003148836663,0.9996069073677063,1
forged__43285,43285,/kaggle/input/competitions/recodai-luc-scientific-image-forgery-detection/train_images/forged/43285.png,forged,1,8712,0.05908203125,Q2,5016,0.034016927083333336,0.7109557109578165,0.5515370705294808,0.9998595714569092,1
forged__43368,43368,/kaggle/input/competitions/recodai-luc-scientific-image-forgery-detection/train_images/forged/43368.png,forged,1,801,0.00543212890625,Q1,1161,0.00787353515625,0.38634046894055346,0.23941882506383963,0.9748570919036865,1
forged__43610,43610,/kaggle/input/competitions/recodai-luc-scientific-image-forgery-detection/train_images/forged/43610.png,forged,1,432,0.0029296875,Q2,0,0.0,2.3148148142789777e-10,2.3148148142789777e-10,0.9961888194084167,1
forged__4371,4371,/kaggle/input/competitions/recodai-luc-scientific-image-forgery-detection/train_images/forged/4371.png,forged,1,24558,0.16654459635416666,Q4,3817,0.025885687934027776,0.15837885462851672,0.08599969381856246,0.983350932598114,1
forged__43810,43810,/kaggle/input/competitions/recodai-luc-scientific-image-forgery-detection/train_images/forged/43810.png,forged,1,1260,0.008544921875,Q3,1335,0.009053548177083334,0.7090558766971463,0.5492537313701937,0.9974973797798157,1
forged__43915,43915,/kaggle/input/competitions/recodai-luc-scientific-image-forgery-detection/train_images/forged/43915.png,forged,1,3012,0.020426432291666668,Q1,144,0.0009765625,3.168567807250679e-11,3.168567807250679e-11,0.8641582727432251,1
forged__44020,44020,/kaggle/input/competitions/recodai-luc-scientific-image-forgery-detection/train_images/forged/44020.png,forged,1,1223,0.008293999565972222,Q1,619,0.004197862413194444,5.428881650085294e-11,5.428881650085294e-11,0.9485595226287842,1
forged__44171,44171,/kaggle/input/competitions/recodai-luc-scientific-image-forgery-detection/train_images/forged/44171.png,forged,1,8137,0.055182562934027776,Q3,5779,0.039191351996527776,7.185972980689953e-12,7.185972980689953e-12,0.960142195224762,1
forged__44236,44236,/kaggle/input/competitions/recodai-luc-scientific-image-forgery-detection/train_images/forged/44236.png,forged,1,12896,0.08745659722222222,Q3,10864,0.07367621527777778,0.519444444446467,0.35084427767723664,0.9985665678977966,1
forged__44311,44311,/kaggle/input/competitions/recodai-luc-scientific-image-forgery-detection/train_images/forged/44311.png,forged,1,487,0.003302680121527778,Q2,0,0.0,2.0533880899274355e-10,2.0533880899274355e-10,0.9006008505821228,1
forged__44420,44420,/kaggle/input/competitions/recodai-luc-scientific-image-forgery-detection/train_images/forged/44420.png,forged,1,3381,0.022928873697916668,Q1,4804,0.03257921006944445,0.5246182040375734,0.35558131832799633,0.9984061121940613,1
forged__44555,44555,/kaggle/input/competitions/recodai-luc-scientific-image-forgery-detection/train_images/forged/44555.png,forged,1,10307,0.06989881727430555,Q3,7790,0.05282931857638889,0.345913687355109,0.20912674551206567,0.944769024848938,1
forged__44622,44622,/kaggle/input/competitions/recodai-luc-scientific-image-forgery-detection/train_images/forged/44622.png,forged,1,17954,0.12175835503472222,Q3,23341,0.1582912868923611,0.7755418331522569,0.6333755240897343,0.9993287324905396,1
forged__44666,44666,/kaggle/input/competitions/recodai-luc-scientific-image-forgery-detection/train_images/forged/44666.png,forged,1,27295,0.18510606553819445,Q3,41631,0.2823282877604167,0.7102109508752718,0.5506411698547792,0.997706413269043,1
forged__44778,44778,/kaggle/input/competitions/recodai-luc-scientific-image-forgery-detection/train_images/forged/44778.png,forged,1,13915,0.09436713324652778,Q2,43659,0.29608154296875,0.444992531351921,0.28616745599301635,0.9985576272010803,1
forged__44829,44829,/kaggle/input/competitions/recodai-luc-scientific-image-forgery-detection/train_images/forged/44829.png,forged,1,25440,0.17252604166666666,Q3,126964,0.8610297309027778,0.33195979108203727,0.19901186392736964,0.9996623992919922,1
forged__45004,45004,/kaggle/input/competitions/recodai-luc-scientific-image-forgery-detection/train_images/forged/45004.png,forged,1,1943,0.013176812065972222,Q1,1839,0.012471516927083334,0.31253305131378817,0.18520839864665595,0.9908837676048279,1
forged__45133,45133,/kaggle/input/competitions/recodai-luc-scientific-image-forgery-detection/train_images/forged/45133.png,forged,1,1482,0.010050455729166666,Q1,1736,0.011773003472222222,0.5114978247510411,0.34363256787709257,0.9988536834716797,1
forged__45182,45182,/kaggle/input/competitions/recodai-luc-scientific-image-forgery-detection/train_images/forged/45182.png,forged,1,4199,0.028476291232638888,Q4,4217,0.028598361545138888,0.9329847908753209,0.8743875278424412,0.9989240765571594,1
forged__45310,45310,/kaggle/input/competitions/recodai-luc-scientific-image-forgery-detection/train_images/forged/45310.png,forged,1,703,0.004767523871527778,Q3,358,0.0024278428819444445,0.4071630537787782,0.2556213018632401,0.9962911605834961,1
forged__45381,45381,/kaggle/input/competitions/recodai-luc-scientific-image-forgery-detection/train_images/forged/45381.png,forged,1,422,0.002861870659722222,Q1,0,0.0,2.3696682458839646e-10,2.3696682458839646e-10,0.645386278629303,1
forged__45536,45536,/kaggle/input/competitions/recodai-luc-scientific-image-forgery-detection/train_images/forged/45536.png,forged,1,3178,0.021552191840277776,Q2,1929,0.013081868489583334,0.4824750342768264,0.31793548388856946,0.9801102876663208,1
forged__45620,45620,/kaggle/input/competitions/recodai-luc-scientific-image-forgery-detection/train_images/forged/45620.png,forged,1,12510,0.0848388671875,Q3,18469,0.1252509223090278,0.7086090577497381,0.5487176923484042,0.9995189905166626,1
forged__45767,45767,/kaggle/input/competitions/recodai-luc-scientific-image-forgery-detection/train_images/forged/45767.png,forged,1,6758,0.045830620659722224,Q2,21815,0.1479424370659722,0.45973471459258836,0.2984776187262055,0.9999477863311768,1
forged__45878,45878,/kaggle/input/competitions/recodai-luc-scientific-image-forgery-detection/train_images/forged/45878.png,forged,1,5710,0.03872341579861111,Q3,24107,0.1634860568576389,0.30412180970820635,0.17932998457786128,0.9949877262115479,1
forged__45958,45958,/kaggle/input/competitions/recodai-luc-scientific-image-forgery-detection/train_images/forged/45958.png,forged,1,657,0.00445556640625,Q2,0,0.0,1.5220700149890306e-10,1.5220700149890306e-10,0.4034924805164337,0
forged__46106,46106,/kaggle/input/competitions/recodai-luc-scientific-image-forgery-detection/train_images/forged/46106.png,forged,1,498,0.0033772786458333335,Q1,0,0.0,2.0080321281108367e-10,2.0080321281108367e-10,0.6678047180175781,1
forged__46206,46206,/kaggle/input/competitions/recodai-luc-scientific-image-forgery-detection/train_images/forged/46206.png,forged,1,722,0.004896375868055556,Q2,0,0.0,1.3850415510547035e-10,1.3850415510547035e-10,0.4481654167175293,0
forged__46309,46309,/kaggle/input/competitions/recodai-luc-scientific-image-forgery-detection/train_images/forged/46309.png,forged,1,5756,0.03903537326388889,Q2,14036,0.0951877170138889,0.5163702506087492,0.348045225450565,0.9991331696510315,1
forged__46366,46366,/kaggle/input/competitions/recodai-luc-scientific-image-forgery-detection/train_images/forged/46366.png,forged,1,10727,0.07274712456597222,Q3,9989,0.06774224175347222,0.5900753041147418,0.41851547521625226,0.9608898758888245,1
forged__46500,46500,/kaggle/input/competitions/recodai-luc-scientific-image-forgery-detection/train_images/forged/46500.png,forged,1,4347,0.02947998046875,Q3,0,0.0,2.3004370829928585e-11,2.3004370829928585e-11,0.3118687570095062,0
forged__46698,46698,/kaggle/input/competitions/recodai-luc-scientific-image-forgery-detection/train_images/forged/46698.png,forged,1,18159,0.12314860026041667,Q2,35848,0.2431098090277778,0.5788508897002632,0.4073118615816987,0.9987659454345703,1
forged__46849,46849,/kaggle/input/competitions/recodai-luc-scientific-image-forgery-detection/train_images/forged/46849.png,forged,1,5175,0.03509521484375,Q4,2951,0.020012749565972224,0.555008614329867,0.3840912962121599,0.9894670844078064,1
forged__46907,46907,/kaggle/input/competitions/recodai-luc-scientific-image-forgery-detection/train_images/forged/46907.png,forged,1,19858,0.1346706814236111,Q4,17813,0.12080213758680555,0.6901329935502373,0.5268725680953029,0.9897408485412598,1
forged__46969,46969,/kaggle/input/competitions/recodai-luc-scientific-image-forgery-detection/train_images/forged/46969.png,forged,1,1266,0.008585611979166666,Q2,652,0.004421657986111111,0.6475495307795855,0.47879722440410194,0.9921575784683228,1
forged__47030,47030,/kaggle/input/competitions/recodai-luc-scientific-image-forgery-detection/train_images/forged/47030.png,forged,1,2655,0.01800537109375,Q2,307,0.002081976996527778,3.3760972314862895e-11,3.3760972314862895e-11,0.9041637778282166,1
forged__47069,47069,/kaggle/input/competitions/recodai-luc-scientific-image-forgery-detection/train_images/forged/47069.png,forged,1,9846,0.0667724609375,Q3,16822,0.11408148871527778,0.699490025499852,0.5378582550052601,0.9975242018699646,1
forged__47151,47151,/kaggle/input/competitions/recodai-luc-scientific-image-forgery-detection/train_images/forged/47151.png,forged,1,158,0.001071506076388889,Q1,0,0.0,6.329113920044864e-10,6.329113920044864e-10,0.9838913083076477,1
forged__47261,47261,/kaggle/input/competitions/recodai-luc-scientific-image-forgery-detection/train_images/forged/47261.png,forged,1,35256,0.23909505208333334,Q3,46171,0.3131171332465278,0.6867500951776601,0.5229393831718201,0.9979285001754761,1
forged__4740,4740,/kaggle/input/competitions/recodai-luc-scientific-image-forgery-detection/train_images/forged/4740.png,forged,1,10101,0.06850179036458333,Q4,17790,0.12064615885416667,0.5700763687226342,0.3986760944817277,0.9995586276054382,1
forged__47441,47441,/kaggle/input/competitions/recodai-luc-scientific-image-forgery-detection/train_images/forged/47441.png,forged,1,1003,0.006802029079861111,Q1,0,0.0,9.970089729813551e-11,9.970089729813551e-11,0.6108534336090088,1
forged__47770,47770,/kaggle/input/competitions/recodai-luc-scientific-image-forgery-detection/train_images/forged/47770.png,forged,1,5763,0.039082845052083336,Q3,3840,0.026041666666666668,0.7445589919843323,0.5930656934374077,0.9962953925132751,1
forged__47916,47916,/kaggle/input/competitions/recodai-luc-scientific-image-forgery-detection/train_images/forged/47916.png,forged,1,20626,0.13987901475694445,Q4,23382,0.1585693359375,0.9214233775678935,0.8542957064009847,0.999613344669342,1
forged__48113,48113,/kaggle/input/competitions/recodai-luc-scientific-image-forgery-detection/train_images/forged/48113.png,forged,1,533,0.0036146375868055555,Q1,325,0.002204047309027778,0.5897435897914052,0.4181818182779865,0.9980518817901611,1
forged__48207,48207,/kaggle/input/competitions/recodai-luc-scientific-image-forgery-detection/train_images/forged/48207.png,forged,1,23144,0.1569552951388889,Q4,50900,0.3451877170138889,0.5325752255422012,0.36293187549586226,0.9998681545257568,1
forged__48272,48272,/kaggle/input/competitions/recodai-luc-scientific-image-forgery-detection/train_images/forged/48272.png,forged,1,19843,0.13456895616319445,Q4,35324,0.2395562065972222,0.42286149328507466,0.2681194400403004,0.9905010461807251,1
forged__48333,48333,/kaggle/input/competitions/recodai-luc-scientific-image-forgery-detection/train_images/forged/48333.png,forged,1,2226,0.015096028645833334,Q3,305,0.002068413628472222,3.9510075067581586e-11,3.9510075067581586e-11,0.9978541731834412,1
forged__4845,4845,/kaggle/input/competitions/recodai-luc-scientific-image-forgery-detection/train_images/forged/4845.png,forged,1,4441,0.030117458767361112,Q1,2550,0.017293294270833332,0.6210842511855087,0.45041493777073827,0.9924410581588745,1
forged__4865,4865,/kaggle/input/competitions/recodai-luc-scientific-image-forgery-detection/train_images/forged/4865.png,forged,1,1187,0.008049858940972222,Q1,0,0.0,8.424599830798264e-11,8.424599830798264e-11,0.5097538828849792,0
forged__48718,48718,/kaggle/input/competitions/recodai-luc-scientific-image-forgery-detection/train_images/forged/48718.png,forged,1,1476,0.010009765625,Q1,0,0.0,6.775067750218491e-11,6.775067750218491e-11,0.6104453206062317,1
forged__48836,48836,/kaggle/input/competitions/recodai-luc-scientific-image-forgery-detection/train_images/forged/48836.png,forged,1,9229,0.0625881618923611,Q3,15950,0.10816786024305555,0.4439413797234047,0.28529862174943693,0.9708911180496216,1
forged__48981,48981,/kaggle/input/competitions/recodai-luc-scientific-image-forgery-detection/train_images/forged/48981.png,forged,1,16008,0.10856119791666667,Q4,21468,0.14558919270833334,0.8370156900420616,0.7197136563889514,0.9998252987861633,1
forged__49042,49042,/kaggle/input/competitions/recodai-luc-scientific-image-forgery-detection/train_images/forged/49042.png,forged,1,2664,0.01806640625,Q2,0,0.0,3.7537537536128474e-11,3.7537537536128474e-11,0.8591271638870239,1
forged__49233,49233,/kaggle/input/competitions/recodai-luc-scientific-image-forgery-detection/train_images/forged/49233.png,forged,1,341,0.002312554253472222,Q2,159,0.0010782877604166667,0.5360000000928,0.3661202187524261,0.9985842704772949,1
forged__49506,49506,/kaggle/input/competitions/recodai-luc-scientific-image-forgery-detection/train_images/forged/49506.png,forged,1,432,0.0029296875,Q1,0,0.0,2.3148148142789777e-10,2.3148148142789777e-10,0.892457127571106,1
forged__4957,4957,/kaggle/input/competitions/recodai-luc-scientific-image-forgery-detection/train_images/forged/4957.png,forged,1,14777,0.10021294487847222,Q1,19173,0.13002522786458334,0.4668630338749135,0.3045148895319711,0.984529972076416,1
forged__49711,49711,/kaggle/input/competitions/recodai-luc-scientific-image-forgery-detection/train_images/forged/49711.png,forged,1,6081,0.041239420572916664,Q4,2362,0.016018337673611112,0.2764420229861845,0.16039032436558012,0.9927444458007812,1
forged__49733,49733,/kaggle/input/competitions/recodai-luc-scientific-image-forgery-detection/train_images/forged/49733.png,forged,1,195,0.0013224283854166667,Q1,0,0.0,5.12820512557528e-10,5.12820512557528e-10,0.34490182995796204,0
forged__49799,49799,/kaggle/input/competitions/recodai-luc-scientific-image-forgery-detection/train_images/forged/49799.png,forged,1,896,0.006076388888888889,Q3,414,0.0028076171875,0.36030534356028204,0.21973929243764065,0.904900312423706,1
forged__4992,4992,/kaggle/input/competitions/recodai-luc-scientific-image-forgery-detection/train_images/forged/4992.png,forged,1,239,0.001620822482638889,Q1,0,0.0,4.1841004166593723e-10,4.1841004166593723e-10,0.722533106803894,1
forged__49982,49982,/kaggle/input/competitions/recodai-luc-scientific-image-forgery-detection/train_images/forged/49982.png,forged,1,10426,0.0707058376736111,Q3,13092,0.08878580729166667,0.5036992941597768,0.3366297243572797,0.9982706308364868,1
forged__50069,50069,/kaggle/input/competitions/recodai-luc-scientific-image-forgery-detection/train_images/forged/50069.png,forged,1,615,0.004170735677083333,Q2,244,0.0016547309027777778,0.5285215367254341,0.35917721529126945,0.9972686767578125,1
forged__50158,50158,/kaggle/input/competitions/recodai-luc-scientific-image-forgery-detection/train_images/forged/50158.png,forged,1,28157,0.1909518771701389,Q4,36338,0.2464328342013889,0.6752771532681987,0.5097497600610741,0.9994710087776184,1
forged__50255,50255,/kaggle/input/competitions/recodai-luc-scientific-image-forgery-detection/train_images/forged/50255.png,forged,1,1417,0.009609646267361112,Q1,1930,0.013088650173611112,0.5109052883325096,0.34309791334899287,0.9961603879928589,1
forged__50311,50311,/kaggle/input/competitions/recodai-luc-scientific-image-forgery-detection/train_images/forged/50311.png,forged,1,1324,0.008978949652777778,Q1,139,0.0009426540798611111,0.17088174988579072,0.09342301949974416,0.9318724870681763,1
forged__50419,50419,/kaggle/input/competitions/recodai-luc-scientific-image-forgery-detection/train_images/forged/50419.png,forged,1,47704,0.3235134548611111,Q4,50874,0.3450113932291667,0.9448558501897535,0.8954756090528285,0.9998001456260681,1
forged__50539,50539,/kaggle/input/competitions/recodai-luc-scientific-image-forgery-detection/train_images/forged/50539.png,forged,1,1387,0.009406195746527778,Q1,1787,0.012118869357638888,0.6181474480271536,0.44733242136583073,0.9938511848449707,1
forged__50636,50636,/kaggle/input/competitions/recodai-luc-scientific-image-forgery-detection/train_images/forged/50636.png,forged,1,526,0.003567165798611111,Q2,137,0.0009290907118055555,0.37405731532819647,0.23005565876993403,0.9978651404380798,1
forged__50690,50690,/kaggle/input/competitions/recodai-luc-scientific-image-forgery-detection/train_images/forged/50690.png,forged,1,8575,0.05815294053819445,Q3,6280,0.04258897569444445,0.6019522046475803,0.4305662557836039,0.9996153116226196,1
forged__5080,5080,/kaggle/input/competitions/recodai-luc-scientific-image-forgery-detection/train_images/forged/5080.png,forged,1,9606,0.06514485677083333,Q4,14410,0.09772406684027778,0.7691538974026934,0.6248985115045677,0.9997839331626892,1
forged__50907,50907,/kaggle/input/competitions/recodai-luc-scientific-image-forgery-detection/train_images/forged/50907.png,forged,1,11312,0.07671440972222222,Q3,807,0.005472819010416667,0.13317930523035582,0.07134016973946834,0.8927263021469116,1
forged__50983,50983,/kaggle/input/competitions/recodai-luc-scientific-image-forgery-detection/train_images/forged/50983.png,forged,1,1116,0.007568359375,Q2,0,0.0,8.960573475899589e-11,8.960573475899589e-11,0.4200102984905243,0
forged__51069,51069,/kaggle/input/competitions/recodai-luc-scientific-image-forgery-detection/train_images/forged/51069.png,forged,1,2334,0.015828450520833332,Q3,5740,0.03892686631944445,0.10948724301325877,0.05791404613393719,0.9858250617980957,1
forged__51165,51165,/kaggle/input/competitions/recodai-luc-scientific-image-forgery-detection/train_images/forged/51165.png,forged,1,2648,0.017957899305555556,Q4,1483,0.010057237413194444,0.5524086177789298,0.3816053511912507,0.9969223141670227,1
forged__51227,51227,/kaggle/input/competitions/recodai-luc-scientific-image-forgery-detection/train_images/forged/51227.png,forged,1,1316,0.008924696180555556,Q1,2701,0.018317328559027776,0.37440876277385093,0.2303215926728845,0.9687288999557495,1
forged__5130,5130,/kaggle/input/competitions/recodai-luc-scientific-image-forgery-detection/train_images/forged/5130.png,forged,1,12804,0.08683268229166667,Q2,39438,0.2674560546875,0.34298074346437163,0.20698657671786388,0.9998726844787598,1
forged__51345,51345,/kaggle/input/competitions/recodai-luc-scientific-image-forgery-detection/train_images/forged/51345.png,forged,1,6665,0.04519992404513889,Q4,7191,0.04876708984375,0.9380773672059897,0.8833763762419006,0.9988105297088623,1
forged__51552,51552,/kaggle/input/competitions/recodai-luc-scientific-image-forgery-detection/train_images/forged/51552.png,forged,1,16302,0.11055501302083333,Q3,37035,0.25115966796875,0.5425501996746301,0.372259956778398,0.9999173879623413,1
forged__51718,51718,/kaggle/input/competitions/recodai-luc-scientific-image-forgery-detection/train_images/forged/51718.png,forged,1,4491,0.03045654296875,Q2,193,0.001308865017361111,0.0824081981408538,0.042974838587330776,0.8822948336601257,1
forged__51796,51796,/kaggle/input/competitions/recodai-luc-scientific-image-forgery-detection/train_images/forged/51796.png,forged,1,1645,0.011155870225694444,Q3,0,0.0,6.079027355253554e-11,6.079027355253554e-11,0.9256237745285034,1
forged__51927,51927,/kaggle/input/competitions/recodai-luc-scientific-image-forgery-detection/train_images/forged/51927.png,forged,1,8688,0.058919270833333336,Q3,7102,0.048163519965277776,0.8163394553526514,0.6896736222612126,0.9922223687171936,1
forged__52050,52050,/kaggle/input/competitions/recodai-luc-scientific-image-forgery-detection/train_images/forged/52050.png,forged,1,897,0.006083170572916667,Q1,1534,0.010403103298611112,0.15384615388096068,0.08333333337418301,0.9302644729614258,1
forged__5220,5220,/kaggle/input/competitions/recodai-luc-scientific-image-forgery-detection/train_images/forged/5220.png,forged,1,12912,0.08756510416666667,Q2,12813,0.08689371744791667,0.5420408163283108,0.37178051512093113,0.9998615980148315,1
forged__52298,52298,/kaggle/input/competitions/recodai-luc-scientific-image-forgery-detection/train_images/forged/52298.png,forged,1,10139,0.0687594943576389,Q4,7804,0.052924262152777776,0.6936409741977727,0.5309726962497356,0.9854972958564758,1
forged__52396,52396,/kaggle/input/competitions/recodai-luc-scientific-image-forgery-detection/train_images/forged/52396.png,forged,1,39266,0.2662896050347222,Q4,106963,0.7253892686631944,0.5370480547637356,0.3670989033596972,0.9998730421066284,1
forged__52590,52590,/kaggle/input/competitions/recodai-luc-scientific-image-forgery-detection/train_images/forged/52590.png,forged,1,7422,0.050333658854166664,Q3,11096,0.07524956597222222,0.764121395400345,0.6182819190805009,0.999718964099884,1
forged__5270,5270,/kaggle/input/competitions/recodai-luc-scientific-image-forgery-detection/train_images/forged/5270.png,forged,1,5266,0.035712348090277776,Q3,10831,0.0734524197048611,0.6468286016049771,0.47800936553596535,0.9887791872024536,1
forged__52798,52798,/kaggle/input/competitions/recodai-luc-scientific-image-forgery-detection/train_images/forged/52798.png,forged,1,1703,0.011549207899305556,Q1,2482,0.016832139756944444,0.5510155316714214,0.3802770448753207,0.9979047775268555,1
forged__52927,52927,/kaggle/input/competitions/recodai-luc-scientific-image-forgery-detection/train_images/forged/52927.png,forged,1,11205,0.07598876953125,Q3,23055,0.15635172526041666,0.6468768242859111,0.4780620389167865,0.9998481273651123,1
forged__53118,53118,/kaggle/input/competitions/recodai-luc-scientific-image-forgery-detection/train_images/forged/53118.png,forged,1,2082,0.014119466145833334,Q2,1226,0.008314344618055556,0.41172914149299494,0.25923106207616176,0.936812698841095,1
forged__53157,53157,/kaggle/input/competitions/recodai-luc-scientific-image-forgery-detection/train_images/forged/53157.png,forged,1,6400,0.043402777777777776,Q3,6494,0.04404025607638889,0.4937180083799153,0.32777262898437054,0.9833049774169922,1
forged__53248,53248,/kaggle/input/competitions/recodai-luc-scientific-image-forgery-detection/train_images/forged/53248.png,forged,1,4310,0.029229058159722224,Q2,6503,0.04410129123263889,0.5227041524135512,0.35382496557714005,0.9986531734466553,1
forged__53404,53404,/kaggle/input/competitions/recodai-luc-scientific-image-forgery-detection/train_images/forged/53404.png,forged,1,9205,0.06242540147569445,Q4,9201,0.062398274739583336,0.9693578181029591,0.9405376910918235,0.99980229139328,1
forged__53527,53527,/kaggle/input/competitions/recodai-luc-scientific-image-forgery-detection/train_images/forged/53527.png,forged,1,1240,0.008409288194444444,Q1,2764,0.018744574652777776,0.05144855147224155,0.026403486310525415,0.9719650745391846,1
forged__53675,53675,/kaggle/input/competitions/recodai-luc-scientific-image-forgery-detection/train_images/forged/53675.png,forged,1,1829,0.012403700086805556,Q2,0,0.0,5.4674685617568354e-11,5.4674685617568354e-11,0.5964003205299377,1
forged__5385,5385,/kaggle/input/competitions/recodai-luc-scientific-image-forgery-detection/train_images/forged/5385.png,forged,1,810,0.0054931640625,Q2,142,0.0009629991319444445,0.2983193278047984,0.17530864207712238,0.9591423273086548,1
forged__53927,53927,/kaggle/input/competitions/recodai-luc-scientific-image-forgery-detection/train_images/forged/53927.png,forged,1,13725,0.09307861328125,Q3,5844,0.039632161458333336,0.5624201543279553,0.3912270723774262,0.9984806180000305,1
forged__54000,54000,/kaggle/input/competitions/recodai-luc-scientific-image-forgery-detection/train_images/forged/54000.png,forged,1,23978,0.16261121961805555,Q4,42476,0.2880588107638889,0.6354771721798004,0.46571384459413373,0.9979692101478577,1
forged__54040,54040,/kaggle/input/competitions/recodai-luc-scientific-image-forgery-detection/train_images/forged/54040.png,forged,1,16445,0.11152479383680555,Q2,21363,0.14487711588541666,0.5350190435898884,0.3652054596686459,0.9940956830978394,1
forged__54152,54152,/kaggle/input/competitions/recodai-luc-scientific-image-forgery-detection/train_images/forged/54152.png,forged,1,9964,0.06757269965277778,Q4,10368,0.0703125,0.9407830021643676,0.8881872213977694,0.9999220371246338,1
forged__5436,5436,/kaggle/input/competitions/recodai-luc-scientific-image-forgery-detection/train_images/forged/5436.png,forged,1,15408,0.1044921875,Q3,10694,0.07252332899305555,0.5577350394622721,0.38670775115875944,0.9951553344726562,1
forged__54527,54527,/kaggle/input/competitions/recodai-luc-scientific-image-forgery-detection/train_images/forged/54527.png,forged,1,21550,0.1461452907986111,Q4,24900,0.16886393229166666,0.9236598493004873,0.8581486518927188,0.9942183494567871,1
forged__54553,54553,/kaggle/input/competitions/recodai-luc-scientific-image-forgery-detection/train_images/forged/54553.png,forged,1,2402,0.016289605034722224,Q2,227,0.0015394422743055555,3.803727652955355e-11,3.803727652955355e-11,0.9121602773666382,1
forged__54710,54710,/kaggle/input/competitions/recodai-luc-scientific-image-forgery-detection/train_images/forged/54710.png,forged,1,12418,0.08421495225694445,Q2,19630,0.1331244574652778,0.7188592111841025,0.5611086755343119,0.9989781379699707,1
forged__54790,54790,/kaggle/input/competitions/recodai-luc-scientific-image-forgery-detection/train_images/forged/54790.png,forged,1,5429,0.03681776258680555,Q2,8005,0.05428738064236111,0.7427422956696238,0.5907637655465865,0.9989781379699707,1
forged__54870,54870,/kaggle/input/competitions/recodai-luc-scientific-image-forgery-detection/train_images/forged/54870.png,forged,1,13197,0.08949788411458333,Q3,15123,0.10255940755208333,0.46892655367419167,0.30627306273382715,0.9964040517807007,1
forged__54945,54945,/kaggle/input/competitions/recodai-luc-scientific-image-forgery-detection/train_images/forged/54945.png,forged,1,8906,0.06039767795138889,Q4,6985,0.047370062934027776,0.8294002894731017,0.7085259649531391,0.9997335076332092,1
forged__55025,55025,/kaggle/input/competitions/recodai-luc-scientific-image-forgery-detection/train_images/forged/55025.png,forged,1,4519,0.030646430121527776,Q3,0,0.0,2.2128789554721647e-11,2.2128789554721647e-11,0.7965448498725891,1
forged__55072,55072,/kaggle/input/competitions/recodai-luc-scientific-image-forgery-detection/train_images/forged/55072.png,forged,1,12598,0.08543565538194445,Q3,16462,0.11164008246527778,0.6976600137656653,0.5356972995849723,0.9996768236160278,1
forged__55175,55175,/kaggle/input/competitions/recodai-luc-scientific-image-forgery-detection/train_images/forged/55175.png,forged,1,24753,0.16786702473958334,Q4,26988,0.18302408854166666,0.9298235441913959,0.8688506826559674,0.999871015548706,1
forged__55291,55291,/kaggle/input/competitions/recodai-luc-scientific-image-forgery-detection/train_images/forged/55291.png,forged,1,561,0.0038045247395833335,Q1,0,0.0,1.7825311939781585e-10,1.7825311939781585e-10,0.5995215177536011,1
forged__55394,55394,/kaggle/input/competitions/recodai-luc-scientific-image-forgery-detection/train_images/forged/55394.png,forged,1,2202,0.014933268229166666,Q4,0,0.0,4.54132606700539e-11,4.54132606700539e-11,0.4140286445617676,0
forged__55541,55541,/kaggle/input/competitions/recodai-luc-scientific-image-forgery-detection/train_images/forged/55541.png,forged,1,471,0.0031941731770833335,Q1,0,0.0,2.123142250080012e-10,2.123142250080012e-10,0.3193269670009613,0
forged__55651,55651,/kaggle/input/competitions/recodai-luc-scientific-image-forgery-detection/train_images/forged/55651.png,forged,1,6868,0.046576605902777776,Q2,0,0.0,1.45602795571555e-11,1.45602795571555e-11,0.6589183807373047,1
forged__55695,55695,/kaggle/input/competitions/recodai-luc-scientific-image-forgery-detection/train_images/forged/55695.png,forged,1,25536,0.17317708333333334,Q3,19624,0.1330837673611111,0.8408768821969865,0.7254422496476314,0.9979615211486816,1
forged__55790,55790,/kaggle/input/competitions/recodai-luc-scientific-image-forgery-detection/train_images/forged/55790.png,forged,1,20704,0.1404079861111111,Q4,20595,0.13966878255208334,0.7881062495465069,0.6503096903110877,0.998599112033844,1
forged__55949,55949,/kaggle/input/competitions/recodai-luc-scientific-image-forgery-detection/train_images/forged/55949.png,forged,1,1226,0.008314344618055556,Q3,804,0.005452473958333333,4.926108374141571e-11,4.926108374141571e-11,0.9334573745727539,1
forged__56127,56127,/kaggle/input/competitions/recodai-luc-scientific-image-forgery-detection/train_images/forged/56127.png,forged,1,1850,0.012546115451388888,Q2,0,0.0,5.4054054051132206e-11,5.4054054051132206e-11,0.8468886017799377,1
forged__5626,5626,/kaggle/input/competitions/recodai-luc-scientific-image-forgery-detection/train_images/forged/5626.png,forged,1,3857,0.026156955295138888,Q2,1475,0.010002983940972222,0.01612903227651671,0.008130081319566457,0.9402108192443848,1
forged__56311,56311,/kaggle/input/competitions/recodai-luc-scientific-image-forgery-detection/train_images/forged/56311.png,forged,1,2207,0.014967176649305556,Q1,0,0.0,4.53103760740684e-11,4.53103760740684e-11,0.9381824135780334,1
forged__56438,56438,/kaggle/input/competitions/recodai-luc-scientific-image-forgery-detection/train_images/forged/56438.png,forged,1,6169,0.04183620876736111,Q3,28322,0.1920708550347222,0.19106433562613126,0.1056225157100089,0.9875870943069458,1
forged__56515,56515,/kaggle/input/competitions/recodai-luc-scientific-image-forgery-detection/train_images/forged/56515.png,forged,1,809,0.005486382378472222,Q3,283,0.001919216579861111,0.457875457925103,0.2969121140977539,0.9667820334434509,1
forged__56589,56589,/kaggle/input/competitions/recodai-luc-scientific-image-forgery-detection/train_images/forged/56589.png,forged,1,17815,0.1208157009548611,Q4,18858,0.12788899739583334,0.9646333815069271,0.9316829075589588,0.9994865655899048,1
forged__56723,56723,/kaggle/input/competitions/recodai-luc-scientific-image-forgery-detection/train_images/forged/56723.png,forged,1,1227,0.008321126302083334,Q2,702,0.0047607421875,0.6065318818244411,0.4352678571848759,0.9989537000656128,1
forged__56793,56793,/kaggle/input/competitions/recodai-luc-scientific-image-forgery-detection/train_images/forged/56793.png,forged,1,21222,0.1439208984375,Q4,23099,0.1566501193576389,0.8315696847999107,0.7116981423561901,0.9992087483406067,1
forged__569,569,/kaggle/input/competitions/recodai-luc-scientific-image-forgery-detection/train_images/forged/569.png,forged,1,77222,0.5236952039930556,Q3,76561,0.5192125108506944,0.8427849632275071,0.7282872555633533,0.9986461997032166,1
forged__56997,56997,/kaggle/input/competitions/recodai-luc-scientific-image-forgery-detection/train_images/forged/56997.png,forged,1,591,0.004007975260416667,Q3,179,0.0012139214409722222,0.4441558442280318,0.2854757931076,0.9676642417907715,1
forged__57085,57085,/kaggle/input/competitions/recodai-luc-scientific-image-forgery-detection/train_images/forged/57085.png,forged,1,2125,0.014411078559027778,Q2,0,0.0,4.705882352719723e-11,4.705882352719723e-11,0.9759083986282349,1
forged__57239,57239,/kaggle/input/competitions/recodai-luc-scientific-image-forgery-detection/train_images/forged/57239.png,forged,1,6884,0.046685112847222224,Q2,10512,0.0712890625,0.7628190388608713,0.6165783849120288,0.9966977834701538,1
forged__57328,57328,/kaggle/input/competitions/recodai-luc-scientific-image-forgery-detection/train_images/forged/57328.png,forged,1,14118,0.09574381510416667,Q4,13826,0.09376356336805555,0.9783853421128744,0.9576853019478935,0.9997069239616394,1
forged__57505,57505,/kaggle/input/competitions/recodai-luc-scientific-image-forgery-detection/train_images/forged/57505.png,forged,1,85,0.0005764431423611111,Q1,0,0.0,1.1764705868512112e-09,1.1764705868512112e-09,0.9729980230331421,1
forged__57643,57643,/kaggle/input/competitions/recodai-luc-scientific-image-forgery-detection/train_images/forged/57643.png,forged,1,13701,0.09291585286458333,Q4,19117,0.1296454535590278,0.7481869705657012,0.5976826834156191,0.9998887777328491,1
forged__5772,5772,/kaggle/input/competitions/recodai-luc-scientific-image-forgery-detection/train_images/forged/5772.png,forged,1,2152,0.014594184027777778,Q2,1900,0.012885199652777778,0.5059230009993603,0.338619094835196,0.9925366640090942,1
forged__57824,57824,/kaggle/input/competitions/recodai-luc-scientific-image-forgery-detection/train_images/forged/57824.png,forged,1,5562,0.0377197265625,Q2,2626,0.017808702256944444,1.2212994626133207e-11,1.2212994626133207e-11,0.9802276492118835,1
forged__57927,57927,/kaggle/input/competitions/recodai-luc-scientific-image-forgery-detection/train_images/forged/57927.png,forged,1,15770,0.10694715711805555,Q3,27592,0.18712022569444445,0.7203081038703927,0.5628761939103879,0.9894530773162842,1
forged__58081,58081,/kaggle/input/competitions/recodai-luc-scientific-image-forgery-detection/train_images/forged/58081.png,forged,1,8583,0.058207194010416664,Q2,8430,0.057169596354166664,0.16140598366448358,0.0877877237909988,0.9714549779891968,1
forged__58180,58180,/kaggle/input/competitions/recodai-luc-scientific-image-forgery-detection/train_images/forged/58180.png,forged,1,618,0.004191080729166667,Q1,572,0.003879123263888889,8.40336134383165e-11,8.40336134383165e-11,0.9632964730262756,1
forged__58338,58338,/kaggle/input/competitions/recodai-luc-scientific-image-forgery-detection/train_images/forged/58338.png,forged,1,11481,0.07786051432291667,Q3,19501,0.13224962022569445,0.7248079530058589,0.5683912119086343,0.9995803236961365,1
forged__58425,58425,/kaggle/input/competitions/recodai-luc-scientific-image-forgery-detection/train_images/forged/58425.png,forged,1,718,0.004869249131944444,Q3,150,0.0010172526041666667,1.1520737325861666e-10,1.1520737325861666e-10,0.9715150594711304,1
forged__58510,58510,/kaggle/input/competitions/recodai-luc-scientific-image-forgery-detection/train_images/forged/58510.png,forged,1,1536,0.010416666666666666,Q1,2346,0.015909830729166668,0.4744976816209558,0.311043566385983,0.9993786811828613,1
forged__58593,58593,/kaggle/input/competitions/recodai-luc-scientific-image-forgery-detection/train_images/forged/58593.png,forged,1,6929,0.046990288628472224,Q3,957,0.006490071614583333,0.21531828557931376,0.12064800342304038,0.9018180966377258,1
forged__58697,58697,/kaggle/input/competitions/recodai-luc-scientific-image-forgery-detection/train_images/forged/58697.png,forged,1,5914,0.040106879340277776,Q2,0,0.0,1.6909029421425278e-11,1.6909029421425278e-11,0.7650699615478516,1
forged__58782,58782,/kaggle/input/competitions/recodai-luc-scientific-image-forgery-detection/train_images/forged/58782.png,forged,1,9378,0.0635986328125,Q4,10115,0.06859673394097222,0.8099317703800856,0.6805759117192811,0.9972254037857056,1
forged__58955,58955,/kaggle/input/competitions/recodai-luc-scientific-image-forgery-detection/train_images/forged/58955.png,forged,1,2936,0.019911024305555556,Q1,2624,0.017795138888888888,0.6183453237478714,0.44753970321667436,0.9983036518096924,1
forged__59022,59022,/kaggle/input/competitions/recodai-luc-scientific-image-forgery-detection/train_images/forged/59022.png,forged,1,1033,0.007005479600694444,Q3,0,0.0,9.68054210942105e-11,9.68054210942105e-11,0.9364368915557861,1
forged__59148,59148,/kaggle/input/competitions/recodai-luc-scientific-image-forgery-detection/train_images/forged/59148.png,forged,1,4127,0.027988009982638888,Q2,9817,0.06657579210069445,0.444348823870881,0.28563525724427774,0.9985054731369019,1
forged__59255,59255,/kaggle/input/competitions/recodai-luc-scientific-image-forgery-detection/train_images/forged/59255.png,forged,1,2494,0.016913519965277776,Q3,0,0.0,4.009623095268259e-11,4.009623095268259e-11,0.6944354772567749,1
forged__59375,59375,/kaggle/input/competitions/recodai-luc-scientific-image-forgery-detection/train_images/forged/59375.png,forged,1,306,0.0020751953125,Q1,0,0.0,3.267973855141185e-10,3.267973855141185e-10,0.33570122718811035,0
forged__59453,59453,/kaggle/input/competitions/recodai-luc-scientific-image-forgery-detection/train_images/forged/59453.png,forged,1,15294,0.10371907552083333,Q3,7589,0.05146620008680555,0.6446707162537925,0.4756561552880914,0.9968727231025696,1
forged__59617,59617,/kaggle/input/competitions/recodai-luc-scientific-image-forgery-detection/train_images/forged/59617.png,forged,1,26833,0.1819729275173611,Q3,32800,0.2224392361111111,0.8528163936078131,0.7434000877072259,0.9995249509811401,1
forged__5967,5967,/kaggle/input/competitions/recodai-luc-scientific-image-forgery-detection/train_images/forged/5967.png,forged,1,4140,0.028076171875,Q1,1201,0.008144802517361112,0.03145478376649589,0.01597869509195399,0.9834957718849182,1
forged__59840,59840,/kaggle/input/competitions/recodai-luc-scientific-image-forgery-detection/train_images/forged/59840.png,forged,1,11050,0.07493760850694445,Q3,14932,0.10126410590277778,0.7951658840743778,0.659979555330565,0.9998010993003845,1
forged__59951,59951,/kaggle/input/competitions/recodai-luc-scientific-image-forgery-detection/train_images/forged/59951.png,forged,1,15299,0.10375298394097222,Q4,11550,0.07832845052083333,0.5448247607004179,0.37440491425966516,0.999437153339386,1
forged__60046,60046,/kaggle/input/competitions/recodai-luc-scientific-image-forgery-detection/train_images/forged/60046.png,forged,1,664,0.004503038194444444,Q1,1101,0.007466634114583333,5.665722379282395e-11,5.665722379282395e-11,0.9453536868095398,1
forged__6011,6011,/kaggle/input/competitions/recodai-luc-scientific-image-forgery-detection/train_images/forged/6011.png,forged,1,8182,0.055487738715277776,Q2,7891,0.05351426866319445,0.3231506252764067,0.19271297121406414,0.9915640354156494,1
forged__60195,60195,/kaggle/input/competitions/recodai-luc-scientific-image-forgery-detection/train_images/forged/60195.png,forged,1,1730,0.011732313368055556,Q1,2341,0.015875922309027776,0.8391058707973691,0.7228099873160048,0.9958913326263428,1
forged__60298,60298,/kaggle/input/competitions/recodai-luc-scientific-image-forgery-detection/train_images/forged/60298.png,forged,1,1484,0.010064019097222222,Q3,359,0.002434624565972222,5.425935973661099e-11,5.425935973661099e-11,0.9979159235954285,1
forged__60340,60340,/kaggle/input/competitions/recodai-luc-scientific-image-forgery-detection/train_images/forged/60340.png,forged,1,850,0.005764431423611111,Q2,0,0.0,1.1764705880968858e-10,1.1764705880968858e-10,0.3468661606311798,0
forged__60457,60457,/kaggle/input/competitions/recodai-luc-scientific-image-forgery-detection/train_images/forged/60457.png,forged,1,12121,0.08220079210069445,Q4,15604,0.10582139756944445,0.8497024346263311,0.7386805468472427,0.9992201328277588,1
forged__6060,6060,/kaggle/input/competitions/recodai-luc-scientific-image-forgery-detection/train_images/forged/6060.png,forged,1,16153,0.10954454210069445,Q3,0,0.0,6.190800470462509e-12,6.190800470462509e-12,0.396648645401001,0
forged__60829,60829,/kaggle/input/competitions/recodai-luc-scientific-image-forgery-detection/train_images/forged/60829.png,forged,1,1776,0.012044270833333334,Q1,2256,0.015299479166666666,2.4801587300972182e-11,2.4801587300972182e-11,0.9575329422950745,1
forged__60986,60986,/kaggle/input/competitions/recodai-luc-scientific-image-forgery-detection/train_images/forged/60986.png,forged,1,17673,0.11985270182291667,Q3,17177,0.1164889865451389,0.8813773314207134,0.7879129899456807,0.9997420907020569,1
forged__6103,6103,/kaggle/input/competitions/recodai-luc-scientific-image-forgery-detection/train_images/forged/6103.png,forged,1,9526,0.0646023220486111,Q2,11246,0.0762668185763889,0.5758713653014834,0.40436752079369637,0.9998986721038818,1
forged__61134,61134,/kaggle/input/competitions/recodai-luc-scientific-image-forgery-detection/train_images/forged/61134.png,forged,1,1103,0.007480197482638889,Q3,103,0.0006985134548611111,8.291873962828202e-11,8.291873962828202e-11,0.9927164912223816,1
forged__61270,61270,/kaggle/input/competitions/recodai-luc-scientific-image-forgery-detection/train_images/forged/61270.png,forged,1,9491,0.0643649631076389,Q2,12024,0.08154296875,0.8513130374164476,0.7411183944344006,0.9975180625915527,1
forged__61355,61355,/kaggle/input/competitions/recodai-luc-scientific-image-forgery-detection/train_images/forged/61355.png,forged,1,836,0.005669487847222222,Q1,0,0.0,1.1961722486607449e-10,1.1961722486607449e-10,0.8229685425758362,1
forged__61566,61566,/kaggle/input/competitions/recodai-luc-scientific-image-forgery-detection/train_images/forged/61566.png,forged,1,4094,0.027764214409722224,Q1,3149,0.021355523003472224,0.6574623774726293,0.4897161661972498,0.9922439455986023,1
forged__61725,61725,/kaggle/input/competitions/recodai-luc-scientific-image-forgery-detection/train_images/forged/61725.png,forged,1,11201,0.0759616427951389,Q3,6651,0.04510498046875,5.601613264588832e-12,5.601613264588832e-12,0.9850555658340454,1
forged__61883,61883,/kaggle/input/competitions/recodai-luc-scientific-image-forgery-detection/train_images/forged/61883.png,forged,1,2443,0.016567654079861112,Q2,3029,0.020541720920138888,0.5511695906514772,0.38042381434459077,0.9586696624755859,1
forged__61997,61997,/kaggle/input/competitions/recodai-luc-scientific-image-forgery-detection/train_images/forged/61997.png,forged,1,5058,0.0343017578125,Q1,12157,0.08244493272569445,0.537438280571958,0.3674636587547266,0.976584255695343,1
forged__6212,6212,/kaggle/input/competitions/recodai-luc-scientific-image-forgery-detection/train_images/forged/6212.png,forged,1,3254,0.022067599826388888,Q4,3059,0.020745171440972224,0.752732456839019,0.603505207020485,0.9995481371879578,1
forged__62249,62249,/kaggle/input/competitions/recodai-luc-scientific-image-forgery-detection/train_images/forged/62249.png,forged,1,723,0.004903157552083333,Q1,0,0.0,1.3831258642623616e-10,1.3831258642623616e-10,0.8121769428253174,1
forged__62330,62330,/kaggle/input/competitions/recodai-luc-scientific-image-forgery-detection/train_images/forged/62330.png,forged,1,1441,0.009772406684027778,Q3,724,0.004909939236111111,0.647575057752999,0.47882513664762116,0.9943447113037109,1
forged__62519,62519,/kaggle/input/competitions/recodai-luc-scientific-image-forgery-detection/train_images/forged/62519.png,forged,1,42162,0.2859293619791667,Q3,60231,0.4084676106770833,0.7951715449300293,0.6599873547011981,0.999527096748352,1
forged__62663,62663,/kaggle/input/competitions/recodai-luc-scientific-image-forgery-detection/train_images/forged/62663.png,forged,1,25875,0.17547607421875,Q3,19273,0.1307033962673611,0.5516523434049091,0.38088392720788844,0.9913075566291809,1
forged__62793,62793,/kaggle/input/competitions/recodai-luc-scientific-image-forgery-detection/train_images/forged/62793.png,forged,1,3418,0.023179796006944444,Q3,1685,0.011427137586805556,0.3927101704998489,0.24433065107914337,0.9887520670890808,1
forged__62865,62865,/kaggle/input/competitions/recodai-luc-scientific-image-forgery-detection/train_images/forged/62865.png,forged,1,4189,0.028408474392361112,Q2,295,0.0020005967881944445,0.13113291705773567,0.07016706446133254,0.9231474995613098,1
forged__63046,63046,/kaggle/input/competitions/recodai-luc-scientific-image-forgery-detection/train_images/forged/63046.png,forged,1,2973,0.020161946614583332,Q1,2514,0.017049153645833332,0.804446874434036,0.6728658536685101,0.9983600974082947,1
forged__63117,63117,/kaggle/input/competitions/recodai-luc-scientific-image-forgery-detection/train_images/forged/63117.png,forged,1,3948,0.026774088541666668,Q1,1675,0.011359320746527778,0.1625466832800543,0.08846302750506267,0.9531579613685608,1
forged__63245,63245,/kaggle/input/competitions/recodai-luc-scientific-image-forgery-detection/train_images/forged/63245.png,forged,1,19540,0.1325141059027778,Q3,26079,0.17685953776041666,0.5724369232127569,0.4009888827485996,0.9999477863311768,1
forged__633,633,/kaggle/input/competitions/recodai-luc-scientific-image-forgery-detection/train_images/forged/633.png,forged,1,712,0.004828559027777778,Q1,1077,0.007303873697916667,0.7311347121447102,0.5762114537818315,0.9958322644233704,1
forged__63355,63355,/kaggle/input/competitions/recodai-luc-scientific-image-forgery-detection/train_images/forged/63355.png,forged,1,532,0.003607855902777778,Q2,128,0.0008680555555555555,0.26060606071809,0.14982578412023942,0.9973043203353882,1
forged__63427,63427,/kaggle/input/competitions/recodai-luc-scientific-image-forgery-detection/train_images/forged/63427.png,forged,1,1043,0.007073296440972222,Q1,3749,0.025424533420138888,0.26335559266979647,0.15164623890527165,0.9979276657104492,1
forged__63654,63654,/kaggle/input/competitions/recodai-luc-scientific-image-forgery-detection/train_images/forged/63654.png,forged,1,1124,0.007622612847222222,Q3,613,0.004157172309027778,0.444444444476428,0.28571428576715663,0.9920089244842529,1
forged__63713,63713,/kaggle/input/competitions/recodai-luc-scientific-image-forgery-detection/train_images/forged/63713.png,forged,1,260,0.0017632378472222222,Q1,7113,0.048238118489583336,1.3563000135446046e-11,1.3563000135446046e-11,0.9674794673919678,1
forged__63834,63834,/kaggle/input/competitions/recodai-luc-scientific-image-forgery-detection/train_images/forged/63834.png,forged,1,6579,0.04461669921875,Q2,11274,0.07645670572916667,0.36789335126103234,0.22541011737781994,0.9964459538459778,1
forged__63947,63947,/kaggle/input/competitions/recodai-luc-scientific-image-forgery-detection/train_images/forged/63947.png,forged,1,24051,0.16310628255208334,Q4,19420,0.13170030381944445,0.8706954061331217,0.7710013851553369,0.9972096085548401,1
forged__6407,6407,/kaggle/input/competitions/recodai-luc-scientific-image-forgery-detection/train_images/forged/6407.png,forged,1,410,0.002780490451388889,Q1,1723,0.011684841579861112,0.3731833099215573,0.22939481272453055,0.9961320161819458,1
forged__64128,64128,/kaggle/input/competitions/recodai-luc-scientific-image-forgery-detection/train_images/forged/64128.png,forged,1,20544,0.13932291666666666,Q4,23046,0.15629069010416666,0.7194769442539126,0.5618617650236057,0.9999480247497559,1
forged__6419,6419,/kaggle/input/competitions/recodai-luc-scientific-image-forgery-detection/train_images/forged/6419.png,forged,1,11052,0.074951171875,Q3,20459,0.13874647352430555,0.6374281996774541,0.4678125582286761,0.9993809461593628,1
forged__64245,64245,/kaggle/input/competitions/recodai-luc-scientific-image-forgery-detection/train_images/forged/64245.png,forged,1,2401,0.016282823350694444,Q2,3619,0.024542914496527776,0.642192691035844,0.4729630535974318,0.9995481371879578,1
forged__64289,64289,/kaggle/input/competitions/recodai-luc-scientific-image-forgery-detection/train_images/forged/64289.png,forged,1,3359,0.022779676649305556,Q4,2444,0.016574435763888888,0.7785628123422615,0.6374153498973641,0.9990832805633545,1
forged__64391,64391,/kaggle/input/competitions/recodai-luc-scientific-image-forgery-detection/train_images/forged/64391.png,forged,1,5313,0.036031087239583336,Q2,6651,0.04510498046875,0.44282848546102616,0.2843800322138016,0.9971135854721069,1
forged__6454,6454,/kaggle/input/competitions/recodai-luc-scientific-image-forgery-detection/train_images/forged/6454.png,forged,1,2217,0.015034993489583334,Q2,2602,0.017645941840277776,0.18095040466526352,0.09947524528634555,0.9917068481445312,1
forged__64717,64717,/kaggle/input/competitions/recodai-luc-scientific-image-forgery-detection/train_images/forged/64717.png,forged,1,504,0.00341796875,Q1,0,0.0,1.984126983733308e-10,1.984126983733308e-10,0.8349185585975647,1
forged__64773,64773,/kaggle/input/competitions/recodai-luc-scientific-image-forgery-detection/train_images/forged/64773.png,forged,1,666,0.0045166015625,Q3,202,0.001369900173611111,0.44009216596312306,0.28212703112523974,0.9948927164077759,1
forged__64941,64941,/kaggle/input/competitions/recodai-luc-scientific-image-forgery-detection/train_images/forged/64941.png,forged,1,7976,0.05409071180555555,Q2,2370,0.016072591145833332,0.4581480765565614,0.2971414242816306,0.9865004420280457,1
forged__6508,6508,/kaggle/input/competitions/recodai-luc-scientific-image-forgery-detection/train_images/forged/6508.png,forged,1,10138,0.0687527126736111,Q4,12723,0.08628336588541667,0.843357683391613,0.7291430300300344,0.9995379447937012,1
forged__65214,65214,/kaggle/input/competitions/recodai-luc-scientific-image-forgery-detection/train_images/forged/65214.png,forged,1,2163,0.014668782552083334,Q1,3792,0.025716145833333332,0.6401343408960515,0.4707335144610834,0.9979366064071655,1
forged__65311,65311,/kaggle/input/competitions/recodai-luc-scientific-image-forgery-detection/train_images/forged/65311.png,forged,1,28614,0.19405110677083334,Q4,0,0.0,3.49479275877719e-12,3.49479275877719e-12,0.7217002511024475,1
forged__65399,65399,/kaggle/input/competitions/recodai-luc-scientific-image-forgery-detection/train_images/forged/65399.png,forged,1,404,0.002739800347222222,Q2,0,0.0,2.47524752413979e-10,2.47524752413979e-10,0.9940283298492432,1
forged__65532,65532,/kaggle/input/competitions/recodai-luc-scientific-image-forgery-detection/train_images/forged/65532.png,forged,1,142,0.0009629991319444445,Q1,0,0.0,7.042253516167427e-10,7.042253516167427e-10,0.823187530040741,1
forged__6618,6618,/kaggle/input/competitions/recodai-luc-scientific-image-forgery-detection/train_images/forged/6618.png,forged,1,684,0.004638671875,Q1,536,0.003634982638888889,8.196721310803546e-11,8.196721310803546e-11,0.9607853293418884,1
forged__6696,6696,/kaggle/input/competitions/recodai-luc-scientific-image-forgery-detection/train_images/forged/6696.png,forged,1,1065,0.007222493489583333,Q1,1000,0.006781684027777778,0.6828087167223822,0.5183823529765895,0.9987574815750122,1
forged__6800,6800,/kaggle/input/competitions/recodai-luc-scientific-image-forgery-detection/train_images/forged/6800.png,forged,1,4776,0.032389322916666664,Q2,2745,0.01861572265625,0.6568275495325512,0.48901207682658854,0.9886757135391235,1
forged__6932,6932,/kaggle/input/competitions/recodai-luc-scientific-image-forgery-detection/train_images/forged/6932.png,forged,1,8330,0.05649142795138889,Q2,739,0.005011664496527778,1.1026574043323115e-11,1.1026574043323115e-11,0.9958983063697815,1
forged__7004,7004,/kaggle/input/competitions/recodai-luc-scientific-image-forgery-detection/train_images/forged/7004.png,forged,1,2365,0.016038682725694444,Q4,976,0.006618923611111111,0.5674947620602366,0.3961554534310006,0.998207688331604,1
forged__7130,7130,/kaggle/input/competitions/recodai-luc-scientific-image-forgery-detection/train_images/forged/7130.png,forged,1,374,0.002536349826388889,Q1,0,0.0,2.673796790728931e-10,2.673796790728931e-10,0.24933011829853058,0
forged__7279,7279,/kaggle/input/competitions/recodai-luc-scientific-image-forgery-detection/train_images/forged/7279.png,forged,1,722,0.004896375868055556,Q1,0,0.0,1.3850415510547035e-10,1.3850415510547035e-10,0.5840334296226501,0
forged__7411,7411,/kaggle/input/competitions/recodai-luc-scientific-image-forgery-detection/train_images/forged/7411.png,forged,1,12772,0.08661566840277778,Q4,14571,0.09881591796875,0.9170902973341729,0.8468760553877279,0.9999334812164307,1
forged__7498,7498,/kaggle/input/competitions/recodai-luc-scientific-image-forgery-detection/train_images/forged/7498.png,forged,1,1786,0.012112087673611112,Q3,334,0.002265082465277778,0.1047169811743058,0.05525136888724482,0.9709755182266235,1
forged__7610,7610,/kaggle/input/competitions/recodai-luc-scientific-image-forgery-detection/train_images/forged/7610.png,forged,1,293,0.001987033420138889,Q2,0,0.0,3.412969282111614e-10,3.412969282111614e-10,0.7382801175117493,1
forged__770,770,/kaggle/input/competitions/recodai-luc-scientific-image-forgery-detection/train_images/forged/770.png,forged,1,2288,0.015516493055555556,Q1,1767,0.011983235677083334,0.058692971663164166,0.030233739862036743,0.9927965998649597,1
forged__7715,7715,/kaggle/input/competitions/recodai-luc-scientific-image-forgery-detection/train_images/forged/7715.png,forged,1,9465,0.06418863932291667,Q4,16922,0.11475965711805555,0.7057263046208143,0.5452682126988447,0.9995495676994324,1
forged__7771,7771,/kaggle/input/competitions/recodai-luc-scientific-image-forgery-detection/train_images/forged/7771.png,forged,1,1568,0.010633680555555556,Q2,903,0.006123860677083333,0.27762039662980087,0.16118421056573384,0.949820876121521,1
forged__7972,7972,/kaggle/input/competitions/recodai-luc-scientific-image-forgery-detection/train_images/forged/7972.png,forged,1,9308,0.06312391493055555,Q3,3790,0.025702582465277776,0.5451213925824926,0.3746851385456057,0.9620139598846436,1
forged__8074,8074,/kaggle/input/competitions/recodai-luc-scientific-image-forgery-detection/train_images/forged/8074.png,forged,1,32990,0.2237277560763889,Q4,32628,0.22127278645833334,0.9544637142248248,0.9128939159842786,0.999920129776001,1
forged__8130,8130,/kaggle/input/competitions/recodai-luc-scientific-image-forgery-detection/train_images/forged/8130.png,forged,1,1390,0.009426540798611112,Q1,1053,0.00714111328125,4.0933278753952794e-11,4.0933278753952794e-11,0.9520878195762634,1
forged__8259,8259,/kaggle/input/competitions/recodai-luc-scientific-image-forgery-detection/train_images/forged/8259.png,forged,1,9285,0.06296793619791667,Q3,173,0.0011732313368055555,0.036582787068761016,0.018632202487683013,0.9028293490409851,1
forged__8388,8388,/kaggle/input/competitions/recodai-luc-scientific-image-forgery-detection/train_images/forged/8388.png,forged,1,16361,0.11095513237847222,Q4,28139,0.1908298068576389,0.7062921348321207,0.545944068092597,0.9995265007019043,1
forged__8481,8481,/kaggle/input/competitions/recodai-luc-scientific-image-forgery-detection/train_images/forged/8481.png,forged,1,881,0.005974663628472222,Q1,151,0.0010240342881944445,9.689922479681207e-11,9.689922479681207e-11,0.9132011532783508,1
forged__8678,8678,/kaggle/input/competitions/recodai-luc-scientific-image-forgery-detection/train_images/forged/8678.png,forged,1,3769,0.025560167100694444,Q4,2261,0.015333387586805556,0.6162520729748548,0.44534995207465605,0.9972821474075317,1
forged__8733,8733,/kaggle/input/competitions/recodai-luc-scientific-image-forgery-detection/train_images/forged/8733.png,forged,1,15195,0.10304768880208333,Q3,19707,0.13364664713541666,0.8691192481809951,0.7685330630870609,0.9977338314056396,1
forged__8874,8874,/kaggle/input/competitions/recodai-luc-scientific-image-forgery-detection/train_images/forged/8874.png,forged,1,4435,0.030076768663194444,Q2,23751,0.16107177734375,3.547860640021472e-12,3.547860640021472e-12,0.9728243350982666,1
forged__899,899,/kaggle/input/competitions/recodai-luc-scientific-image-forgery-detection/train_images/forged/899.png,forged,1,10816,0.07335069444444445,Q2,9130,0.06191677517361111,5.013536548656304e-12,5.013536548656304e-12,0.9866371154785156,1
forged__9086,9086,/kaggle/input/competitions/recodai-luc-scientific-image-forgery-detection/train_images/forged/9086.png,forged,1,1395,0.00946044921875,Q3,0,0.0,7.168458780848139e-11,7.168458780848139e-11,0.9393507838249207,1
forged__9218,9218,/kaggle/input/competitions/recodai-luc-scientific-image-forgery-detection/train_images/forged/9218.png,forged,1,21112,0.14317491319444445,Q3,32302,0.2190619574652778,0.5293743213398558,0.35996537325756195,0.9982995390892029,1
forged__9568,9568,/kaggle/input/competitions/recodai-luc-scientific-image-forgery-detection/train_images/forged/9568.png,forged,1,8341,0.05656602647569445,Q4,7312,0.04958767361111111,0.6463936625589575,0.4775344534691567,0.9996936321258545,1
forged__9759,9759,/kaggle/input/competitions/recodai-luc-scientific-image-forgery-detection/train_images/forged/9759.png,forged,1,2315,0.015699598524305556,Q2,0,0.0,4.319654427459194e-11,4.319654427459194e-11,0.8012393116950989,1
forged__9849,9849,/kaggle/input/competitions/recodai-luc-scientific-image-forgery-detection/train_images/forged/9849.png,forged,1,7615,0.051642523871527776,Q4,10568,0.07166883680555555,0.7398119122271363,0.5870646766205196,0.9990403056144714,1
forged__9977,9977,/kaggle/input/competitions/recodai-luc-scientific-image-forgery-detection/train_images/forged/9977.png,forged,1,3005,0.020378960503472224,Q1,1663,0.011277940538194444,0.18808911741242312,0.10380704660430819,0.9470025300979614,1
