sample_id,image_id,image_path,class_name,image_label,gt_area,gt_area_ratio,mask_quartile,pred_area,pred_area_ratio,dice,iou,image_score,image_pred_label
authentic__10,10,/kaggle/input/competitions/recodai-luc-scientific-image-forgery-detection/train_images/authentic/10.png,authentic,0,0,0.0,,7935,0.053812662760416664,1.260239445478762e-11,1.260239445478762e-11,0.9677681922912598,1
authentic__1008,1008,/kaggle/input/competitions/recodai-luc-scientific-image-forgery-detection/train_images/authentic/1008.png,authentic,0,0,0.0,,0,0.0,1.0,1.0,0.06600067019462585,0
authentic__10176,10176,/kaggle/input/competitions/recodai-luc-scientific-image-forgery-detection/train_images/authentic/10176.png,authentic,0,0,0.0,,0,0.0,1.0,1.0,0.06670204550027847,0
authentic__10296,10296,/kaggle/input/competitions/recodai-luc-scientific-image-forgery-detection/train_images/authentic/10296.png,authentic,0,0,0.0,,13101,0.08884684244791667,7.633005114055162e-12,7.633005114055162e-12,0.9817379117012024,1
authentic__10408,10408,/kaggle/input/competitions/recodai-luc-scientific-image-forgery-detection/train_images/authentic/10408.png,authentic,0,0,0.0,,0,0.0,1.0,1.0,0.511830747127533,0
authentic__10458,10458,/kaggle/input/competitions/recodai-luc-scientific-image-forgery-detection/train_images/authentic/10458.png,authentic,0,0,0.0,,0,0.0,1.0,1.0,0.1412203311920166,0
authentic__10632,10632,/kaggle/input/competitions/recodai-luc-scientific-image-forgery-detection/train_images/authentic/10632.png,authentic,0,0,0.0,,0,0.0,1.0,1.0,0.5751136541366577,0
authentic__10742,10742,/kaggle/input/competitions/recodai-luc-scientific-image-forgery-detection/train_images/authentic/10742.png,authentic,0,0,0.0,,0,0.0,1.0,1.0,0.06180693209171295,0
authentic__10878,10878,/kaggle/input/competitions/recodai-luc-scientific-image-forgery-detection/train_images/authentic/10878.png,authentic,0,0,0.0,,0,0.0,1.0,1.0,0.8391643166542053,1
authentic__10951,10951,/kaggle/input/competitions/recodai-luc-scientific-image-forgery-detection/train_images/authentic/10951.png,authentic,0,0,0.0,,0,0.0,1.0,1.0,0.33708417415618896,0
authentic__1101,1101,/kaggle/input/competitions/recodai-luc-scientific-image-forgery-detection/train_images/authentic/1101.png,authentic,0,0,0.0,,0,0.0,1.0,1.0,0.9625226259231567,1
authentic__11206,11206,/kaggle/input/competitions/recodai-luc-scientific-image-forgery-detection/train_images/authentic/11206.png,authentic,0,0,0.0,,0,0.0,1.0,1.0,0.0383489765226841,0
authentic__11277,11277,/kaggle/input/competitions/recodai-luc-scientific-image-forgery-detection/train_images/authentic/11277.png,authentic,0,0,0.0,,0,0.0,1.0,1.0,0.9614139795303345,1
authentic__11356,11356,/kaggle/input/competitions/recodai-luc-scientific-image-forgery-detection/train_images/authentic/11356.png,authentic,0,0,0.0,,148,0.001003689236111111,6.756756752191381e-10,6.756756752191381e-10,0.8884461522102356,1
authentic__1143,1143,/kaggle/input/competitions/recodai-luc-scientific-image-forgery-detection/train_images/authentic/1143.png,authentic,0,0,0.0,,0,0.0,1.0,1.0,0.4025205373764038,0
authentic__11513,11513,/kaggle/input/competitions/recodai-luc-scientific-image-forgery-detection/train_images/authentic/11513.png,authentic,0,0,0.0,,0,0.0,1.0,1.0,0.6541399359703064,1
authentic__11662,11662,/kaggle/input/competitions/recodai-luc-scientific-image-forgery-detection/train_images/authentic/11662.png,authentic,0,0,0.0,,0,0.0,1.0,1.0,0.27063077688217163,0
authentic__11740,11740,/kaggle/input/competitions/recodai-luc-scientific-image-forgery-detection/train_images/authentic/11740.png,authentic,0,0,0.0,,0,0.0,1.0,1.0,0.733240008354187,1
authentic__11854,11854,/kaggle/input/competitions/recodai-luc-scientific-image-forgery-detection/train_images/authentic/11854.png,authentic,0,0,0.0,,0,0.0,1.0,1.0,0.9383785724639893,1
authentic__11964,11964,/kaggle/input/competitions/recodai-luc-scientific-image-forgery-detection/train_images/authentic/11964.png,authentic,0,0,0.0,,0,0.0,1.0,1.0,0.27050429582595825,0
authentic__12073,12073,/kaggle/input/competitions/recodai-luc-scientific-image-forgery-detection/train_images/authentic/12073.png,authentic,0,0,0.0,,0,0.0,1.0,1.0,0.48902109265327454,0
authentic__12262,12262,/kaggle/input/competitions/recodai-luc-scientific-image-forgery-detection/train_images/authentic/12262.png,authentic,0,0,0.0,,5004,0.033935546875,1.9984012789368824e-11,1.9984012789368824e-11,0.9822452068328857,1
authentic__12300,12300,/kaggle/input/competitions/recodai-luc-scientific-image-forgery-detection/train_images/authentic/12300.png,authentic,0,0,0.0,,360,0.00244140625,2.7777777770061727e-10,2.7777777770061727e-10,0.966096043586731,1
authentic__12364,12364,/kaggle/input/competitions/recodai-luc-scientific-image-forgery-detection/train_images/authentic/12364.png,authentic,0,0,0.0,,1651,0.011196560329861112,6.056935190426593e-11,6.056935190426593e-11,0.9139120578765869,1
authentic__12446,12446,/kaggle/input/competitions/recodai-luc-scientific-image-forgery-detection/train_images/authentic/12446.png,authentic,0,0,0.0,,0,0.0,1.0,1.0,0.3289638161659241,0
authentic__12572,12572,/kaggle/input/competitions/recodai-luc-scientific-image-forgery-detection/train_images/authentic/12572.png,authentic,0,0,0.0,,0,0.0,1.0,1.0,0.7853549122810364,1
authentic__12629,12629,/kaggle/input/competitions/recodai-luc-scientific-image-forgery-detection/train_images/authentic/12629.png,authentic,0,0,0.0,,332,0.002251519097222222,3.0120481918638403e-10,3.0120481918638403e-10,0.9005434513092041,1
authentic__12793,12793,/kaggle/input/competitions/recodai-luc-scientific-image-forgery-detection/train_images/authentic/12793.png,authentic,0,0,0.0,,0,0.0,1.0,1.0,0.1490352898836136,0
authentic__12879,12879,/kaggle/input/competitions/recodai-luc-scientific-image-forgery-detection/train_images/authentic/12879.png,authentic,0,0,0.0,,0,0.0,1.0,1.0,0.07505767047405243,0
authentic__13020,13020,/kaggle/input/competitions/recodai-luc-scientific-image-forgery-detection/train_images/authentic/13020.png,authentic,0,0,0.0,,0,0.0,1.0,1.0,0.16228459775447845,0
authentic__13333,13333,/kaggle/input/competitions/recodai-luc-scientific-image-forgery-detection/train_images/authentic/13333.png,authentic,0,0,0.0,,0,0.0,1.0,1.0,0.7879719734191895,1
authentic__13451,13451,/kaggle/input/competitions/recodai-luc-scientific-image-forgery-detection/train_images/authentic/13451.png,authentic,0,0,0.0,,49701,0.3370564778645833,2.0120319510633344e-12,2.0120319510633344e-12,0.9989331364631653,1
authentic__13603,13603,/kaggle/input/competitions/recodai-luc-scientific-image-forgery-detection/train_images/authentic/13603.png,authentic,0,0,0.0,,2626,0.017808702256944444,3.808073114858794e-11,3.808073114858794e-11,0.9951011538505554,1
authentic__13670,13670,/kaggle/input/competitions/recodai-luc-scientific-image-forgery-detection/train_images/authentic/13670.png,authentic,0,0,0.0,,0,0.0,1.0,1.0,0.0489642508327961,0
authentic__13742,13742,/kaggle/input/competitions/recodai-luc-scientific-image-forgery-detection/train_images/authentic/13742.png,authentic,0,0,0.0,,140,0.0009494357638888889,7.142857137755102e-10,7.142857137755102e-10,0.9949051141738892,1
authentic__13839,13839,/kaggle/input/competitions/recodai-luc-scientific-image-forgery-detection/train_images/authentic/13839.png,authentic,0,0,0.0,,0,0.0,1.0,1.0,0.43787044286727905,0
authentic__13893,13893,/kaggle/input/competitions/recodai-luc-scientific-image-forgery-detection/train_images/authentic/13893.png,authentic,0,0,0.0,,0,0.0,1.0,1.0,0.4391304552555084,0
authentic__13971,13971,/kaggle/input/competitions/recodai-luc-scientific-image-forgery-detection/train_images/authentic/13971.png,authentic,0,0,0.0,,0,0.0,1.0,1.0,0.8872244954109192,1
authentic__14070,14070,/kaggle/input/competitions/recodai-luc-scientific-image-forgery-detection/train_images/authentic/14070.png,authentic,0,0,0.0,,0,0.0,1.0,1.0,0.8981093168258667,1
authentic__14114,14114,/kaggle/input/competitions/recodai-luc-scientific-image-forgery-detection/train_images/authentic/14114.png,authentic,0,0,0.0,,0,0.0,1.0,1.0,0.03094462677836418,0
authentic__1419,1419,/kaggle/input/competitions/recodai-luc-scientific-image-forgery-detection/train_images/authentic/1419.png,authentic,0,0,0.0,,0,0.0,1.0,1.0,0.32929396629333496,0
authentic__14331,14331,/kaggle/input/competitions/recodai-luc-scientific-image-forgery-detection/train_images/authentic/14331.png,authentic,0,0,0.0,,139,0.0009426540798611111,7.194244599140831e-10,7.194244599140831e-10,0.9909709692001343,1
authentic__14436,14436,/kaggle/input/competitions/recodai-luc-scientific-image-forgery-detection/train_images/authentic/14436.png,authentic,0,0,0.0,,6963,0.047220865885416664,1.4361625735827062e-11,1.4361625735827062e-11,0.9911819696426392,1
authentic__14700,14700,/kaggle/input/competitions/recodai-luc-scientific-image-forgery-detection/train_images/authentic/14700.png,authentic,0,0,0.0,,157,0.001064724392361111,6.369426747535397e-10,6.369426747535397e-10,0.9375028610229492,1
authentic__14770,14770,/kaggle/input/competitions/recodai-luc-scientific-image-forgery-detection/train_images/authentic/14770.png,authentic,0,0,0.0,,0,0.0,1.0,1.0,0.04547959566116333,0
authentic__14829,14829,/kaggle/input/competitions/recodai-luc-scientific-image-forgery-detection/train_images/authentic/14829.png,authentic,0,0,0.0,,112,0.0007595486111111111,8.92857142059949e-10,8.92857142059949e-10,0.9607088565826416,1
authentic__14988,14988,/kaggle/input/competitions/recodai-luc-scientific-image-forgery-detection/train_images/authentic/14988.png,authentic,0,0,0.0,,195,0.0013224283854166667,5.12820512557528e-10,5.12820512557528e-10,0.9568186402320862,1
authentic__15061,15061,/kaggle/input/competitions/recodai-luc-scientific-image-forgery-detection/train_images/authentic/15061.png,authentic,0,0,0.0,,0,0.0,1.0,1.0,0.6911521553993225,1
authentic__15269,15269,/kaggle/input/competitions/recodai-luc-scientific-image-forgery-detection/train_images/authentic/15269.png,authentic,0,0,0.0,,0,0.0,1.0,1.0,0.065737783908844,0
authentic__1536,1536,/kaggle/input/competitions/recodai-luc-scientific-image-forgery-detection/train_images/authentic/1536.png,authentic,0,0,0.0,,0,0.0,1.0,1.0,0.24542394280433655,0
authentic__15426,15426,/kaggle/input/competitions/recodai-luc-scientific-image-forgery-detection/train_images/authentic/15426.png,authentic,0,0,0.0,,5228,0.035454644097222224,1.9127773526795566e-11,1.9127773526795566e-11,0.9826148748397827,1
authentic__15579,15579,/kaggle/input/competitions/recodai-luc-scientific-image-forgery-detection/train_images/authentic/15579.png,authentic,0,0,0.0,,227,0.0015394422743055555,4.40528634167168e-10,4.40528634167168e-10,0.9915737509727478,1
authentic__15733,15733,/kaggle/input/competitions/recodai-luc-scientific-image-forgery-detection/train_images/authentic/15733.png,authentic,0,0,0.0,,13041,0.08843994140625,7.668123610093795e-12,7.668123610093795e-12,0.9858080148696899,1
authentic__15860,15860,/kaggle/input/competitions/recodai-luc-scientific-image-forgery-detection/train_images/authentic/15860.png,authentic,0,0,0.0,,0,0.0,1.0,1.0,0.8720242381095886,1
authentic__15940,15940,/kaggle/input/competitions/recodai-luc-scientific-image-forgery-detection/train_images/authentic/15940.png,authentic,0,0,0.0,,0,0.0,1.0,1.0,0.8673397898674011,1
authentic__1608,1608,/kaggle/input/competitions/recodai-luc-scientific-image-forgery-detection/train_images/authentic/1608.png,authentic,0,0,0.0,,0,0.0,1.0,1.0,0.251150906085968,0
authentic__16161,16161,/kaggle/input/competitions/recodai-luc-scientific-image-forgery-detection/train_images/authentic/16161.png,authentic,0,0,0.0,,1428,0.009684244791666666,7.002801119957786e-11,7.002801119957786e-11,0.9972659349441528,1
authentic__16219,16219,/kaggle/input/competitions/recodai-luc-scientific-image-forgery-detection/train_images/authentic/16219.png,authentic,0,0,0.0,,0,0.0,1.0,1.0,0.4831288754940033,0
authentic__16294,16294,/kaggle/input/competitions/recodai-luc-scientific-image-forgery-detection/train_images/authentic/16294.png,authentic,0,0,0.0,,0,0.0,1.0,1.0,0.1705554723739624,0
authentic__1641,1641,/kaggle/input/competitions/recodai-luc-scientific-image-forgery-detection/train_images/authentic/1641.png,authentic,0,0,0.0,,0,0.0,1.0,1.0,0.6638672947883606,1
authentic__16534,16534,/kaggle/input/competitions/recodai-luc-scientific-image-forgery-detection/train_images/authentic/16534.png,authentic,0,0,0.0,,0,0.0,1.0,1.0,0.8902658820152283,1
authentic__16647,16647,/kaggle/input/competitions/recodai-luc-scientific-image-forgery-detection/train_images/authentic/16647.png,authentic,0,0,0.0,,0,0.0,1.0,1.0,0.7571524381637573,1
authentic__16703,16703,/kaggle/input/competitions/recodai-luc-scientific-image-forgery-detection/train_images/authentic/16703.png,authentic,0,0,0.0,,0,0.0,1.0,1.0,0.4369964897632599,0
authentic__16866,16866,/kaggle/input/competitions/recodai-luc-scientific-image-forgery-detection/train_images/authentic/16866.png,authentic,0,0,0.0,,23340,0.15828450520833334,4.2844901456543074e-12,4.2844901456543074e-12,0.9936240911483765,1
authentic__16960,16960,/kaggle/input/competitions/recodai-luc-scientific-image-forgery-detection/train_images/authentic/16960.png,authentic,0,0,0.0,,0,0.0,1.0,1.0,0.02815411053597927,0
authentic__17071,17071,/kaggle/input/competitions/recodai-luc-scientific-image-forgery-detection/train_images/authentic/17071.png,authentic,0,0,0.0,,0,0.0,1.0,1.0,0.627892255783081,1
authentic__17245,17245,/kaggle/input/competitions/recodai-luc-scientific-image-forgery-detection/train_images/authentic/17245.png,authentic,0,0,0.0,,0,0.0,1.0,1.0,0.2658208906650543,0
authentic__17298,17298,/kaggle/input/competitions/recodai-luc-scientific-image-forgery-detection/train_images/authentic/17298.png,authentic,0,0,0.0,,188,0.0012749565972222222,5.319148933340878e-10,5.319148933340878e-10,0.992915153503418,1
authentic__17493,17493,/kaggle/input/competitions/recodai-luc-scientific-image-forgery-detection/train_images/authentic/17493.png,authentic,0,0,0.0,,937,0.006354437934027778,1.0672358590109674e-10,1.0672358590109674e-10,0.8929569125175476,1
authentic__17625,17625,/kaggle/input/competitions/recodai-luc-scientific-image-forgery-detection/train_images/authentic/17625.png,authentic,0,0,0.0,,3092,0.020968967013888888,3.2341526519005774e-11,3.2341526519005774e-11,0.9826244711875916,1
authentic__17846,17846,/kaggle/input/competitions/recodai-luc-scientific-image-forgery-detection/train_images/authentic/17846.png,authentic,0,0,0.0,,0,0.0,1.0,1.0,0.13454298675060272,0
authentic__1813,1813,/kaggle/input/competitions/recodai-luc-scientific-image-forgery-detection/train_images/authentic/1813.png,authentic,0,0,0.0,,780,0.005289713541666667,1.2820512818869165e-10,1.2820512818869165e-10,0.97402024269104,1
authentic__18440,18440,/kaggle/input/competitions/recodai-luc-scientific-image-forgery-detection/train_images/authentic/18440.png,authentic,0,0,0.0,,0,0.0,1.0,1.0,0.10536865144968033,0
authentic__1856,1856,/kaggle/input/competitions/recodai-luc-scientific-image-forgery-detection/train_images/authentic/1856.png,authentic,0,0,0.0,,8025,0.054423014322916664,1.2461059189875874e-11,1.2461059189875874e-11,0.956063449382782,1
authentic__187,187,/kaggle/input/competitions/recodai-luc-scientific-image-forgery-detection/train_images/authentic/187.png,authentic,0,0,0.0,,0,0.0,1.0,1.0,0.7025970220565796,1
authentic__1879,1879,/kaggle/input/competitions/recodai-luc-scientific-image-forgery-detection/train_images/authentic/1879.png,authentic,0,0,0.0,,4327,0.029344346788194444,2.3110700253683597e-11,2.3110700253683597e-11,0.9826623201370239,1
authentic__18995,18995,/kaggle/input/competitions/recodai-luc-scientific-image-forgery-detection/train_images/authentic/18995.png,authentic,0,0,0.0,,0,0.0,1.0,1.0,0.02298353798687458,0
authentic__19281,19281,/kaggle/input/competitions/recodai-luc-scientific-image-forgery-detection/train_images/authentic/19281.png,authentic,0,0,0.0,,0,0.0,1.0,1.0,0.8012126088142395,1
authentic__1940,1940,/kaggle/input/competitions/recodai-luc-scientific-image-forgery-detection/train_images/authentic/1940.png,authentic,0,0,0.0,,0,0.0,1.0,1.0,0.0832313597202301,0
authentic__19593,19593,/kaggle/input/competitions/recodai-luc-scientific-image-forgery-detection/train_images/authentic/19593.png,authentic,0,0,0.0,,0,0.0,1.0,1.0,0.12299809604883194,0
authentic__19633,19633,/kaggle/input/competitions/recodai-luc-scientific-image-forgery-detection/train_images/authentic/19633.png,authentic,0,0,0.0,,0,0.0,1.0,1.0,0.04841720685362816,0
authentic__19728,19728,/kaggle/input/competitions/recodai-luc-scientific-image-forgery-detection/train_images/authentic/19728.png,authentic,0,0,0.0,,688,0.004665798611111111,1.4534883718817603e-10,1.4534883718817603e-10,0.9003656506538391,1
authentic__19847,19847,/kaggle/input/competitions/recodai-luc-scientific-image-forgery-detection/train_images/authentic/19847.png,authentic,0,0,0.0,,1248,0.008463541666666666,8.012820512178459e-11,8.012820512178459e-11,0.9962382316589355,1
authentic__19953,19953,/kaggle/input/competitions/recodai-luc-scientific-image-forgery-detection/train_images/authentic/19953.png,authentic,0,0,0.0,,0,0.0,1.0,1.0,0.16509614884853363,0
authentic__20103,20103,/kaggle/input/competitions/recodai-luc-scientific-image-forgery-detection/train_images/authentic/20103.png,authentic,0,0,0.0,,0,0.0,1.0,1.0,0.7019429802894592,1
authentic__20270,20270,/kaggle/input/competitions/recodai-luc-scientific-image-forgery-detection/train_images/authentic/20270.png,authentic,0,0,0.0,,0,0.0,1.0,1.0,0.5955715775489807,1
authentic__20379,20379,/kaggle/input/competitions/recodai-luc-scientific-image-forgery-detection/train_images/authentic/20379.png,authentic,0,0,0.0,,0,0.0,1.0,1.0,0.4464239478111267,0
authentic__20490,20490,/kaggle/input/competitions/recodai-luc-scientific-image-forgery-detection/train_images/authentic/20490.png,authentic,0,0,0.0,,365,0.002475314670138889,2.7397260266466503e-10,2.7397260266466503e-10,0.9110907912254333,1
authentic__20587,20587,/kaggle/input/competitions/recodai-luc-scientific-image-forgery-detection/train_images/authentic/20587.png,authentic,0,0,0.0,,0,0.0,1.0,1.0,0.6713493466377258,1
authentic__20753,20753,/kaggle/input/competitions/recodai-luc-scientific-image-forgery-detection/train_images/authentic/20753.png,authentic,0,0,0.0,,54770,0.3714328342013889,1.8258170531279426e-12,1.8258170531279426e-12,0.9698702692985535,1
authentic__20800,20800,/kaggle/input/competitions/recodai-luc-scientific-image-forgery-detection/train_images/authentic/20800.png,authentic,0,0,0.0,,530,0.003594292534722222,1.88679245247419e-10,1.88679245247419e-10,0.9021484851837158,1
authentic__20833,20833,/kaggle/input/competitions/recodai-luc-scientific-image-forgery-detection/train_images/authentic/20833.png,authentic,0,0,0.0,,0,0.0,1.0,1.0,0.8053572773933411,1
authentic__20920,20920,/kaggle/input/competitions/recodai-luc-scientific-image-forgery-detection/train_images/authentic/20920.png,authentic,0,0,0.0,,0,0.0,1.0,1.0,0.9849269390106201,1
authentic__21204,21204,/kaggle/input/competitions/recodai-luc-scientific-image-forgery-detection/train_images/authentic/21204.png,authentic,0,0,0.0,,0,0.0,1.0,1.0,0.1664678156375885,0
authentic__21264,21264,/kaggle/input/competitions/recodai-luc-scientific-image-forgery-detection/train_images/authentic/21264.png,authentic,0,0,0.0,,0,0.0,1.0,1.0,0.6039902567863464,1
authentic__21540,21540,/kaggle/input/competitions/recodai-luc-scientific-image-forgery-detection/train_images/authentic/21540.png,authentic,0,0,0.0,,363,0.0024617513020833335,2.7548209358802145e-10,2.7548209358802145e-10,0.9717682003974915,1
authentic__2164,2164,/kaggle/input/competitions/recodai-luc-scientific-image-forgery-detection/train_images/authentic/2164.png,authentic,0,0,0.0,,0,0.0,1.0,1.0,0.8800532817840576,1
authentic__21728,21728,/kaggle/input/competitions/recodai-luc-scientific-image-forgery-detection/train_images/authentic/21728.png,authentic,0,0,0.0,,9733,0.0660061306423611,1.0274324463060984e-11,1.0274324463060984e-11,0.9740395545959473,1
authentic__21851,21851,/kaggle/input/competitions/recodai-luc-scientific-image-forgery-detection/train_images/authentic/21851.png,authentic,0,0,0.0,,0,0.0,1.0,1.0,0.15826784074306488,0
authentic__22046,22046,/kaggle/input/competitions/recodai-luc-scientific-image-forgery-detection/train_images/authentic/22046.png,authentic,0,0,0.0,,1402,0.009507921006944444,7.132667617180266e-11,7.132667617180266e-11,0.9668211340904236,1
authentic__22155,22155,/kaggle/input/competitions/recodai-luc-scientific-image-forgery-detection/train_images/authentic/22155.png,authentic,0,0,0.0,,0,0.0,1.0,1.0,0.04742863029241562,0
authentic__22182,22182,/kaggle/input/competitions/recodai-luc-scientific-image-forgery-detection/train_images/authentic/22182.png,authentic,0,0,0.0,,0,0.0,1.0,1.0,0.8500509262084961,1
authentic__2228,2228,/kaggle/input/competitions/recodai-luc-scientific-image-forgery-detection/train_images/authentic/2228.png,authentic,0,0,0.0,,6651,0.04510498046875,1.503533303240061e-11,1.503533303240061e-11,0.9900552034378052,1
authentic__22337,22337,/kaggle/input/competitions/recodai-luc-scientific-image-forgery-detection/train_images/authentic/22337.png,authentic,0,0,0.0,,0,0.0,1.0,1.0,0.4110341966152191,0
authentic__22565,22565,/kaggle/input/competitions/recodai-luc-scientific-image-forgery-detection/train_images/authentic/22565.png,authentic,0,0,0.0,,0,0.0,1.0,1.0,0.23262323439121246,0
authentic__22739,22739,/kaggle/input/competitions/recodai-luc-scientific-image-forgery-detection/train_images/authentic/22739.png,authentic,0,0,0.0,,165,0.0011189778645833333,6.060606056932966e-10,6.060606056932966e-10,0.990578830242157,1
authentic__22797,22797,/kaggle/input/competitions/recodai-luc-scientific-image-forgery-detection/train_images/authentic/22797.png,authentic,0,0,0.0,,14917,0.1011623806423611,6.703760809769365e-12,6.703760809769365e-12,0.9897370934486389,1
authentic__2290,2290,/kaggle/input/competitions/recodai-luc-scientific-image-forgery-detection/train_images/authentic/2290.png,authentic,0,0,0.0,,0,0.0,1.0,1.0,0.8428389430046082,1
authentic__22951,22951,/kaggle/input/competitions/recodai-luc-scientific-image-forgery-detection/train_images/authentic/22951.png,authentic,0,0,0.0,,222,0.0015055338541666667,4.5045045024754483e-10,4.5045045024754483e-10,0.9950236082077026,1
authentic__2305,2305,/kaggle/input/competitions/recodai-luc-scientific-image-forgery-detection/train_images/authentic/2305.png,authentic,0,0,0.0,,2591,0.017571343315972224,3.859513701124681e-11,3.859513701124681e-11,0.921704113483429,1
authentic__23143,23143,/kaggle/input/competitions/recodai-luc-scientific-image-forgery-detection/train_images/authentic/23143.png,authentic,0,0,0.0,,0,0.0,1.0,1.0,0.1304168701171875,0
authentic__23236,23236,/kaggle/input/competitions/recodai-luc-scientific-image-forgery-detection/train_images/authentic/23236.png,authentic,0,0,0.0,,0,0.0,1.0,1.0,0.6359787583351135,1
authentic__23357,23357,/kaggle/input/competitions/recodai-luc-scientific-image-forgery-detection/train_images/authentic/23357.png,authentic,0,0,0.0,,0,0.0,1.0,1.0,0.0456601083278656,0
authentic__23460,23460,/kaggle/input/competitions/recodai-luc-scientific-image-forgery-detection/train_images/authentic/23460.png,authentic,0,0,0.0,,4459,0.030239529079861112,2.2426553038294987e-11,2.2426553038294987e-11,0.9596228003501892,1
authentic__23527,23527,/kaggle/input/competitions/recodai-luc-scientific-image-forgery-detection/train_images/authentic/23527.png,authentic,0,0,0.0,,0,0.0,1.0,1.0,0.7109262943267822,1
authentic__23726,23726,/kaggle/input/competitions/recodai-luc-scientific-image-forgery-detection/train_images/authentic/23726.png,authentic,0,0,0.0,,119,0.0008070203993055555,8.403361337476167e-10,8.403361337476167e-10,0.8965998291969299,1
authentic__23904,23904,/kaggle/input/competitions/recodai-luc-scientific-image-forgery-detection/train_images/authentic/23904.png,authentic,0,0,0.0,,0,0.0,1.0,1.0,0.13660657405853271,0
authentic__24029,24029,/kaggle/input/competitions/recodai-luc-scientific-image-forgery-detection/train_images/authentic/24029.png,authentic,0,0,0.0,,126,0.0008544921875,7.93650793020912e-10,7.93650793020912e-10,0.9770719408988953,1
authentic__24218,24218,/kaggle/input/competitions/recodai-luc-scientific-image-forgery-detection/train_images/authentic/24218.png,authentic,0,0,0.0,,1493,0.010125054253472222,6.69792364322184e-11,6.69792364322184e-11,0.9981428384780884,1
authentic__24332,24332,/kaggle/input/competitions/recodai-luc-scientific-image-forgery-detection/train_images/authentic/24332.png,authentic,0,0,0.0,,0,0.0,1.0,1.0,0.6154571771621704,1
authentic__24381,24381,/kaggle/input/competitions/recodai-luc-scientific-image-forgery-detection/train_images/authentic/24381.png,authentic,0,0,0.0,,0,0.0,1.0,1.0,0.5775153636932373,0
authentic__2450,2450,/kaggle/input/competitions/recodai-luc-scientific-image-forgery-detection/train_images/authentic/2450.png,authentic,0,0,0.0,,1490,0.010104709201388888,6.711409395522723e-11,6.711409395522723e-11,0.9905297160148621,1
authentic__24600,24600,/kaggle/input/competitions/recodai-luc-scientific-image-forgery-detection/train_images/authentic/24600.png,authentic,0,0,0.0,,0,0.0,1.0,1.0,0.848719596862793,1
authentic__24676,24676,/kaggle/input/competitions/recodai-luc-scientific-image-forgery-detection/train_images/authentic/24676.png,authentic,0,0,0.0,,0,0.0,1.0,1.0,0.02016284316778183,0
authentic__24749,24749,/kaggle/input/competitions/recodai-luc-scientific-image-forgery-detection/train_images/authentic/24749.png,authentic,0,0,0.0,,0,0.0,1.0,1.0,0.7796339392662048,1
authentic__24937,24937,/kaggle/input/competitions/recodai-luc-scientific-image-forgery-detection/train_images/authentic/24937.png,authentic,0,0,0.0,,0,0.0,1.0,1.0,0.5638712644577026,0
authentic__25003,25003,/kaggle/input/competitions/recodai-luc-scientific-image-forgery-detection/train_images/authentic/25003.png,authentic,0,0,0.0,,0,0.0,1.0,1.0,0.44584569334983826,0
authentic__25124,25124,/kaggle/input/competitions/recodai-luc-scientific-image-forgery-detection/train_images/authentic/25124.png,authentic,0,0,0.0,,3498,0.023722330729166668,2.858776443600378e-11,2.858776443600378e-11,0.9622762799263,1
authentic__2534,2534,/kaggle/input/competitions/recodai-luc-scientific-image-forgery-detection/train_images/authentic/2534.png,authentic,0,0,0.0,,0,0.0,1.0,1.0,0.6659361124038696,1
authentic__25388,25388,/kaggle/input/competitions/recodai-luc-scientific-image-forgery-detection/train_images/authentic/25388.png,authentic,0,0,0.0,,13997,0.09492323133680555,7.144388083109634e-12,7.144388083109634e-12,0.942116916179657,1
authentic__25458,25458,/kaggle/input/competitions/recodai-luc-scientific-image-forgery-detection/train_images/authentic/25458.png,authentic,0,0,0.0,,0,0.0,1.0,1.0,0.10231311619281769,0
authentic__25525,25525,/kaggle/input/competitions/recodai-luc-scientific-image-forgery-detection/train_images/authentic/25525.png,authentic,0,0,0.0,,370,0.002509223090277778,2.702702701972242e-10,2.702702701972242e-10,0.9357403516769409,1
authentic__25638,25638,/kaggle/input/competitions/recodai-luc-scientific-image-forgery-detection/train_images/authentic/25638.png,authentic,0,0,0.0,,0,0.0,1.0,1.0,0.7505499124526978,1
authentic__2577,2577,/kaggle/input/competitions/recodai-luc-scientific-image-forgery-detection/train_images/authentic/2577.png,authentic,0,0,0.0,,137,0.0009290907118055555,7.299270067664766e-10,7.299270067664766e-10,0.9877184629440308,1
authentic__25981,25981,/kaggle/input/competitions/recodai-luc-scientific-image-forgery-detection/train_images/authentic/25981.png,authentic,0,0,0.0,,252,0.001708984375,3.9682539666792644e-10,3.9682539666792644e-10,0.9858837723731995,1
authentic__26035,26035,/kaggle/input/competitions/recodai-luc-scientific-image-forgery-detection/train_images/authentic/26035.png,authentic,0,0,0.0,,0,0.0,1.0,1.0,0.9885883331298828,1
authentic__26148,26148,/kaggle/input/competitions/recodai-luc-scientific-image-forgery-detection/train_images/authentic/26148.png,authentic,0,0,0.0,,0,0.0,1.0,1.0,0.02559259720146656,0
authentic__2622,2622,/kaggle/input/competitions/recodai-luc-scientific-image-forgery-detection/train_images/authentic/2622.png,authentic,0,0,0.0,,0,0.0,1.0,1.0,0.9578765630722046,1
authentic__26329,26329,/kaggle/input/competitions/recodai-luc-scientific-image-forgery-detection/train_images/authentic/26329.png,authentic,0,0,0.0,,0,0.0,1.0,1.0,0.5281714797019958,0
authentic__26435,26435,/kaggle/input/competitions/recodai-luc-scientific-image-forgery-detection/train_images/authentic/26435.png,authentic,0,0,0.0,,0,0.0,1.0,1.0,0.09258773177862167,0
authentic__26492,26492,/kaggle/input/competitions/recodai-luc-scientific-image-forgery-detection/train_images/authentic/26492.png,authentic,0,0,0.0,,15679,0.10633002387152778,6.377957777878831e-12,6.377957777878831e-12,0.9890243411064148,1
authentic__26730,26730,/kaggle/input/competitions/recodai-luc-scientific-image-forgery-detection/train_images/authentic/26730.png,authentic,0,0,0.0,,0,0.0,1.0,1.0,0.6157613396644592,1
authentic__27061,27061,/kaggle/input/competitions/recodai-luc-scientific-image-forgery-detection/train_images/authentic/27061.png,authentic,0,0,0.0,,9332,0.06328667534722222,1.0715816545105916e-11,1.0715816545105916e-11,0.9929528832435608,1
authentic__27195,27195,/kaggle/input/competitions/recodai-luc-scientific-image-forgery-detection/train_images/authentic/27195.png,authentic,0,0,0.0,,0,0.0,1.0,1.0,0.3101162612438202,0
authentic__27409,27409,/kaggle/input/competitions/recodai-luc-scientific-image-forgery-detection/train_images/authentic/27409.png,authentic,0,0,0.0,,347,0.002353244357638889,2.8818443795729553e-10,2.8818443795729553e-10,0.981734037399292,1
authentic__27586,27586,/kaggle/input/competitions/recodai-luc-scientific-image-forgery-detection/train_images/authentic/27586.png,authentic,0,0,0.0,,0,0.0,1.0,1.0,0.8803027272224426,1
authentic__27694,27694,/kaggle/input/competitions/recodai-luc-scientific-image-forgery-detection/train_images/authentic/27694.png,authentic,0,0,0.0,,0,0.0,1.0,1.0,0.8423004746437073,1
authentic__27896,27896,/kaggle/input/competitions/recodai-luc-scientific-image-forgery-detection/train_images/authentic/27896.png,authentic,0,0,0.0,,349,0.0023668077256944445,2.865329512072971e-10,2.865329512072971e-10,0.9792402982711792,1
authentic__28014,28014,/kaggle/input/competitions/recodai-luc-scientific-image-forgery-detection/train_images/authentic/28014.png,authentic,0,0,0.0,,0,0.0,1.0,1.0,0.11381638050079346,0
authentic__28195,28195,/kaggle/input/competitions/recodai-luc-scientific-image-forgery-detection/train_images/authentic/28195.png,authentic,0,0,0.0,,2135,0.014478895399305556,4.683840749195136e-11,4.683840749195136e-11,0.99257493019104,1
authentic__28245,28245,/kaggle/input/competitions/recodai-luc-scientific-image-forgery-detection/train_images/authentic/28245.png,authentic,0,0,0.0,,0,0.0,1.0,1.0,0.44028735160827637,0
authentic__28283,28283,/kaggle/input/competitions/recodai-luc-scientific-image-forgery-detection/train_images/authentic/28283.png,authentic,0,0,0.0,,8916,0.060465494791666664,1.1215791834777749e-11,1.1215791834777749e-11,0.9708695411682129,1
authentic__28412,28412,/kaggle/input/competitions/recodai-luc-scientific-image-forgery-detection/train_images/authentic/28412.png,authentic,0,0,0.0,,0,0.0,1.0,1.0,0.15286226570606232,0
authentic__28496,28496,/kaggle/input/competitions/recodai-luc-scientific-image-forgery-detection/train_images/authentic/28496.png,authentic,0,0,0.0,,0,0.0,1.0,1.0,0.4982996881008148,0
authentic__28878,28878,/kaggle/input/competitions/recodai-luc-scientific-image-forgery-detection/train_images/authentic/28878.png,authentic,0,0,0.0,,329,0.002231174045138889,3.039513676887685e-10,3.039513676887685e-10,0.9144006371498108,1
authentic__28928,28928,/kaggle/input/competitions/recodai-luc-scientific-image-forgery-detection/train_images/authentic/28928.png,authentic,0,0,0.0,,245,0.0016615125868055555,4.081632651395252e-10,4.081632651395252e-10,0.9819121360778809,1
authentic__28965,28965,/kaggle/input/competitions/recodai-luc-scientific-image-forgery-detection/train_images/authentic/28965.png,authentic,0,0,0.0,,0,0.0,1.0,1.0,0.2811279892921448,0
authentic__29129,29129,/kaggle/input/competitions/recodai-luc-scientific-image-forgery-detection/train_images/authentic/29129.png,authentic,0,0,0.0,,0,0.0,1.0,1.0,0.4457217752933502,0
authentic__29229,29229,/kaggle/input/competitions/recodai-luc-scientific-image-forgery-detection/train_images/authentic/29229.png,authentic,0,0,0.0,,0,0.0,1.0,1.0,0.10576342046260834,0
authentic__29464,29464,/kaggle/input/competitions/recodai-luc-scientific-image-forgery-detection/train_images/authentic/29464.png,authentic,0,0,0.0,,661,0.004482693142361111,1.5128593038558457e-10,1.5128593038558457e-10,0.9934671521186829,1
authentic__29482,29482,/kaggle/input/competitions/recodai-luc-scientific-image-forgery-detection/train_images/authentic/29482.png,authentic,0,0,0.0,,0,0.0,1.0,1.0,0.6953994631767273,1
authentic__29593,29593,/kaggle/input/competitions/recodai-luc-scientific-image-forgery-detection/train_images/authentic/29593.png,authentic,0,0,0.0,,0,0.0,1.0,1.0,0.7618016600608826,1
authentic__29663,29663,/kaggle/input/competitions/recodai-luc-scientific-image-forgery-detection/train_images/authentic/29663.png,authentic,0,0,0.0,,252,0.001708984375,3.9682539666792644e-10,3.9682539666792644e-10,0.8747023344039917,1
authentic__29736,29736,/kaggle/input/competitions/recodai-luc-scientific-image-forgery-detection/train_images/authentic/29736.png,authentic,0,0,0.0,,0,0.0,1.0,1.0,0.026133861392736435,0
authentic__298,298,/kaggle/input/competitions/recodai-luc-scientific-image-forgery-detection/train_images/authentic/298.png,authentic,0,0,0.0,,0,0.0,1.0,1.0,0.054688889533281326,0
authentic__30045,30045,/kaggle/input/competitions/recodai-luc-scientific-image-forgery-detection/train_images/authentic/30045.png,authentic,0,0,0.0,,5571,0.03778076171875,1.7950098725220784e-11,1.7950098725220784e-11,0.9935030341148376,1
authentic__30217,30217,/kaggle/input/competitions/recodai-luc-scientific-image-forgery-detection/train_images/authentic/30217.png,authentic,0,0,0.0,,0,0.0,1.0,1.0,0.16328276693820953,0
authentic__30298,30298,/kaggle/input/competitions/recodai-luc-scientific-image-forgery-detection/train_images/authentic/30298.png,authentic,0,0,0.0,,101,0.0006849500868055555,9.90099008920694e-10,9.90099008920694e-10,0.9384632706642151,1
authentic__30354,30354,/kaggle/input/competitions/recodai-luc-scientific-image-forgery-detection/train_images/authentic/30354.png,authentic,0,0,0.0,,0,0.0,1.0,1.0,0.7507612109184265,1
authentic__3062,3062,/kaggle/input/competitions/recodai-luc-scientific-image-forgery-detection/train_images/authentic/3062.png,authentic,0,0,0.0,,0,0.0,1.0,1.0,0.9125750660896301,1
authentic__30715,30715,/kaggle/input/competitions/recodai-luc-scientific-image-forgery-detection/train_images/authentic/30715.png,authentic,0,0,0.0,,0,0.0,1.0,1.0,0.7036290168762207,1
authentic__30871,30871,/kaggle/input/competitions/recodai-luc-scientific-image-forgery-detection/train_images/authentic/30871.png,authentic,0,0,0.0,,747,0.00506591796875,1.338688085496829e-10,1.338688085496829e-10,0.9599425792694092,1
authentic__31077,31077,/kaggle/input/competitions/recodai-luc-scientific-image-forgery-detection/train_images/authentic/31077.png,authentic,0,0,0.0,,515,0.0034925672743055555,1.9417475724384957e-10,1.9417475724384957e-10,0.9902542233467102,1
authentic__3110,3110,/kaggle/input/competitions/recodai-luc-scientific-image-forgery-detection/train_images/authentic/3110.png,authentic,0,0,0.0,,0,0.0,1.0,1.0,0.6475910544395447,1
authentic__31218,31218,/kaggle/input/competitions/recodai-luc-scientific-image-forgery-detection/train_images/authentic/31218.png,authentic,0,0,0.0,,0,0.0,1.0,1.0,0.6112459897994995,1
authentic__31262,31262,/kaggle/input/competitions/recodai-luc-scientific-image-forgery-detection/train_images/authentic/31262.png,authentic,0,0,0.0,,0,0.0,1.0,1.0,0.8522201180458069,1
authentic__31336,31336,/kaggle/input/competitions/recodai-luc-scientific-image-forgery-detection/train_images/authentic/31336.png,authentic,0,0,0.0,,0,0.0,1.0,1.0,0.8284145593643188,1
authentic__31468,31468,/kaggle/input/competitions/recodai-luc-scientific-image-forgery-detection/train_images/authentic/31468.png,authentic,0,0,0.0,,0,0.0,1.0,1.0,0.20594669878482819,0
authentic__31725,31725,/kaggle/input/competitions/recodai-luc-scientific-image-forgery-detection/train_images/authentic/31725.png,authentic,0,0,0.0,,18881,0.1280449761284722,5.296329643528963e-12,5.296329643528963e-12,0.9740310907363892,1
authentic__31834,31834,/kaggle/input/competitions/recodai-luc-scientific-image-forgery-detection/train_images/authentic/31834.png,authentic,0,0,0.0,,0,0.0,1.0,1.0,0.5623745918273926,0
authentic__31942,31942,/kaggle/input/competitions/recodai-luc-scientific-image-forgery-detection/train_images/authentic/31942.png,authentic,0,0,0.0,,0,0.0,1.0,1.0,0.7125979661941528,1
authentic__32013,32013,/kaggle/input/competitions/recodai-luc-scientific-image-forgery-detection/train_images/authentic/32013.png,authentic,0,0,0.0,,579,0.003926595052083333,1.7271157164547297e-10,1.7271157164547297e-10,0.9775797724723816,1
authentic__32139,32139,/kaggle/input/competitions/recodai-luc-scientific-image-forgery-detection/train_images/authentic/32139.png,authentic,0,0,0.0,,0,0.0,1.0,1.0,0.40271320939064026,0
authentic__3228,3228,/kaggle/input/competitions/recodai-luc-scientific-image-forgery-detection/train_images/authentic/3228.png,authentic,0,0,0.0,,0,0.0,1.0,1.0,0.04533804580569267,0
authentic__32398,32398,/kaggle/input/competitions/recodai-luc-scientific-image-forgery-detection/train_images/authentic/32398.png,authentic,0,0,0.0,,0,0.0,1.0,1.0,0.41702571511268616,0
authentic__32535,32535,/kaggle/input/competitions/recodai-luc-scientific-image-forgery-detection/train_images/authentic/32535.png,authentic,0,0,0.0,,1805,0.012240939670138888,5.540166204679215e-11,5.540166204679215e-11,0.9018855690956116,1
authentic__32722,32722,/kaggle/input/competitions/recodai-luc-scientific-image-forgery-detection/train_images/authentic/32722.png,authentic,0,0,0.0,,508,0.003445095486111111,1.968503936620373e-10,1.968503936620373e-10,0.9069729447364807,1
authentic__32884,32884,/kaggle/input/competitions/recodai-luc-scientific-image-forgery-detection/train_images/authentic/32884.png,authentic,0,0,0.0,,782,0.005303276909722222,1.278772378353098e-10,1.278772378353098e-10,0.9019477367401123,1
authentic__32973,32973,/kaggle/input/competitions/recodai-luc-scientific-image-forgery-detection/train_images/authentic/32973.png,authentic,0,0,0.0,,0,0.0,1.0,1.0,0.11479267477989197,0
authentic__33053,33053,/kaggle/input/competitions/recodai-luc-scientific-image-forgery-detection/train_images/authentic/33053.png,authentic,0,0,0.0,,0,0.0,1.0,1.0,0.5472155213356018,0
authentic__33343,33343,/kaggle/input/competitions/recodai-luc-scientific-image-forgery-detection/train_images/authentic/33343.png,authentic,0,0,0.0,,0,0.0,1.0,1.0,0.09820897877216339,0
authentic__33580,33580,/kaggle/input/competitions/recodai-luc-scientific-image-forgery-detection/train_images/authentic/33580.png,authentic,0,0,0.0,,0,0.0,1.0,1.0,0.49619826674461365,0
authentic__33686,33686,/kaggle/input/competitions/recodai-luc-scientific-image-forgery-detection/train_images/authentic/33686.png,authentic,0,0,0.0,,6674,0.04526095920138889,1.4983518129832432e-11,1.4983518129832432e-11,0.9766100645065308,1
authentic__339,339,/kaggle/input/competitions/recodai-luc-scientific-image-forgery-detection/train_images/authentic/339.png,authentic,0,0,0.0,,0,0.0,1.0,1.0,0.040214378386735916,0
authentic__33985,33985,/kaggle/input/competitions/recodai-luc-scientific-image-forgery-detection/train_images/authentic/33985.png,authentic,0,0,0.0,,0,0.0,1.0,1.0,0.08462976664304733,0
authentic__34036,34036,/kaggle/input/competitions/recodai-luc-scientific-image-forgery-detection/train_images/authentic/34036.png,authentic,0,0,0.0,,276,0.0018717447916666667,3.6231884044843513e-10,3.6231884044843513e-10,0.8797695636749268,1
authentic__34211,34211,/kaggle/input/competitions/recodai-luc-scientific-image-forgery-detection/train_images/authentic/34211.png,authentic,0,0,0.0,,0,0.0,1.0,1.0,0.055334579199552536,0
authentic__34306,34306,/kaggle/input/competitions/recodai-luc-scientific-image-forgery-detection/train_images/authentic/34306.png,authentic,0,0,0.0,,0,0.0,1.0,1.0,0.5940978527069092,1
authentic__34415,34415,/kaggle/input/competitions/recodai-luc-scientific-image-forgery-detection/train_images/authentic/34415.png,authentic,0,0,0.0,,0,0.0,1.0,1.0,0.047563932836055756,0
authentic__34597,34597,/kaggle/input/competitions/recodai-luc-scientific-image-forgery-detection/train_images/authentic/34597.png,authentic,0,0,0.0,,13479,0.09141031901041667,7.418947993119527e-12,7.418947993119527e-12,0.9992666840553284,1
authentic__34824,34824,/kaggle/input/competitions/recodai-luc-scientific-image-forgery-detection/train_images/authentic/34824.png,authentic,0,0,0.0,,0,0.0,1.0,1.0,0.9376011490821838,1
authentic__34873,34873,/kaggle/input/competitions/recodai-luc-scientific-image-forgery-detection/train_images/authentic/34873.png,authentic,0,0,0.0,,16671,0.11305745442708333,5.99844040545859e-12,5.99844040545859e-12,0.9974372386932373,1
authentic__35018,35018,/kaggle/input/competitions/recodai-luc-scientific-image-forgery-detection/train_images/authentic/35018.png,authentic,0,0,0.0,,159,0.0010782877604166667,6.289308172145089e-10,6.289308172145089e-10,0.9894441962242126,1
authentic__35127,35127,/kaggle/input/competitions/recodai-luc-scientific-image-forgery-detection/train_images/authentic/35127.png,authentic,0,0,0.0,,232,0.0015733506944444445,4.3103448257282997e-10,4.3103448257282997e-10,0.9116207957267761,1
authentic__35222,35222,/kaggle/input/competitions/recodai-luc-scientific-image-forgery-detection/train_images/authentic/35222.png,authentic,0,0,0.0,,4055,0.027499728732638888,2.4660912453152628e-11,2.4660912453152628e-11,0.8991766571998596,1
authentic__35378,35378,/kaggle/input/competitions/recodai-luc-scientific-image-forgery-detection/train_images/authentic/35378.png,authentic,0,0,0.0,,0,0.0,1.0,1.0,0.7474345564842224,1
authentic__35471,35471,/kaggle/input/competitions/recodai-luc-scientific-image-forgery-detection/train_images/authentic/35471.png,authentic,0,0,0.0,,0,0.0,1.0,1.0,0.8770710229873657,1
authentic__35586,35586,/kaggle/input/competitions/recodai-luc-scientific-image-forgery-detection/train_images/authentic/35586.png,authentic,0,0,0.0,,23516,0.1594780815972222,4.252423881594436e-12,4.252423881594436e-12,0.9979450106620789,1
authentic__35715,35715,/kaggle/input/competitions/recodai-luc-scientific-image-forgery-detection/train_images/authentic/35715.png,authentic,0,0,0.0,,0,0.0,1.0,1.0,0.6665188074111938,1
authentic__35744,35744,/kaggle/input/competitions/recodai-luc-scientific-image-forgery-detection/train_images/authentic/35744.png,authentic,0,0,0.0,,0,0.0,1.0,1.0,0.8630402684211731,1
authentic__35885,35885,/kaggle/input/competitions/recodai-luc-scientific-image-forgery-detection/train_images/authentic/35885.png,authentic,0,0,0.0,,0,0.0,1.0,1.0,0.39472851157188416,0
authentic__36010,36010,/kaggle/input/competitions/recodai-luc-scientific-image-forgery-detection/train_images/authentic/36010.png,authentic,0,0,0.0,,0,0.0,1.0,1.0,0.8337311148643494,1
authentic__36190,36190,/kaggle/input/competitions/recodai-luc-scientific-image-forgery-detection/train_images/authentic/36190.png,authentic,0,0,0.0,,0,0.0,1.0,1.0,0.7187979817390442,1
authentic__36295,36295,/kaggle/input/competitions/recodai-luc-scientific-image-forgery-detection/train_images/authentic/36295.png,authentic,0,0,0.0,,0,0.0,1.0,1.0,0.029359156265854836,0
authentic__36390,36390,/kaggle/input/competitions/recodai-luc-scientific-image-forgery-detection/train_images/authentic/36390.png,authentic,0,0,0.0,,0,0.0,1.0,1.0,0.5414425134658813,0
authentic__36453,36453,/kaggle/input/competitions/recodai-luc-scientific-image-forgery-detection/train_images/authentic/36453.png,authentic,0,0,0.0,,0,0.0,1.0,1.0,0.027427729219198227,0
authentic__36597,36597,/kaggle/input/competitions/recodai-luc-scientific-image-forgery-detection/train_images/authentic/36597.png,authentic,0,0,0.0,,143,0.0009697808159722222,6.993006988116778e-10,6.993006988116778e-10,0.9058883786201477,1
authentic__36707,36707,/kaggle/input/competitions/recodai-luc-scientific-image-forgery-detection/train_images/authentic/36707.png,authentic,0,0,0.0,,252,0.001708984375,3.9682539666792644e-10,3.9682539666792644e-10,0.92571622133255,1
authentic__36746,36746,/kaggle/input/competitions/recodai-luc-scientific-image-forgery-detection/train_images/authentic/36746.png,authentic,0,0,0.0,,0,0.0,1.0,1.0,0.3325779139995575,0
authentic__36949,36949,/kaggle/input/competitions/recodai-luc-scientific-image-forgery-detection/train_images/authentic/36949.png,authentic,0,0,0.0,,0,0.0,1.0,1.0,0.1766693890094757,0
authentic__37076,37076,/kaggle/input/competitions/recodai-luc-scientific-image-forgery-detection/train_images/authentic/37076.png,authentic,0,0,0.0,,0,0.0,1.0,1.0,0.5485450029373169,0
authentic__37149,37149,/kaggle/input/competitions/recodai-luc-scientific-image-forgery-detection/train_images/authentic/37149.png,authentic,0,0,0.0,,0,0.0,1.0,1.0,0.5459883809089661,0
authentic__37280,37280,/kaggle/input/competitions/recodai-luc-scientific-image-forgery-detection/train_images/authentic/37280.png,authentic,0,0,0.0,,0,0.0,1.0,1.0,0.8755810260772705,1
authentic__37400,37400,/kaggle/input/competitions/recodai-luc-scientific-image-forgery-detection/train_images/authentic/37400.png,authentic,0,0,0.0,,707,0.004794650607638889,1.414427156801354e-10,1.414427156801354e-10,0.9418048858642578,1
authentic__3751,3751,/kaggle/input/competitions/recodai-luc-scientific-image-forgery-detection/train_images/authentic/3751.png,authentic,0,0,0.0,,0,0.0,1.0,1.0,0.5561001300811768,0
authentic__37586,37586,/kaggle/input/competitions/recodai-luc-scientific-image-forgery-detection/train_images/authentic/37586.png,authentic,0,0,0.0,,0,0.0,1.0,1.0,0.28578290343284607,0
authentic__37735,37735,/kaggle/input/competitions/recodai-luc-scientific-image-forgery-detection/train_images/authentic/37735.png,authentic,0,0,0.0,,0,0.0,1.0,1.0,0.2312261164188385,0
authentic__37817,37817,/kaggle/input/competitions/recodai-luc-scientific-image-forgery-detection/train_images/authentic/37817.png,authentic,0,0,0.0,,0,0.0,1.0,1.0,0.8431418538093567,1
authentic__37903,37903,/kaggle/input/competitions/recodai-luc-scientific-image-forgery-detection/train_images/authentic/37903.png,authentic,0,0,0.0,,0,0.0,1.0,1.0,0.700571596622467,1
authentic__37942,37942,/kaggle/input/competitions/recodai-luc-scientific-image-forgery-detection/train_images/authentic/37942.png,authentic,0,0,0.0,,0,0.0,1.0,1.0,0.4612503945827484,0
authentic__38034,38034,/kaggle/input/competitions/recodai-luc-scientific-image-forgery-detection/train_images/authentic/38034.png,authentic,0,0,0.0,,0,0.0,1.0,1.0,0.6235573291778564,1
authentic__38136,38136,/kaggle/input/competitions/recodai-luc-scientific-image-forgery-detection/train_images/authentic/38136.png,authentic,0,0,0.0,,103,0.0006985134548611111,9.70873785465171e-10,9.70873785465171e-10,0.9012261033058167,1
authentic__38256,38256,/kaggle/input/competitions/recodai-luc-scientific-image-forgery-detection/train_images/authentic/38256.png,authentic,0,0,0.0,,266,0.001803927951388889,3.759398494827293e-10,3.759398494827293e-10,0.9557212591171265,1
authentic__38294,38294,/kaggle/input/competitions/recodai-luc-scientific-image-forgery-detection/train_images/authentic/38294.png,authentic,0,0,0.0,,0,0.0,1.0,1.0,0.354050874710083,0
authentic__38456,38456,/kaggle/input/competitions/recodai-luc-scientific-image-forgery-detection/train_images/authentic/38456.png,authentic,0,0,0.0,,0,0.0,1.0,1.0,0.9116933345794678,1
authentic__38486,38486,/kaggle/input/competitions/recodai-luc-scientific-image-forgery-detection/train_images/authentic/38486.png,authentic,0,0,0.0,,0,0.0,1.0,1.0,0.7470511794090271,1
authentic__38548,38548,/kaggle/input/competitions/recodai-luc-scientific-image-forgery-detection/train_images/authentic/38548.png,authentic,0,0,0.0,,0,0.0,1.0,1.0,0.4567003548145294,0
authentic__38633,38633,/kaggle/input/competitions/recodai-luc-scientific-image-forgery-detection/train_images/authentic/38633.png,authentic,0,0,0.0,,104,0.0007052951388888889,9.615384606139053e-10,9.615384606139053e-10,0.9906802773475647,1
authentic__38699,38699,/kaggle/input/competitions/recodai-luc-scientific-image-forgery-detection/train_images/authentic/38699.png,authentic,0,0,0.0,,0,0.0,1.0,1.0,0.17889535427093506,0
authentic__38913,38913,/kaggle/input/competitions/recodai-luc-scientific-image-forgery-detection/train_images/authentic/38913.png,authentic,0,0,0.0,,0,0.0,1.0,1.0,0.021948253735899925,0
authentic__39099,39099,/kaggle/input/competitions/recodai-luc-scientific-image-forgery-detection/train_images/authentic/39099.png,authentic,0,0,0.0,,202,0.001369900173611111,4.950495047054211e-10,4.950495047054211e-10,0.9620909094810486,1
authentic__39299,39299,/kaggle/input/competitions/recodai-luc-scientific-image-forgery-detection/train_images/authentic/39299.png,authentic,0,0,0.0,,0,0.0,1.0,1.0,0.8231396675109863,1
authentic__39366,39366,/kaggle/input/competitions/recodai-luc-scientific-image-forgery-detection/train_images/authentic/39366.png,authentic,0,0,0.0,,0,0.0,1.0,1.0,0.8664700984954834,1
authentic__39625,39625,/kaggle/input/competitions/recodai-luc-scientific-image-forgery-detection/train_images/authentic/39625.png,authentic,0,0,0.0,,0,0.0,1.0,1.0,0.7927877902984619,1
authentic__39737,39737,/kaggle/input/competitions/recodai-luc-scientific-image-forgery-detection/train_images/authentic/39737.png,authentic,0,0,0.0,,0,0.0,1.0,1.0,0.04867091774940491,0
authentic__39875,39875,/kaggle/input/competitions/recodai-luc-scientific-image-forgery-detection/train_images/authentic/39875.png,authentic,0,0,0.0,,10352,0.07020399305555555,9.659969088005602e-12,9.659969088005602e-12,0.9905691146850586,1
authentic__39944,39944,/kaggle/input/competitions/recodai-luc-scientific-image-forgery-detection/train_images/authentic/39944.png,authentic,0,0,0.0,,377,0.002556694878472222,2.6525198931956176e-10,2.6525198931956176e-10,0.9823205471038818,1
authentic__40033,40033,/kaggle/input/competitions/recodai-luc-scientific-image-forgery-detection/train_images/authentic/40033.png,authentic,0,0,0.0,,7548,0.051188151041666664,1.3248542660131841e-11,1.3248542660131841e-11,0.9838301539421082,1
authentic__4022,4022,/kaggle/input/competitions/recodai-luc-scientific-image-forgery-detection/train_images/authentic/4022.png,authentic,0,0,0.0,,0,0.0,1.0,1.0,0.8196476101875305,1
authentic__40298,40298,/kaggle/input/competitions/recodai-luc-scientific-image-forgery-detection/train_images/authentic/40298.png,authentic,0,0,0.0,,0,0.0,1.0,1.0,0.21137866377830505,0
authentic__40349,40349,/kaggle/input/competitions/recodai-luc-scientific-image-forgery-detection/train_images/authentic/40349.png,authentic,0,0,0.0,,0,0.0,1.0,1.0,0.35951170325279236,0
authentic__40373,40373,/kaggle/input/competitions/recodai-luc-scientific-image-forgery-detection/train_images/authentic/40373.png,authentic,0,0,0.0,,0,0.0,1.0,1.0,0.4745650887489319,0
authentic__4045,4045,/kaggle/input/competitions/recodai-luc-scientific-image-forgery-detection/train_images/authentic/4045.png,authentic,0,0,0.0,,0,0.0,1.0,1.0,0.6984708905220032,1
authentic__40519,40519,/kaggle/input/competitions/recodai-luc-scientific-image-forgery-detection/train_images/authentic/40519.png,authentic,0,0,0.0,,0,0.0,1.0,1.0,0.4162885844707489,0
authentic__40728,40728,/kaggle/input/competitions/recodai-luc-scientific-image-forgery-detection/train_images/authentic/40728.png,authentic,0,0,0.0,,110,0.0007459852430555555,9.090909082644628e-10,9.090909082644628e-10,0.995184600353241,1
authentic__40828,40828,/kaggle/input/competitions/recodai-luc-scientific-image-forgery-detection/train_images/authentic/40828.png,authentic,0,0,0.0,,0,0.0,1.0,1.0,0.43695518374443054,0
authentic__40919,40919,/kaggle/input/competitions/recodai-luc-scientific-image-forgery-detection/train_images/authentic/40919.png,authentic,0,0,0.0,,0,0.0,1.0,1.0,0.06553564965724945,0
authentic__40974,40974,/kaggle/input/competitions/recodai-luc-scientific-image-forgery-detection/train_images/authentic/40974.png,authentic,0,0,0.0,,0,0.0,1.0,1.0,0.7975296974182129,1
authentic__41024,41024,/kaggle/input/competitions/recodai-luc-scientific-image-forgery-detection/train_images/authentic/41024.png,authentic,0,0,0.0,,2409,0.016337076822916668,4.151100041338684e-11,4.151100041338684e-11,0.9962128400802612,1
authentic__41080,41080,/kaggle/input/competitions/recodai-luc-scientific-image-forgery-detection/train_images/authentic/41080.png,authentic,0,0,0.0,,0,0.0,1.0,1.0,0.04185335338115692,0
authentic__41171,41171,/kaggle/input/competitions/recodai-luc-scientific-image-forgery-detection/train_images/authentic/41171.png,authentic,0,0,0.0,,0,0.0,1.0,1.0,0.43271875381469727,0
authentic__41255,41255,/kaggle/input/competitions/recodai-luc-scientific-image-forgery-detection/train_images/authentic/41255.png,authentic,0,0,0.0,,0,0.0,1.0,1.0,0.4983610212802887,0
authentic__414,414,/kaggle/input/competitions/recodai-luc-scientific-image-forgery-detection/train_images/authentic/414.png,authentic,0,0,0.0,,7680,0.052083333333333336,1.302083333316379e-11,1.302083333316379e-11,0.9427130818367004,1
authentic__41517,41517,/kaggle/input/competitions/recodai-luc-scientific-image-forgery-detection/train_images/authentic/41517.png,authentic,0,0,0.0,,6556,0.04446072048611111,1.52532031724336e-11,1.52532031724336e-11,0.9997105002403259,1
authentic__41600,41600,/kaggle/input/competitions/recodai-luc-scientific-image-forgery-detection/train_images/authentic/41600.png,authentic,0,0,0.0,,16509,0.11195882161458333,6.057302077617921e-12,6.057302077617921e-12,0.9911500215530396,1
authentic__41697,41697,/kaggle/input/competitions/recodai-luc-scientific-image-forgery-detection/train_images/authentic/41697.png,authentic,0,0,0.0,,1091,0.007398817274305556,9.165902840589741e-11,9.165902840589741e-11,0.9148772358894348,1
authentic__41830,41830,/kaggle/input/competitions/recodai-luc-scientific-image-forgery-detection/train_images/authentic/41830.png,authentic,0,0,0.0,,0,0.0,1.0,1.0,0.20430468022823334,0
authentic__41895,41895,/kaggle/input/competitions/recodai-luc-scientific-image-forgery-detection/train_images/authentic/41895.png,authentic,0,0,0.0,,0,0.0,1.0,1.0,0.8571321368217468,1
authentic__42035,42035,/kaggle/input/competitions/recodai-luc-scientific-image-forgery-detection/train_images/authentic/42035.png,authentic,0,0,0.0,,0,0.0,1.0,1.0,0.09275195747613907,0
authentic__4222,4222,/kaggle/input/competitions/recodai-luc-scientific-image-forgery-detection/train_images/authentic/4222.png,authentic,0,0,0.0,,11817,0.08013916015625,8.462384699936849e-12,8.462384699936849e-12,0.946052610874176,1
authentic__42289,42289,/kaggle/input/competitions/recodai-luc-scientific-image-forgery-detection/train_images/authentic/42289.png,authentic,0,0,0.0,,0,0.0,1.0,1.0,0.6945973038673401,1
authentic__42385,42385,/kaggle/input/competitions/recodai-luc-scientific-image-forgery-detection/train_images/authentic/42385.png,authentic,0,0,0.0,,0,0.0,1.0,1.0,0.5955274701118469,1
authentic__42461,42461,/kaggle/input/competitions/recodai-luc-scientific-image-forgery-detection/train_images/authentic/42461.png,authentic,0,0,0.0,,0,0.0,1.0,1.0,0.0192642193287611,0
authentic__42632,42632,/kaggle/input/competitions/recodai-luc-scientific-image-forgery-detection/train_images/authentic/42632.png,authentic,0,0,0.0,,0,0.0,1.0,1.0,0.6097620129585266,1
authentic__42742,42742,/kaggle/input/competitions/recodai-luc-scientific-image-forgery-detection/train_images/authentic/42742.png,authentic,0,0,0.0,,0,0.0,1.0,1.0,0.8335512280464172,1
authentic__42832,42832,/kaggle/input/competitions/recodai-luc-scientific-image-forgery-detection/train_images/authentic/42832.png,authentic,0,0,0.0,,0,0.0,1.0,1.0,0.8291572332382202,1
authentic__43085,43085,/kaggle/input/competitions/recodai-luc-scientific-image-forgery-detection/train_images/authentic/43085.png,authentic,0,0,0.0,,0,0.0,1.0,1.0,0.5655156970024109,0
authentic__43142,43142,/kaggle/input/competitions/recodai-luc-scientific-image-forgery-detection/train_images/authentic/43142.png,authentic,0,0,0.0,,0,0.0,1.0,1.0,0.19315212965011597,0
authentic__4321,4321,/kaggle/input/competitions/recodai-luc-scientific-image-forgery-detection/train_images/authentic/4321.png,authentic,0,0,0.0,,0,0.0,1.0,1.0,0.22242029011249542,0
authentic__43285,43285,/kaggle/input/competitions/recodai-luc-scientific-image-forgery-detection/train_images/authentic/43285.png,authentic,0,0,0.0,,0,0.0,1.0,1.0,0.6161124110221863,1
authentic__43368,43368,/kaggle/input/competitions/recodai-luc-scientific-image-forgery-detection/train_images/authentic/43368.png,authentic,0,0,0.0,,505,0.003424750434027778,1.9801980194098615e-10,1.9801980194098615e-10,0.9683588743209839,1
authentic__43610,43610,/kaggle/input/competitions/recodai-luc-scientific-image-forgery-detection/train_images/authentic/43610.png,authentic,0,0,0.0,,233,0.0015801323784722222,4.291845491720238e-10,4.291845491720238e-10,0.9971416592597961,1
authentic__4371,4371,/kaggle/input/competitions/recodai-luc-scientific-image-forgery-detection/train_images/authentic/4371.png,authentic,0,0,0.0,,5595,0.037943522135416664,1.7873100982701106e-11,1.7873100982701106e-11,0.9968482851982117,1
authentic__43810,43810,/kaggle/input/competitions/recodai-luc-scientific-image-forgery-detection/train_images/authentic/43810.png,authentic,0,0,0.0,,883,0.005988226996527778,1.1325028311288218e-10,1.1325028311288218e-10,0.9967408776283264,1
authentic__43915,43915,/kaggle/input/competitions/recodai-luc-scientific-image-forgery-detection/train_images/authentic/43915.png,authentic,0,0,0.0,,0,0.0,1.0,1.0,0.7796208262443542,1
authentic__44311,44311,/kaggle/input/competitions/recodai-luc-scientific-image-forgery-detection/train_images/authentic/44311.png,authentic,0,0,0.0,,0,0.0,1.0,1.0,0.907387912273407,1
authentic__44420,44420,/kaggle/input/competitions/recodai-luc-scientific-image-forgery-detection/train_images/authentic/44420.png,authentic,0,0,0.0,,0,0.0,1.0,1.0,0.8226125836372375,1
authentic__44622,44622,/kaggle/input/competitions/recodai-luc-scientific-image-forgery-detection/train_images/authentic/44622.png,authentic,0,0,0.0,,0,0.0,1.0,1.0,0.7059149146080017,1
authentic__44666,44666,/kaggle/input/competitions/recodai-luc-scientific-image-forgery-detection/train_images/authentic/44666.png,authentic,0,0,0.0,,0,0.0,1.0,1.0,0.10756045579910278,0
authentic__45004,45004,/kaggle/input/competitions/recodai-luc-scientific-image-forgery-detection/train_images/authentic/45004.png,authentic,0,0,0.0,,0,0.0,1.0,1.0,0.05189349129796028,0
authentic__45133,45133,/kaggle/input/competitions/recodai-luc-scientific-image-forgery-detection/train_images/authentic/45133.png,authentic,0,0,0.0,,0,0.0,1.0,1.0,0.5822943449020386,0
authentic__45182,45182,/kaggle/input/competitions/recodai-luc-scientific-image-forgery-detection/train_images/authentic/45182.png,authentic,0,0,0.0,,1798,0.012193467881944444,5.561735261092228e-11,5.561735261092228e-11,0.9914100766181946,1
authentic__45310,45310,/kaggle/input/competitions/recodai-luc-scientific-image-forgery-detection/train_images/authentic/45310.png,authentic,0,0,0.0,,380,0.0025770399305555555,2.6315789466759e-10,2.6315789466759e-10,0.9942323565483093,1
authentic__45381,45381,/kaggle/input/competitions/recodai-luc-scientific-image-forgery-detection/train_images/authentic/45381.png,authentic,0,0,0.0,,0,0.0,1.0,1.0,0.6181570887565613,1
authentic__45536,45536,/kaggle/input/competitions/recodai-luc-scientific-image-forgery-detection/train_images/authentic/45536.png,authentic,0,0,0.0,,0,0.0,1.0,1.0,0.8491286039352417,1
authentic__45620,45620,/kaggle/input/competitions/recodai-luc-scientific-image-forgery-detection/train_images/authentic/45620.png,authentic,0,0,0.0,,130,0.0008816189236111111,7.692307686390532e-10,7.692307686390532e-10,0.8912459015846252,1
authentic__45767,45767,/kaggle/input/competitions/recodai-luc-scientific-image-forgery-detection/train_images/authentic/45767.png,authentic,0,0,0.0,,0,0.0,1.0,1.0,0.380844384431839,0
authentic__45878,45878,/kaggle/input/competitions/recodai-luc-scientific-image-forgery-detection/train_images/authentic/45878.png,authentic,0,0,0.0,,22453,0.15226915147569445,4.453747828778097e-12,4.453747828778097e-12,0.9956141710281372,1
authentic__45958,45958,/kaggle/input/competitions/recodai-luc-scientific-image-forgery-detection/train_images/authentic/45958.png,authentic,0,0,0.0,,0,0.0,1.0,1.0,0.42419207096099854,0
authentic__46106,46106,/kaggle/input/competitions/recodai-luc-scientific-image-forgery-detection/train_images/authentic/46106.png,authentic,0,0,0.0,,0,0.0,1.0,1.0,0.7675727605819702,1
authentic__46206,46206,/kaggle/input/competitions/recodai-luc-scientific-image-forgery-detection/train_images/authentic/46206.png,authentic,0,0,0.0,,0,0.0,1.0,1.0,0.4922522306442261,0
authentic__46309,46309,/kaggle/input/competitions/recodai-luc-scientific-image-forgery-detection/train_images/authentic/46309.png,authentic,0,0,0.0,,0,0.0,1.0,1.0,0.5269715785980225,0
authentic__46366,46366,/kaggle/input/competitions/recodai-luc-scientific-image-forgery-detection/train_images/authentic/46366.png,authentic,0,0,0.0,,11857,0.0804104275173611,8.433836552176487e-12,8.433836552176487e-12,0.9548649787902832,1
authentic__46698,46698,/kaggle/input/competitions/recodai-luc-scientific-image-forgery-detection/train_images/authentic/46698.png,authentic,0,0,0.0,,0,0.0,1.0,1.0,0.10005399584770203,0
authentic__46849,46849,/kaggle/input/competitions/recodai-luc-scientific-image-forgery-detection/train_images/authentic/46849.png,authentic,0,0,0.0,,0,0.0,1.0,1.0,0.8083558082580566,1
authentic__46907,46907,/kaggle/input/competitions/recodai-luc-scientific-image-forgery-detection/train_images/authentic/46907.png,authentic,0,0,0.0,,6936,0.047037760416666664,1.4417531718361916e-11,1.4417531718361916e-11,0.9822977781295776,1
authentic__46969,46969,/kaggle/input/competitions/recodai-luc-scientific-image-forgery-detection/train_images/authentic/46969.png,authentic,0,0,0.0,,591,0.004007975260416667,1.6920473770402628e-10,1.6920473770402628e-10,0.9855591058731079,1
authentic__47069,47069,/kaggle/input/competitions/recodai-luc-scientific-image-forgery-detection/train_images/authentic/47069.png,authentic,0,0,0.0,,0,0.0,1.0,1.0,0.5332484245300293,0
authentic__47151,47151,/kaggle/input/competitions/recodai-luc-scientific-image-forgery-detection/train_images/authentic/47151.png,authentic,0,0,0.0,,0,0.0,1.0,1.0,0.9880742430686951,1
authentic__4740,4740,/kaggle/input/competitions/recodai-luc-scientific-image-forgery-detection/train_images/authentic/4740.png,authentic,0,0,0.0,,0,0.0,1.0,1.0,0.032958321273326874,0
authentic__47441,47441,/kaggle/input/competitions/recodai-luc-scientific-image-forgery-detection/train_images/authentic/47441.png,authentic,0,0,0.0,,0,0.0,1.0,1.0,0.5513785481452942,0
authentic__47770,47770,/kaggle/input/competitions/recodai-luc-scientific-image-forgery-detection/train_images/authentic/47770.png,authentic,0,0,0.0,,1732,0.011745876736111112,5.773672055093898e-11,5.773672055093898e-11,0.9899858236312866,1
authentic__47916,47916,/kaggle/input/competitions/recodai-luc-scientific-image-forgery-detection/train_images/authentic/47916.png,authentic,0,0,0.0,,0,0.0,1.0,1.0,0.7821246981620789,1
authentic__48113,48113,/kaggle/input/competitions/recodai-luc-scientific-image-forgery-detection/train_images/authentic/48113.png,authentic,0,0,0.0,,0,0.0,1.0,1.0,0.3266874849796295,0
authentic__48207,48207,/kaggle/input/competitions/recodai-luc-scientific-image-forgery-detection/train_images/authentic/48207.png,authentic,0,0,0.0,,2804,0.019015842013888888,3.566333808717321e-11,3.566333808717321e-11,0.9448819160461426,1
authentic__48272,48272,/kaggle/input/competitions/recodai-luc-scientific-image-forgery-detection/train_images/authentic/48272.png,authentic,0,0,0.0,,18824,0.1276584201388889,5.3123671907920075e-12,5.3123671907920075e-12,0.9877025485038757,1
authentic__4845,4845,/kaggle/input/competitions/recodai-luc-scientific-image-forgery-detection/train_images/authentic/4845.png,authentic,0,0,0.0,,413,0.002800835503472222,2.4213075054669954e-10,2.4213075054669954e-10,0.9391766786575317,1
authentic__4865,4865,/kaggle/input/competitions/recodai-luc-scientific-image-forgery-detection/train_images/authentic/4865.png,authentic,0,0,0.0,,0,0.0,1.0,1.0,0.05233670771121979,0
authentic__48718,48718,/kaggle/input/competitions/recodai-luc-scientific-image-forgery-detection/train_images/authentic/48718.png,authentic,0,0,0.0,,0,0.0,1.0,1.0,0.5301657319068909,0
authentic__48836,48836,/kaggle/input/competitions/recodai-luc-scientific-image-forgery-detection/train_images/authentic/48836.png,authentic,0,0,0.0,,987,0.006693522135416667,1.0131712258345317e-10,1.0131712258345317e-10,0.9076555371284485,1
authentic__48981,48981,/kaggle/input/competitions/recodai-luc-scientific-image-forgery-detection/train_images/authentic/48981.png,authentic,0,0,0.0,,0,0.0,1.0,1.0,0.10852507501840591,0
authentic__49042,49042,/kaggle/input/competitions/recodai-luc-scientific-image-forgery-detection/train_images/authentic/49042.png,authentic,0,0,0.0,,0,0.0,1.0,1.0,0.858477771282196,1
authentic__49233,49233,/kaggle/input/competitions/recodai-luc-scientific-image-forgery-detection/train_images/authentic/49233.png,authentic,0,0,0.0,,282,0.0019124348958333333,3.546099289522659e-10,3.546099289522659e-10,0.992061972618103,1
authentic__49506,49506,/kaggle/input/competitions/recodai-luc-scientific-image-forgery-detection/train_images/authentic/49506.png,authentic,0,0,0.0,,0,0.0,1.0,1.0,0.8556665778160095,1
authentic__4957,4957,/kaggle/input/competitions/recodai-luc-scientific-image-forgery-detection/train_images/authentic/4957.png,authentic,0,0,0.0,,12518,0.08489312065972222,7.98849656488266e-12,7.98849656488266e-12,0.9845141768455505,1
authentic__49711,49711,/kaggle/input/competitions/recodai-luc-scientific-image-forgery-detection/train_images/authentic/49711.png,authentic,0,0,0.0,,575,0.003899468315972222,1.7391304344801514e-10,1.7391304344801514e-10,0.9419218301773071,1
authentic__4992,4992,/kaggle/input/competitions/recodai-luc-scientific-image-forgery-detection/train_images/authentic/4992.png,authentic,0,0,0.0,,0,0.0,1.0,1.0,0.7585832476615906,1
authentic__49982,49982,/kaggle/input/competitions/recodai-luc-scientific-image-forgery-detection/train_images/authentic/49982.png,authentic,0,0,0.0,,0,0.0,1.0,1.0,0.17051231861114502,0
authentic__50069,50069,/kaggle/input/competitions/recodai-luc-scientific-image-forgery-detection/train_images/authentic/50069.png,authentic,0,0,0.0,,0,0.0,1.0,1.0,0.9795157313346863,1
authentic__50158,50158,/kaggle/input/competitions/recodai-luc-scientific-image-forgery-detection/train_images/authentic/50158.png,authentic,0,0,0.0,,29161,0.1977606879340278,3.429237680451873e-12,3.429237680451873e-12,0.9951181411743164,1
authentic__50255,50255,/kaggle/input/competitions/recodai-luc-scientific-image-forgery-detection/train_images/authentic/50255.png,authentic,0,0,0.0,,127,0.0008612738715277778,7.874015741831484e-10,7.874015741831484e-10,0.9563943147659302,1
authentic__50311,50311,/kaggle/input/competitions/recodai-luc-scientific-image-forgery-detection/train_images/authentic/50311.png,authentic,0,0,0.0,,0,0.0,1.0,1.0,0.7943077087402344,1
authentic__50419,50419,/kaggle/input/competitions/recodai-luc-scientific-image-forgery-detection/train_images/authentic/50419.png,authentic,0,0,0.0,,0,0.0,1.0,1.0,0.08765409886837006,0
authentic__50539,50539,/kaggle/input/competitions/recodai-luc-scientific-image-forgery-detection/train_images/authentic/50539.png,authentic,0,0,0.0,,0,0.0,1.0,1.0,0.693784236907959,1
authentic__50636,50636,/kaggle/input/competitions/recodai-luc-scientific-image-forgery-detection/train_images/authentic/50636.png,authentic,0,0,0.0,,0,0.0,1.0,1.0,0.9124971032142639,1
authentic__50690,50690,/kaggle/input/competitions/recodai-luc-scientific-image-forgery-detection/train_images/authentic/50690.png,authentic,0,0,0.0,,0,0.0,1.0,1.0,0.26936161518096924,0
authentic__5080,5080,/kaggle/input/competitions/recodai-luc-scientific-image-forgery-detection/train_images/authentic/5080.png,authentic,0,0,0.0,,0,0.0,1.0,1.0,0.1903286576271057,0
authentic__50907,50907,/kaggle/input/competitions/recodai-luc-scientific-image-forgery-detection/train_images/authentic/50907.png,authentic,0,0,0.0,,0,0.0,1.0,1.0,0.7763925790786743,1
authentic__50983,50983,/kaggle/input/competitions/recodai-luc-scientific-image-forgery-detection/train_images/authentic/50983.png,authentic,0,0,0.0,,0,0.0,1.0,1.0,0.4507446587085724,0
authentic__51069,51069,/kaggle/input/competitions/recodai-luc-scientific-image-forgery-detection/train_images/authentic/51069.png,authentic,0,0,0.0,,5613,0.038065592447916664,1.781578478500239e-11,1.781578478500239e-11,0.9874281287193298,1
authentic__51165,51165,/kaggle/input/competitions/recodai-luc-scientific-image-forgery-detection/train_images/authentic/51165.png,authentic,0,0,0.0,,0,0.0,1.0,1.0,0.3730261027812958,0
authentic__51227,51227,/kaggle/input/competitions/recodai-luc-scientific-image-forgery-detection/train_images/authentic/51227.png,authentic,0,0,0.0,,3603,0.024434407552083332,2.775464890292105e-11,2.775464890292105e-11,0.9858067035675049,1
authentic__5130,5130,/kaggle/input/competitions/recodai-luc-scientific-image-forgery-detection/train_images/authentic/5130.png,authentic,0,0,0.0,,0,0.0,1.0,1.0,0.1624838262796402,0
authentic__51345,51345,/kaggle/input/competitions/recodai-luc-scientific-image-forgery-detection/train_images/authentic/51345.png,authentic,0,0,0.0,,559,0.003790961371527778,1.7889087653329322e-10,1.7889087653329322e-10,0.9600615501403809,1
authentic__51552,51552,/kaggle/input/competitions/recodai-luc-scientific-image-forgery-detection/train_images/authentic/51552.png,authentic,0,0,0.0,,0,0.0,1.0,1.0,0.013087328523397446,0
authentic__51718,51718,/kaggle/input/competitions/recodai-luc-scientific-image-forgery-detection/train_images/authentic/51718.png,authentic,0,0,0.0,,0,0.0,1.0,1.0,0.8046626448631287,1
authentic__51927,51927,/kaggle/input/competitions/recodai-luc-scientific-image-forgery-detection/train_images/authentic/51927.png,authentic,0,0,0.0,,0,0.0,1.0,1.0,0.8404309749603271,1
authentic__52050,52050,/kaggle/input/competitions/recodai-luc-scientific-image-forgery-detection/train_images/authentic/52050.png,authentic,0,0,0.0,,1166,0.007907443576388888,8.576329330310776e-11,8.576329330310776e-11,0.9299848079681396,1
authentic__5220,5220,/kaggle/input/competitions/recodai-luc-scientific-image-forgery-detection/train_images/authentic/5220.png,authentic,0,0,0.0,,0,0.0,1.0,1.0,0.10905469954013824,0
authentic__52298,52298,/kaggle/input/competitions/recodai-luc-scientific-image-forgery-detection/train_images/authentic/52298.png,authentic,0,0,0.0,,3176,0.021538628472222224,3.1486146094726505e-11,3.1486146094726505e-11,0.9679665565490723,1
authentic__52396,52396,/kaggle/input/competitions/recodai-luc-scientific-image-forgery-detection/train_images/authentic/52396.png,authentic,0,0,0.0,,0,0.0,1.0,1.0,0.5589486956596375,0
authentic__52590,52590,/kaggle/input/competitions/recodai-luc-scientific-image-forgery-detection/train_images/authentic/52590.png,authentic,0,0,0.0,,178,0.0012071397569444445,5.61797752493372e-10,5.61797752493372e-10,0.8981205224990845,1
authentic__5270,5270,/kaggle/input/competitions/recodai-luc-scientific-image-forgery-detection/train_images/authentic/5270.png,authentic,0,0,0.0,,13914,0.0943603515625,7.1870058932931785e-12,7.1870058932931785e-12,0.9688920378684998,1
authentic__52798,52798,/kaggle/input/competitions/recodai-luc-scientific-image-forgery-detection/train_images/authentic/52798.png,authentic,0,0,0.0,,0,0.0,1.0,1.0,0.22635315358638763,0
authentic__52927,52927,/kaggle/input/competitions/recodai-luc-scientific-image-forgery-detection/train_images/authentic/52927.png,authentic,0,0,0.0,,0,0.0,1.0,1.0,0.6116330027580261,1
authentic__53118,53118,/kaggle/input/competitions/recodai-luc-scientific-image-forgery-detection/train_images/authentic/53118.png,authentic,0,0,0.0,,1035,0.00701904296875,9.661835747858759e-11,9.661835747858759e-11,0.9491033554077148,1
authentic__53248,53248,/kaggle/input/competitions/recodai-luc-scientific-image-forgery-detection/train_images/authentic/53248.png,authentic,0,0,0.0,,0,0.0,1.0,1.0,0.298088937997818,0
authentic__53404,53404,/kaggle/input/competitions/recodai-luc-scientific-image-forgery-detection/train_images/authentic/53404.png,authentic,0,0,0.0,,0,0.0,1.0,1.0,0.046355266124010086,0
authentic__53527,53527,/kaggle/input/competitions/recodai-luc-scientific-image-forgery-detection/train_images/authentic/53527.png,authentic,0,0,0.0,,2196,0.014892578125,4.5537340617234187e-11,4.5537340617234187e-11,0.9804675579071045,1
authentic__53675,53675,/kaggle/input/competitions/recodai-luc-scientific-image-forgery-detection/train_images/authentic/53675.png,authentic,0,0,0.0,,0,0.0,1.0,1.0,0.5953209400177002,1
authentic__5385,5385,/kaggle/input/competitions/recodai-luc-scientific-image-forgery-detection/train_images/authentic/5385.png,authentic,0,0,0.0,,0,0.0,1.0,1.0,0.6042292714118958,1
authentic__54000,54000,/kaggle/input/competitions/recodai-luc-scientific-image-forgery-detection/train_images/authentic/54000.png,authentic,0,0,0.0,,22780,0.1544867621527778,4.389815627724364e-12,4.389815627724364e-12,0.9824547171592712,1
authentic__54152,54152,/kaggle/input/competitions/recodai-luc-scientific-image-forgery-detection/train_images/authentic/54152.png,authentic,0,0,0.0,,0,0.0,1.0,1.0,0.8543329238891602,1
authentic__54527,54527,/kaggle/input/competitions/recodai-luc-scientific-image-forgery-detection/train_images/authentic/54527.png,authentic,0,0,0.0,,0,0.0,1.0,1.0,0.8688598275184631,1
authentic__54553,54553,/kaggle/input/competitions/recodai-luc-scientific-image-forgery-detection/train_images/authentic/54553.png,authentic,0,0,0.0,,457,0.0030992296006944445,2.18818380696101e-10,2.18818380696101e-10,0.9323397874832153,1
authentic__54710,54710,/kaggle/input/competitions/recodai-luc-scientific-image-forgery-detection/train_images/authentic/54710.png,authentic,0,0,0.0,,0,0.0,1.0,1.0,0.6789858341217041,1
authentic__54790,54790,/kaggle/input/competitions/recodai-luc-scientific-image-forgery-detection/train_images/authentic/54790.png,authentic,0,0,0.0,,1168,0.007921006944444444,8.56164383488342e-11,8.56164383488342e-11,0.9955589771270752,1
authentic__54945,54945,/kaggle/input/competitions/recodai-luc-scientific-image-forgery-detection/train_images/authentic/54945.png,authentic,0,0,0.0,,0,0.0,1.0,1.0,0.17976443469524384,0
authentic__55025,55025,/kaggle/input/competitions/recodai-luc-scientific-image-forgery-detection/train_images/authentic/55025.png,authentic,0,0,0.0,,0,0.0,1.0,1.0,0.6104498505592346,1
authentic__55072,55072,/kaggle/input/competitions/recodai-luc-scientific-image-forgery-detection/train_images/authentic/55072.png,authentic,0,0,0.0,,0,0.0,1.0,1.0,0.026461275294423103,0
authentic__55175,55175,/kaggle/input/competitions/recodai-luc-scientific-image-forgery-detection/train_images/authentic/55175.png,authentic,0,0,0.0,,0,0.0,1.0,1.0,0.7673631310462952,1
authentic__55291,55291,/kaggle/input/competitions/recodai-luc-scientific-image-forgery-detection/train_images/authentic/55291.png,authentic,0,0,0.0,,0,0.0,1.0,1.0,0.6362153887748718,1
authentic__55541,55541,/kaggle/input/competitions/recodai-luc-scientific-image-forgery-detection/train_images/authentic/55541.png,authentic,0,0,0.0,,0,0.0,1.0,1.0,0.31595030426979065,0
authentic__55651,55651,/kaggle/input/competitions/recodai-luc-scientific-image-forgery-detection/train_images/authentic/55651.png,authentic,0,0,0.0,,0,0.0,1.0,1.0,0.696200430393219,1
authentic__55695,55695,/kaggle/input/competitions/recodai-luc-scientific-image-forgery-detection/train_images/authentic/55695.png,authentic,0,0,0.0,,0,0.0,1.0,1.0,0.4558902084827423,0
authentic__55790,55790,/kaggle/input/competitions/recodai-luc-scientific-image-forgery-detection/train_images/authentic/55790.png,authentic,0,0,0.0,,1918,0.013007269965277778,5.213764337580095e-11,5.213764337580095e-11,0.9470177888870239,1
authentic__56127,56127,/kaggle/input/competitions/recodai-luc-scientific-image-forgery-detection/train_images/authentic/56127.png,authentic,0,0,0.0,,0,0.0,1.0,1.0,0.8198752999305725,1
authentic__5626,5626,/kaggle/input/competitions/recodai-luc-scientific-image-forgery-detection/train_images/authentic/5626.png,authentic,0,0,0.0,,3420,0.023193359375,2.9239766081016384e-11,2.9239766081016384e-11,0.9978882670402527,1
authentic__56311,56311,/kaggle/input/competitions/recodai-luc-scientific-image-forgery-detection/train_images/authentic/56311.png,authentic,0,0,0.0,,106,0.0007188585069444445,9.433962255250979e-10,9.433962255250979e-10,0.9524443745613098,1
authentic__56515,56515,/kaggle/input/competitions/recodai-luc-scientific-image-forgery-detection/train_images/authentic/56515.png,authentic,0,0,0.0,,0,0.0,1.0,1.0,0.46804970502853394,0
authentic__56589,56589,/kaggle/input/competitions/recodai-luc-scientific-image-forgery-detection/train_images/authentic/56589.png,authentic,0,0,0.0,,0,0.0,1.0,1.0,0.1257767230272293,0
authentic__56723,56723,/kaggle/input/competitions/recodai-luc-scientific-image-forgery-detection/train_images/authentic/56723.png,authentic,0,0,0.0,,0,0.0,1.0,1.0,0.23589682579040527,0
authentic__56793,56793,/kaggle/input/competitions/recodai-luc-scientific-image-forgery-detection/train_images/authentic/56793.png,authentic,0,0,0.0,,0,0.0,1.0,1.0,0.7843990325927734,1
authentic__569,569,/kaggle/input/competitions/recodai-luc-scientific-image-forgery-detection/train_images/authentic/569.png,authentic,0,0,0.0,,13008,0.08821614583333333,7.687576875709659e-12,7.687576875709659e-12,0.9876580238342285,1
authentic__56997,56997,/kaggle/input/competitions/recodai-luc-scientific-image-forgery-detection/train_images/authentic/56997.png,authentic,0,0,0.0,,0,0.0,1.0,1.0,0.3356706202030182,0
authentic__57085,57085,/kaggle/input/competitions/recodai-luc-scientific-image-forgery-detection/train_images/authentic/57085.png,authentic,0,0,0.0,,0,0.0,1.0,1.0,0.9784142971038818,1
authentic__57239,57239,/kaggle/input/competitions/recodai-luc-scientific-image-forgery-detection/train_images/authentic/57239.png,authentic,0,0,0.0,,0,0.0,1.0,1.0,0.07765743881464005,0
authentic__57328,57328,/kaggle/input/competitions/recodai-luc-scientific-image-forgery-detection/train_images/authentic/57328.png,authentic,0,0,0.0,,0,0.0,1.0,1.0,0.4213294982910156,0
authentic__57505,57505,/kaggle/input/competitions/recodai-luc-scientific-image-forgery-detection/train_images/authentic/57505.png,authentic,0,0,0.0,,302,0.002048068576388889,3.311258277049252e-10,3.311258277049252e-10,0.9860233068466187,1
authentic__57643,57643,/kaggle/input/competitions/recodai-luc-scientific-image-forgery-detection/train_images/authentic/57643.png,authentic,0,0,0.0,,0,0.0,1.0,1.0,0.03465863689780235,0
authentic__5772,5772,/kaggle/input/competitions/recodai-luc-scientific-image-forgery-detection/train_images/authentic/5772.png,authentic,0,0,0.0,,2184,0.014811197916666666,4.578754578544929e-11,4.578754578544929e-11,0.9953912496566772,1
authentic__57927,57927,/kaggle/input/competitions/recodai-luc-scientific-image-forgery-detection/train_images/authentic/57927.png,authentic,0,0,0.0,,19986,0.13553873697916666,5.0035024516911655e-12,5.0035024516911655e-12,0.9798214435577393,1
authentic__58081,58081,/kaggle/input/competitions/recodai-luc-scientific-image-forgery-detection/train_images/authentic/58081.png,authentic,0,0,0.0,,13611,0.09230550130208333,7.346998750956234e-12,7.346998750956234e-12,0.985511302947998,1
authentic__58338,58338,/kaggle/input/competitions/recodai-luc-scientific-image-forgery-detection/train_images/authentic/58338.png,authentic,0,0,0.0,,15884,0.10772026909722222,6.2956434147173525e-12,6.2956434147173525e-12,0.9969141483306885,1
authentic__58510,58510,/kaggle/input/competitions/recodai-luc-scientific-image-forgery-detection/train_images/authentic/58510.png,authentic,0,0,0.0,,0,0.0,1.0,1.0,0.12451542168855667,0
authentic__58697,58697,/kaggle/input/competitions/recodai-luc-scientific-image-forgery-detection/train_images/authentic/58697.png,authentic,0,0,0.0,,0,0.0,1.0,1.0,0.0705115795135498,0
authentic__58782,58782,/kaggle/input/competitions/recodai-luc-scientific-image-forgery-detection/train_images/authentic/58782.png,authentic,0,0,0.0,,2382,0.016153971354166668,4.1981528125861395e-11,4.1981528125861395e-11,0.9884222149848938,1
authentic__58955,58955,/kaggle/input/competitions/recodai-luc-scientific-image-forgery-detection/train_images/authentic/58955.png,authentic,0,0,0.0,,166,0.001125759548611111,6.024096381913195e-10,6.024096381913195e-10,0.9875063896179199,1
authentic__59148,59148,/kaggle/input/competitions/recodai-luc-scientific-image-forgery-detection/train_images/authentic/59148.png,authentic,0,0,0.0,,0,0.0,1.0,1.0,0.16257937252521515,0
authentic__59255,59255,/kaggle/input/competitions/recodai-luc-scientific-image-forgery-detection/train_images/authentic/59255.png,authentic,0,0,0.0,,0,0.0,1.0,1.0,0.6877021193504333,1
authentic__59375,59375,/kaggle/input/competitions/recodai-luc-scientific-image-forgery-detection/train_images/authentic/59375.png,authentic,0,0,0.0,,0,0.0,1.0,1.0,0.30575889348983765,0
authentic__59453,59453,/kaggle/input/competitions/recodai-luc-scientific-image-forgery-detection/train_images/authentic/59453.png,authentic,0,0,0.0,,4440,0.030110677083333332,2.252252252201526e-11,2.252252252201526e-11,0.9688036441802979,1
authentic__59617,59617,/kaggle/input/competitions/recodai-luc-scientific-image-forgery-detection/train_images/authentic/59617.png,authentic,0,0,0.0,,28401,0.19260660807291666,3.5210027815797997e-12,3.5210027815797997e-12,0.9894683957099915,1
authentic__59840,59840,/kaggle/input/competitions/recodai-luc-scientific-image-forgery-detection/train_images/authentic/59840.png,authentic,0,0,0.0,,0,0.0,1.0,1.0,0.6984355449676514,1
authentic__59951,59951,/kaggle/input/competitions/recodai-luc-scientific-image-forgery-detection/train_images/authentic/59951.png,authentic,0,0,0.0,,0,0.0,1.0,1.0,0.046974342316389084,0
authentic__60046,60046,/kaggle/input/competitions/recodai-luc-scientific-image-forgery-detection/train_images/authentic/60046.png,authentic,0,0,0.0,,490,0.003323025173611111,2.040816326114119e-10,2.040816326114119e-10,0.9198317527770996,1
authentic__6011,6011,/kaggle/input/competitions/recodai-luc-scientific-image-forgery-detection/train_images/authentic/6011.png,authentic,0,0,0.0,,9815,0.0665622287326389,1.0188487009575257e-11,1.0188487009575257e-11,0.9894441962242126,1
authentic__60195,60195,/kaggle/input/competitions/recodai-luc-scientific-image-forgery-detection/train_images/authentic/60195.png,authentic,0,0,0.0,,0,0.0,1.0,1.0,0.6720492839813232,1
authentic__60340,60340,/kaggle/input/competitions/recodai-luc-scientific-image-forgery-detection/train_images/authentic/60340.png,authentic,0,0,0.0,,0,0.0,1.0,1.0,0.3357488811016083,0
authentic__60457,60457,/kaggle/input/competitions/recodai-luc-scientific-image-forgery-detection/train_images/authentic/60457.png,authentic,0,0,0.0,,0,0.0,1.0,1.0,0.0630933940410614,0
authentic__6060,6060,/kaggle/input/competitions/recodai-luc-scientific-image-forgery-detection/train_images/authentic/6060.png,authentic,0,0,0.0,,0,0.0,1.0,1.0,0.09657259285449982,0
authentic__60829,60829,/kaggle/input/competitions/recodai-luc-scientific-image-forgery-detection/train_images/authentic/60829.png,authentic,0,0,0.0,,0,0.0,1.0,1.0,0.5764157772064209,0
authentic__60986,60986,/kaggle/input/competitions/recodai-luc-scientific-image-forgery-detection/train_images/authentic/60986.png,authentic,0,0,0.0,,2470,0.016750759548611112,4.048582995787507e-11,4.048582995787507e-11,0.998736560344696,1
authentic__6103,6103,/kaggle/input/competitions/recodai-luc-scientific-image-forgery-detection/train_images/authentic/6103.png,authentic,0,0,0.0,,0,0.0,1.0,1.0,0.018316883593797684,0
authentic__61270,61270,/kaggle/input/competitions/recodai-luc-scientific-image-forgery-detection/train_images/authentic/61270.png,authentic,0,0,0.0,,0,0.0,1.0,1.0,0.4663125276565552,0
authentic__61355,61355,/kaggle/input/competitions/recodai-luc-scientific-image-forgery-detection/train_images/authentic/61355.png,authentic,0,0,0.0,,0,0.0,1.0,1.0,0.8577792644500732,1
authentic__61566,61566,/kaggle/input/competitions/recodai-luc-scientific-image-forgery-detection/train_images/authentic/61566.png,authentic,0,0,0.0,,0,0.0,1.0,1.0,0.5675302743911743,0
authentic__61883,61883,/kaggle/input/competitions/recodai-luc-scientific-image-forgery-detection/train_images/authentic/61883.png,authentic,0,0,0.0,,1389,0.009419759114583334,7.199424045557997e-11,7.199424045557997e-11,0.9217503070831299,1
authentic__61997,61997,/kaggle/input/competitions/recodai-luc-scientific-image-forgery-detection/train_images/authentic/61997.png,authentic,0,0,0.0,,12087,0.08197021484375,8.273351534638261e-12,8.273351534638261e-12,0.9906892776489258,1
authentic__6212,6212,/kaggle/input/competitions/recodai-luc-scientific-image-forgery-detection/train_images/authentic/6212.png,authentic,0,0,0.0,,0,0.0,1.0,1.0,0.6791753768920898,1
authentic__62249,62249,/kaggle/input/competitions/recodai-luc-scientific-image-forgery-detection/train_images/authentic/62249.png,authentic,0,0,0.0,,144,0.0009765625,6.944444439621914e-10,6.944444439621914e-10,0.8830122947692871,1
authentic__62330,62330,/kaggle/input/competitions/recodai-luc-scientific-image-forgery-detection/train_images/authentic/62330.png,authentic,0,0,0.0,,360,0.00244140625,2.7777777770061727e-10,2.7777777770061727e-10,0.9897903800010681,1
authentic__62519,62519,/kaggle/input/competitions/recodai-luc-scientific-image-forgery-detection/train_images/authentic/62519.png,authentic,0,0,0.0,,31758,0.21537272135416666,3.148812897527713e-12,3.148812897527713e-12,0.9940943121910095,1
authentic__62793,62793,/kaggle/input/competitions/recodai-luc-scientific-image-forgery-detection/train_images/authentic/62793.png,authentic,0,0,0.0,,1315,0.008917914496527778,7.604562737064291e-11,7.604562737064291e-11,0.9850091934204102,1
authentic__63046,63046,/kaggle/input/competitions/recodai-luc-scientific-image-forgery-detection/train_images/authentic/63046.png,authentic,0,0,0.0,,0,0.0,1.0,1.0,0.04478519782423973,0
authentic__63117,63117,/kaggle/input/competitions/recodai-luc-scientific-image-forgery-detection/train_images/authentic/63117.png,authentic,0,0,0.0,,1207,0.008185492621527778,8.285004141815657e-11,8.285004141815657e-11,0.9792638421058655,1
authentic__63245,63245,/kaggle/input/competitions/recodai-luc-scientific-image-forgery-detection/train_images/authentic/63245.png,authentic,0,0,0.0,,4818,0.032674153645833336,2.075550020712421e-11,2.075550020712421e-11,0.9118590354919434,1
authentic__633,633,/kaggle/input/competitions/recodai-luc-scientific-image-forgery-detection/train_images/authentic/633.png,authentic,0,0,0.0,,122,0.0008273654513888889,8.196721304756786e-10,8.196721304756786e-10,0.9598127603530884,1
authentic__63355,63355,/kaggle/input/competitions/recodai-luc-scientific-image-forgery-detection/train_images/authentic/63355.png,authentic,0,0,0.0,,203,0.001376681857638889,4.926108371957582e-10,4.926108371957582e-10,0.9810820817947388,1
authentic__63427,63427,/kaggle/input/competitions/recodai-luc-scientific-image-forgery-detection/train_images/authentic/63427.png,authentic,0,0,0.0,,0,0.0,1.0,1.0,0.6226053833961487,1
authentic__63654,63654,/kaggle/input/competitions/recodai-luc-scientific-image-forgery-detection/train_images/authentic/63654.png,authentic,0,0,0.0,,0,0.0,1.0,1.0,0.43032220005989075,0
authentic__63713,63713,/kaggle/input/competitions/recodai-luc-scientific-image-forgery-detection/train_images/authentic/63713.png,authentic,0,0,0.0,,10097,0.06847466362847222,9.903931860850707e-12,9.903931860850707e-12,0.9657494425773621,1
authentic__63834,63834,/kaggle/input/competitions/recodai-luc-scientific-image-forgery-detection/train_images/authentic/63834.png,authentic,0,0,0.0,,0,0.0,1.0,1.0,0.17318549752235413,0
authentic__63947,63947,/kaggle/input/competitions/recodai-luc-scientific-image-forgery-detection/train_images/authentic/63947.png,authentic,0,0,0.0,,0,0.0,1.0,1.0,0.5011347532272339,0
authentic__6407,6407,/kaggle/input/competitions/recodai-luc-scientific-image-forgery-detection/train_images/authentic/6407.png,authentic,0,0,0.0,,0,0.0,1.0,1.0,0.5107448101043701,0
authentic__64128,64128,/kaggle/input/competitions/recodai-luc-scientific-image-forgery-detection/train_images/authentic/64128.png,authentic,0,0,0.0,,0,0.0,1.0,1.0,0.02420085296034813,0
authentic__6419,6419,/kaggle/input/competitions/recodai-luc-scientific-image-forgery-detection/train_images/authentic/6419.png,authentic,0,0,0.0,,167,0.001132541232638889,5.988023948510166e-10,5.988023948510166e-10,0.8824247121810913,1
authentic__64245,64245,/kaggle/input/competitions/recodai-luc-scientific-image-forgery-detection/train_images/authentic/64245.png,authentic,0,0,0.0,,0,0.0,1.0,1.0,0.12621191143989563,0
authentic__64289,64289,/kaggle/input/competitions/recodai-luc-scientific-image-forgery-detection/train_images/authentic/64289.png,authentic,0,0,0.0,,0,0.0,1.0,1.0,0.4403527081012726,0
authentic__64391,64391,/kaggle/input/competitions/recodai-luc-scientific-image-forgery-detection/train_images/authentic/64391.png,authentic,0,0,0.0,,522,0.0035400390625,1.9157088118935423e-10,1.9157088118935423e-10,0.9084885716438293,1
authentic__6454,6454,/kaggle/input/competitions/recodai-luc-scientific-image-forgery-detection/train_images/authentic/6454.png,authentic,0,0,0.0,,2105,0.014275444878472222,4.750593824002347e-11,4.750593824002347e-11,0.9905297160148621,1
authentic__64717,64717,/kaggle/input/competitions/recodai-luc-scientific-image-forgery-detection/train_images/authentic/64717.png,authentic,0,0,0.0,,0,0.0,1.0,1.0,0.8100895285606384,1
authentic__64773,64773,/kaggle/input/competitions/recodai-luc-scientific-image-forgery-detection/train_images/authentic/64773.png,authentic,0,0,0.0,,731,0.004957411024305556,1.3679890559004118e-10,1.3679890559004118e-10,0.9710313677787781,1
authentic__64941,64941,/kaggle/input/competitions/recodai-luc-scientific-image-forgery-detection/train_images/authentic/64941.png,authentic,0,0,0.0,,414,0.0028076171875,2.415458936614623e-10,2.415458936614623e-10,0.9405649304389954,1
authentic__6508,6508,/kaggle/input/competitions/recodai-luc-scientific-image-forgery-detection/train_images/authentic/6508.png,authentic,0,0,0.0,,0,0.0,1.0,1.0,0.10666151344776154,0
authentic__65214,65214,/kaggle/input/competitions/recodai-luc-scientific-image-forgery-detection/train_images/authentic/65214.png,authentic,0,0,0.0,,0,0.0,1.0,1.0,0.6629763841629028,1
authentic__65399,65399,/kaggle/input/competitions/recodai-luc-scientific-image-forgery-detection/train_images/authentic/65399.png,authentic,0,0,0.0,,117,0.00079345703125,8.547008539703411e-10,8.547008539703411e-10,0.9604203104972839,1
authentic__65532,65532,/kaggle/input/competitions/recodai-luc-scientific-image-forgery-detection/train_images/authentic/65532.png,authentic,0,0,0.0,,0,0.0,1.0,1.0,0.8200169801712036,1
authentic__6618,6618,/kaggle/input/competitions/recodai-luc-scientific-image-forgery-detection/train_images/authentic/6618.png,authentic,0,0,0.0,,396,0.002685546875,2.525252524614835e-10,2.525252524614835e-10,0.9332922697067261,1
authentic__6696,6696,/kaggle/input/competitions/recodai-luc-scientific-image-forgery-detection/train_images/authentic/6696.png,authentic,0,0,0.0,,0,0.0,1.0,1.0,0.37480053305625916,0
authentic__6800,6800,/kaggle/input/competitions/recodai-luc-scientific-image-forgery-detection/train_images/authentic/6800.png,authentic,0,0,0.0,,0,0.0,1.0,1.0,0.41541844606399536,0
authentic__7004,7004,/kaggle/input/competitions/recodai-luc-scientific-image-forgery-detection/train_images/authentic/7004.png,authentic,0,0,0.0,,113,0.0007663302951388889,8.849557514292427e-10,8.849557514292427e-10,0.9979374408721924,1
authentic__7130,7130,/kaggle/input/competitions/recodai-luc-scientific-image-forgery-detection/train_images/authentic/7130.png,authentic,0,0,0.0,,0,0.0,1.0,1.0,0.2591600716114044,0
authentic__7279,7279,/kaggle/input/competitions/recodai-luc-scientific-image-forgery-detection/train_images/authentic/7279.png,authentic,0,0,0.0,,0,0.0,1.0,1.0,0.5691306591033936,0
authentic__7411,7411,/kaggle/input/competitions/recodai-luc-scientific-image-forgery-detection/train_images/authentic/7411.png,authentic,0,0,0.0,,0,0.0,1.0,1.0,0.2708055078983307,0
authentic__7498,7498,/kaggle/input/competitions/recodai-luc-scientific-image-forgery-detection/train_images/authentic/7498.png,authentic,0,0,0.0,,111,0.0007527669270833334,9.009009000892785e-10,9.009009000892785e-10,0.974628746509552,1
authentic__7610,7610,/kaggle/input/competitions/recodai-luc-scientific-image-forgery-detection/train_images/authentic/7610.png,authentic,0,0,0.0,,0,0.0,1.0,1.0,0.6528751254081726,1
authentic__770,770,/kaggle/input/competitions/recodai-luc-scientific-image-forgery-detection/train_images/authentic/770.png,authentic,0,0,0.0,,0,0.0,1.0,1.0,0.8602866530418396,1
authentic__7715,7715,/kaggle/input/competitions/recodai-luc-scientific-image-forgery-detection/train_images/authentic/7715.png,authentic,0,0,0.0,,0,0.0,1.0,1.0,0.025699356570839882,0
authentic__7771,7771,/kaggle/input/competitions/recodai-luc-scientific-image-forgery-detection/train_images/authentic/7771.png,authentic,0,0,0.0,,1039,0.007046169704861111,9.624639075108311e-11,9.624639075108311e-11,0.9612016677856445,1
authentic__7972,7972,/kaggle/input/competitions/recodai-luc-scientific-image-forgery-detection/train_images/authentic/7972.png,authentic,0,0,0.0,,0,0.0,1.0,1.0,0.45657774806022644,0
authentic__8074,8074,/kaggle/input/competitions/recodai-luc-scientific-image-forgery-detection/train_images/authentic/8074.png,authentic,0,0,0.0,,0,0.0,1.0,1.0,0.12005625665187836,0
authentic__8130,8130,/kaggle/input/competitions/recodai-luc-scientific-image-forgery-detection/train_images/authentic/8130.png,authentic,0,0,0.0,,0,0.0,1.0,1.0,0.8697404861450195,1
authentic__8259,8259,/kaggle/input/competitions/recodai-luc-scientific-image-forgery-detection/train_images/authentic/8259.png,authentic,0,0,0.0,,0,0.0,1.0,1.0,0.5945820808410645,1
authentic__8388,8388,/kaggle/input/competitions/recodai-luc-scientific-image-forgery-detection/train_images/authentic/8388.png,authentic,0,0,0.0,,0,0.0,1.0,1.0,0.5837063193321228,0
authentic__8481,8481,/kaggle/input/competitions/recodai-luc-scientific-image-forgery-detection/train_images/authentic/8481.png,authentic,0,0,0.0,,0,0.0,1.0,1.0,0.8527286648750305,1
authentic__8678,8678,/kaggle/input/competitions/recodai-luc-scientific-image-forgery-detection/train_images/authentic/8678.png,authentic,0,0,0.0,,0,0.0,1.0,1.0,0.5841469764709473,0
authentic__8733,8733,/kaggle/input/competitions/recodai-luc-scientific-image-forgery-detection/train_images/authentic/8733.png,authentic,0,0,0.0,,14015,0.09504530164930555,7.1352122725141966e-12,7.1352122725141966e-12,0.9856439828872681,1
authentic__8874,8874,/kaggle/input/competitions/recodai-luc-scientific-image-forgery-detection/train_images/authentic/8874.png,authentic,0,0,0.0,,32819,0.2225680881076389,3.0470154483590387e-12,3.0470154483590387e-12,0.9859600067138672,1
authentic__9568,9568,/kaggle/input/competitions/recodai-luc-scientific-image-forgery-detection/train_images/authentic/9568.png,authentic,0,0,0.0,,0,0.0,1.0,1.0,0.05974458530545235,0
authentic__9849,9849,/kaggle/input/competitions/recodai-luc-scientific-image-forgery-detection/train_images/authentic/9849.png,authentic,0,0,0.0,,0,0.0,1.0,1.0,0.08302433788776398,0
authentic__9977,9977,/kaggle/input/competitions/recodai-luc-scientific-image-forgery-detection/train_images/authentic/9977.png,authentic,0,0,0.0,,0,0.0,1.0,1.0,0.7370960712432861,1
forged__10,10,/kaggle/input/competitions/recodai-luc-scientific-image-forgery-detection/train_images/forged/10.png,forged,1,413,0.002800835503472222,Q1,5115,0.034688313802083336,1.808972503585221e-11,1.808972503585221e-11,0.9512357115745544,1
forged__1008,1008,/kaggle/input/competitions/recodai-luc-scientific-image-forgery-detection/train_images/forged/1008.png,forged,1,8990,0.060967339409722224,Q3,740,0.005018446180555556,0.06865364851933552,0.03554704130443224,0.8969276547431946,1
forged__10176,10176,/kaggle/input/competitions/recodai-luc-scientific-image-forgery-detection/train_images/forged/10176.png,forged,1,21585,0.14638264973958334,Q4,28345,0.1922268337673611,0.8307630682959528,0.7105173004463498,0.9998447895050049,1
forged__10296,10296,/kaggle/input/competitions/recodai-luc-scientific-image-forgery-detection/train_images/forged/10296.png,forged,1,12758,0.0865207248263889,Q1,13398,0.09086100260416667,3.823214558786423e-12,3.823214558786423e-12,0.9837122559547424,1
forged__10408,10408,/kaggle/input/competitions/recodai-luc-scientific-image-forgery-detection/train_images/forged/10408.png,forged,1,13170,0.08931477864583333,Q2,19698,0.13358561197916666,0.7492393817702652,0.5990270007317002,0.9998244643211365,1
forged__10458,10458,/kaggle/input/competitions/recodai-luc-scientific-image-forgery-detection/train_images/forged/10458.png,forged,1,8835,0.059916178385416664,Q2,16301,0.11054823133680555,0.3829567154703097,0.23682527186322477,0.9998512268066406,1
forged__10632,10632,/kaggle/input/competitions/recodai-luc-scientific-image-forgery-detection/train_images/forged/10632.png,forged,1,733,0.004970974392361111,Q1,507,0.0034383138020833335,0.7274193548606919,0.5716096325004297,0.9975524544715881,1
forged__10742,10742,/kaggle/input/competitions/recodai-luc-scientific-image-forgery-detection/train_images/forged/10742.png,forged,1,757,0.005133734809027778,Q1,512,0.003472222222222222,0.7328605201156138,0.578358209007667,0.9988935589790344,1
forged__10878,10878,/kaggle/input/competitions/recodai-luc-scientific-image-forgery-detection/train_images/forged/10878.png,forged,1,4751,0.032219780815972224,Q2,7489,0.050788031684027776,0.626797385623964,0.4564493098589189,0.9993928670883179,1
forged__10951,10951,/kaggle/input/competitions/recodai-luc-scientific-image-forgery-detection/train_images/forged/10951.png,forged,1,7376,0.05002170138888889,Q2,8232,0.055826822916666664,0.9279856483859048,0.86564666507452,0.9994200468063354,1
forged__1101,1101,/kaggle/input/competitions/recodai-luc-scientific-image-forgery-detection/train_images/forged/1101.png,forged,1,230,0.001559787326388889,Q2,0,0.0,4.3478260850661626e-10,4.3478260850661626e-10,0.9376901388168335,1
forged__11206,11206,/kaggle/input/competitions/recodai-luc-scientific-image-forgery-detection/train_images/forged/11206.png,forged,1,15263,0.10350884331597222,Q4,19433,0.13178846571180555,0.692298824072826,0.5294013929316345,0.9998761415481567,1
forged__11277,11277,/kaggle/input/competitions/recodai-luc-scientific-image-forgery-detection/train_images/forged/11277.png,forged,1,473,0.003207736545138889,Q2,0,0.0,2.11416490441561e-10,2.11416490441561e-10,0.9878901839256287,1
forged__11356,11356,/kaggle/input/competitions/recodai-luc-scientific-image-forgery-detection/train_images/forged/11356.png,forged,1,5323,0.03609890407986111,Q1,2368,0.016059027777777776,0.5775581848969242,0.4060329067750268,0.9968589544296265,1
forged__1143,1143,/kaggle/input/competitions/recodai-luc-scientific-image-forgery-detection/train_images/forged/1143.png,forged,1,883,0.005988226996527778,Q2,0,0.0,1.1325028311288218e-10,1.1325028311288218e-10,0.3889561593532562,0
forged__11513,11513,/kaggle/input/competitions/recodai-luc-scientific-image-forgery-detection/train_images/forged/11513.png,forged,1,5955,0.040384928385416664,Q2,5330,0.03614637586805555,0.5109437306201954,0.34313258748698955,0.9949026107788086,1
forged__11662,11662,/kaggle/input/competitions/recodai-luc-scientific-image-forgery-detection/train_images/forged/11662.png,forged,1,1062,0.0072021484375,Q1,927,0.00628662109375,0.4484665661413541,0.289047310480295,0.9990768432617188,1
forged__11740,11740,/kaggle/input/competitions/recodai-luc-scientific-image-forgery-detection/train_images/forged/11740.png,forged,1,346,0.002346462673611111,Q1,0,0.0,2.890173409569314e-10,2.890173409569314e-10,0.7788175344467163,1
forged__11854,11854,/kaggle/input/competitions/recodai-luc-scientific-image-forgery-detection/train_images/forged/11854.png,forged,1,948,0.006429036458333333,Q3,395,0.002678765190972222,0.5405807893119448,0.37040816332955023,0.9977152347564697,1
forged__11964,11964,/kaggle/input/competitions/recodai-luc-scientific-image-forgery-detection/train_images/forged/11964.png,forged,1,7671,0.052022298177083336,Q2,8068,0.05471462673611111,0.7731113793775137,0.6301398239292579,0.9993442893028259,1
forged__12025,12025,/kaggle/input/competitions/recodai-luc-scientific-image-forgery-detection/train_images/forged/12025.png,forged,1,11938,0.0809597439236111,Q4,1273,0.008633083767361112,7.56944970094944e-12,7.56944970094944e-12,0.9701524972915649,1
forged__12073,12073,/kaggle/input/competitions/recodai-luc-scientific-image-forgery-detection/train_images/forged/12073.png,forged,1,601,0.004075792100694444,Q1,447,0.0030314127604166665,0.7003816794179024,0.5389133627696163,0.9974768757820129,1
forged__12150,12150,/kaggle/input/competitions/recodai-luc-scientific-image-forgery-detection/train_images/forged/12150.png,forged,1,2631,0.017842610677083332,Q2,101,0.0006849500868055555,3.660322108211555e-11,3.660322108211555e-11,0.9753350615501404,1
forged__12262,12262,/kaggle/input/competitions/recodai-luc-scientific-image-forgery-detection/train_images/forged/12262.png,forged,1,2267,0.015374077690972222,Q1,5226,0.035441080729166664,0.40384358735614784,0.25301003345730755,0.9805690050125122,1
forged__12300,12300,/kaggle/input/competitions/recodai-luc-scientific-image-forgery-detection/train_images/forged/12300.png,forged,1,1096,0.007432725694444444,Q1,691,0.004686143663194444,0.6357022943684554,0.4659557014383957,0.9910181760787964,1
forged__12364,12364,/kaggle/input/competitions/recodai-luc-scientific-image-forgery-detection/train_images/forged/12364.png,forged,1,8474,0.05746799045138889,Q3,9380,0.06361219618055555,0.9259549680747958,0.862119315812869,0.9989259839057922,1
forged__12446,12446,/kaggle/input/competitions/recodai-luc-scientific-image-forgery-detection/train_images/forged/12446.png,forged,1,2297,0.015577528211805556,Q1,1167,0.007914225260416666,0.517321016180216,0.34890965734622625,0.9850680232048035,1
forged__12572,12572,/kaggle/input/competitions/recodai-luc-scientific-image-forgery-detection/train_images/forged/12572.png,forged,1,1785,0.012105305989583334,Q4,722,0.004896375868055556,0.5552453131409955,0.38431805635647054,0.9979866743087769,1
forged__12629,12629,/kaggle/input/competitions/recodai-luc-scientific-image-forgery-detection/train_images/forged/12629.png,forged,1,577,0.003913031684027778,Q1,357,0.0024210611979166665,1.0706638114485371e-10,1.0706638114485371e-10,0.9036056995391846,1
forged__12793,12793,/kaggle/input/competitions/recodai-luc-scientific-image-forgery-detection/train_images/forged/12793.png,forged,1,16194,0.10982259114583333,Q4,24933,0.16908772786458334,0.7747222019603309,0.6322829020494035,0.9998712539672852,1
forged__12879,12879,/kaggle/input/competitions/recodai-luc-scientific-image-forgery-detection/train_images/forged/12879.png,forged,1,11613,0.07875569661458333,Q3,13009,0.0882229275173611,0.5594184063050954,0.38832816464962877,0.9984809756278992,1
forged__13020,13020,/kaggle/input/competitions/recodai-luc-scientific-image-forgery-detection/train_images/forged/13020.png,forged,1,21576,0.14632161458333334,Q2,21183,0.14365641276041666,0.9408077831569007,0.888231397660021,0.9993513226509094,1
forged__13123,13123,/kaggle/input/competitions/recodai-luc-scientific-image-forgery-detection/train_images/forged/13123.png,forged,1,384,0.0026041666666666665,Q1,2256,0.015299479166666666,3.787878787735308e-11,3.787878787735308e-11,0.9917852878570557,1
forged__13333,13333,/kaggle/input/competitions/recodai-luc-scientific-image-forgery-detection/train_images/forged/13333.png,forged,1,1325,0.008985731336805556,Q3,401,0.002719455295138889,0.4380069525238698,0.28041543032044397,0.9971524477005005,1
forged__13451,13451,/kaggle/input/competitions/recodai-luc-scientific-image-forgery-detection/train_images/forged/13451.png,forged,1,46884,0.3179524739583333,Q4,61513,0.4171617296006944,0.8548760574555985,0.7465358339782378,0.9989776611328125,1
forged__13603,13603,/kaggle/input/competitions/recodai-luc-scientific-image-forgery-detection/train_images/forged/13603.png,forged,1,856,0.005805121527777778,Q1,2777,0.018832736545138888,0.40792733279912124,0.2562240664157599,0.9966879487037659,1
forged__13670,13670,/kaggle/input/competitions/recodai-luc-scientific-image-forgery-detection/train_images/forged/13670.png,forged,1,16855,0.11430528428819445,Q4,17394,0.11796061197916667,0.9648164909925404,0.9320245952505668,0.9998127818107605,1
forged__13742,13742,/kaggle/input/competitions/recodai-luc-scientific-image-forgery-detection/train_images/forged/13742.png,forged,1,535,0.003628200954861111,Q2,469,0.003180609809027778,0.8864541832782417,0.7960644007520458,0.9983757734298706,1
forged__13839,13839,/kaggle/input/competitions/recodai-luc-scientific-image-forgery-detection/train_images/forged/13839.png,forged,1,1774,0.012030707465277778,Q2,0,0.0,5.636978579163642e-11,5.636978579163642e-11,0.4312342405319214,0
forged__13893,13893,/kaggle/input/competitions/recodai-luc-scientific-image-forgery-detection/train_images/forged/13893.png,forged,1,10464,0.07096354166666667,Q3,16640,0.11284722222222222,0.763208382527438,0.6170872859637427,0.9991493225097656,1
forged__13971,13971,/kaggle/input/competitions/recodai-luc-scientific-image-forgery-detection/train_images/forged/13971.png,forged,1,552,0.0037434895833333335,Q1,0,0.0,1.8115942025703634e-10,1.8115942025703634e-10,0.8854258060455322,1
forged__14070,14070,/kaggle/input/competitions/recodai-luc-scientific-image-forgery-detection/train_images/forged/14070.png,forged,1,14290,0.09691026475694445,Q4,458,0.003106011284722222,6.780580417637777e-12,6.780580417637777e-12,0.9056409597396851,1
forged__14114,14114,/kaggle/input/competitions/recodai-luc-scientific-image-forgery-detection/train_images/forged/14114.png,forged,1,21430,0.1453314887152778,Q4,24369,0.16526285807291666,0.9301513133476055,0.869423241765503,0.9999215602874756,1
forged__1419,1419,/kaggle/input/competitions/recodai-luc-scientific-image-forgery-detection/train_images/forged/1419.png,forged,1,1155,0.007832845052083334,Q4,0,0.0,8.658008657259046e-11,8.658008657259046e-11,0.33112311363220215,0
forged__14331,14331,/kaggle/input/competitions/recodai-luc-scientific-image-forgery-detection/train_images/forged/14331.png,forged,1,562,0.003811306423611111,Q2,280,0.0018988715277777778,0.5534441805756005,0.3825944171785559,0.9966006875038147,1
forged__14436,14436,/kaggle/input/competitions/recodai-luc-scientific-image-forgery-detection/train_images/forged/14436.png,forged,1,4354,0.029527452256944444,Q1,5535,0.03753662109375,0.8362827383978534,0.7186305179054808,0.9994613528251648,1
forged__14594,14594,/kaggle/input/competitions/recodai-luc-scientific-image-forgery-detection/train_images/forged/14594.png,forged,1,1382,0.009372287326388888,Q3,0,0.0,7.235890013948198e-11,7.235890013948198e-11,0.9266767501831055,1
forged__14624,14624,/kaggle/input/competitions/recodai-luc-scientific-image-forgery-detection/train_images/forged/14624.png,forged,1,8560,0.058051215277777776,Q2,0,0.0,1.1682242990517729e-11,1.1682242990517729e-11,0.444879412651062,0
forged__14700,14700,/kaggle/input/competitions/recodai-luc-scientific-image-forgery-detection/train_images/forged/14700.png,forged,1,847,0.005744086371527778,Q1,157,0.001064724392361111,9.960159361557753e-11,9.960159361557753e-11,0.9376457929611206,1
forged__14770,14770,/kaggle/input/competitions/recodai-luc-scientific-image-forgery-detection/train_images/forged/14770.png,forged,1,38928,0.2639973958333333,Q3,66922,0.4538438585069444,0.7060746339161964,0.54568420437852,0.9996702671051025,1
forged__14829,14829,/kaggle/input/competitions/recodai-luc-scientific-image-forgery-detection/train_images/forged/14829.png,forged,1,893,0.006056043836805556,Q3,232,0.0015733506944444445,0.38044444449951603,0.234906696022513,0.9947121143341064,1
forged__14930,14930,/kaggle/input/competitions/recodai-luc-scientific-image-forgery-detection/train_images/forged/14930.png,forged,1,5073,0.034403483072916664,Q4,0,0.0,1.9712201852558404e-11,1.9712201852558404e-11,0.6284563541412354,1
forged__14988,14988,/kaggle/input/competitions/recodai-luc-scientific-image-forgery-detection/train_images/forged/14988.png,forged,1,1906,0.012925889756944444,Q1,840,0.005696614583333333,0.5761107064975926,0.40460358059311485,0.9974067807197571,1
forged__15061,15061,/kaggle/input/competitions/recodai-luc-scientific-image-forgery-detection/train_images/forged/15061.png,forged,1,1022,0.006930881076388889,Q3,0,0.0,9.784735811175661e-11,9.784735811175661e-11,0.6979178190231323,1
forged__15269,15269,/kaggle/input/competitions/recodai-luc-scientific-image-forgery-detection/train_images/forged/15269.png,forged,1,13093,0.08879258897569445,Q4,21430,0.1453314887152778,0.6965790922002822,0.5344237521688323,0.9986885190010071,1
forged__1536,1536,/kaggle/input/competitions/recodai-luc-scientific-image-forgery-detection/train_images/forged/1536.png,forged,1,10444,0.0708279079861111,Q2,11232,0.076171875,0.8791289905892271,0.7843266381315087,0.9991418123245239,1
forged__15426,15426,/kaggle/input/competitions/recodai-luc-scientific-image-forgery-detection/train_images/forged/15426.png,forged,1,18371,0.12458631727430555,Q4,13308,0.09025065104166667,0.5315824363157562,0.36201040457731626,0.9763443470001221,1
forged__15579,15579,/kaggle/input/competitions/recodai-luc-scientific-image-forgery-detection/train_images/forged/15579.png,forged,1,1259,0.008538140190972222,Q1,186,0.0012613932291666667,6.920415224434572e-11,6.920415224434572e-11,0.9849005937576294,1
forged__15733,15733,/kaggle/input/competitions/recodai-luc-scientific-image-forgery-detection/train_images/forged/15733.png,forged,1,11982,0.08125813802083333,Q4,33674,0.2283664279513889,0.49566322060737766,0.3294895314658004,0.9998414516448975,1
forged__1580,1580,/kaggle/input/competitions/recodai-luc-scientific-image-forgery-detection/train_images/forged/1580.png,forged,1,1329,0.009012858072916666,Q3,617,0.004184299045138889,0.6002055498663821,0.42878120415354026,0.9977476000785828,1
forged__15860,15860,/kaggle/input/competitions/recodai-luc-scientific-image-forgery-detection/train_images/forged/15860.png,forged,1,6596,0.044731987847222224,Q2,11989,0.08130560980902778,0.6772128060281022,0.511958997726066,0.9994788765907288,1
forged__15940,15940,/kaggle/input/competitions/recodai-luc-scientific-image-forgery-detection/train_images/forged/15940.png,forged,1,6446,0.04371473524305555,Q3,7417,0.050299750434027776,0.40582846426166175,0.2545701357533523,0.998387336730957,1
forged__1608,1608,/kaggle/input/competitions/recodai-luc-scientific-image-forgery-detection/train_images/forged/1608.png,forged,1,651,0.004414876302083333,Q3,0,0.0,1.536098310055899e-10,1.536098310055899e-10,0.2532285749912262,0
forged__16161,16161,/kaggle/input/competitions/recodai-luc-scientific-image-forgery-detection/train_images/forged/16161.png,forged,1,1204,0.008165147569444444,Q4,1653,0.011210123697916666,0.6860343017260752,0.5221097496258865,0.9962522387504578,1
forged__16219,16219,/kaggle/input/competitions/recodai-luc-scientific-image-forgery-detection/train_images/forged/16219.png,forged,1,14182,0.09617784288194445,Q4,14557,0.0987209743923611,0.9744945892342305,0.9502578718787306,0.9997966885566711,1
forged__16294,16294,/kaggle/input/competitions/recodai-luc-scientific-image-forgery-detection/train_images/forged/16294.png,forged,1,19371,0.13136800130208334,Q3,24875,0.1686943901909722,0.8708131808527985,0.7711861014380081,0.9997841715812683,1
forged__1641,1641,/kaggle/input/competitions/recodai-luc-scientific-image-forgery-detection/train_images/forged/1641.png,forged,1,2908,0.019721137152777776,Q2,0,0.0,3.438789545961527e-11,3.438789545961527e-11,0.66000896692276,1
forged__16534,16534,/kaggle/input/competitions/recodai-luc-scientific-image-forgery-detection/train_images/forged/16534.png,forged,1,2770,0.018785264756944444,Q1,0,0.0,3.610108303118769e-11,3.610108303118769e-11,0.8855386972427368,1
forged__16590,16590,/kaggle/input/competitions/recodai-luc-scientific-image-forgery-detection/train_images/forged/16590.png,forged,1,3816,0.02587890625,Q2,950,0.006442599826388889,0.26227444399365774,0.15092972713955735,0.9296861886978149,1
forged__16647,16647,/kaggle/input/competitions/recodai-luc-scientific-image-forgery-detection/train_images/forged/16647.png,forged,1,28380,0.19246419270833334,Q4,30693,0.20815022786458334,0.6740812215400029,0.5083880193051902,0.9998161196708679,1
forged__16703,16703,/kaggle/input/competitions/recodai-luc-scientific-image-forgery-detection/train_images/forged/16703.png,forged,1,4272,0.028971354166666668,Q2,3306,0.022420247395833332,0.3877012404409118,0.24046488788278828,0.9853781461715698,1
forged__16866,16866,/kaggle/input/competitions/recodai-luc-scientific-image-forgery-detection/train_images/forged/16866.png,forged,1,32271,0.21885172526041666,Q4,34327,0.2327948676215278,0.6584582119588299,0.49082199140515126,0.9967683553695679,1
forged__16960,16960,/kaggle/input/competitions/recodai-luc-scientific-image-forgery-detection/train_images/forged/16960.png,forged,1,12130,0.08226182725694445,Q4,15931,0.10803900824652778,0.7662592209836917,0.6210860774140896,0.999757707118988,1
forged__17071,17071,/kaggle/input/competitions/recodai-luc-scientific-image-forgery-detection/train_images/forged/17071.png,forged,1,1129,0.007656521267361111,Q1,0,0.0,8.857395924813339e-11,8.857395924813339e-11,0.61054527759552,1
forged__17245,17245,/kaggle/input/competitions/recodai-luc-scientific-image-forgery-detection/train_images/forged/17245.png,forged,1,1200,0.008138020833333334,Q1,683,0.004631890190972222,0.5756771110156306,0.4041759881130368,0.9994588494300842,1
forged__17298,17298,/kaggle/input/competitions/recodai-luc-scientific-image-forgery-detection/train_images/forged/17298.png,forged,1,705,0.004781087239583333,Q3,496,0.003363715277777778,0.7493755204205349,0.599201065299707,0.9979756474494934,1
forged__17493,17493,/kaggle/input/competitions/recodai-luc-scientific-image-forgery-detection/train_images/forged/17493.png,forged,1,25492,0.1728786892361111,Q4,31864,0.2160915798611111,0.8867424506592393,0.7965294744102095,0.999457061290741,1
forged__17625,17625,/kaggle/input/competitions/recodai-luc-scientific-image-forgery-detection/train_images/forged/17625.png,forged,1,2413,0.016364203559027776,Q2,3767,0.025546603732638888,0.14627831716591783,0.07891061454122014,0.9822065830230713,1
forged__17754,17754,/kaggle/input/competitions/recodai-luc-scientific-image-forgery-detection/train_images/forged/17754.png,forged,1,10337,0.0701022677951389,Q4,3050,0.020684136284722224,0.36722193172953443,0.22490621283534715,0.9599325656890869,1
forged__17846,17846,/kaggle/input/competitions/recodai-luc-scientific-image-forgery-detection/train_images/forged/17846.png,forged,1,41282,0.2799614800347222,Q3,73534,0.4986843532986111,0.6918373745822082,0.528861902289606,0.9991418123245239,1
forged__18000,18000,/kaggle/input/competitions/recodai-luc-scientific-image-forgery-detection/train_images/forged/18000.png,forged,1,9612,0.065185546875,Q3,9223,0.06254747178819445,0.5079904433262119,0.34047398762123354,0.9954593777656555,1
forged__1813,1813,/kaggle/input/competitions/recodai-luc-scientific-image-forgery-detection/train_images/forged/1813.png,forged,1,690,0.004679361979166667,Q1,904,0.006130642361111111,0.3274780427021657,0.19579894979776452,0.9743669629096985,1
forged__18440,18440,/kaggle/input/competitions/recodai-luc-scientific-image-forgery-detection/train_images/forged/18440.png,forged,1,8623,0.058478461371527776,Q4,8998,0.06102159288194445,0.8958628908694407,0.8113692434229915,0.9998840093612671,1
forged__1856,1856,/kaggle/input/competitions/recodai-luc-scientific-image-forgery-detection/train_images/forged/1856.png,forged,1,64216,0.4354926215277778,Q4,78031,0.5291815863715278,0.8925601242909217,0.8059671173747147,0.9999204874038696,1
forged__187,187,/kaggle/input/competitions/recodai-luc-scientific-image-forgery-detection/train_images/forged/187.png,forged,1,1543,0.010464138454861112,Q2,0,0.0,6.480881399450364e-11,6.480881399450364e-11,0.7022581100463867,1
forged__1879,1879,/kaggle/input/competitions/recodai-luc-scientific-image-forgery-detection/train_images/forged/1879.png,forged,1,6785,0.046013726128472224,Q4,9714,0.06587727864583333,0.7795623977224101,0.638756456102118,0.9970796704292297,1
forged__18995,18995,/kaggle/input/competitions/recodai-luc-scientific-image-forgery-detection/train_images/forged/18995.png,forged,1,14519,0.09846327039930555,Q4,12310,0.08348253038194445,0.8929889298896978,0.8066666666679686,0.9997438788414001,1
forged__19130,19130,/kaggle/input/competitions/recodai-luc-scientific-image-forgery-detection/train_images/forged/19130.png,forged,1,1658,0.011244032118055556,Q1,0,0.0,6.031363087694128e-11,6.031363087694128e-11,0.2666466236114502,0
forged__19281,19281,/kaggle/input/competitions/recodai-luc-scientific-image-forgery-detection/train_images/forged/19281.png,forged,1,1199,0.008131239149305556,Q2,540,0.003662109375,0.6106958022075506,0.4395695364702343,0.9978779554367065,1
forged__1940,1940,/kaggle/input/competitions/recodai-luc-scientific-image-forgery-detection/train_images/forged/1940.png,forged,1,10724,0.0727267795138889,Q2,6884,0.046685112847222224,0.6632212630641571,0.49613391112672156,0.9997302889823914,1
forged__19593,19593,/kaggle/input/competitions/recodai-luc-scientific-image-forgery-detection/train_images/forged/19593.png,forged,1,8162,0.055352105034722224,Q3,4750,0.03221299913194445,0.6675960346989809,0.5010462683154958,0.9998064637184143,1
forged__19633,19633,/kaggle/input/competitions/recodai-luc-scientific-image-forgery-detection/train_images/forged/19633.png,forged,1,24436,0.1657172309027778,Q4,28332,0.192138671875,0.8668511218923082,0.7649931431255143,0.9999222755432129,1
forged__19728,19728,/kaggle/input/competitions/recodai-luc-scientific-image-forgery-detection/train_images/forged/19728.png,forged,1,4389,0.029764811197916668,Q1,913,0.006191677517361111,1.886080724219425e-11,1.886080724219425e-11,0.8964441418647766,1
forged__19847,19847,/kaggle/input/competitions/recodai-luc-scientific-image-forgery-detection/train_images/forged/19847.png,forged,1,2911,0.019741482204861112,Q4,1904,0.012912326388888888,0.6400830737354084,0.4706780696557521,0.9986672401428223,1
forged__19953,19953,/kaggle/input/competitions/recodai-luc-scientific-image-forgery-detection/train_images/forged/19953.png,forged,1,20905,0.14177110460069445,Q4,20248,0.13731553819444445,0.9355818530849863,0.8789608254959412,0.9999305009841919,1
forged__20007,20007,/kaggle/input/competitions/recodai-luc-scientific-image-forgery-detection/train_images/forged/20007.png,forged,1,1718,0.011650933159722222,Q1,910,0.006171332465277778,0.40867579910925894,0.25681492112592946,0.9845048189163208,1
forged__20103,20103,/kaggle/input/competitions/recodai-luc-scientific-image-forgery-detection/train_images/forged/20103.png,forged,1,1264,0.008572048611111112,Q1,955,0.006476508246527778,0.7453808021746111,0.5941091954314576,0.9986718893051147,1
forged__20270,20270,/kaggle/input/competitions/recodai-luc-scientific-image-forgery-detection/train_images/forged/20270.png,forged,1,9869,0.0669284396701389,Q3,7181,0.048699273003472224,0.660175953081172,0.49273332166439554,0.9981315732002258,1
forged__20379,20379,/kaggle/input/competitions/recodai-luc-scientific-image-forgery-detection/train_images/forged/20379.png,forged,1,719,0.004876030815972222,Q1,657,0.00445556640625,0.6933139535106603,0.5305895439899233,0.9983004927635193,1
forged__20490,20490,/kaggle/input/competitions/recodai-luc-scientific-image-forgery-detection/train_images/forged/20490.png,forged,1,2616,0.017740885416666668,Q2,348,0.0023600260416666665,3.373819163179021e-11,3.373819163179021e-11,0.907880425453186,1
forged__2053,2053,/kaggle/input/competitions/recodai-luc-scientific-image-forgery-detection/train_images/forged/2053.png,forged,1,1134,0.0076904296875,Q2,0,0.0,8.818342150897853e-11,8.818342150897853e-11,0.31189823150634766,0
forged__20587,20587,/kaggle/input/competitions/recodai-luc-scientific-image-forgery-detection/train_images/forged/20587.png,forged,1,23070,0.15645345052083334,Q4,22977,0.15582275390625,0.9645796685995514,0.9315827006169236,0.9998844861984253,1
forged__20666,20666,/kaggle/input/competitions/recodai-luc-scientific-image-forgery-detection/train_images/forged/20666.png,forged,1,8882,0.060234917534722224,Q3,1674,0.0113525390625,9.473285335264557e-12,9.473285335264557e-12,0.9972679615020752,1
forged__20753,20753,/kaggle/input/competitions/recodai-luc-scientific-image-forgery-detection/train_images/forged/20753.png,forged,1,55320,0.3751627604166667,Q3,102117,0.6925252278645834,0.6834987963441355,0.5191782540315159,0.9981122016906738,1
forged__20800,20800,/kaggle/input/competitions/recodai-luc-scientific-image-forgery-detection/train_images/forged/20800.png,forged,1,10091,0.06843397352430555,Q3,3970,0.026923285590277776,0.36540786573241296,0.2235468151825309,0.9990224838256836,1
forged__20833,20833,/kaggle/input/competitions/recodai-luc-scientific-image-forgery-detection/train_images/forged/20833.png,forged,1,11426,0.0774875217013889,Q3,1675,0.011359320746527778,0.25143118846461004,0.1437925615580252,0.9431760907173157,1
forged__20920,20920,/kaggle/input/competitions/recodai-luc-scientific-image-forgery-detection/train_images/forged/20920.png,forged,1,781,0.005296495225694444,Q3,360,0.00244140625,0.60122699389998,0.4298245614749594,0.9961428046226501,1
forged__21034,21034,/kaggle/input/competitions/recodai-luc-scientific-image-forgery-detection/train_images/forged/21034.png,forged,1,19201,0.1302151150173611,Q4,29226,0.19820149739583334,0.5420942862462219,0.37183082632397996,0.9997490048408508,1
forged__21204,21204,/kaggle/input/competitions/recodai-luc-scientific-image-forgery-detection/train_images/forged/21204.png,forged,1,730,0.004950629340277778,Q2,0,0.0,1.3698630135109776e-10,1.3698630135109776e-10,0.16336825489997864,0
forged__21264,21264,/kaggle/input/competitions/recodai-luc-scientific-image-forgery-detection/train_images/forged/21264.png,forged,1,20968,0.14219835069444445,Q4,28524,0.19344075520833334,0.8171017538191685,0.6907625034172904,0.9999245405197144,1
forged__21540,21540,/kaggle/input/competitions/recodai-luc-scientific-image-forgery-detection/train_images/forged/21540.png,forged,1,885,0.006001790364583333,Q1,460,0.003119574652777778,0.6007434944534763,0.4293304995292954,0.9993557333946228,1
forged__2164,2164,/kaggle/input/competitions/recodai-luc-scientific-image-forgery-detection/train_images/forged/2164.png,forged,1,1337,0.009067111545138888,Q2,0,0.0,7.479431562641777e-11,7.479431562641777e-11,0.8783403635025024,1
forged__21728,21728,/kaggle/input/competitions/recodai-luc-scientific-image-forgery-detection/train_images/forged/21728.png,forged,1,31759,0.21537950303819445,Q3,33203,0.22517225477430555,0.9351620947631921,0.8782201405155746,0.9991687536239624,1
forged__2177,2177,/kaggle/input/competitions/recodai-luc-scientific-image-forgery-detection/train_images/forged/2177.png,forged,1,2891,0.019605848524305556,Q2,603,0.00408935546875,2.8620492271647955e-11,2.8620492271647955e-11,0.9490768313407898,1
forged__21851,21851,/kaggle/input/competitions/recodai-luc-scientific-image-forgery-detection/train_images/forged/21851.png,forged,1,5748,0.038981119791666664,Q2,6532,0.04429796006944445,0.8801302931605852,0.7859220477052659,0.999188244342804,1
forged__22046,22046,/kaggle/input/competitions/recodai-luc-scientific-image-forgery-detection/train_images/forged/22046.png,forged,1,4275,0.02899169921875,Q1,7375,0.05001491970486111,0.28703862661556184,0.16756865104061366,0.992962658405304,1
forged__22155,22155,/kaggle/input/competitions/recodai-luc-scientific-image-forgery-detection/train_images/forged/22155.png,forged,1,4973,0.03372531467013889,Q3,10807,0.07328965928819445,0.6134347275056183,0.44241316271076403,0.999826967716217,1
forged__22182,22182,/kaggle/input/competitions/recodai-luc-scientific-image-forgery-detection/train_images/forged/22182.png,forged,1,9306,0.0631103515625,Q3,10164,0.06892903645833333,0.9556240369801972,0.9150191796998621,0.9986289739608765,1
forged__2228,2228,/kaggle/input/competitions/recodai-luc-scientific-image-forgery-detection/train_images/forged/2228.png,forged,1,8398,0.056952582465277776,Q1,4460,0.030246310763888888,7.777259293764369e-12,7.777259293764369e-12,0.9877195358276367,1
forged__22337,22337,/kaggle/input/competitions/recodai-luc-scientific-image-forgery-detection/train_images/forged/22337.png,forged,1,3263,0.022128634982638888,Q1,1731,0.011739095052083334,0.6872246696097872,0.5234899329004427,0.9963250756263733,1
forged__22456,22456,/kaggle/input/competitions/recodai-luc-scientific-image-forgery-detection/train_images/forged/22456.png,forged,1,1190,0.008070203993055556,Q2,0,0.0,8.40336134383165e-11,8.40336134383165e-11,0.6450666785240173,1
forged__22565,22565,/kaggle/input/competitions/recodai-luc-scientific-image-forgery-detection/train_images/forged/22565.png,forged,1,1314,0.0089111328125,Q4,694,0.004706488715277778,0.6125498008161081,0.4414931802267413,0.9997311234474182,1
forged__22739,22739,/kaggle/input/competitions/recodai-luc-scientific-image-forgery-detection/train_images/forged/22739.png,forged,1,545,0.003696017795138889,Q2,300,0.0020345052083333335,0.6106508876200413,0.4395229983919042,0.9986289739608765,1
forged__22797,22797,/kaggle/input/competitions/recodai-luc-scientific-image-forgery-detection/train_images/forged/22797.png,forged,1,2796,0.018961588541666668,Q1,11991,0.08131917317708333,6.762696963503329e-12,6.762696963503329e-12,0.985594630241394,1
forged__2290,2290,/kaggle/input/competitions/recodai-luc-scientific-image-forgery-detection/train_images/forged/2290.png,forged,1,11555,0.07836235894097222,Q3,18570,0.12593587239583334,0.5610622406653575,0.3899141828947591,0.9998621940612793,1
forged__22951,22951,/kaggle/input/competitions/recodai-luc-scientific-image-forgery-detection/train_images/forged/22951.png,forged,1,190,0.0012885199652777778,Q1,0,0.0,5.263157891966759e-10,5.263157891966759e-10,0.9977013468742371,1
forged__2305,2305,/kaggle/input/competitions/recodai-luc-scientific-image-forgery-detection/train_images/forged/2305.png,forged,1,15682,0.1063503689236111,Q4,18873,0.12799072265625,0.8862972073509295,0.7958112462332616,0.9990001320838928,1
forged__23143,23143,/kaggle/input/competitions/recodai-luc-scientific-image-forgery-detection/train_images/forged/23143.png,forged,1,13535,0.09179009331597222,Q4,11012,0.0746799045138889,0.5603943455429975,0.38926934178850375,0.9998912811279297,1
forged__23236,23236,/kaggle/input/competitions/recodai-luc-scientific-image-forgery-detection/train_images/forged/23236.png,forged,1,3572,0.024224175347222224,Q4,0,0.0,2.799552071590158e-11,2.799552071590158e-11,0.6424859166145325,1
forged__23357,23357,/kaggle/input/competitions/recodai-luc-scientific-image-forgery-detection/train_images/forged/23357.png,forged,1,7909,0.05363633897569445,Q4,12047,0.0816989474826389,0.38835437963826236,0.2409676015220386,0.9997456669807434,1
forged__23460,23460,/kaggle/input/competitions/recodai-luc-scientific-image-forgery-detection/train_images/forged/23460.png,forged,1,11314,0.07672797309027778,Q4,9505,0.06445990668402778,0.8904366203953579,0.8025108225125324,0.9985936284065247,1
forged__23527,23527,/kaggle/input/competitions/recodai-luc-scientific-image-forgery-detection/train_images/forged/23527.png,forged,1,16016,0.1086154513888889,Q4,16748,0.11357964409722222,0.9600170919302893,0.9231085284972524,0.99983811378479,1
forged__23726,23726,/kaggle/input/competitions/recodai-luc-scientific-image-forgery-detection/train_images/forged/23726.png,forged,1,1497,0.010152180989583334,Q2,125,0.0008477105034722222,6.165228113060097e-11,6.165228113060097e-11,0.898059070110321,1
forged__23904,23904,/kaggle/input/competitions/recodai-luc-scientific-image-forgery-detection/train_images/forged/23904.png,forged,1,22723,0.15410020616319445,Q4,23544,0.15966796875,0.9708863768993649,0.9434200025205048,0.9999001026153564,1
forged__24029,24029,/kaggle/input/competitions/recodai-luc-scientific-image-forgery-detection/train_images/forged/24029.png,forged,1,345,0.0023396809895833335,Q2,135,0.00091552734375,0.13750000017968747,0.07382550356290257,0.985593855381012,1
forged__24111,24111,/kaggle/input/competitions/recodai-luc-scientific-image-forgery-detection/train_images/forged/24111.png,forged,1,1940,0.013156467013888888,Q1,0,0.0,5.1546391749920286e-11,5.1546391749920286e-11,0.7455604672431946,1
forged__24218,24218,/kaggle/input/competitions/recodai-luc-scientific-image-forgery-detection/train_images/forged/24218.png,forged,1,2743,0.018602159288194444,Q2,1307,0.008863661024305556,0.6241975308734766,0.453697056731741,0.9985945820808411,1
forged__24332,24332,/kaggle/input/competitions/recodai-luc-scientific-image-forgery-detection/train_images/forged/24332.png,forged,1,21446,0.1454399956597222,Q2,22591,0.1532050238715278,0.9348502395714176,0.8776702340857132,0.9993688464164734,1
forged__24381,24381,/kaggle/input/competitions/recodai-luc-scientific-image-forgery-detection/train_images/forged/24381.png,forged,1,2288,0.015516493055555556,Q1,592,0.004014756944444444,0.32569444446785784,0.19452509335568127,0.9525617361068726,1
forged__2450,2450,/kaggle/input/competitions/recodai-luc-scientific-image-forgery-detection/train_images/forged/2450.png,forged,1,6385,0.04330105251736111,Q4,6420,0.043538411458333336,0.947130027333486,0.8995697967675483,0.9992877840995789,1
forged__24600,24600,/kaggle/input/competitions/recodai-luc-scientific-image-forgery-detection/train_images/forged/24600.png,forged,1,18316,0.12421332465277778,Q3,17218,0.11676703559027778,0.5532166375877942,0.38237696946359706,0.9599807262420654,1
forged__24676,24676,/kaggle/input/competitions/recodai-luc-scientific-image-forgery-detection/train_images/forged/24676.png,forged,1,16434,0.1114501953125,Q4,24009,0.16282145182291666,0.8043913656261791,0.6727881871213435,0.9998470544815063,1
forged__24749,24749,/kaggle/input/competitions/recodai-luc-scientific-image-forgery-detection/train_images/forged/24749.png,forged,1,17019,0.11541748046875,Q4,0,0.0,5.875785886327775e-12,5.875785886327775e-12,0.7995401620864868,1
forged__24850,24850,/kaggle/input/competitions/recodai-luc-scientific-image-forgery-detection/train_images/forged/24850.png,forged,1,18744,0.12711588541666666,Q4,9644,0.0654025607638889,0.5895448781189603,0.4179820179849252,0.9974187612533569,1
forged__24937,24937,/kaggle/input/competitions/recodai-luc-scientific-image-forgery-detection/train_images/forged/24937.png,forged,1,1816,0.012315538194444444,Q4,3586,0.024319118923611112,0.5853387634286312,0.4137660298504642,0.9998953342437744,1
forged__25003,25003,/kaggle/input/competitions/recodai-luc-scientific-image-forgery-detection/train_images/forged/25003.png,forged,1,676,0.004584418402777778,Q1,397,0.002692328559027778,0.6188257223095223,0.4480431849597783,0.99956876039505,1
forged__25124,25124,/kaggle/input/competitions/recodai-luc-scientific-image-forgery-detection/train_images/forged/25124.png,forged,1,3850,0.026109483506944444,Q1,5303,0.03596327039930555,0.5877854255480411,0.4162153798635894,0.9769924879074097,1
forged__2534,2534,/kaggle/input/competitions/recodai-luc-scientific-image-forgery-detection/train_images/forged/2534.png,forged,1,608,0.004123263888888889,Q1,342,0.0023193359375,0.5157894737351801,0.3475177305890046,0.9956299066543579,1
forged__25388,25388,/kaggle/input/competitions/recodai-luc-scientific-image-forgery-detection/train_images/forged/25388.png,forged,1,17735,0.1202731662326389,Q4,17945,0.12169731987847222,0.6726457399112313,0.5067567567588397,0.9575725793838501,1
forged__25458,25458,/kaggle/input/competitions/recodai-luc-scientific-image-forgery-detection/train_images/forged/25458.png,forged,1,779,0.005282931857638889,Q1,480,0.0032552083333333335,0.584590945227594,0.4130190797516253,0.998516857624054,1
forged__25525,25525,/kaggle/input/competitions/recodai-luc-scientific-image-forgery-detection/train_images/forged/25525.png,forged,1,1107,0.00750732421875,Q1,303,0.0020548502604166665,7.092198581057291e-11,7.092198581057291e-11,0.9237472414970398,1
forged__25638,25638,/kaggle/input/competitions/recodai-luc-scientific-image-forgery-detection/train_images/forged/25638.png,forged,1,483,0.0032755533854166665,Q2,0,0.0,2.070393374312548e-10,2.070393374312548e-10,0.7357573509216309,1
forged__2577,2577,/kaggle/input/competitions/recodai-luc-scientific-image-forgery-detection/train_images/forged/2577.png,forged,1,186,0.0012613932291666667,Q1,137,0.0009290907118055555,3.0959752312396356e-10,3.0959752312396356e-10,0.9871327877044678,1
forged__25981,25981,/kaggle/input/competitions/recodai-luc-scientific-image-forgery-detection/train_images/forged/25981.png,forged,1,302,0.002048068576388889,Q2,136,0.0009223090277777778,2.283105022309793e-10,2.283105022309793e-10,0.9924318790435791,1
forged__26035,26035,/kaggle/input/competitions/recodai-luc-scientific-image-forgery-detection/train_images/forged/26035.png,forged,1,356,0.002414279513888889,Q2,148,0.001003689236111111,0.3214285715632086,0.1914893618932649,0.9865183234214783,1
forged__26148,26148,/kaggle/input/competitions/recodai-luc-scientific-image-forgery-detection/train_images/forged/26148.png,forged,1,24854,0.1685519748263889,Q4,19252,0.1305609809027778,0.49870765882306556,0.3321855744855256,0.9988141059875488,1
forged__2622,2622,/kaggle/input/competitions/recodai-luc-scientific-image-forgery-detection/train_images/forged/2622.png,forged,1,394,0.0026719835069444445,Q2,0,0.0,2.538071065345667e-10,2.538071065345667e-10,0.9643340706825256,1
forged__26329,26329,/kaggle/input/competitions/recodai-luc-scientific-image-forgery-detection/train_images/forged/26329.png,forged,1,1239,0.008402506510416666,Q1,263,0.0017835828993055555,0.31824234358733405,0.1892319873959436,0.9899214506149292,1
forged__26435,26435,/kaggle/input/competitions/recodai-luc-scientific-image-forgery-detection/train_images/forged/26435.png,forged,1,10673,0.07238091362847222,Q4,13649,0.0925632052951389,0.8425293972541628,0.7279056550175625,0.9998233914375305,1
forged__26492,26492,/kaggle/input/competitions/recodai-luc-scientific-image-forgery-detection/train_images/forged/26492.png,forged,1,9590,0.0650363498263889,Q3,15018,0.10184733072916667,0.49959362809046004,0.33297221169312075,0.98396897315979,1
forged__26580,26580,/kaggle/input/competitions/recodai-luc-scientific-image-forgery-detection/train_images/forged/26580.png,forged,1,960,0.006510416666666667,Q3,0,0.0,1.0416666665581597e-10,1.0416666665581597e-10,0.7720234990119934,1
forged__26730,26730,/kaggle/input/competitions/recodai-luc-scientific-image-forgery-detection/train_images/forged/26730.png,forged,1,1036,0.007025824652777778,Q1,0,0.0,9.652509651577942e-11,9.652509651577942e-11,0.611536979675293,1
forged__26933,26933,/kaggle/input/competitions/recodai-luc-scientific-image-forgery-detection/train_images/forged/26933.png,forged,1,1965,0.013326009114583334,Q3,373,0.002529568142361111,0.13088109499012487,0.07002288333775639,0.9931158423423767,1
forged__27061,27061,/kaggle/input/competitions/recodai-luc-scientific-image-forgery-detection/train_images/forged/27061.png,forged,1,10088,0.06841362847222222,Q3,17773,0.12053087022569445,0.5314238541346993,0.3618633297518728,0.9980418682098389,1
forged__27195,27195,/kaggle/input/competitions/recodai-luc-scientific-image-forgery-detection/train_images/forged/27195.png,forged,1,37188,0.252197265625,Q4,82331,0.5583428276909722,0.6219764221591362,0.45135397692841367,0.999879002571106,1
forged__27409,27409,/kaggle/input/competitions/recodai-luc-scientific-image-forgery-detection/train_images/forged/27409.png,forged,1,326,0.0022108289930555555,Q1,320,0.002170138888888889,1.5479876158594448e-10,1.5479876158594448e-10,0.9827426671981812,1
forged__27586,27586,/kaggle/input/competitions/recodai-luc-scientific-image-forgery-detection/train_images/forged/27586.png,forged,1,3749,0.025424533420138888,Q2,3352,0.022732204861111112,0.7576397690500262,0.6098390387755648,0.9989707469940186,1
forged__27694,27694,/kaggle/input/competitions/recodai-luc-scientific-image-forgery-detection/train_images/forged/27694.png,forged,1,1038,0.007039388020833333,Q2,0,0.0,9.63391136708729e-11,9.63391136708729e-11,0.8420450091362,1
forged__27829,27829,/kaggle/input/competitions/recodai-luc-scientific-image-forgery-detection/train_images/forged/27829.png,forged,1,8701,0.05900743272569445,Q2,69907,0.4740871853298611,0.22137695908912405,0.1244653611238868,0.9975278973579407,1
forged__27896,27896,/kaggle/input/competitions/recodai-luc-scientific-image-forgery-detection/train_images/forged/27896.png,forged,1,291,0.0019734700520833335,Q2,312,0.0021158854166666665,0.4112769486880138,0.25887265151171757,0.9954915642738342,1
forged__28014,28014,/kaggle/input/competitions/recodai-luc-scientific-image-forgery-detection/train_images/forged/28014.png,forged,1,10054,0.06818305121527778,Q4,19197,0.13018798828125,0.6393627568300593,0.469899497490101,0.9994768500328064,1
forged__28195,28195,/kaggle/input/competitions/recodai-luc-scientific-image-forgery-detection/train_images/forged/28195.png,forged,1,303,0.0020548502604166665,Q1,2101,0.014248318142361112,0.04409317807636884,0.022543598510312908,0.9898229837417603,1
forged__28245,28245,/kaggle/input/competitions/recodai-luc-scientific-image-forgery-detection/train_images/forged/28245.png,forged,1,24672,0.16731770833333334,Q3,36244,0.2457953559027778,0.7572723094100774,0.6093630287188995,0.9985063672065735,1
forged__28283,28283,/kaggle/input/competitions/recodai-luc-scientific-image-forgery-detection/train_images/forged/28283.png,forged,1,13175,0.08934868706597222,Q3,19856,0.13465711805555555,0.6713087705498735,0.5052406124703552,0.999700665473938,1
forged__28412,28412,/kaggle/input/competitions/recodai-luc-scientific-image-forgery-detection/train_images/forged/28412.png,forged,1,18764,0.1272515190972222,Q4,18660,0.12654622395833334,0.9481616075247217,0.9014327812219214,0.9999086856842041,1
forged__28496,28496,/kaggle/input/competitions/recodai-luc-scientific-image-forgery-detection/train_images/forged/28496.png,forged,1,351,0.00238037109375,Q1,258,0.0017496744791666667,0.6699507389704515,0.503703703826246,0.9933818578720093,1
forged__286,286,/kaggle/input/competitions/recodai-luc-scientific-image-forgery-detection/train_images/forged/286.png,forged,1,1545,0.010477701822916666,Q3,125,0.0008477105034722222,5.988023951737244e-11,5.988023951737244e-11,0.9932183623313904,1
forged__28645,28645,/kaggle/input/competitions/recodai-luc-scientific-image-forgery-detection/train_images/forged/28645.png,forged,1,13756,0.0932888454861111,Q2,9570,0.06490071614583333,0.4806653519699877,0.3163656884914426,0.9847927093505859,1
forged__28878,28878,/kaggle/input/competitions/recodai-luc-scientific-image-forgery-detection/train_images/forged/28878.png,forged,1,3973,0.026943630642361112,Q3,955,0.006476508246527778,0.3798701298827137,0.23446893789492812,0.969723641872406,1
forged__28928,28928,/kaggle/input/competitions/recodai-luc-scientific-image-forgery-detection/train_images/forged/28928.png,forged,1,843,0.005716959635416667,Q3,123,0.0008341471354166666,0.25258799179579833,0.14454976313453202,0.9933478236198425,1
forged__28965,28965,/kaggle/input/competitions/recodai-luc-scientific-image-forgery-detection/train_images/forged/28965.png,forged,1,5248,0.035590277777777776,Q2,4495,0.030483669704861112,0.6104895822681875,0.4393558871407984,0.9981447458267212,1
forged__29058,29058,/kaggle/input/competitions/recodai-luc-scientific-image-forgery-detection/train_images/forged/29058.png,forged,1,1237,0.008388943142361112,Q2,0,0.0,8.084074372830713e-11,8.084074372830713e-11,0.771918773651123,1
forged__29129,29129,/kaggle/input/competitions/recodai-luc-scientific-image-forgery-detection/train_images/forged/29129.png,forged,1,6017,0.04080539279513889,Q2,8000,0.054253472222222224,0.7015766569187303,0.5403296703347216,0.9992669224739075,1
forged__29229,29229,/kaggle/input/competitions/recodai-luc-scientific-image-forgery-detection/train_images/forged/29229.png,forged,1,29012,0.1967502170138889,Q4,31693,0.2149319118923611,0.9532328473767346,0.9106445927234337,0.9998225569725037,1
forged__29464,29464,/kaggle/input/competitions/recodai-luc-scientific-image-forgery-detection/train_images/forged/29464.png,forged,1,665,0.004509819878472222,Q1,603,0.00408935546875,0.5378548896263521,0.36785329025158003,0.9994487166404724,1
forged__29482,29482,/kaggle/input/competitions/recodai-luc-scientific-image-forgery-detection/train_images/forged/29482.png,forged,1,3838,0.026028103298611112,Q4,4442,0.030124240451388888,0.7212560386507094,0.5640347563361535,0.9966408014297485,1
forged__29593,29593,/kaggle/input/competitions/recodai-luc-scientific-image-forgery-detection/train_images/forged/29593.png,forged,1,3637,0.024664984809027776,Q3,0,0.0,2.7495188341284158e-11,2.7495188341284158e-11,0.7510066628456116,1
forged__29663,29663,/kaggle/input/competitions/recodai-luc-scientific-image-forgery-detection/train_images/forged/29663.png,forged,1,1436,0.009738498263888888,Q2,0,0.0,6.963788300350711e-11,6.963788300350711e-11,0.857438325881958,1
forged__29736,29736,/kaggle/input/competitions/recodai-luc-scientific-image-forgery-detection/train_images/forged/29736.png,forged,1,11423,0.07746717664930555,Q4,12777,0.08664957682291667,0.9052892561987385,0.8269666314372115,0.9996809959411621,1
forged__298,298,/kaggle/input/competitions/recodai-luc-scientific-image-forgery-detection/train_images/forged/298.png,forged,1,21806,0.1478814019097222,Q2,46033,0.3121812608506944,0.5945252730736088,0.4230067333723009,0.9985159039497375,1
forged__29935,29935,/kaggle/input/competitions/recodai-luc-scientific-image-forgery-detection/train_images/forged/29935.png,forged,1,17364,0.11775716145833333,Q2,0,0.0,5.759041695428708e-12,5.759041695428708e-12,0.7592755556106567,1
forged__30045,30045,/kaggle/input/competitions/recodai-luc-scientific-image-forgery-detection/train_images/forged/30045.png,forged,1,13668,0.09269205729166667,Q3,12209,0.0827975802951389,0.9332611972024065,0.8748732067825324,0.9916892051696777,1
forged__30217,30217,/kaggle/input/competitions/recodai-luc-scientific-image-forgery-detection/train_images/forged/30217.png,forged,1,16521,0.11204020182291667,Q4,24618,0.16695149739583334,0.7742045261193169,0.6315935591352757,0.9998687505722046,1
forged__30298,30298,/kaggle/input/competitions/recodai-luc-scientific-image-forgery-detection/train_images/forged/30298.png,forged,1,485,0.003289116753472222,Q1,106,0.0007188585069444445,1.6920473770402628e-10,1.6920473770402628e-10,0.9461117386817932,1
forged__30354,30354,/kaggle/input/competitions/recodai-luc-scientific-image-forgery-detection/train_images/forged/30354.png,forged,1,882,0.0059814453125,Q3,441,0.00299072265625,0.5699168556636495,0.39852008463017763,0.9992603659629822,1
forged__30494,30494,/kaggle/input/competitions/recodai-luc-scientific-image-forgery-detection/train_images/forged/30494.png,forged,1,3137,0.021274142795138888,Q4,139,0.0009426540798611111,3.0525030524098745e-11,3.0525030524098745e-11,0.9908350706100464,1
forged__3062,3062,/kaggle/input/competitions/recodai-luc-scientific-image-forgery-detection/train_images/forged/3062.png,forged,1,386,0.002617730034722222,Q1,0,0.0,2.5906735744583743e-10,2.5906735744583743e-10,0.9127695560455322,1
forged__30715,30715,/kaggle/input/competitions/recodai-luc-scientific-image-forgery-detection/train_images/forged/30715.png,forged,1,1055,0.007154676649305556,Q4,553,0.003750271267361111,0.5957711443037456,0.4242692648871329,0.9992485642433167,1
forged__30871,30871,/kaggle/input/competitions/recodai-luc-scientific-image-forgery-detection/train_images/forged/30871.png,forged,1,1740,0.011800130208333334,Q2,3718,0.025214301215277776,0.3473799926832653,0.21019955655853215,0.9982085227966309,1
forged__30917,30917,/kaggle/input/competitions/recodai-luc-scientific-image-forgery-detection/train_images/forged/30917.png,forged,1,5089,0.03451199001736111,Q3,172,0.0011664496527777778,1.900779319484874e-11,1.900779319484874e-11,0.9062468409538269,1
forged__31077,31077,/kaggle/input/competitions/recodai-luc-scientific-image-forgery-detection/train_images/forged/31077.png,forged,1,1589,0.010776095920138888,Q1,911,0.006178114149305556,0.48000000002080007,0.3157894737202216,0.9925745725631714,1
forged__3110,3110,/kaggle/input/competitions/recodai-luc-scientific-image-forgery-detection/train_images/forged/3110.png,forged,1,12261,0.08315022786458333,Q3,15766,0.10692003038194445,0.8691618796165513,0.7685997349670689,0.9976321458816528,1
forged__31218,31218,/kaggle/input/competitions/recodai-luc-scientific-image-forgery-detection/train_images/forged/31218.png,forged,1,732,0.004964192708333333,Q1,0,0.0,1.3661202183926066e-10,1.3661202183926066e-10,0.8633915781974792,1
forged__31262,31262,/kaggle/input/competitions/recodai-luc-scientific-image-forgery-detection/train_images/forged/31262.png,forged,1,891,0.00604248046875,Q3,213,0.0014444986979166667,0.3713768116511434,0.22803114580333358,0.9897123575210571,1
forged__31336,31336,/kaggle/input/competitions/recodai-luc-scientific-image-forgery-detection/train_images/forged/31336.png,forged,1,1194,0.008097330729166666,Q4,737,0.004998101128472222,0.5758674262260037,0.40436363640695533,0.9974676370620728,1
forged__31468,31468,/kaggle/input/competitions/recodai-luc-scientific-image-forgery-detection/train_images/forged/31468.png,forged,1,10059,0.06821695963541667,Q4,19531,0.1324530707465278,0.663399797229931,0.4963337547433814,0.9998133778572083,1
forged__31725,31725,/kaggle/input/competitions/recodai-luc-scientific-image-forgery-detection/train_images/forged/31725.png,forged,1,3415,0.023159450954861112,Q2,6890,0.04672580295138889,0.6317321688536464,0.46170212766720986,0.996788501739502,1
forged__31834,31834,/kaggle/input/competitions/recodai-luc-scientific-image-forgery-detection/train_images/forged/31834.png,forged,1,5391,0.03656005859375,Q2,12028,0.0815700954861111,0.5959010276158454,0.4244010139878616,0.9997915625572205,1
forged__31942,31942,/kaggle/input/competitions/recodai-luc-scientific-image-forgery-detection/train_images/forged/31942.png,forged,1,1590,0.010782877604166666,Q1,840,0.005696614583333333,0.6477366255288998,0.47900182595989027,0.9969145059585571,1
forged__32013,32013,/kaggle/input/competitions/recodai-luc-scientific-image-forgery-detection/train_images/forged/32013.png,forged,1,910,0.006171332465277778,Q1,791,0.005364312065972222,0.47266313936080756,0.30946882222405936,0.9738490581512451,1
forged__32139,32139,/kaggle/input/competitions/recodai-luc-scientific-image-forgery-detection/train_images/forged/32139.png,forged,1,15512,0.1051974826388889,Q3,13371,0.09067789713541667,0.6570647093457845,0.4892750335181537,0.9991903901100159,1
forged__32201,32201,/kaggle/input/competitions/recodai-luc-scientific-image-forgery-detection/train_images/forged/32201.png,forged,1,9095,0.06167941623263889,Q3,4610,0.03126356336805555,0.5320685881099447,0.3624614772903622,0.9933870434761047,1
forged__3228,3228,/kaggle/input/competitions/recodai-luc-scientific-image-forgery-detection/train_images/forged/3228.png,forged,1,10626,0.07206217447916667,Q4,16827,0.11411539713541667,0.7599898007512477,0.6128899594641156,0.9998679161071777,1
forged__32398,32398,/kaggle/input/competitions/recodai-luc-scientific-image-forgery-detection/train_images/forged/32398.png,forged,1,11726,0.07952202690972222,Q4,13984,0.09483506944444445,0.8132244262939976,0.6852385946533479,0.9983111619949341,1
forged__32535,32535,/kaggle/input/competitions/recodai-luc-scientific-image-forgery-detection/train_images/forged/32535.png,forged,1,3505,0.023769802517361112,Q2,3045,0.020650227864583332,0.4042748091694004,0.2533486414226302,0.9963387250900269,1
forged__32722,32722,/kaggle/input/competitions/recodai-luc-scientific-image-forgery-detection/train_images/forged/32722.png,forged,1,3916,0.026557074652777776,Q3,1211,0.008212619357638888,1.95045835767602e-11,1.95045835767602e-11,0.9249444603919983,1
forged__32884,32884,/kaggle/input/competitions/recodai-luc-scientific-image-forgery-detection/train_images/forged/32884.png,forged,1,2666,0.018079969618055556,Q1,1948,0.013210720486111112,0.526224534037143,0.35705882354832186,0.9990328550338745,1
forged__32973,32973,/kaggle/input/competitions/recodai-luc-scientific-image-forgery-detection/train_images/forged/32973.png,forged,1,52224,0.3541666666666667,Q3,97423,0.6606920030381944,0.6910529445964897,0.5279456810296835,0.9997549653053284,1
forged__33053,33053,/kaggle/input/competitions/recodai-luc-scientific-image-forgery-detection/train_images/forged/33053.png,forged,1,21996,0.149169921875,Q3,27063,0.18353271484375,0.7421268268824434,0.5899854156551937,0.9995822310447693,1
forged__33127,33127,/kaggle/input/competitions/recodai-luc-scientific-image-forgery-detection/train_images/forged/33127.png,forged,1,4468,0.030300564236111112,Q3,0,0.0,2.238137869242656e-11,2.238137869242656e-11,0.795663058757782,1
forged__33235,33235,/kaggle/input/competitions/recodai-luc-scientific-image-forgery-detection/train_images/forged/33235.png,forged,1,1592,0.010796440972222222,Q3,361,0.002448187934027778,5.1203277007106845e-11,5.1203277007106845e-11,0.923785924911499,1
forged__33295,33295,/kaggle/input/competitions/recodai-luc-scientific-image-forgery-detection/train_images/forged/33295.png,forged,1,12636,0.085693359375,Q3,10406,0.07057020399305555,0.548389896712315,0.3777804353062797,0.9978819489479065,1
forged__33343,33343,/kaggle/input/competitions/recodai-luc-scientific-image-forgery-detection/train_images/forged/33343.png,forged,1,11633,0.0788913302951389,Q4,11716,0.07945421006944445,0.8922866075639544,0.8055211877528184,0.9995824694633484,1
forged__33580,33580,/kaggle/input/competitions/recodai-luc-scientific-image-forgery-detection/train_images/forged/33580.png,forged,1,58138,0.3942735460069444,Q3,68098,0.4618191189236111,0.7212681010173633,0.5640495099805924,0.9994939565658569,1
forged__33686,33686,/kaggle/input/competitions/recodai-luc-scientific-image-forgery-detection/train_images/forged/33686.png,forged,1,15020,0.10186089409722222,Q4,32009,0.2170749240451389,0.6257415637168008,0.45533034194815003,0.9994670748710632,1
forged__33778,33778,/kaggle/input/competitions/recodai-luc-scientific-image-forgery-detection/train_images/forged/33778.png,forged,1,1311,0.008890787760416666,Q3,0,0.0,7.627765064254175e-11,7.627765064254175e-11,0.9812809824943542,1
forged__339,339,/kaggle/input/competitions/recodai-luc-scientific-image-forgery-detection/train_images/forged/339.png,forged,1,46101,0.3126424153645833,Q4,82577,0.5600111219618056,0.7068185703852199,0.5465733996784373,0.9996911287307739,1
forged__33985,33985,/kaggle/input/competitions/recodai-luc-scientific-image-forgery-detection/train_images/forged/33985.png,forged,1,25329,0.17177327473958334,Q4,25172,0.1707085503472222,0.8642205104852098,0.7609051919531333,0.9997205138206482,1
forged__34036,34036,/kaggle/input/competitions/recodai-luc-scientific-image-forgery-detection/train_images/forged/34036.png,forged,1,14719,0.0998196072048611,Q3,24462,0.1658935546875,0.7224930450990978,0.5655492068583308,0.9916033148765564,1
forged__34211,34211,/kaggle/input/competitions/recodai-luc-scientific-image-forgery-detection/train_images/forged/34211.png,forged,1,17850,0.12105305989583333,Q2,11371,0.0771145290798611,0.6691762773359257,0.5028286360856674,0.9891567230224609,1
forged__34306,34306,/kaggle/input/competitions/recodai-luc-scientific-image-forgery-detection/train_images/forged/34306.png,forged,1,14108,0.0956759982638889,Q2,15501,0.10512288411458333,0.9332297612214758,0.8748179573236572,0.9997875094413757,1
forged__34415,34415,/kaggle/input/competitions/recodai-luc-scientific-image-forgery-detection/train_images/forged/34415.png,forged,1,21503,0.14582655164930555,Q4,27278,0.1849907769097222,0.866607900617317,0.7646143828687433,0.9997209906578064,1
forged__34597,34597,/kaggle/input/competitions/recodai-luc-scientific-image-forgery-detection/train_images/forged/34597.png,forged,1,12421,0.08423529730902778,Q4,20990,0.14234754774305555,0.4729580078433062,0.3097216777761281,0.9994571805000305,1
forged__34824,34824,/kaggle/input/competitions/recodai-luc-scientific-image-forgery-detection/train_images/forged/34824.png,forged,1,1076,0.007297092013888889,Q3,413,0.002800835503472222,0.4942914708197252,0.3282783229858806,0.9967280626296997,1
forged__34873,34873,/kaggle/input/competitions/recodai-luc-scientific-image-forgery-detection/train_images/forged/34873.png,forged,1,8370,0.0567626953125,Q4,21832,0.14805772569444445,0.48890801933816,0.32354616767025923,0.9999803304672241,1
forged__35018,35018,/kaggle/input/competitions/recodai-luc-scientific-image-forgery-detection/train_images/forged/35018.png,forged,1,752,0.005099826388888889,Q3,192,0.0013020833333333333,0.35381355939048587,0.21492921503025364,0.9968589544296265,1
forged__35069,35069,/kaggle/input/competitions/recodai-luc-scientific-image-forgery-detection/train_images/forged/35069.png,forged,1,6334,0.04295518663194445,Q2,7381,0.050055609809027776,7.291286912086829e-12,7.291286912086829e-12,0.9975895881652832,1
forged__35127,35127,/kaggle/input/competitions/recodai-luc-scientific-image-forgery-detection/train_images/forged/35127.png,forged,1,20510,0.1390923394097222,Q2,28946,0.19630262586805555,0.6759139437081934,0.5104758414284085,0.9819862842559814,1
forged__35222,35222,/kaggle/input/competitions/recodai-luc-scientific-image-forgery-detection/train_images/forged/35222.png,forged,1,33810,0.22928873697916666,Q3,53706,0.3642171223958333,0.7530965766262705,0.6039734613841062,0.9992852807044983,1
forged__35378,35378,/kaggle/input/competitions/recodai-luc-scientific-image-forgery-detection/train_images/forged/35378.png,forged,1,953,0.006462944878472222,Q1,0,0.0,1.0493179432267242e-10,1.0493179432267242e-10,0.7418201565742493,1
forged__35471,35471,/kaggle/input/competitions/recodai-luc-scientific-image-forgery-detection/train_images/forged/35471.png,forged,1,186,0.0012613932291666667,Q1,0,0.0,5.376344083130998e-10,5.376344083130998e-10,0.9684913158416748,1
forged__35586,35586,/kaggle/input/competitions/recodai-luc-scientific-image-forgery-detection/train_images/forged/35586.png,forged,1,21044,0.14271375868055555,Q4,34868,0.23646375868055555,0.7171626842185628,0.5590441402014359,0.9983325600624084,1
forged__35715,35715,/kaggle/input/competitions/recodai-luc-scientific-image-forgery-detection/train_images/forged/35715.png,forged,1,344,0.0023328993055555555,Q1,0,0.0,2.9069767433409947e-10,2.9069767433409947e-10,0.6609653234481812,1
forged__35744,35744,/kaggle/input/competitions/recodai-luc-scientific-image-forgery-detection/train_images/forged/35744.png,forged,1,11858,0.0804172092013889,Q4,14266,0.09674750434027778,0.8941969070590484,0.8086402658556588,0.9994878768920898,1
forged__35829,35829,/kaggle/input/competitions/recodai-luc-scientific-image-forgery-detection/train_images/forged/35829.png,forged,1,6728,0.04562717013888889,Q2,8050,0.05459255642361111,0.4457978075555163,0.28683385580558307,0.9994298815727234,1
forged__35885,35885,/kaggle/input/competitions/recodai-luc-scientific-image-forgery-detection/train_images/forged/35885.png,forged,1,2677,0.018154568142361112,Q1,1804,0.012234157986111112,0.5445213122172613,0.37411836861778236,0.9990805387496948,1
forged__36010,36010,/kaggle/input/competitions/recodai-luc-scientific-image-forgery-detection/train_images/forged/36010.png,forged,1,299,0.0020277235243055555,Q1,0,0.0,3.3444816042326143e-10,3.3444816042326143e-10,0.8291723132133484,1
forged__36190,36190,/kaggle/input/competitions/recodai-luc-scientific-image-forgery-detection/train_images/forged/36190.png,forged,1,2041,0.013841417100694444,Q2,0,0.0,4.899559039446371e-11,4.899559039446371e-11,0.7127760052680969,1
forged__36295,36295,/kaggle/input/competitions/recodai-luc-scientific-image-forgery-detection/train_images/forged/36295.png,forged,1,8689,0.05892605251736111,Q4,15976,0.10834418402777778,0.6546117980958661,0.4865597878526605,0.9998732805252075,1
forged__36390,36390,/kaggle/input/competitions/recodai-luc-scientific-image-forgery-detection/train_images/forged/36390.png,forged,1,1562,0.010592990451388888,Q2,1741,0.011806911892361112,0.725401150477584,0.5691211401629872,0.9984190464019775,1
forged__36453,36453,/kaggle/input/competitions/recodai-luc-scientific-image-forgery-detection/train_images/forged/36453.png,forged,1,1840,0.012478298611111112,Q1,1289,0.008741590711805556,0.52412911474835,0.35513209184256683,0.9986432194709778,1
forged__36597,36597,/kaggle/input/competitions/recodai-luc-scientific-image-forgery-detection/train_images/forged/36597.png,forged,1,1841,0.012485080295138888,Q2,2448,0.0166015625,0.4457915598170718,0.2868286828896841,0.9995676875114441,1
forged__36707,36707,/kaggle/input/competitions/recodai-luc-scientific-image-forgery-detection/train_images/forged/36707.png,forged,1,1703,0.011549207899305556,Q4,1692,0.011474609375,0.65684830634295,0.48903508774170906,0.9976182579994202,1
forged__36746,36746,/kaggle/input/competitions/recodai-luc-scientific-image-forgery-detection/train_images/forged/36746.png,forged,1,14724,0.099853515625,Q3,23802,0.16141764322916666,0.5045942999545642,0.3374297021476865,0.9993675351142883,1
forged__36949,36949,/kaggle/input/competitions/recodai-luc-scientific-image-forgery-detection/train_images/forged/36949.png,forged,1,9298,0.06305609809027778,Q2,7096,0.04812282986111111,0.7395388556804957,0.586720867212672,0.9994914531707764,1
forged__37076,37076,/kaggle/input/competitions/recodai-luc-scientific-image-forgery-detection/train_images/forged/37076.png,forged,1,1093,0.007412380642361111,Q1,549,0.00372314453125,0.6004872107429666,0.42906875548920204,0.9985670447349548,1
forged__37149,37149,/kaggle/input/competitions/recodai-luc-scientific-image-forgery-detection/train_images/forged/37149.png,forged,1,945,0.00640869140625,Q2,0,0.0,1.0582010580890793e-10,1.0582010580890793e-10,0.5403388738632202,0
forged__37280,37280,/kaggle/input/competitions/recodai-luc-scientific-image-forgery-detection/train_images/forged/37280.png,forged,1,2531,0.017164442274305556,Q2,0,0.0,3.9510075067581586e-11,3.9510075067581586e-11,0.8528128862380981,1
forged__37400,37400,/kaggle/input/competitions/recodai-luc-scientific-image-forgery-detection/train_images/forged/37400.png,forged,1,2149,0.014573838975694444,Q2,0,0.0,4.6533271286806273e-11,4.6533271286806273e-11,0.8801965713500977,1
forged__37451,37451,/kaggle/input/competitions/recodai-luc-scientific-image-forgery-detection/train_images/forged/37451.png,forged,1,1557,0.01055908203125,Q3,488,0.0033094618055555555,0.01173594136861927,0.00590260703364965,0.9937594532966614,1
forged__3751,3751,/kaggle/input/competitions/recodai-luc-scientific-image-forgery-detection/train_images/forged/3751.png,forged,1,1595,0.010816786024305556,Q1,667,0.004523383246527778,0.5809018567824535,0.40934579442932423,0.998340368270874,1
forged__37586,37586,/kaggle/input/competitions/recodai-luc-scientific-image-forgery-detection/train_images/forged/37586.png,forged,1,2920,0.019802517361111112,Q3,0,0.0,3.424657534129292e-11,3.424657534129292e-11,0.2682010531425476,0
forged__37735,37735,/kaggle/input/competitions/recodai-luc-scientific-image-forgery-detection/train_images/forged/37735.png,forged,1,3297,0.022359212239583332,Q4,4906,0.033270941840277776,0.7326587833751961,0.578106964225123,0.9975893497467041,1
forged__37817,37817,/kaggle/input/competitions/recodai-luc-scientific-image-forgery-detection/train_images/forged/37817.png,forged,1,3211,0.021775987413194444,Q2,630,0.0042724609375,0.23327258528421577,0.13203654585523028,0.9492431879043579,1
forged__37856,37856,/kaggle/input/competitions/recodai-luc-scientific-image-forgery-detection/train_images/forged/37856.png,forged,1,9522,0.0645751953125,Q2,9101,0.06172010633680555,5.369704129273641e-12,5.369704129273641e-12,0.9780294895172119,1
forged__37903,37903,/kaggle/input/competitions/recodai-luc-scientific-image-forgery-detection/train_images/forged/37903.png,forged,1,2504,0.016981336805555556,Q1,1248,0.008463541666666666,0.5852878464929294,0.4137151469700937,0.998798131942749,1
forged__37942,37942,/kaggle/input/competitions/recodai-luc-scientific-image-forgery-detection/train_images/forged/37942.png,forged,1,17473,0.1184963650173611,Q4,27794,0.18849012586805555,0.7609516866596837,0.6141420624746322,0.999329686164856,1
forged__38034,38034,/kaggle/input/competitions/recodai-luc-scientific-image-forgery-detection/train_images/forged/38034.png,forged,1,413,0.002800835503472222,Q1,0,0.0,2.4213075054669954e-10,2.4213075054669954e-10,0.6243758201599121,1
forged__38136,38136,/kaggle/input/competitions/recodai-luc-scientific-image-forgery-detection/train_images/forged/38136.png,forged,1,1389,0.009419759114583334,Q4,695,0.004713270399305556,0.6477927063508737,0.4790631654024795,0.9995588660240173,1
forged__38256,38256,/kaggle/input/competitions/recodai-luc-scientific-image-forgery-detection/train_images/forged/38256.png,forged,1,8431,0.05717637803819445,Q3,247,0.001675075954861111,1.1523392486615308e-11,1.1523392486615308e-11,0.9348547458648682,1
forged__38294,38294,/kaggle/input/competitions/recodai-luc-scientific-image-forgery-detection/train_images/forged/38294.png,forged,1,10454,0.0708957248263889,Q4,0,0.0,9.565716472072261e-12,9.565716472072261e-12,0.24552571773529053,0
forged__38456,38456,/kaggle/input/competitions/recodai-luc-scientific-image-forgery-detection/train_images/forged/38456.png,forged,1,796,0.005398220486111111,Q3,601,0.004075792100694444,0.6886184681683164,0.5251091703575209,0.9973835349082947,1
forged__38486,38486,/kaggle/input/competitions/recodai-luc-scientific-image-forgery-detection/train_images/forged/38486.png,forged,1,336,0.0022786458333333335,Q2,0,0.0,2.976190475304705e-10,2.976190475304705e-10,0.7149609327316284,1
forged__38548,38548,/kaggle/input/competitions/recodai-luc-scientific-image-forgery-detection/train_images/forged/38548.png,forged,1,251,0.0017022026909722222,Q1,0,0.0,3.984063743432644e-10,3.984063743432644e-10,0.47272366285324097,0
forged__38633,38633,/kaggle/input/competitions/recodai-luc-scientific-image-forgery-detection/train_images/forged/38633.png,forged,1,334,0.002265082465277778,Q2,110,0.0007459852430555555,0.42792792805677293,0.27220630393346523,0.9969035983085632,1
forged__38699,38699,/kaggle/input/competitions/recodai-luc-scientific-image-forgery-detection/train_images/forged/38699.png,forged,1,669,0.004536946614583333,Q1,371,0.0025160047743055555,0.6269230769589497,0.45658263312933023,0.9986494183540344,1
forged__38913,38913,/kaggle/input/competitions/recodai-luc-scientific-image-forgery-detection/train_images/forged/38913.png,forged,1,10913,0.0740085177951389,Q4,12490,0.08470323350694445,0.3696961927984887,0.22676521466044572,0.9995519518852234,1
forged__38996,38996,/kaggle/input/competitions/recodai-luc-scientific-image-forgery-detection/train_images/forged/38996.png,forged,1,1024,0.006944444444444444,Q1,0,0.0,9.765624999046325e-11,9.765624999046325e-11,0.759554386138916,1
forged__39099,39099,/kaggle/input/competitions/recodai-luc-scientific-image-forgery-detection/train_images/forged/39099.png,forged,1,598,0.004055447048611111,Q1,254,0.0017225477430555555,0.5563380282210871,0.3853658537584771,0.9917883276939392,1
forged__39299,39299,/kaggle/input/competitions/recodai-luc-scientific-image-forgery-detection/train_images/forged/39299.png,forged,1,11954,0.08106825086805555,Q2,4296,0.029134114583333332,6.153846153808284e-12,6.153846153808284e-12,0.9152709245681763,1
forged__39366,39366,/kaggle/input/competitions/recodai-luc-scientific-image-forgery-detection/train_images/forged/39366.png,forged,1,6516,0.044189453125,Q3,0,0.0,1.5346838551022915e-11,1.5346838551022915e-11,0.7674911618232727,1
forged__39549,39549,/kaggle/input/competitions/recodai-luc-scientific-image-forgery-detection/train_images/forged/39549.png,forged,1,588,0.003987630208333333,Q1,377,0.002556694878472222,1.036269429944428e-10,1.036269429944428e-10,0.9879683256149292,1
forged__39625,39625,/kaggle/input/competitions/recodai-luc-scientific-image-forgery-detection/train_images/forged/39625.png,forged,1,1156,0.007839626736111112,Q1,691,0.004686143663194444,0.5284244721424783,0.3590875644327382,0.9957563281059265,1
forged__39737,39737,/kaggle/input/competitions/recodai-luc-scientific-image-forgery-detection/train_images/forged/39737.png,forged,1,10754,0.07293023003472222,Q4,14791,0.1003078884548611,0.8075161479749168,0.6771715580088165,0.9998749494552612,1
forged__39875,39875,/kaggle/input/competitions/recodai-luc-scientific-image-forgery-detection/train_images/forged/39875.png,forged,1,7217,0.048943413628472224,Q1,12747,0.08644612630208333,0.47064716489946584,0.30774269619214106,0.9898462891578674,1
forged__39944,39944,/kaggle/input/competitions/recodai-luc-scientific-image-forgery-detection/train_images/forged/39944.png,forged,1,19808,0.1343315972222222,Q4,38002,0.2577175564236111,0.6761459955030684,0.5107406052383037,0.9997444748878479,1
forged__40033,40033,/kaggle/input/competitions/recodai-luc-scientific-image-forgery-detection/train_images/forged/40033.png,forged,1,7772,0.05270724826388889,Q4,11329,0.07682969835069445,0.7700120412555886,0.6260321784317184,0.9962801337242126,1
forged__4022,4022,/kaggle/input/competitions/recodai-luc-scientific-image-forgery-detection/train_images/forged/4022.png,forged,1,1955,0.013258192274305556,Q1,3214,0.021796332465277776,0.26658928227381334,0.15379464287603137,0.9991984963417053,1
forged__40298,40298,/kaggle/input/competitions/recodai-luc-scientific-image-forgery-detection/train_images/forged/40298.png,forged,1,1006,0.006822374131944444,Q1,0,0.0,9.940357851894596e-11,9.940357851894596e-11,0.20634125173091888,0
forged__40349,40349,/kaggle/input/competitions/recodai-luc-scientific-image-forgery-detection/train_images/forged/40349.png,forged,1,521,0.003533257378472222,Q1,0,0.0,1.9193857961767013e-10,1.9193857961767013e-10,0.8439353108406067,1
forged__40373,40373,/kaggle/input/competitions/recodai-luc-scientific-image-forgery-detection/train_images/forged/40373.png,forged,1,34712,0.2354058159722222,Q4,38475,0.26092529296875,0.9448126033312682,0.8953979229795784,0.99925297498703,1
forged__4045,4045,/kaggle/input/competitions/recodai-luc-scientific-image-forgery-detection/train_images/forged/4045.png,forged,1,923,0.006259494357638889,Q1,735,0.004984537760416667,0.46682750304783904,0.3044846578045252,0.99552321434021,1
forged__40519,40519,/kaggle/input/competitions/recodai-luc-scientific-image-forgery-detection/train_images/forged/40519.png,forged,1,679,0.004604763454861111,Q1,359,0.002434624565972222,0.6281310212304304,0.45786516861546844,0.9991304278373718,1
forged__40582,40582,/kaggle/input/competitions/recodai-luc-scientific-image-forgery-detection/train_images/forged/40582.png,forged,1,713,0.004835340711805556,Q2,0,0.0,1.4025245439828156e-10,1.4025245439828156e-10,0.8591936826705933,1
forged__40728,40728,/kaggle/input/competitions/recodai-luc-scientific-image-forgery-detection/train_images/forged/40728.png,forged,1,487,0.003302680121527778,Q2,0,0.0,2.0533880899274355e-10,2.0533880899274355e-10,0.9920335412025452,1
forged__40828,40828,/kaggle/input/competitions/recodai-luc-scientific-image-forgery-detection/train_images/forged/40828.png,forged,1,7073,0.047966851128472224,Q4,12477,0.08461507161458333,0.7110997442470021,0.5517104532141304,0.9998385906219482,1
forged__40919,40919,/kaggle/input/competitions/recodai-luc-scientific-image-forgery-detection/train_images/forged/40919.png,forged,1,12041,0.08165825737847222,Q4,12289,0.0833401150173611,0.9607069461571693,0.9243850351979405,0.9998655319213867,1
forged__40974,40974,/kaggle/input/competitions/recodai-luc-scientific-image-forgery-detection/train_images/forged/40974.png,forged,1,649,0.004401312934027778,Q2,0,0.0,1.5408320490692091e-10,1.5408320490692091e-10,0.8007284998893738,1
forged__41024,41024,/kaggle/input/competitions/recodai-luc-scientific-image-forgery-detection/train_images/forged/41024.png,forged,1,7002,0.0474853515625,Q4,8914,0.06045193142361111,0.8693138979651337,0.7688375194513354,0.9995689988136292,1
forged__41080,41080,/kaggle/input/competitions/recodai-luc-scientific-image-forgery-detection/train_images/forged/41080.png,forged,1,10186,0.06907823350694445,Q4,11964,0.08113606770833333,0.8486681715582453,0.7371186573622687,0.999377965927124,1
forged__41171,41171,/kaggle/input/competitions/recodai-luc-scientific-image-forgery-detection/train_images/forged/41171.png,forged,1,7884,0.053466796875,Q3,9898,0.06712510850694445,0.5117534585563392,0.3438633615527217,0.9995248317718506,1
forged__41255,41255,/kaggle/input/competitions/recodai-luc-scientific-image-forgery-detection/train_images/forged/41255.png,forged,1,1292,0.008761935763888888,Q3,0,0.0,7.739938079896289e-11,7.739938079896289e-11,0.501234769821167,0
forged__414,414,/kaggle/input/competitions/recodai-luc-scientific-image-forgery-detection/train_images/forged/414.png,forged,1,16816,0.1140407986111111,Q3,46033,0.3121812608506944,0.5185444478042315,0.35002362847585594,0.9993557333946228,1
forged__41517,41517,/kaggle/input/competitions/recodai-luc-scientific-image-forgery-detection/train_images/forged/41517.png,forged,1,13515,0.09165445963541667,Q4,20433,0.13857014973958334,0.7869093908336665,0.648681462776705,0.9997199177742004,1
forged__41600,41600,/kaggle/input/competitions/recodai-luc-scientific-image-forgery-detection/train_images/forged/41600.png,forged,1,2592,0.017578125,Q2,5270,0.03573947482638889,1.2719409819222598e-11,1.2719409819222598e-11,0.965164303779602,1
forged__41697,41697,/kaggle/input/competitions/recodai-luc-scientific-image-forgery-detection/train_images/forged/41697.png,forged,1,2282,0.015475802951388888,Q4,1195,0.008104112413194444,0.6269772792744613,0.45664013408225224,0.9986978769302368,1
forged__41830,41830,/kaggle/input/competitions/recodai-luc-scientific-image-forgery-detection/train_images/forged/41830.png,forged,1,6181,0.04191758897569445,Q4,14216,0.0964084201388889,0.5464529097438523,0.37594441446724264,0.9986225366592407,1
forged__41895,41895,/kaggle/input/competitions/recodai-luc-scientific-image-forgery-detection/train_images/forged/41895.png,forged,1,211,0.001430935329861111,Q2,0,0.0,4.739336490644864e-10,4.739336490644864e-10,0.997852087020874,1
forged__42035,42035,/kaggle/input/competitions/recodai-luc-scientific-image-forgery-detection/train_images/forged/42035.png,forged,1,6984,0.04736328125,Q4,7431,0.050394694010416664,0.9269510926123694,0.8638479441445067,0.9996683597564697,1
forged__42121,42121,/kaggle/input/competitions/recodai-luc-scientific-image-forgery-detection/train_images/forged/42121.png,forged,1,794,0.005384657118055556,Q3,0,0.0,1.259445843670095e-10,1.259445843670095e-10,0.6792252063751221,1
forged__4222,4222,/kaggle/input/competitions/recodai-luc-scientific-image-forgery-detection/train_images/forged/4222.png,forged,1,27578,0.18702528211805555,Q4,29512,0.2001410590277778,0.9582764056753227,0.919895076675007,0.9972865581512451,1
forged__42289,42289,/kaggle/input/competitions/recodai-luc-scientific-image-forgery-detection/train_images/forged/42289.png,forged,1,964,0.006537543402777778,Q1,0,0.0,1.0373443982326406e-10,1.0373443982326406e-10,0.83564293384552,1
forged__42385,42385,/kaggle/input/competitions/recodai-luc-scientific-image-forgery-detection/train_images/forged/42385.png,forged,1,11624,0.0788302951388889,Q3,23169,0.15712483723958334,0.6635242721246701,0.4964731182817356,0.9992165565490723,1
forged__42461,42461,/kaggle/input/competitions/recodai-luc-scientific-image-forgery-detection/train_images/forged/42461.png,forged,1,10968,0.07438151041666667,Q2,35837,0.2430352105034722,0.45029377203407694,0.2905671822888837,0.9964097142219543,1
forged__42632,42632,/kaggle/input/competitions/recodai-luc-scientific-image-forgery-detection/train_images/forged/42632.png,forged,1,15062,0.1021457248263889,Q4,16396,0.11119249131944445,0.946086845953506,0.8976895698866038,0.9992085099220276,1
forged__42742,42742,/kaggle/input/competitions/recodai-luc-scientific-image-forgery-detection/train_images/forged/42742.png,forged,1,1031,0.006991916232638889,Q1,549,0.00372314453125,0.6025316455947765,0.4311594203413805,0.9973836541175842,1
forged__42832,42832,/kaggle/input/competitions/recodai-luc-scientific-image-forgery-detection/train_images/forged/42832.png,forged,1,1106,0.007500542534722222,Q1,0,0.0,9.041591319254828e-11,9.041591319254828e-11,0.8662350177764893,1
forged__43085,43085,/kaggle/input/competitions/recodai-luc-scientific-image-forgery-detection/train_images/forged/43085.png,forged,1,9251,0.06273735894097222,Q4,17896,0.1213650173611111,0.66570891811373,0.49892330628071935,0.9998183846473694,1
forged__43142,43142,/kaggle/input/competitions/recodai-luc-scientific-image-forgery-detection/train_images/forged/43142.png,forged,1,4725,0.03204345703125,Q2,7177,0.04867214626736111,0.41388002016960274,0.26093865876405403,0.9992334842681885,1
forged__4321,4321,/kaggle/input/competitions/recodai-luc-scientific-image-forgery-detection/train_images/forged/4321.png,forged,1,15304,0.1037868923611111,Q4,29438,0.1996392144097222,0.6494121854194059,0.4808366982210868,0.9996167421340942,1
forged__43285,43285,/kaggle/input/competitions/recodai-luc-scientific-image-forgery-detection/train_images/forged/43285.png,forged,1,8712,0.05908203125,Q2,5321,0.03608534071180555,0.7257179505470982,0.5695112403582427,0.999842643737793,1
forged__43368,43368,/kaggle/input/competitions/recodai-luc-scientific-image-forgery-detection/train_images/forged/43368.png,forged,1,801,0.00543212890625,Q1,2665,0.018073187934027776,0.22100403926079043,0.12422964647667112,0.998482882976532,1
forged__43610,43610,/kaggle/input/competitions/recodai-luc-scientific-image-forgery-detection/train_images/forged/43610.png,forged,1,432,0.0029296875,Q2,0,0.0,2.3148148142789777e-10,2.3148148142789777e-10,0.9958147406578064,1
forged__4371,4371,/kaggle/input/competitions/recodai-luc-scientific-image-forgery-detection/train_images/forged/4371.png,forged,1,24558,0.16654459635416666,Q4,3985,0.027025010850694444,0.20081981571943797,0.1116174007901561,0.9935446977615356,1
forged__43810,43810,/kaggle/input/competitions/recodai-luc-scientific-image-forgery-detection/train_images/forged/43810.png,forged,1,1260,0.008544921875,Q3,1413,0.00958251953125,0.7085671530225004,0.54866743919185,0.9979848861694336,1
forged__43915,43915,/kaggle/input/competitions/recodai-luc-scientific-image-forgery-detection/train_images/forged/43915.png,forged,1,3012,0.020426432291666668,Q1,0,0.0,3.320053120739706e-11,3.320053120739706e-11,0.7888018488883972,1
forged__44020,44020,/kaggle/input/competitions/recodai-luc-scientific-image-forgery-detection/train_images/forged/44020.png,forged,1,1223,0.008293999565972222,Q1,265,0.001797146267361111,6.72043010707524e-11,6.72043010707524e-11,0.9362449645996094,1
forged__44171,44171,/kaggle/input/competitions/recodai-luc-scientific-image-forgery-detection/train_images/forged/44171.png,forged,1,8137,0.055182562934027776,Q3,6351,0.043070475260416664,6.9022639425255224e-12,6.9022639425255224e-12,0.9636785387992859,1
forged__44236,44236,/kaggle/input/competitions/recodai-luc-scientific-image-forgery-detection/train_images/forged/44236.png,forged,1,12896,0.08745659722222222,Q3,10713,0.07265218098958333,0.4970138506523063,0.33068425206103774,0.998992383480072,1
forged__44311,44311,/kaggle/input/competitions/recodai-luc-scientific-image-forgery-detection/train_images/forged/44311.png,forged,1,487,0.003302680121527778,Q2,0,0.0,2.0533880899274355e-10,2.0533880899274355e-10,0.9040645360946655,1
forged__44420,44420,/kaggle/input/competitions/recodai-luc-scientific-image-forgery-detection/train_images/forged/44420.png,forged,1,3381,0.022928873697916668,Q1,4166,0.028252495659722224,0.5461772889950155,0.3756835581593933,0.9968717694282532,1
forged__44555,44555,/kaggle/input/competitions/recodai-luc-scientific-image-forgery-detection/train_images/forged/44555.png,forged,1,10307,0.06989881727430555,Q3,12263,0.0831637912326389,0.38094816127877296,0.2352908981487861,0.9626730680465698,1
forged__44622,44622,/kaggle/input/competitions/recodai-luc-scientific-image-forgery-detection/train_images/forged/44622.png,forged,1,17954,0.12175835503472222,Q3,23133,0.15688069661458334,0.7699272275907953,0.6259200633176656,0.9990168809890747,1
forged__44666,44666,/kaggle/input/competitions/recodai-luc-scientific-image-forgery-detection/train_images/forged/44666.png,forged,1,27295,0.18510606553819445,Q3,38723,0.2626071506076389,0.6860250234789209,0.5220990016841766,0.9985900521278381,1
forged__44778,44778,/kaggle/input/competitions/recodai-luc-scientific-image-forgery-detection/train_images/forged/44778.png,forged,1,13915,0.09436713324652778,Q2,36028,0.2443305121527778,0.5284023787126757,0.35906716011930156,0.9991716146469116,1
forged__44829,44829,/kaggle/input/competitions/recodai-luc-scientific-image-forgery-detection/train_images/forged/44829.png,forged,1,25440,0.17252604166666666,Q3,108622,0.7366400824652778,0.37948113559444174,0.23417261219863367,0.9996044039726257,1
forged__45004,45004,/kaggle/input/competitions/recodai-luc-scientific-image-forgery-detection/train_images/forged/45004.png,forged,1,1943,0.013176812065972222,Q1,808,0.005479600694444444,0.3991275899891266,0.24931880112400914,0.9959023594856262,1
forged__45133,45133,/kaggle/input/competitions/recodai-luc-scientific-image-forgery-detection/train_images/forged/45133.png,forged,1,1482,0.010050455729166666,Q1,668,0.004530164930555556,0.5693023256014279,0.39791937585189074,0.9985007047653198,1
forged__45182,45182,/kaggle/input/competitions/recodai-luc-scientific-image-forgery-detection/train_images/forged/45182.png,forged,1,4199,0.028476291232638888,Q4,4278,0.029012044270833332,0.9326412645991193,0.8737842617180861,0.9989271759986877,1
forged__45310,45310,/kaggle/input/competitions/recodai-luc-scientific-image-forgery-detection/train_images/forged/45310.png,forged,1,703,0.004767523871527778,Q3,457,0.0030992296006944445,0.5310344827990486,0.36150234749278143,0.9965747594833374,1
forged__45381,45381,/kaggle/input/competitions/recodai-luc-scientific-image-forgery-detection/train_images/forged/45381.png,forged,1,422,0.002861870659722222,Q1,0,0.0,2.3696682458839646e-10,2.3696682458839646e-10,0.5987498760223389,1
forged__45536,45536,/kaggle/input/competitions/recodai-luc-scientific-image-forgery-detection/train_images/forged/45536.png,forged,1,3178,0.021552191840277776,Q2,2070,0.0140380859375,0.4893292683024137,0.3239152371512635,0.982792317867279,1
forged__45620,45620,/kaggle/input/competitions/recodai-luc-scientific-image-forgery-detection/train_images/forged/45620.png,forged,1,12510,0.0848388671875,Q3,20640,0.13997395833333334,0.6656410256420343,0.49884704074015984,0.9995459914207458,1
forged__45767,45767,/kaggle/input/competitions/recodai-luc-scientific-image-forgery-detection/train_images/forged/45767.png,forged,1,6758,0.045830620659722224,Q2,21937,0.1487698025173611,0.45652552709720673,0.2957778279553137,0.9999401569366455,1
forged__45878,45878,/kaggle/input/competitions/recodai-luc-scientific-image-forgery-detection/train_images/forged/45878.png,forged,1,5710,0.03872341579861111,Q3,24235,0.16435411241319445,0.29734513274570934,0.17463617463941222,0.9963842630386353,1
forged__45958,45958,/kaggle/input/competitions/recodai-luc-scientific-image-forgery-detection/train_images/forged/45958.png,forged,1,657,0.00445556640625,Q2,0,0.0,1.5220700149890306e-10,1.5220700149890306e-10,0.4196200668811798,0
forged__46106,46106,/kaggle/input/competitions/recodai-luc-scientific-image-forgery-detection/train_images/forged/46106.png,forged,1,498,0.0033772786458333335,Q1,0,0.0,2.0080321281108367e-10,2.0080321281108367e-10,0.7659081220626831,1
forged__46206,46206,/kaggle/input/competitions/recodai-luc-scientific-image-forgery-detection/train_images/forged/46206.png,forged,1,722,0.004896375868055556,Q2,0,0.0,1.3850415510547035e-10,1.3850415510547035e-10,0.4847913384437561,0
forged__46309,46309,/kaggle/input/competitions/recodai-luc-scientific-image-forgery-detection/train_images/forged/46309.png,forged,1,5756,0.03903537326388889,Q2,14598,0.0989990234375,0.5092856441018508,0.34163865269697685,0.9993608593940735,1
forged__46366,46366,/kaggle/input/competitions/recodai-luc-scientific-image-forgery-detection/train_images/forged/46366.png,forged,1,10727,0.07274712456597222,Q3,9922,0.0672878689236111,0.5573151242212344,0.38630412890643634,0.961742103099823,1
forged__46500,46500,/kaggle/input/competitions/recodai-luc-scientific-image-forgery-detection/train_images/forged/46500.png,forged,1,4347,0.02947998046875,Q3,0,0.0,2.3004370829928585e-11,2.3004370829928585e-11,0.7017130851745605,1
forged__46698,46698,/kaggle/input/competitions/recodai-luc-scientific-image-forgery-detection/train_images/forged/46698.png,forged,1,18159,0.12314860026041667,Q2,37778,0.2561984592013889,0.5568049770285199,0.3858140917664607,0.9987646341323853,1
forged__46849,46849,/kaggle/input/competitions/recodai-luc-scientific-image-forgery-detection/train_images/forged/46849.png,forged,1,5175,0.03509521484375,Q4,2828,0.019178602430555556,0.5572910158745809,0.38628096311473614,0.986743688583374,1
forged__46907,46907,/kaggle/input/competitions/recodai-luc-scientific-image-forgery-detection/train_images/forged/46907.png,forged,1,19858,0.1346706814236111,Q4,18510,0.12552897135416666,0.693233944954928,0.5304958315069189,0.9925578832626343,1
forged__46969,46969,/kaggle/input/competitions/recodai-luc-scientific-image-forgery-detection/train_images/forged/46969.png,forged,1,1266,0.008585611979166666,Q2,625,0.004238552517361111,0.5256478054190561,0.35652797709063644,0.9916165471076965,1
forged__47030,47030,/kaggle/input/competitions/recodai-luc-scientific-image-forgery-detection/train_images/forged/47030.png,forged,1,2655,0.01800537109375,Q2,253,0.0017157660590277778,3.438789545961527e-11,3.438789545961527e-11,0.9173396825790405,1
forged__47069,47069,/kaggle/input/competitions/recodai-luc-scientific-image-forgery-detection/train_images/forged/47069.png,forged,1,9846,0.0667724609375,Q3,13336,0.09044053819444445,0.7583469933579573,0.6107559755446723,0.9989884495735168,1
forged__47151,47151,/kaggle/input/competitions/recodai-luc-scientific-image-forgery-detection/train_images/forged/47151.png,forged,1,158,0.001071506076388889,Q1,0,0.0,6.329113920044864e-10,6.329113920044864e-10,0.9878190755844116,1
forged__47261,47261,/kaggle/input/competitions/recodai-luc-scientific-image-forgery-detection/train_images/forged/47261.png,forged,1,35256,0.23909505208333334,Q3,62640,0.4248046875,0.6097286916731943,0.43856813272481143,0.9980803728103638,1
forged__4740,4740,/kaggle/input/competitions/recodai-luc-scientific-image-forgery-detection/train_images/forged/4740.png,forged,1,10101,0.06850179036458333,Q4,17992,0.12201605902777778,0.5637703342485183,0.3925349459730716,0.9995664954185486,1
forged__47441,47441,/kaggle/input/competitions/recodai-luc-scientific-image-forgery-detection/train_images/forged/47441.png,forged,1,1003,0.006802029079861111,Q1,0,0.0,9.970089729813551e-11,9.970089729813551e-11,0.536083996295929,0
forged__47770,47770,/kaggle/input/competitions/recodai-luc-scientific-image-forgery-detection/train_images/forged/47770.png,forged,1,5763,0.039082845052083336,Q3,3909,0.026509602864583332,0.7593052109206027,0.6120000000064667,0.9966589212417603,1
forged__47916,47916,/kaggle/input/competitions/recodai-luc-scientific-image-forgery-detection/train_images/forged/47916.png,forged,1,20626,0.13987901475694445,Q4,23453,0.1590508355034722,0.9207559155155045,0.8531489111248081,0.9995808005332947,1
forged__48113,48113,/kaggle/input/competitions/recodai-luc-scientific-image-forgery-detection/train_images/forged/48113.png,forged,1,533,0.0036146375868055555,Q1,259,0.0017564561631944445,0.5631313131864734,0.3919156415831431,0.9985504746437073,1
forged__48207,48207,/kaggle/input/competitions/recodai-luc-scientific-image-forgery-detection/train_images/forged/48207.png,forged,1,23144,0.1569552951388889,Q4,54647,0.3705986870659722,0.5341234847224818,0.36437140451914485,0.999702513217926,1
forged__48272,48272,/kaggle/input/competitions/recodai-luc-scientific-image-forgery-detection/train_images/forged/48272.png,forged,1,19843,0.13456895616319445,Q4,33524,0.2273491753472222,0.41939775516813876,0.265340477998707,0.9895954728126526,1
forged__48333,48333,/kaggle/input/competitions/recodai-luc-scientific-image-forgery-detection/train_images/forged/48333.png,forged,1,2226,0.015096028645833334,Q3,320,0.002170138888888889,3.927729772037403e-11,3.927729772037403e-11,0.9981520771980286,1
forged__4845,4845,/kaggle/input/competitions/recodai-luc-scientific-image-forgery-detection/train_images/forged/4845.png,forged,1,4441,0.030117458767361112,Q1,3879,0.02630615234375,0.6649038461578737,0.4980194454537627,0.9968613386154175,1
forged__4865,4865,/kaggle/input/competitions/recodai-luc-scientific-image-forgery-detection/train_images/forged/4865.png,forged,1,1187,0.008049858940972222,Q1,0,0.0,8.424599830798264e-11,8.424599830798264e-11,0.12408525496721268,0
forged__48718,48718,/kaggle/input/competitions/recodai-luc-scientific-image-forgery-detection/train_images/forged/48718.png,forged,1,1476,0.010009765625,Q1,0,0.0,6.775067750218491e-11,6.775067750218491e-11,0.5217791199684143,0
forged__48836,48836,/kaggle/input/competitions/recodai-luc-scientific-image-forgery-detection/train_images/forged/48836.png,forged,1,9229,0.0625881618923611,Q3,17594,0.11931694878472222,0.4816016105600358,0.3171773718359989,0.9776965379714966,1
forged__48981,48981,/kaggle/input/competitions/recodai-luc-scientific-image-forgery-detection/train_images/forged/48981.png,forged,1,16008,0.10856119791666667,Q4,24313,0.1648830837673611,0.778254507577247,0.637002151761451,0.9998317956924438,1
forged__49042,49042,/kaggle/input/competitions/recodai-luc-scientific-image-forgery-detection/train_images/forged/49042.png,forged,1,2664,0.01806640625,Q2,0,0.0,3.7537537536128474e-11,3.7537537536128474e-11,0.8630024194717407,1
forged__49233,49233,/kaggle/input/competitions/recodai-luc-scientific-image-forgery-detection/train_images/forged/49233.png,forged,1,341,0.002312554253472222,Q2,171,0.00115966796875,0.542968750089264,0.37265415566416776,0.9987260699272156,1
forged__49506,49506,/kaggle/input/competitions/recodai-luc-scientific-image-forgery-detection/train_images/forged/49506.png,forged,1,432,0.0029296875,Q1,0,0.0,2.3148148142789777e-10,2.3148148142789777e-10,0.8537794947624207,1
forged__4957,4957,/kaggle/input/competitions/recodai-luc-scientific-image-forgery-detection/train_images/forged/4957.png,forged,1,14777,0.10021294487847222,Q1,11327,0.0768161349826389,0.08121360711354116,0.04232550711131479,0.9825198650360107,1
forged__49711,49711,/kaggle/input/competitions/recodai-luc-scientific-image-forgery-detection/train_images/forged/49711.png,forged,1,6081,0.041239420572916664,Q4,2040,0.013834635416666666,0.2736116241931583,0.1584878744770544,0.9907229542732239,1
forged__49733,49733,/kaggle/input/competitions/recodai-luc-scientific-image-forgery-detection/train_images/forged/49733.png,forged,1,195,0.0013224283854166667,Q1,0,0.0,5.12820512557528e-10,5.12820512557528e-10,0.3959595859050751,0
forged__49799,49799,/kaggle/input/competitions/recodai-luc-scientific-image-forgery-detection/train_images/forged/49799.png,forged,1,896,0.006076388888888889,Q3,274,0.001858181423611111,0.3008547009144569,0.17706237432826336,0.8893067240715027,1
forged__4992,4992,/kaggle/input/competitions/recodai-luc-scientific-image-forgery-detection/train_images/forged/4992.png,forged,1,239,0.001620822482638889,Q1,0,0.0,4.1841004166593723e-10,4.1841004166593723e-10,0.7527857422828674,1
forged__49982,49982,/kaggle/input/competitions/recodai-luc-scientific-image-forgery-detection/train_images/forged/49982.png,forged,1,10426,0.0707058376736111,Q3,7567,0.05131700303819445,0.6758183738138397,0.5103668261604098,0.9982207417488098,1
forged__50069,50069,/kaggle/input/competitions/recodai-luc-scientific-image-forgery-detection/train_images/forged/50069.png,forged,1,615,0.004170735677083333,Q2,247,0.001675075954861111,0.533642691469415,0.3639240507335563,0.9974439144134521,1
forged__50158,50158,/kaggle/input/competitions/recodai-luc-scientific-image-forgery-detection/train_images/forged/50158.png,forged,1,28157,0.1909518771701389,Q4,37337,0.2532077365451389,0.6936207896911265,0.5309490416093245,0.9994451403617859,1
forged__50255,50255,/kaggle/input/competitions/recodai-luc-scientific-image-forgery-detection/train_images/forged/50255.png,forged,1,1417,0.009609646267361112,Q1,610,0.004136827256944444,0.5772076961234728,0.40568654650445996,0.9965916872024536,1
forged__50311,50311,/kaggle/input/competitions/recodai-luc-scientific-image-forgery-detection/train_images/forged/50311.png,forged,1,1324,0.008978949652777778,Q1,354,0.0024007161458333335,0.3671036949125683,0.22481751830475785,0.9695340394973755,1
forged__50419,50419,/kaggle/input/competitions/recodai-luc-scientific-image-forgery-detection/train_images/forged/50419.png,forged,1,47704,0.3235134548611111,Q4,52327,0.3548651801215278,0.9419080085174177,0.8901948186922201,0.999812662601471,1
forged__50539,50539,/kaggle/input/competitions/recodai-luc-scientific-image-forgery-detection/train_images/forged/50539.png,forged,1,1387,0.009406195746527778,Q1,756,0.005126953125,0.5487634157933382,0.3781350482715025,0.9989720582962036,1
forged__50636,50636,/kaggle/input/competitions/recodai-luc-scientific-image-forgery-detection/train_images/forged/50636.png,forged,1,526,0.003567165798611111,Q2,135,0.00091552734375,0.3751891075075357,0.23091247686575186,0.9976406097412109,1
forged__50690,50690,/kaggle/input/competitions/recodai-luc-scientific-image-forgery-detection/train_images/forged/50690.png,forged,1,8575,0.05815294053819445,Q3,6214,0.04214138454861111,0.6036919331962696,0.4323486682863695,0.9995991587638855,1
forged__5080,5080,/kaggle/input/competitions/recodai-luc-scientific-image-forgery-detection/train_images/forged/5080.png,forged,1,9606,0.06514485677083333,Q4,14404,0.0976833767361111,0.7707621824249448,0.6270244629692551,0.9997802376747131,1
forged__50907,50907,/kaggle/input/competitions/recodai-luc-scientific-image-forgery-detection/train_images/forged/50907.png,forged,1,11312,0.07671440972222222,Q3,0,0.0,8.840169731180691e-12,8.840169731180691e-12,0.8461650609970093,1
forged__50983,50983,/kaggle/input/competitions/recodai-luc-scientific-image-forgery-detection/train_images/forged/50983.png,forged,1,1116,0.007568359375,Q2,0,0.0,8.960573475899589e-11,8.960573475899589e-11,0.44435611367225647,0
forged__51069,51069,/kaggle/input/competitions/recodai-luc-scientific-image-forgery-detection/train_images/forged/51069.png,forged,1,2334,0.015828450520833332,Q3,5817,0.039449055989583336,0.104527051906459,0.05514563108019229,0.9881409406661987,1
forged__51165,51165,/kaggle/input/competitions/recodai-luc-scientific-image-forgery-detection/train_images/forged/51165.png,forged,1,2648,0.017957899305555556,Q4,1523,0.010328504774305556,0.5543035243453776,0.38341625209341906,0.9966344237327576,1
forged__51227,51227,/kaggle/input/competitions/recodai-luc-scientific-image-forgery-detection/train_images/forged/51227.png,forged,1,1316,0.008924696180555556,Q1,3133,0.021247016059027776,0.3767138682990175,0.2320686790575445,0.9798932075500488,1
forged__5130,5130,/kaggle/input/competitions/recodai-luc-scientific-image-forgery-detection/train_images/forged/5130.png,forged,1,12804,0.08683268229166667,Q2,43049,0.2919447157118056,0.36664100406537403,0.22447055728674428,0.9998466968536377,1
forged__51345,51345,/kaggle/input/competitions/recodai-luc-scientific-image-forgery-detection/train_images/forged/51345.png,forged,1,6665,0.04519992404513889,Q4,7172,0.048638237847222224,0.9393654693940929,0.8856636685761016,0.9987998008728027,1
forged__51552,51552,/kaggle/input/competitions/recodai-luc-scientific-image-forgery-detection/train_images/forged/51552.png,forged,1,16302,0.11055501302083333,Q3,35855,0.2431572808159722,0.5669421170704471,0.3956170394964262,0.9999275207519531,1
forged__51718,51718,/kaggle/input/competitions/recodai-luc-scientific-image-forgery-detection/train_images/forged/51718.png,forged,1,4491,0.03045654296875,Q2,0,0.0,2.2266755733193794e-11,2.2266755733193794e-11,0.8305253982543945,1
forged__51796,51796,/kaggle/input/competitions/recodai-luc-scientific-image-forgery-detection/train_images/forged/51796.png,forged,1,1645,0.011155870225694444,Q3,0,0.0,6.079027355253554e-11,6.079027355253554e-11,0.9146892428398132,1
forged__51927,51927,/kaggle/input/competitions/recodai-luc-scientific-image-forgery-detection/train_images/forged/51927.png,forged,1,8688,0.058919270833333336,Q3,5238,0.0355224609375,0.7221025420097508,0.5650708024323997,0.9900743365287781,1
forged__52050,52050,/kaggle/input/competitions/recodai-luc-scientific-image-forgery-detection/train_images/forged/52050.png,forged,1,897,0.006083170572916667,Q1,804,0.005452473958333333,5.878894767438041e-11,5.878894767438041e-11,0.9205756783485413,1
forged__5220,5220,/kaggle/input/competitions/recodai-luc-scientific-image-forgery-detection/train_images/forged/5220.png,forged,1,12912,0.08756510416666667,Q2,13500,0.091552734375,0.5359684991688022,0.3660908244576079,0.999830961227417,1
forged__52298,52298,/kaggle/input/competitions/recodai-luc-scientific-image-forgery-detection/train_images/forged/52298.png,forged,1,10139,0.0687594943576389,Q4,7106,0.04819064670138889,0.7007248477837013,0.5393198250509745,0.9818203449249268,1
forged__52396,52396,/kaggle/input/competitions/recodai-luc-scientific-image-forgery-detection/train_images/forged/52396.png,forged,1,39266,0.2662896050347222,Q4,100422,0.6810302734375,0.5621957505300654,0.3910099380619874,0.9998599290847778,1
forged__52590,52590,/kaggle/input/competitions/recodai-luc-scientific-image-forgery-detection/train_images/forged/52590.png,forged,1,7422,0.050333658854166664,Q3,11871,0.08050537109375,0.7532265588568225,0.6041406834655014,0.9997119307518005,1
forged__5270,5270,/kaggle/input/competitions/recodai-luc-scientific-image-forgery-detection/train_images/forged/5270.png,forged,1,5266,0.035712348090277776,Q3,10798,0.07322862413194445,0.6470368525918386,0.4782368639046817,0.9860274791717529,1
forged__52798,52798,/kaggle/input/competitions/recodai-luc-scientific-image-forgery-detection/train_images/forged/52798.png,forged,1,1703,0.011549207899305556,Q1,822,0.005574544270833333,0.6273267326880267,0.45701096367818744,0.9985848665237427,1
forged__52927,52927,/kaggle/input/competitions/recodai-luc-scientific-image-forgery-detection/train_images/forged/52927.png,forged,1,11205,0.07598876953125,Q3,22254,0.15091959635416666,0.6602707791635726,0.4928389773814624,0.999834418296814,1
forged__53118,53118,/kaggle/input/competitions/recodai-luc-scientific-image-forgery-detection/train_images/forged/53118.png,forged,1,2082,0.014119466145833334,Q2,1298,0.008802625868055556,0.4769230769385526,0.313131313157998,0.9475875496864319,1
forged__53157,53157,/kaggle/input/competitions/recodai-luc-scientific-image-forgery-detection/train_images/forged/53157.png,forged,1,6400,0.043402777777777776,Q3,6397,0.04338243272569445,0.49886692193874443,0.33232691307306267,0.9825365543365479,1
forged__53248,53248,/kaggle/input/competitions/recodai-luc-scientific-image-forgery-detection/train_images/forged/53248.png,forged,1,4310,0.029229058159722224,Q2,4677,0.031717936197916664,0.48692555914669045,0.32181203119103086,0.9995356798171997,1
forged__53404,53404,/kaggle/input/competitions/recodai-luc-scientific-image-forgery-detection/train_images/forged/53404.png,forged,1,9205,0.06242540147569445,Q4,9519,0.06455485026041667,0.9513992736597341,0.9073036569226107,0.9998549222946167,1
forged__53527,53527,/kaggle/input/competitions/recodai-luc-scientific-image-forgery-detection/train_images/forged/53527.png,forged,1,1240,0.008409288194444444,Q1,4758,0.032267252604166664,0.12637545850072732,0.06744972416680105,0.9766016602516174,1
forged__53675,53675,/kaggle/input/competitions/recodai-luc-scientific-image-forgery-detection/train_images/forged/53675.png,forged,1,1829,0.012403700086805556,Q2,0,0.0,5.4674685617568354e-11,5.4674685617568354e-11,0.584554135799408,0
forged__5385,5385,/kaggle/input/competitions/recodai-luc-scientific-image-forgery-detection/train_images/forged/5385.png,forged,1,810,0.0054931640625,Q2,156,0.0010579427083333333,0.3229813665297121,0.19259259269227252,0.950619101524353,1
forged__53927,53927,/kaggle/input/competitions/recodai-luc-scientific-image-forgery-detection/train_images/forged/53927.png,forged,1,13725,0.09307861328125,Q3,0,0.0,7.285974499036167e-12,7.285974499036167e-12,0.7524903416633606,1
forged__54000,54000,/kaggle/input/competitions/recodai-luc-scientific-image-forgery-detection/train_images/forged/54000.png,forged,1,23978,0.16261121961805555,Q4,41648,0.2824435763888889,0.6466644317806256,0.4778300718366973,0.9981456995010376,1
forged__54040,54040,/kaggle/input/competitions/recodai-luc-scientific-image-forgery-detection/train_images/forged/54040.png,forged,1,16445,0.11152479383680555,Q2,17961,0.12180582682291667,0.5632157181899575,0.3919974106914593,0.9953076243400574,1
forged__54152,54152,/kaggle/input/competitions/recodai-luc-scientific-image-forgery-detection/train_images/forged/54152.png,forged,1,9964,0.06757269965277778,Q4,11356,0.07701280381944445,0.8979362101318108,0.8147769833178858,0.9999202489852905,1
forged__5436,5436,/kaggle/input/competitions/recodai-luc-scientific-image-forgery-detection/train_images/forged/5436.png,forged,1,15408,0.1044921875,Q3,9869,0.0669284396701389,0.49277999762830726,0.3269462963970447,0.9936622381210327,1
forged__54527,54527,/kaggle/input/competitions/recodai-luc-scientific-image-forgery-detection/train_images/forged/54527.png,forged,1,21550,0.1461452907986111,Q4,25152,0.17057291666666666,0.9182904372405502,0.8489251355958315,0.994411289691925,1
forged__54553,54553,/kaggle/input/competitions/recodai-luc-scientific-image-forgery-detection/train_images/forged/54553.png,forged,1,2402,0.016289605034722224,Q2,541,0.003668891059027778,3.3978933060347304e-11,3.3978933060347304e-11,0.9398943781852722,1
forged__54710,54710,/kaggle/input/competitions/recodai-luc-scientific-image-forgery-detection/train_images/forged/54710.png,forged,1,12418,0.08421495225694445,Q2,12563,0.08519829644097222,0.9030863456230612,0.8232975695217627,0.9986886382102966,1
forged__54790,54790,/kaggle/input/competitions/recodai-luc-scientific-image-forgery-detection/train_images/forged/54790.png,forged,1,5429,0.03681776258680555,Q2,6936,0.047037760416666664,0.7364334816034256,0.5828213005685763,0.9983670115470886,1
forged__54870,54870,/kaggle/input/competitions/recodai-luc-scientific-image-forgery-detection/train_images/forged/54870.png,forged,1,13197,0.08949788411458333,Q3,5116,0.03469509548611111,0.41839130672517666,0.2645352851866832,0.962828516960144,1
forged__54945,54945,/kaggle/input/competitions/recodai-luc-scientific-image-forgery-detection/train_images/forged/54945.png,forged,1,8906,0.06039767795138889,Q4,7363,0.049933539496527776,0.856352572377796,0.7487907126760314,0.9997337460517883,1
forged__55025,55025,/kaggle/input/competitions/recodai-luc-scientific-image-forgery-detection/train_images/forged/55025.png,forged,1,4519,0.030646430121527776,Q3,0,0.0,2.2128789554721647e-11,2.2128789554721647e-11,0.7864127159118652,1
forged__55072,55072,/kaggle/input/competitions/recodai-luc-scientific-image-forgery-detection/train_images/forged/55072.png,forged,1,12598,0.08543565538194445,Q3,15573,0.10561116536458333,0.7031344290238077,0.5421798872308415,0.99958735704422,1
forged__55175,55175,/kaggle/input/competitions/recodai-luc-scientific-image-forgery-detection/train_images/forged/55175.png,forged,1,24753,0.16786702473958334,Q4,27329,0.1853366427951389,0.9314158442457444,0.8716354619618657,0.999876856803894,1
forged__55291,55291,/kaggle/input/competitions/recodai-luc-scientific-image-forgery-detection/train_images/forged/55291.png,forged,1,561,0.0038045247395833335,Q1,0,0.0,1.7825311939781585e-10,1.7825311939781585e-10,0.6433227062225342,1
forged__55394,55394,/kaggle/input/competitions/recodai-luc-scientific-image-forgery-detection/train_images/forged/55394.png,forged,1,2202,0.014933268229166666,Q4,0,0.0,4.54132606700539e-11,4.54132606700539e-11,0.43700963258743286,0
forged__55541,55541,/kaggle/input/competitions/recodai-luc-scientific-image-forgery-detection/train_images/forged/55541.png,forged,1,471,0.0031941731770833335,Q1,0,0.0,2.123142250080012e-10,2.123142250080012e-10,0.3114268481731415,0
forged__55651,55651,/kaggle/input/competitions/recodai-luc-scientific-image-forgery-detection/train_images/forged/55651.png,forged,1,6868,0.046576605902777776,Q2,0,0.0,1.45602795571555e-11,1.45602795571555e-11,0.6241655945777893,1
forged__55695,55695,/kaggle/input/competitions/recodai-luc-scientific-image-forgery-detection/train_images/forged/55695.png,forged,1,25536,0.17317708333333334,Q3,20205,0.13702392578125,0.8645635206928913,0.761437153420512,0.9980176687240601,1
forged__55790,55790,/kaggle/input/competitions/recodai-luc-scientific-image-forgery-detection/train_images/forged/55790.png,forged,1,20704,0.1404079861111111,Q4,19648,0.1332465277777778,0.7830095162574767,0.643398224323355,0.9983096122741699,1
forged__55949,55949,/kaggle/input/competitions/recodai-luc-scientific-image-forgery-detection/train_images/forged/55949.png,forged,1,1226,0.008314344618055556,Q3,831,0.005635579427083333,4.8614487114797547e-11,4.8614487114797547e-11,0.9702768325805664,1
forged__56127,56127,/kaggle/input/competitions/recodai-luc-scientific-image-forgery-detection/train_images/forged/56127.png,forged,1,1850,0.012546115451388888,Q2,1102,0.007473415798611111,0.617886178874733,0.4470588235565167,0.98014235496521,1
forged__5626,5626,/kaggle/input/competitions/recodai-luc-scientific-image-forgery-detection/train_images/forged/5626.png,forged,1,3857,0.026156955295138888,Q2,5694,0.038614908854166664,0.3507486127175086,0.21267140681548158,0.9964608550071716,1
forged__56311,56311,/kaggle/input/competitions/recodai-luc-scientific-image-forgery-detection/train_images/forged/56311.png,forged,1,2207,0.014967176649305556,Q1,113,0.0007663302951388889,4.3103448274004164e-11,4.3103448274004164e-11,0.9545323848724365,1
forged__56438,56438,/kaggle/input/competitions/recodai-luc-scientific-image-forgery-detection/train_images/forged/56438.png,forged,1,6169,0.04183620876736111,Q3,33598,0.2278510199652778,0.29602434179270243,0.17372568696563345,0.9876847267150879,1
forged__56515,56515,/kaggle/input/competitions/recodai-luc-scientific-image-forgery-detection/train_images/forged/56515.png,forged,1,809,0.005486382378472222,Q3,309,0.0020955403645833335,0.46690518788310326,0.3045507585408926,0.9640949964523315,1
forged__56589,56589,/kaggle/input/competitions/recodai-luc-scientific-image-forgery-detection/train_images/forged/56589.png,forged,1,17815,0.1208157009548611,Q4,18620,0.1262749565972222,0.9720323864416851,0.9455865862127111,0.9995241165161133,1
forged__56723,56723,/kaggle/input/competitions/recodai-luc-scientific-image-forgery-detection/train_images/forged/56723.png,forged,1,1227,0.008321126302083334,Q2,719,0.004876030815972222,0.6012332990955174,0.42983100665467805,0.9990610480308533,1
forged__56793,56793,/kaggle/input/competitions/recodai-luc-scientific-image-forgery-detection/train_images/forged/56793.png,forged,1,21222,0.1439208984375,Q4,25059,0.16994222005208334,0.8692984161969938,0.7688133002110881,0.9992586970329285,1
forged__569,569,/kaggle/input/competitions/recodai-luc-scientific-image-forgery-detection/train_images/forged/569.png,forged,1,77222,0.5236952039930556,Q3,72606,0.4923909505208333,0.8265878207011863,0.7044309197432405,0.9983075857162476,1
forged__56997,56997,/kaggle/input/competitions/recodai-luc-scientific-image-forgery-detection/train_images/forged/56997.png,forged,1,591,0.004007975260416667,Q3,184,0.001247829861111111,0.4516129032965661,0.29166666678472225,0.97036212682724,1
forged__57085,57085,/kaggle/input/competitions/recodai-luc-scientific-image-forgery-detection/train_images/forged/57085.png,forged,1,2125,0.014411078559027778,Q2,0,0.0,4.705882352719723e-11,4.705882352719723e-11,0.978626012802124,1
forged__57239,57239,/kaggle/input/competitions/recodai-luc-scientific-image-forgery-detection/train_images/forged/57239.png,forged,1,6884,0.046685112847222224,Q2,6357,0.043111165364583336,0.6815195226970658,0.516897697336271,0.9985153079032898,1
forged__57328,57328,/kaggle/input/competitions/recodai-luc-scientific-image-forgery-detection/train_images/forged/57328.png,forged,1,14118,0.09574381510416667,Q4,13872,0.09407552083333333,0.9796355841372646,0.9600840336137249,0.9996943473815918,1
forged__57505,57505,/kaggle/input/competitions/recodai-luc-scientific-image-forgery-detection/train_images/forged/57505.png,forged,1,85,0.0005764431423611111,Q1,157,0.001064724392361111,0.30578512425380777,0.18048780527781083,0.9818301796913147,1
forged__57643,57643,/kaggle/input/competitions/recodai-luc-scientific-image-forgery-detection/train_images/forged/57643.png,forged,1,13701,0.09291585286458333,Q4,21283,0.14433458116319445,0.7497713240345593,0.5997073483030788,0.9999098777770996,1
forged__5772,5772,/kaggle/input/competitions/recodai-luc-scientific-image-forgery-detection/train_images/forged/5772.png,forged,1,2152,0.014594184027777778,Q2,1721,0.011671278211805556,0.42654273174731366,0.2710863144315364,0.9938642978668213,1
forged__57824,57824,/kaggle/input/competitions/recodai-luc-scientific-image-forgery-detection/train_images/forged/57824.png,forged,1,5562,0.0377197265625,Q2,3435,0.023295084635416668,1.1114816049670836e-11,1.1114816049670836e-11,0.9882093667984009,1
forged__57927,57927,/kaggle/input/competitions/recodai-luc-scientific-image-forgery-detection/train_images/forged/57927.png,forged,1,15770,0.10694715711805555,Q3,27786,0.18843587239583334,0.7166406465246656,0.5584099610019736,0.9893185496330261,1
forged__58081,58081,/kaggle/input/competitions/recodai-luc-scientific-image-forgery-detection/train_images/forged/58081.png,forged,1,8583,0.058207194010416664,Q2,16390,0.11115180121527778,0.37904937332567556,0.2338438735215719,0.9835584759712219,1
forged__58180,58180,/kaggle/input/competitions/recodai-luc-scientific-image-forgery-detection/train_images/forged/58180.png,forged,1,618,0.004191080729166667,Q1,950,0.006442599826388889,6.37755102000143e-11,6.37755102000143e-11,0.962469756603241,1
forged__58338,58338,/kaggle/input/competitions/recodai-luc-scientific-image-forgery-detection/train_images/forged/58338.png,forged,1,11481,0.07786051432291667,Q3,18919,0.1283026801215278,0.7419736842113751,0.5897918627780055,0.9996373653411865,1
forged__58425,58425,/kaggle/input/competitions/recodai-luc-scientific-image-forgery-detection/train_images/forged/58425.png,forged,1,718,0.004869249131944444,Q3,148,0.001003689236111111,1.1547344109521092e-10,1.1547344109521092e-10,0.9673042893409729,1
forged__58510,58510,/kaggle/input/competitions/recodai-luc-scientific-image-forgery-detection/train_images/forged/58510.png,forged,1,1536,0.010416666666666666,Q1,1558,0.010565863715277778,0.49127343246634547,0.3256212511000162,0.9993559718132019,1
forged__58593,58593,/kaggle/input/competitions/recodai-luc-scientific-image-forgery-detection/train_images/forged/58593.png,forged,1,6929,0.046990288628472224,Q3,410,0.002780490451388889,1.3625834582182507e-11,1.3625834582182507e-11,0.9021040797233582,1
forged__58697,58697,/kaggle/input/competitions/recodai-luc-scientific-image-forgery-detection/train_images/forged/58697.png,forged,1,5914,0.040106879340277776,Q2,5127,0.034769694010416664,0.5360021737203513,0.3661222469764152,0.9984130859375,1
forged__58782,58782,/kaggle/input/competitions/recodai-luc-scientific-image-forgery-detection/train_images/forged/58782.png,forged,1,9378,0.0635986328125,Q4,10168,0.06895616319444445,0.8068146935444244,0.6761855758539045,0.9971678853034973,1
forged__58955,58955,/kaggle/input/competitions/recodai-luc-scientific-image-forgery-detection/train_images/forged/58955.png,forged,1,2936,0.019911024305555556,Q1,1722,0.011678059895833334,0.6225848003515976,0.45199501248591045,0.9985401630401611,1
forged__59022,59022,/kaggle/input/competitions/recodai-luc-scientific-image-forgery-detection/train_images/forged/59022.png,forged,1,1033,0.007005479600694444,Q3,0,0.0,9.68054210942105e-11,9.68054210942105e-11,0.9323918223381042,1
forged__59148,59148,/kaggle/input/competitions/recodai-luc-scientific-image-forgery-detection/train_images/forged/59148.png,forged,1,4127,0.027988009982638888,Q2,7092,0.048095703125,0.6562082182043301,0.48832581587306545,0.9994397759437561,1
forged__59255,59255,/kaggle/input/competitions/recodai-luc-scientific-image-forgery-detection/train_images/forged/59255.png,forged,1,2494,0.016913519965277776,Q3,0,0.0,4.009623095268259e-11,4.009623095268259e-11,0.7156499028205872,1
forged__59375,59375,/kaggle/input/competitions/recodai-luc-scientific-image-forgery-detection/train_images/forged/59375.png,forged,1,306,0.0020751953125,Q1,0,0.0,3.267973855141185e-10,3.267973855141185e-10,0.3047233819961548,0
forged__59453,59453,/kaggle/input/competitions/recodai-luc-scientific-image-forgery-detection/train_images/forged/59453.png,forged,1,15294,0.10371907552083333,Q3,6263,0.042473687065972224,0.5699308809223458,0.3985338004450594,0.9968215227127075,1
forged__59617,59617,/kaggle/input/competitions/recodai-luc-scientific-image-forgery-detection/train_images/forged/59617.png,forged,1,26833,0.1819729275173611,Q3,32184,0.21826171875,0.8509412542151398,0.740555047631048,0.9994797110557556,1
forged__5967,5967,/kaggle/input/competitions/recodai-luc-scientific-image-forgery-detection/train_images/forged/5967.png,forged,1,4140,0.028076171875,Q1,153,0.00103759765625,0.0037269974608961803,0.0018669778529319257,0.9377366900444031,1
forged__59840,59840,/kaggle/input/competitions/recodai-luc-scientific-image-forgery-detection/train_images/forged/59840.png,forged,1,11050,0.07493760850694445,Q3,15263,0.10350884331597222,0.7961083874898487,0.6612791211587772,0.9997908473014832,1
forged__59951,59951,/kaggle/input/competitions/recodai-luc-scientific-image-forgery-detection/train_images/forged/59951.png,forged,1,15299,0.10375298394097222,Q4,12298,0.0834011501736111,0.5773815994507469,0.40585838003359215,0.9995719790458679,1
forged__60046,60046,/kaggle/input/competitions/recodai-luc-scientific-image-forgery-detection/train_images/forged/60046.png,forged,1,664,0.004503038194444444,Q1,492,0.0033365885416666665,8.650519030393553e-11,8.650519030393553e-11,0.9206181168556213,1
forged__6011,6011,/kaggle/input/competitions/recodai-luc-scientific-image-forgery-detection/train_images/forged/6011.png,forged,1,8182,0.055487738715277776,Q2,9047,0.06135389539930555,0.35196471066601676,0.21356624639562183,0.9893359541893005,1
forged__60195,60195,/kaggle/input/competitions/recodai-luc-scientific-image-forgery-detection/train_images/forged/60195.png,forged,1,1730,0.011732313368055556,Q1,1180,0.008002387152777778,0.8068728522403137,0.676267281124639,0.9977005124092102,1
forged__60298,60298,/kaggle/input/competitions/recodai-luc-scientific-image-forgery-detection/train_images/forged/60298.png,forged,1,1484,0.010064019097222222,Q3,321,0.0021769205729166665,5.540166204679215e-11,5.540166204679215e-11,0.9978984594345093,1
forged__60340,60340,/kaggle/input/competitions/recodai-luc-scientific-image-forgery-detection/train_images/forged/60340.png,forged,1,850,0.005764431423611111,Q2,0,0.0,1.1764705880968858e-10,1.1764705880968858e-10,0.362722247838974,0
forged__60457,60457,/kaggle/input/competitions/recodai-luc-scientific-image-forgery-detection/train_images/forged/60457.png,forged,1,12121,0.08220079210069445,Q4,15610,0.1058620876736111,0.8489416176847249,0.7375313283224466,0.9992302656173706,1
forged__6060,6060,/kaggle/input/competitions/recodai-luc-scientific-image-forgery-detection/train_images/forged/6060.png,forged,1,16153,0.10954454210069445,Q3,0,0.0,6.190800470462509e-12,6.190800470462509e-12,0.5037930011749268,0
forged__60829,60829,/kaggle/input/competitions/recodai-luc-scientific-image-forgery-detection/train_images/forged/60829.png,forged,1,1776,0.012044270833333334,Q1,0,0.0,5.63063063031359e-11,5.63063063031359e-11,0.5186119675636292,0
forged__60986,60986,/kaggle/input/competitions/recodai-luc-scientific-image-forgery-detection/train_images/forged/60986.png,forged,1,17673,0.11985270182291667,Q3,18069,0.12253824869791667,0.8958648089085786,0.8113723900273091,0.9998094439506531,1
forged__6103,6103,/kaggle/input/competitions/recodai-luc-scientific-image-forgery-detection/train_images/forged/6103.png,forged,1,9526,0.0646023220486111,Q2,11325,0.07680257161458333,0.579732386937894,0.40818531775911265,0.9998785257339478,1
forged__61134,61134,/kaggle/input/competitions/recodai-luc-scientific-image-forgery-detection/train_images/forged/61134.png,forged,1,1103,0.007480197482638889,Q3,119,0.0008070203993055555,8.183306054976816e-11,8.183306054976816e-11,0.9903447031974792,1
forged__61270,61270,/kaggle/input/competitions/recodai-luc-scientific-image-forgery-detection/train_images/forged/61270.png,forged,1,9491,0.0643649631076389,Q2,9985,0.0677151150173611,0.9320188950506674,0.8726923076935318,0.9988658428192139,1
forged__61355,61355,/kaggle/input/competitions/recodai-luc-scientific-image-forgery-detection/train_images/forged/61355.png,forged,1,836,0.005669487847222222,Q1,0,0.0,1.1961722486607449e-10,1.1961722486607449e-10,0.8268560171127319,1
forged__61566,61566,/kaggle/input/competitions/recodai-luc-scientific-image-forgery-detection/train_images/forged/61566.png,forged,1,4094,0.027764214409722224,Q1,5221,0.035407172309027776,0.7652173913068683,0.6197183098657674,0.9964367151260376,1
forged__61725,61725,/kaggle/input/competitions/recodai-luc-scientific-image-forgery-detection/train_images/forged/61725.png,forged,1,11201,0.0759616427951389,Q3,6411,0.043477376302083336,5.677946854385203e-12,5.677946854385203e-12,0.9832627773284912,1
forged__61883,61883,/kaggle/input/competitions/recodai-luc-scientific-image-forgery-detection/train_images/forged/61883.png,forged,1,2443,0.016567654079861112,Q2,3003,0.020365397135416668,0.5497612927001513,0.37908331224666797,0.9592104554176331,1
forged__61997,61997,/kaggle/input/competitions/recodai-luc-scientific-image-forgery-detection/train_images/forged/61997.png,forged,1,5058,0.0343017578125,Q1,14001,0.09495035807291667,0.5070570334251164,0.3396359035682882,0.989775538444519,1
forged__6212,6212,/kaggle/input/competitions/recodai-luc-scientific-image-forgery-detection/train_images/forged/6212.png,forged,1,3254,0.022067599826388888,Q4,2825,0.019158257378472224,0.7484783681567942,0.5980546792955296,0.9994420409202576,1
forged__62249,62249,/kaggle/input/competitions/recodai-luc-scientific-image-forgery-detection/train_images/forged/62249.png,forged,1,723,0.004903157552083333,Q1,253,0.0017157660590277778,1.0245901638294478e-10,1.0245901638294478e-10,0.9090502858161926,1
forged__62330,62330,/kaggle/input/competitions/recodai-luc-scientific-image-forgery-detection/train_images/forged/62330.png,forged,1,1441,0.009772406684027778,Q3,635,0.004306369357638889,0.5828516377850265,0.4112848402847529,0.9944098591804504,1
forged__62519,62519,/kaggle/input/competitions/recodai-luc-scientific-image-forgery-detection/train_images/forged/62519.png,forged,1,42162,0.2859293619791667,Q3,59387,0.4027438693576389,0.8064087287912176,0.6756154709265467,0.9994187355041504,1
forged__62663,62663,/kaggle/input/competitions/recodai-luc-scientific-image-forgery-detection/train_images/forged/62663.png,forged,1,25875,0.17547607421875,Q3,21337,0.14470079210069445,0.5493942218089694,0.3787343398668962,0.9912653565406799,1
forged__62793,62793,/kaggle/input/competitions/recodai-luc-scientific-image-forgery-detection/train_images/forged/62793.png,forged,1,3418,0.023179796006944444,Q3,1624,0.011013454861111112,0.4014280047718876,0.2511166253287564,0.9940468072891235,1
forged__62865,62865,/kaggle/input/competitions/recodai-luc-scientific-image-forgery-detection/train_images/forged/62865.png,forged,1,4189,0.028408474392361112,Q2,126,0.0008544921875,0.05840092702066278,0.030078777774407286,0.8866721391677856,1
forged__63046,63046,/kaggle/input/competitions/recodai-luc-scientific-image-forgery-detection/train_images/forged/63046.png,forged,1,2973,0.020161946614583332,Q1,1717,0.011644151475694444,0.7202558635454103,0.5628123958826121,0.9990845918655396,1
forged__63117,63117,/kaggle/input/competitions/recodai-luc-scientific-image-forgery-detection/train_images/forged/63117.png,forged,1,3948,0.026774088541666668,Q1,1537,0.010423448350694444,0.13564266182068108,0.07275572073004585,0.9509817361831665,1
forged__63245,63245,/kaggle/input/competitions/recodai-luc-scientific-image-forgery-detection/train_images/forged/63245.png,forged,1,19540,0.1325141059027778,Q3,27852,0.18888346354166666,0.5340985820401458,0.3643482266255057,0.9999347925186157,1
forged__633,633,/kaggle/input/competitions/recodai-luc-scientific-image-forgery-detection/train_images/forged/633.png,forged,1,712,0.004828559027777778,Q1,761,0.005160861545138889,0.6829599457105933,0.5185567010805612,0.9990682005882263,1
forged__63355,63355,/kaggle/input/competitions/recodai-luc-scientific-image-forgery-detection/train_images/forged/63355.png,forged,1,532,0.003607855902777778,Q2,131,0.0008884006076388889,0.2624434390252725,0.15104166681405526,0.997448742389679,1
forged__63427,63427,/kaggle/input/competitions/recodai-luc-scientific-image-forgery-detection/train_images/forged/63427.png,forged,1,1043,0.007073296440972222,Q1,1405,0.009528266059027778,0.5710784313900704,0.39965694686108305,0.9988183379173279,1
forged__63654,63654,/kaggle/input/competitions/recodai-luc-scientific-image-forgery-detection/train_images/forged/63654.png,forged,1,1124,0.007622612847222222,Q3,408,0.0027669270833333335,0.5182767624335328,0.3497797357401075,0.994517982006073,1
forged__63713,63713,/kaggle/input/competitions/recodai-luc-scientific-image-forgery-detection/train_images/forged/63713.png,forged,1,260,0.0017632378472222222,Q1,7850,0.05323621961805555,1.2330456226728354e-11,1.2330456226728354e-11,0.9609460234642029,1
forged__63834,63834,/kaggle/input/competitions/recodai-luc-scientific-image-forgery-detection/train_images/forged/63834.png,forged,1,6579,0.04461669921875,Q2,6995,0.04743787977430555,0.8391041697374458,0.7228074628795176,0.9984215497970581,1
forged__63947,63947,/kaggle/input/competitions/recodai-luc-scientific-image-forgery-detection/train_images/forged/63947.png,forged,1,24051,0.16310628255208334,Q4,19711,0.1336737738715278,0.8691101869204582,0.7685188927065325,0.9975005984306335,1
forged__6407,6407,/kaggle/input/competitions/recodai-luc-scientific-image-forgery-detection/train_images/forged/6407.png,forged,1,410,0.002780490451388889,Q1,327,0.0022176106770833335,0.5427408413103473,0.37243947870159416,0.9961423277854919,1
forged__64128,64128,/kaggle/input/competitions/recodai-luc-scientific-image-forgery-detection/train_images/forged/64128.png,forged,1,20544,0.13932291666666666,Q4,23343,0.15830485026041666,0.7158384031724295,0.5574363888017408,0.9999475479125977,1
forged__6419,6419,/kaggle/input/competitions/recodai-luc-scientific-image-forgery-detection/train_images/forged/6419.png,forged,1,11052,0.074951171875,Q3,20611,0.1397772894965278,0.640305719610775,0.47091888878811244,0.9994577765464783,1
forged__64245,64245,/kaggle/input/competitions/recodai-luc-scientific-image-forgery-detection/train_images/forged/64245.png,forged,1,2401,0.016282823350694444,Q2,3715,0.025193956163194444,0.6559843034719427,0.48807785889323413,0.9993602633476257,1
forged__64289,64289,/kaggle/input/competitions/recodai-luc-scientific-image-forgery-detection/train_images/forged/64289.png,forged,1,3359,0.022779676649305556,Q4,2662,0.018052842881944444,0.8118252781961165,0.6832541235760902,0.9991872906684875,1
forged__64391,64391,/kaggle/input/competitions/recodai-luc-scientific-image-forgery-detection/train_images/forged/64391.png,forged,1,5313,0.036031087239583336,Q2,8862,0.060099283854166664,0.37375661376103164,0.22982821447831137,0.9990043044090271,1
forged__6454,6454,/kaggle/input/competitions/recodai-luc-scientific-image-forgery-detection/train_images/forged/6454.png,forged,1,2217,0.015034993489583334,Q2,2981,0.020216200086805556,0.15929203541440376,0.08653846155755564,0.9909769296646118,1
forged__64717,64717,/kaggle/input/competitions/recodai-luc-scientific-image-forgery-detection/train_images/forged/64717.png,forged,1,504,0.00341796875,Q1,0,0.0,1.984126983733308e-10,1.984126983733308e-10,0.8104953169822693,1
forged__64773,64773,/kaggle/input/competitions/recodai-luc-scientific-image-forgery-detection/train_images/forged/64773.png,forged,1,666,0.0045166015625,Q3,184,0.001247829861111111,0.4141176471277509,0.26112759654879414,0.9949119687080383,1
forged__64941,64941,/kaggle/input/competitions/recodai-luc-scientific-image-forgery-detection/train_images/forged/64941.png,forged,1,7976,0.05409071180555555,Q2,1554,0.010538736979166666,0.3261280167961581,0.19483450352062645,0.9819981455802917,1
forged__6508,6508,/kaggle/input/competitions/recodai-luc-scientific-image-forgery-detection/train_images/forged/6508.png,forged,1,10138,0.0687527126736111,Q4,12770,0.08660210503472222,0.8428496595082816,0.7283838841125065,0.9995416402816772,1
forged__65214,65214,/kaggle/input/competitions/recodai-luc-scientific-image-forgery-detection/train_images/forged/65214.png,forged,1,2163,0.014668782552083334,Q1,2088,0.01416015625,0.7348859092040723,0.5808850874086693,0.9975860118865967,1
forged__65311,65311,/kaggle/input/competitions/recodai-luc-scientific-image-forgery-detection/train_images/forged/65311.png,forged,1,28614,0.19405110677083334,Q4,1048,0.007107204861111111,3.3713168363449146e-12,3.3713168363449146e-12,0.957557737827301,1
forged__65399,65399,/kaggle/input/competitions/recodai-luc-scientific-image-forgery-detection/train_images/forged/65399.png,forged,1,404,0.002739800347222222,Q2,0,0.0,2.47524752413979e-10,2.47524752413979e-10,0.9939157366752625,1
forged__65532,65532,/kaggle/input/competitions/recodai-luc-scientific-image-forgery-detection/train_images/forged/65532.png,forged,1,142,0.0009629991319444445,Q1,0,0.0,7.042253516167427e-10,7.042253516167427e-10,0.7924368381500244,1
forged__6618,6618,/kaggle/input/competitions/recodai-luc-scientific-image-forgery-detection/train_images/forged/6618.png,forged,1,684,0.004638671875,Q1,395,0.002678765190972222,9.267840592282868e-11,9.267840592282868e-11,0.9333093762397766,1
forged__6696,6696,/kaggle/input/competitions/recodai-luc-scientific-image-forgery-detection/train_images/forged/6696.png,forged,1,1065,0.007222493489583333,Q1,829,0.005622016059027778,0.7434002112067899,0.5915966386897817,0.9986034035682678,1
forged__6800,6800,/kaggle/input/competitions/recodai-luc-scientific-image-forgery-detection/train_images/forged/6800.png,forged,1,4776,0.032389322916666664,Q2,2949,0.019999186197916668,0.6912621359263267,0.528189910988562,0.9983869791030884,1
forged__6932,6932,/kaggle/input/competitions/recodai-luc-scientific-image-forgery-detection/train_images/forged/6932.png,forged,1,8330,0.05649142795138889,Q2,1285,0.008714463975694444,0.2654186167523097,0.1530159491647318,0.9281935095787048,1
forged__7004,7004,/kaggle/input/competitions/recodai-luc-scientific-image-forgery-detection/train_images/forged/7004.png,forged,1,2365,0.016038682725694444,Q4,960,0.006510416666666667,0.5660150376070372,0.39471476512606063,0.9980775117874146,1
forged__7130,7130,/kaggle/input/competitions/recodai-luc-scientific-image-forgery-detection/train_images/forged/7130.png,forged,1,374,0.002536349826388889,Q1,0,0.0,2.673796790728931e-10,2.673796790728931e-10,0.2622568607330322,0
forged__7279,7279,/kaggle/input/competitions/recodai-luc-scientific-image-forgery-detection/train_images/forged/7279.png,forged,1,722,0.004896375868055556,Q1,0,0.0,1.3850415510547035e-10,1.3850415510547035e-10,0.5717182755470276,0
forged__7411,7411,/kaggle/input/competitions/recodai-luc-scientific-image-forgery-detection/train_images/forged/7411.png,forged,1,12772,0.08661566840277778,Q4,14601,0.09901936848958333,0.9161582581378871,0.8452878522324033,0.9999359846115112,1
forged__7498,7498,/kaggle/input/competitions/recodai-luc-scientific-image-forgery-detection/train_images/forged/7498.png,forged,1,1786,0.012112087673611112,Q3,329,0.002231174045138889,0.09645390075194071,0.05067064088173518,0.9745333790779114,1
forged__7610,7610,/kaggle/input/competitions/recodai-luc-scientific-image-forgery-detection/train_images/forged/7610.png,forged,1,293,0.001987033420138889,Q2,0,0.0,3.412969282111614e-10,3.412969282111614e-10,0.7129322290420532,1
forged__770,770,/kaggle/input/competitions/recodai-luc-scientific-image-forgery-detection/train_images/forged/770.png,forged,1,2288,0.015516493055555556,Q1,187,0.0012681749131944445,4.040404040240792e-11,4.040404040240792e-11,0.8763948678970337,1
forged__7715,7715,/kaggle/input/competitions/recodai-luc-scientific-image-forgery-detection/train_images/forged/7715.png,forged,1,9465,0.06418863932291667,Q4,16260,0.11027018229166667,0.726530612245961,0.5705128205154426,0.9995705485343933,1
forged__7771,7771,/kaggle/input/competitions/recodai-luc-scientific-image-forgery-detection/train_images/forged/7771.png,forged,1,1568,0.010633680555555556,Q2,749,0.005079481336805556,0.2028485110400152,0.11287223827507818,0.9436274170875549,1
forged__7972,7972,/kaggle/input/competitions/recodai-luc-scientific-image-forgery-detection/train_images/forged/7972.png,forged,1,9308,0.06312391493055555,Q3,1226,0.008314344618055556,0.2327700778504578,0.13171465407035116,0.937674343585968,1
forged__8074,8074,/kaggle/input/competitions/recodai-luc-scientific-image-forgery-detection/train_images/forged/8074.png,forged,1,32990,0.2237277560763889,Q4,32598,0.2210693359375,0.953497591022819,0.9111279466187502,0.9999115467071533,1
forged__8130,8130,/kaggle/input/competitions/recodai-luc-scientific-image-forgery-detection/train_images/forged/8130.png,forged,1,1390,0.009426540798611112,Q1,0,0.0,7.194244603798975e-11,7.194244603798975e-11,0.8616564273834229,1
forged__8259,8259,/kaggle/input/competitions/recodai-luc-scientific-image-forgery-detection/train_images/forged/8259.png,forged,1,9285,0.06296793619791667,Q3,1249,0.008470323350694444,0.23352952345515918,0.13220120379264616,0.9249762892723083,1
forged__8388,8388,/kaggle/input/competitions/recodai-luc-scientific-image-forgery-detection/train_images/forged/8388.png,forged,1,16361,0.11095513237847222,Q4,28076,0.1904025607638889,0.7112541350682736,0.5518963470016348,0.9995737671852112,1
forged__8481,8481,/kaggle/input/competitions/recodai-luc-scientific-image-forgery-detection/train_images/forged/8481.png,forged,1,881,0.005974663628472222,Q1,0,0.0,1.1350737796668475e-10,1.1350737796668475e-10,0.8566868305206299,1
forged__8678,8678,/kaggle/input/competitions/recodai-luc-scientific-image-forgery-detection/train_images/forged/8678.png,forged,1,3769,0.025560167100694444,Q4,2140,0.014512803819444444,0.5828397360029981,0.41127298783350197,0.9974824786186218,1
forged__8733,8733,/kaggle/input/competitions/recodai-luc-scientific-image-forgery-detection/train_images/forged/8733.png,forged,1,15195,0.10304768880208333,Q3,19847,0.13459608289930555,0.8647908224420273,0.761789844143983,0.9981180429458618,1
forged__8874,8874,/kaggle/input/competitions/recodai-luc-scientific-image-forgery-detection/train_images/forged/8874.png,forged,1,4435,0.030076768663194444,Q2,17742,0.12032063802083333,4.5091761734927664e-12,4.5091761734927664e-12,0.9647505283355713,1
forged__899,899,/kaggle/input/competitions/recodai-luc-scientific-image-forgery-detection/train_images/forged/899.png,forged,1,10816,0.07335069444444445,Q2,11826,0.0802001953125,0.10520272061167209,0.055521887095913845,0.9821902513504028,1
forged__9086,9086,/kaggle/input/competitions/recodai-luc-scientific-image-forgery-detection/train_images/forged/9086.png,forged,1,1395,0.00946044921875,Q3,0,0.0,7.168458780848139e-11,7.168458780848139e-11,0.9465966820716858,1
forged__9218,9218,/kaggle/input/competitions/recodai-luc-scientific-image-forgery-detection/train_images/forged/9218.png,forged,1,21112,0.14317491319444445,Q3,26170,0.17747667100694445,0.5437587242512082,0.37339878583851804,0.9987834095954895,1
forged__9568,9568,/kaggle/input/competitions/recodai-luc-scientific-image-forgery-detection/train_images/forged/9568.png,forged,1,8341,0.05656602647569445,Q4,7615,0.051642523871527776,0.676736024068208,0.5114142275313875,0.9996910095214844,1
forged__9759,9759,/kaggle/input/competitions/recodai-luc-scientific-image-forgery-detection/train_images/forged/9759.png,forged,1,2315,0.015699598524305556,Q2,0,0.0,4.319654427459194e-11,4.319654427459194e-11,0.844049870967865,1
forged__9849,9849,/kaggle/input/competitions/recodai-luc-scientific-image-forgery-detection/train_images/forged/9849.png,forged,1,7615,0.051642523871527776,Q4,10842,0.07352701822916667,0.7316465297733562,0.5768475010715348,0.9990241527557373,1
forged__9977,9977,/kaggle/input/competitions/recodai-luc-scientific-image-forgery-detection/train_images/forged/9977.png,forged,1,3005,0.020378960503472224,Q1,0,0.0,3.327787021519874e-11,3.327787021519874e-11,0.8768899440765381,1
