sample_id,image_id,image_path,class_name,image_label,gt_area,gt_area_ratio,mask_quartile,pred_area,pred_area_ratio,dice,iou,image_score,image_pred_label
authentic__10,10,/kaggle/input/competitions/recodai-luc-scientific-image-forgery-detection/train_images/authentic/10.png,authentic,0,0,0.0,,8987,0.06094699435763889,1.1127183709679234e-11,1.1127183709679234e-11,0.972165584564209,1
authentic__1008,1008,/kaggle/input/competitions/recodai-luc-scientific-image-forgery-detection/train_images/authentic/1008.png,authentic,0,0,0.0,,0,0.0,1.0,1.0,0.0654609352350235,0
authentic__10176,10176,/kaggle/input/competitions/recodai-luc-scientific-image-forgery-detection/train_images/authentic/10176.png,authentic,0,0,0.0,,0,0.0,1.0,1.0,0.0796297937631607,0
authentic__10296,10296,/kaggle/input/competitions/recodai-luc-scientific-image-forgery-detection/train_images/authentic/10296.png,authentic,0,0,0.0,,14006,0.09498426649305555,7.139797229707697e-12,7.139797229707697e-12,0.9897940158843994,1
authentic__10408,10408,/kaggle/input/competitions/recodai-luc-scientific-image-forgery-detection/train_images/authentic/10408.png,authentic,0,0,0.0,,508,0.003445095486111111,1.968503936620373e-10,1.968503936620373e-10,0.889138400554657,1
authentic__10458,10458,/kaggle/input/competitions/recodai-luc-scientific-image-forgery-detection/train_images/authentic/10458.png,authentic,0,0,0.0,,0,0.0,1.0,1.0,0.10155881941318512,0
authentic__10632,10632,/kaggle/input/competitions/recodai-luc-scientific-image-forgery-detection/train_images/authentic/10632.png,authentic,0,0,0.0,,869,0.005893283420138889,1.1507479860586021e-10,1.1507479860586021e-10,0.9672906994819641,1
authentic__10742,10742,/kaggle/input/competitions/recodai-luc-scientific-image-forgery-detection/train_images/authentic/10742.png,authentic,0,0,0.0,,923,0.006259494357638889,1.0834236185175056e-10,1.0834236185175056e-10,0.983810305595398,1
authentic__10878,10878,/kaggle/input/competitions/recodai-luc-scientific-image-forgery-detection/train_images/authentic/10878.png,authentic,0,0,0.0,,0,0.0,1.0,1.0,0.7434329390525818,1
authentic__10951,10951,/kaggle/input/competitions/recodai-luc-scientific-image-forgery-detection/train_images/authentic/10951.png,authentic,0,0,0.0,,0,0.0,1.0,1.0,0.2062138468027115,0
authentic__1101,1101,/kaggle/input/competitions/recodai-luc-scientific-image-forgery-detection/train_images/authentic/1101.png,authentic,0,0,0.0,,0,0.0,1.0,1.0,0.9198620915412903,1
authentic__11206,11206,/kaggle/input/competitions/recodai-luc-scientific-image-forgery-detection/train_images/authentic/11206.png,authentic,0,0,0.0,,0,0.0,1.0,1.0,0.04042693227529526,0
authentic__11277,11277,/kaggle/input/competitions/recodai-luc-scientific-image-forgery-detection/train_images/authentic/11277.png,authentic,0,0,0.0,,0,0.0,1.0,1.0,0.964733898639679,1
authentic__11356,11356,/kaggle/input/competitions/recodai-luc-scientific-image-forgery-detection/train_images/authentic/11356.png,authentic,0,0,0.0,,1075,0.007290310329861111,9.302325580530015e-11,9.302325580530015e-11,0.9290169477462769,1
authentic__1143,1143,/kaggle/input/competitions/recodai-luc-scientific-image-forgery-detection/train_images/authentic/1143.png,authentic,0,0,0.0,,0,0.0,1.0,1.0,0.4049605131149292,0
authentic__11513,11513,/kaggle/input/competitions/recodai-luc-scientific-image-forgery-detection/train_images/authentic/11513.png,authentic,0,0,0.0,,0,0.0,1.0,1.0,0.7933361530303955,1
authentic__11662,11662,/kaggle/input/competitions/recodai-luc-scientific-image-forgery-detection/train_images/authentic/11662.png,authentic,0,0,0.0,,917,0.006218804253472222,1.0905125407752986e-10,1.0905125407752986e-10,0.9603123664855957,1
authentic__11740,11740,/kaggle/input/competitions/recodai-luc-scientific-image-forgery-detection/train_images/authentic/11740.png,authentic,0,0,0.0,,0,0.0,1.0,1.0,0.7033043503761292,1
authentic__11854,11854,/kaggle/input/competitions/recodai-luc-scientific-image-forgery-detection/train_images/authentic/11854.png,authentic,0,0,0.0,,226,0.0015326605902777778,4.42477875910408e-10,4.42477875910408e-10,0.9811696410179138,1
authentic__11964,11964,/kaggle/input/competitions/recodai-luc-scientific-image-forgery-detection/train_images/authentic/11964.png,authentic,0,0,0.0,,7446,0.050496419270833336,1.3430029545884636e-11,1.3430029545884636e-11,0.9640929102897644,1
authentic__12073,12073,/kaggle/input/competitions/recodai-luc-scientific-image-forgery-detection/train_images/authentic/12073.png,authentic,0,0,0.0,,339,0.0022989908854166665,2.9498525065044677e-10,2.9498525065044677e-10,0.9151003956794739,1
authentic__12262,12262,/kaggle/input/competitions/recodai-luc-scientific-image-forgery-detection/train_images/authentic/12262.png,authentic,0,0,0.0,,5300,0.035942925347222224,1.886792452794589e-11,1.886792452794589e-11,0.9838922023773193,1
authentic__12300,12300,/kaggle/input/competitions/recodai-luc-scientific-image-forgery-detection/train_images/authentic/12300.png,authentic,0,0,0.0,,285,0.0019327799479166667,3.508771928593413e-10,3.508771928593413e-10,0.9728404879570007,1
authentic__12364,12364,/kaggle/input/competitions/recodai-luc-scientific-image-forgery-detection/train_images/authentic/12364.png,authentic,0,0,0.0,,0,0.0,1.0,1.0,0.5881953835487366,0
authentic__12446,12446,/kaggle/input/competitions/recodai-luc-scientific-image-forgery-detection/train_images/authentic/12446.png,authentic,0,0,0.0,,0,0.0,1.0,1.0,0.8616146445274353,1
authentic__12572,12572,/kaggle/input/competitions/recodai-luc-scientific-image-forgery-detection/train_images/authentic/12572.png,authentic,0,0,0.0,,0,0.0,1.0,1.0,0.8311666250228882,1
authentic__12629,12629,/kaggle/input/competitions/recodai-luc-scientific-image-forgery-detection/train_images/authentic/12629.png,authentic,0,0,0.0,,255,0.0017293294270833333,3.92156862591311e-10,3.92156862591311e-10,0.8960809707641602,1
authentic__12793,12793,/kaggle/input/competitions/recodai-luc-scientific-image-forgery-detection/train_images/authentic/12793.png,authentic,0,0,0.0,,0,0.0,1.0,1.0,0.0810457393527031,0
authentic__12879,12879,/kaggle/input/competitions/recodai-luc-scientific-image-forgery-detection/train_images/authentic/12879.png,authentic,0,0,0.0,,0,0.0,1.0,1.0,0.8527151942253113,1
authentic__13020,13020,/kaggle/input/competitions/recodai-luc-scientific-image-forgery-detection/train_images/authentic/13020.png,authentic,0,0,0.0,,0,0.0,1.0,1.0,0.6935896873474121,1
authentic__13333,13333,/kaggle/input/competitions/recodai-luc-scientific-image-forgery-detection/train_images/authentic/13333.png,authentic,0,0,0.0,,0,0.0,1.0,1.0,0.8207131624221802,1
authentic__13451,13451,/kaggle/input/competitions/recodai-luc-scientific-image-forgery-detection/train_images/authentic/13451.png,authentic,0,0,0.0,,48946,0.3319363064236111,2.043067870710491e-12,2.043067870710491e-12,0.9991660118103027,1
authentic__13603,13603,/kaggle/input/competitions/recodai-luc-scientific-image-forgery-detection/train_images/authentic/13603.png,authentic,0,0,0.0,,2885,0.019565158420138888,3.466204505945712e-11,3.466204505945712e-11,0.9930457472801208,1
authentic__13670,13670,/kaggle/input/competitions/recodai-luc-scientific-image-forgery-detection/train_images/authentic/13670.png,authentic,0,0,0.0,,0,0.0,1.0,1.0,0.05067599192261696,0
authentic__13742,13742,/kaggle/input/competitions/recodai-luc-scientific-image-forgery-detection/train_images/authentic/13742.png,authentic,0,0,0.0,,113,0.0007663302951388889,8.849557514292427e-10,8.849557514292427e-10,0.9966469407081604,1
authentic__13839,13839,/kaggle/input/competitions/recodai-luc-scientific-image-forgery-detection/train_images/authentic/13839.png,authentic,0,0,0.0,,0,0.0,1.0,1.0,0.4451238811016083,0
authentic__13893,13893,/kaggle/input/competitions/recodai-luc-scientific-image-forgery-detection/train_images/authentic/13893.png,authentic,0,0,0.0,,0,0.0,1.0,1.0,0.45829612016677856,0
authentic__13971,13971,/kaggle/input/competitions/recodai-luc-scientific-image-forgery-detection/train_images/authentic/13971.png,authentic,0,0,0.0,,0,0.0,1.0,1.0,0.8764759302139282,1
authentic__14070,14070,/kaggle/input/competitions/recodai-luc-scientific-image-forgery-detection/train_images/authentic/14070.png,authentic,0,0,0.0,,0,0.0,1.0,1.0,0.8590071201324463,1
authentic__14114,14114,/kaggle/input/competitions/recodai-luc-scientific-image-forgery-detection/train_images/authentic/14114.png,authentic,0,0,0.0,,0,0.0,1.0,1.0,0.03260321542620659,0
authentic__1419,1419,/kaggle/input/competitions/recodai-luc-scientific-image-forgery-detection/train_images/authentic/1419.png,authentic,0,0,0.0,,0,0.0,1.0,1.0,0.3208778202533722,0
authentic__14331,14331,/kaggle/input/competitions/recodai-luc-scientific-image-forgery-detection/train_images/authentic/14331.png,authentic,0,0,0.0,,138,0.0009358723958333334,7.246376806343206e-10,7.246376806343206e-10,0.9912091493606567,1
authentic__14436,14436,/kaggle/input/competitions/recodai-luc-scientific-image-forgery-detection/train_images/authentic/14436.png,authentic,0,0,0.0,,8001,0.05426025390625,1.2498437695131877e-11,1.2498437695131877e-11,0.9904988408088684,1
authentic__14700,14700,/kaggle/input/competitions/recodai-luc-scientific-image-forgery-detection/train_images/authentic/14700.png,authentic,0,0,0.0,,146,0.0009901258680555555,6.849315063801839e-10,6.849315063801839e-10,0.9293522834777832,1
authentic__14770,14770,/kaggle/input/competitions/recodai-luc-scientific-image-forgery-detection/train_images/authentic/14770.png,authentic,0,0,0.0,,0,0.0,1.0,1.0,0.04318763688206673,0
authentic__14829,14829,/kaggle/input/competitions/recodai-luc-scientific-image-forgery-detection/train_images/authentic/14829.png,authentic,0,0,0.0,,163,0.0011054144965277778,6.13496932138959e-10,6.13496932138959e-10,0.9710776805877686,1
authentic__14988,14988,/kaggle/input/competitions/recodai-luc-scientific-image-forgery-detection/train_images/authentic/14988.png,authentic,0,0,0.0,,2021,0.013705783420138888,4.9480455217739707e-11,4.9480455217739707e-11,0.9841556549072266,1
authentic__15061,15061,/kaggle/input/competitions/recodai-luc-scientific-image-forgery-detection/train_images/authentic/15061.png,authentic,0,0,0.0,,0,0.0,1.0,1.0,0.7173275947570801,1
authentic__15269,15269,/kaggle/input/competitions/recodai-luc-scientific-image-forgery-detection/train_images/authentic/15269.png,authentic,0,0,0.0,,0,0.0,1.0,1.0,0.06529124826192856,0
authentic__1536,1536,/kaggle/input/competitions/recodai-luc-scientific-image-forgery-detection/train_images/authentic/1536.png,authentic,0,0,0.0,,0,0.0,1.0,1.0,0.8411009907722473,1
authentic__15426,15426,/kaggle/input/competitions/recodai-luc-scientific-image-forgery-detection/train_images/authentic/15426.png,authentic,0,0,0.0,,5511,0.037373860677083336,1.8145527127233794e-11,1.8145527127233794e-11,0.9828578233718872,1
authentic__15579,15579,/kaggle/input/competitions/recodai-luc-scientific-image-forgery-detection/train_images/authentic/15579.png,authentic,0,0,0.0,,1005,0.006815592447916667,9.950248755228831e-11,9.950248755228831e-11,0.9803984761238098,1
authentic__15733,15733,/kaggle/input/competitions/recodai-luc-scientific-image-forgery-detection/train_images/authentic/15733.png,authentic,0,0,0.0,,16748,0.11357964409722222,5.970862192464945e-12,5.970862192464945e-12,0.9898321628570557,1
authentic__15860,15860,/kaggle/input/competitions/recodai-luc-scientific-image-forgery-detection/train_images/authentic/15860.png,authentic,0,0,0.0,,0,0.0,1.0,1.0,0.7713513374328613,1
authentic__15940,15940,/kaggle/input/competitions/recodai-luc-scientific-image-forgery-detection/train_images/authentic/15940.png,authentic,0,0,0.0,,214,0.0014512803819444445,4.672897194078085e-10,4.672897194078085e-10,0.908650815486908,1
authentic__1608,1608,/kaggle/input/competitions/recodai-luc-scientific-image-forgery-detection/train_images/authentic/1608.png,authentic,0,0,0.0,,0,0.0,1.0,1.0,0.24873660504817963,0
authentic__16161,16161,/kaggle/input/competitions/recodai-luc-scientific-image-forgery-detection/train_images/authentic/16161.png,authentic,0,0,0.0,,1409,0.009555392795138888,7.097232078985292e-11,7.097232078985292e-11,0.997310996055603,1
authentic__16219,16219,/kaggle/input/competitions/recodai-luc-scientific-image-forgery-detection/train_images/authentic/16219.png,authentic,0,0,0.0,,0,0.0,1.0,1.0,0.39537492394447327,0
authentic__16294,16294,/kaggle/input/competitions/recodai-luc-scientific-image-forgery-detection/train_images/authentic/16294.png,authentic,0,0,0.0,,0,0.0,1.0,1.0,0.5444452166557312,0
authentic__1641,1641,/kaggle/input/competitions/recodai-luc-scientific-image-forgery-detection/train_images/authentic/1641.png,authentic,0,0,0.0,,0,0.0,1.0,1.0,0.6775727868080139,1
authentic__16534,16534,/kaggle/input/competitions/recodai-luc-scientific-image-forgery-detection/train_images/authentic/16534.png,authentic,0,0,0.0,,0,0.0,1.0,1.0,0.8624349236488342,1
authentic__16647,16647,/kaggle/input/competitions/recodai-luc-scientific-image-forgery-detection/train_images/authentic/16647.png,authentic,0,0,0.0,,0,0.0,1.0,1.0,0.722701370716095,1
authentic__16703,16703,/kaggle/input/competitions/recodai-luc-scientific-image-forgery-detection/train_images/authentic/16703.png,authentic,0,0,0.0,,0,0.0,1.0,1.0,0.6304947733879089,1
authentic__16866,16866,/kaggle/input/competitions/recodai-luc-scientific-image-forgery-detection/train_images/authentic/16866.png,authentic,0,0,0.0,,20886,0.14164225260416666,4.787896198387494e-12,4.787896198387494e-12,0.9848729372024536,1
authentic__16960,16960,/kaggle/input/competitions/recodai-luc-scientific-image-forgery-detection/train_images/authentic/16960.png,authentic,0,0,0.0,,0,0.0,1.0,1.0,0.0322413370013237,0
authentic__17071,17071,/kaggle/input/competitions/recodai-luc-scientific-image-forgery-detection/train_images/authentic/17071.png,authentic,0,0,0.0,,0,0.0,1.0,1.0,0.6774830222129822,1
authentic__17245,17245,/kaggle/input/competitions/recodai-luc-scientific-image-forgery-detection/train_images/authentic/17245.png,authentic,0,0,0.0,,231,0.0015665690104166667,4.329004327130301e-10,4.329004327130301e-10,0.9737337231636047,1
authentic__17298,17298,/kaggle/input/competitions/recodai-luc-scientific-image-forgery-detection/train_images/authentic/17298.png,authentic,0,0,0.0,,190,0.0012885199652777778,5.263157891966759e-10,5.263157891966759e-10,0.9935751557350159,1
authentic__17493,17493,/kaggle/input/competitions/recodai-luc-scientific-image-forgery-detection/train_images/authentic/17493.png,authentic,0,0,0.0,,1753,0.011888292100694444,5.70450655985713e-11,5.70450655985713e-11,0.9092947840690613,1
authentic__17625,17625,/kaggle/input/competitions/recodai-luc-scientific-image-forgery-detection/train_images/authentic/17625.png,authentic,0,0,0.0,,2788,0.018907335069444444,3.5868005737594406e-11,3.5868005737594406e-11,0.9823859333992004,1
authentic__17846,17846,/kaggle/input/competitions/recodai-luc-scientific-image-forgery-detection/train_images/authentic/17846.png,authentic,0,0,0.0,,0,0.0,1.0,1.0,0.03007005713880062,0
authentic__1813,1813,/kaggle/input/competitions/recodai-luc-scientific-image-forgery-detection/train_images/authentic/1813.png,authentic,0,0,0.0,,745,0.005052354600694444,1.3422818790144588e-10,1.3422818790144588e-10,0.9707077741622925,1
authentic__18440,18440,/kaggle/input/competitions/recodai-luc-scientific-image-forgery-detection/train_images/authentic/18440.png,authentic,0,0,0.0,,0,0.0,1.0,1.0,0.10583849251270294,0
authentic__1856,1856,/kaggle/input/competitions/recodai-luc-scientific-image-forgery-detection/train_images/authentic/1856.png,authentic,0,0,0.0,,6231,0.042256673177083336,1.604878831622454e-11,1.604878831622454e-11,0.954784631729126,1
authentic__187,187,/kaggle/input/competitions/recodai-luc-scientific-image-forgery-detection/train_images/authentic/187.png,authentic,0,0,0.0,,0,0.0,1.0,1.0,0.6991814374923706,1
authentic__1879,1879,/kaggle/input/competitions/recodai-luc-scientific-image-forgery-detection/train_images/authentic/1879.png,authentic,0,0,0.0,,4482,0.0303955078125,2.2311468094102822e-11,2.2311468094102822e-11,0.9850317239761353,1
authentic__18995,18995,/kaggle/input/competitions/recodai-luc-scientific-image-forgery-detection/train_images/authentic/18995.png,authentic,0,0,0.0,,0,0.0,1.0,1.0,0.02484765462577343,0
authentic__19281,19281,/kaggle/input/competitions/recodai-luc-scientific-image-forgery-detection/train_images/authentic/19281.png,authentic,0,0,0.0,,0,0.0,1.0,1.0,0.8279150724411011,1
authentic__1940,1940,/kaggle/input/competitions/recodai-luc-scientific-image-forgery-detection/train_images/authentic/1940.png,authentic,0,0,0.0,,34217,0.2320488823784722,2.9225238916242726e-12,2.9225238916242726e-12,0.9754952788352966,1
authentic__19593,19593,/kaggle/input/competitions/recodai-luc-scientific-image-forgery-detection/train_images/authentic/19593.png,authentic,0,0,0.0,,0,0.0,1.0,1.0,0.3454260528087616,0
authentic__19633,19633,/kaggle/input/competitions/recodai-luc-scientific-image-forgery-detection/train_images/authentic/19633.png,authentic,0,0,0.0,,0,0.0,1.0,1.0,0.05122790113091469,0
authentic__19728,19728,/kaggle/input/competitions/recodai-luc-scientific-image-forgery-detection/train_images/authentic/19728.png,authentic,0,0,0.0,,0,0.0,1.0,1.0,0.6765297055244446,1
authentic__19847,19847,/kaggle/input/competitions/recodai-luc-scientific-image-forgery-detection/train_images/authentic/19847.png,authentic,0,0,0.0,,1595,0.010816786024305556,6.269592476095949e-11,6.269592476095949e-11,0.9962517619132996,1
authentic__19953,19953,/kaggle/input/competitions/recodai-luc-scientific-image-forgery-detection/train_images/authentic/19953.png,authentic,0,0,0.0,,0,0.0,1.0,1.0,0.14934325218200684,0
authentic__20103,20103,/kaggle/input/competitions/recodai-luc-scientific-image-forgery-detection/train_images/authentic/20103.png,authentic,0,0,0.0,,0,0.0,1.0,1.0,0.8637117147445679,1
authentic__20270,20270,/kaggle/input/competitions/recodai-luc-scientific-image-forgery-detection/train_images/authentic/20270.png,authentic,0,0,0.0,,1181,0.008009168836805556,8.467400507327061e-11,8.467400507327061e-11,0.9180519580841064,1
authentic__20379,20379,/kaggle/input/competitions/recodai-luc-scientific-image-forgery-detection/train_images/authentic/20379.png,authentic,0,0,0.0,,0,0.0,1.0,1.0,0.573872447013855,0
authentic__20490,20490,/kaggle/input/competitions/recodai-luc-scientific-image-forgery-detection/train_images/authentic/20490.png,authentic,0,0,0.0,,0,0.0,1.0,1.0,0.8932119607925415,1
authentic__20587,20587,/kaggle/input/competitions/recodai-luc-scientific-image-forgery-detection/train_images/authentic/20587.png,authentic,0,0,0.0,,0,0.0,1.0,1.0,0.5453755855560303,0
authentic__20753,20753,/kaggle/input/competitions/recodai-luc-scientific-image-forgery-detection/train_images/authentic/20753.png,authentic,0,0,0.0,,39901,0.2705959743923611,2.5062028520525643e-12,2.5062028520525643e-12,0.9499704837799072,1
authentic__20800,20800,/kaggle/input/competitions/recodai-luc-scientific-image-forgery-detection/train_images/authentic/20800.png,authentic,0,0,0.0,,16884,0.114501953125,5.922767116761888e-12,5.922767116761888e-12,0.9738739132881165,1
authentic__20833,20833,/kaggle/input/competitions/recodai-luc-scientific-image-forgery-detection/train_images/authentic/20833.png,authentic,0,0,0.0,,0,0.0,1.0,1.0,0.8322665095329285,1
authentic__20920,20920,/kaggle/input/competitions/recodai-luc-scientific-image-forgery-detection/train_images/authentic/20920.png,authentic,0,0,0.0,,0,0.0,1.0,1.0,0.9806334376335144,1
authentic__21204,21204,/kaggle/input/competitions/recodai-luc-scientific-image-forgery-detection/train_images/authentic/21204.png,authentic,0,0,0.0,,0,0.0,1.0,1.0,0.17834016680717468,0
authentic__21264,21264,/kaggle/input/competitions/recodai-luc-scientific-image-forgery-detection/train_images/authentic/21264.png,authentic,0,0,0.0,,0,0.0,1.0,1.0,0.31489261984825134,0
authentic__21540,21540,/kaggle/input/competitions/recodai-luc-scientific-image-forgery-detection/train_images/authentic/21540.png,authentic,0,0,0.0,,1585,0.010748969184027778,6.309148264586173e-11,6.309148264586173e-11,0.9943851232528687,1
authentic__2164,2164,/kaggle/input/competitions/recodai-luc-scientific-image-forgery-detection/train_images/authentic/2164.png,authentic,0,0,0.0,,253,0.0017157660590277778,3.952569168398194e-10,3.952569168398194e-10,0.9045228362083435,1
authentic__21728,21728,/kaggle/input/competitions/recodai-luc-scientific-image-forgery-detection/train_images/authentic/21728.png,authentic,0,0,0.0,,0,0.0,1.0,1.0,0.6639652252197266,1
authentic__21851,21851,/kaggle/input/competitions/recodai-luc-scientific-image-forgery-detection/train_images/authentic/21851.png,authentic,0,0,0.0,,0,0.0,1.0,1.0,0.6956321001052856,1
authentic__22046,22046,/kaggle/input/competitions/recodai-luc-scientific-image-forgery-detection/train_images/authentic/22046.png,authentic,0,0,0.0,,144,0.0009765625,6.944444439621914e-10,6.944444439621914e-10,0.8802770376205444,1
authentic__22155,22155,/kaggle/input/competitions/recodai-luc-scientific-image-forgery-detection/train_images/authentic/22155.png,authentic,0,0,0.0,,0,0.0,1.0,1.0,0.0764206051826477,0
authentic__22182,22182,/kaggle/input/competitions/recodai-luc-scientific-image-forgery-detection/train_images/authentic/22182.png,authentic,0,0,0.0,,0,0.0,1.0,1.0,0.8615855574607849,1
authentic__2228,2228,/kaggle/input/competitions/recodai-luc-scientific-image-forgery-detection/train_images/authentic/2228.png,authentic,0,0,0.0,,12408,0.08414713541666667,8.059316569889914e-12,8.059316569889914e-12,0.9923771619796753,1
authentic__22337,22337,/kaggle/input/competitions/recodai-luc-scientific-image-forgery-detection/train_images/authentic/22337.png,authentic,0,0,0.0,,306,0.0020751953125,3.267973855141185e-10,3.267973855141185e-10,0.878108561038971,1
authentic__22565,22565,/kaggle/input/competitions/recodai-luc-scientific-image-forgery-detection/train_images/authentic/22565.png,authentic,0,0,0.0,,0,0.0,1.0,1.0,0.24993319809436798,0
authentic__22739,22739,/kaggle/input/competitions/recodai-luc-scientific-image-forgery-detection/train_images/authentic/22739.png,authentic,0,0,0.0,,0,0.0,1.0,1.0,0.889479398727417,1
authentic__22797,22797,/kaggle/input/competitions/recodai-luc-scientific-image-forgery-detection/train_images/authentic/22797.png,authentic,0,0,0.0,,11575,0.07849799262152778,8.639308855216938e-12,8.639308855216938e-12,0.9874705672264099,1
authentic__2290,2290,/kaggle/input/competitions/recodai-luc-scientific-image-forgery-detection/train_images/authentic/2290.png,authentic,0,0,0.0,,0,0.0,1.0,1.0,0.70562344789505,1
authentic__22951,22951,/kaggle/input/competitions/recodai-luc-scientific-image-forgery-detection/train_images/authentic/22951.png,authentic,0,0,0.0,,263,0.0017835828993055555,3.802281367375558e-10,3.802281367375558e-10,0.995762825012207,1
authentic__2305,2305,/kaggle/input/competitions/recodai-luc-scientific-image-forgery-detection/train_images/authentic/2305.png,authentic,0,0,0.0,,2852,0.019341362847222224,3.506311360325866e-11,3.506311360325866e-11,0.9319635033607483,1
authentic__23143,23143,/kaggle/input/competitions/recodai-luc-scientific-image-forgery-detection/train_images/authentic/23143.png,authentic,0,0,0.0,,0,0.0,1.0,1.0,0.1285114586353302,0
authentic__23236,23236,/kaggle/input/competitions/recodai-luc-scientific-image-forgery-detection/train_images/authentic/23236.png,authentic,0,0,0.0,,0,0.0,1.0,1.0,0.7293602228164673,1
authentic__23357,23357,/kaggle/input/competitions/recodai-luc-scientific-image-forgery-detection/train_images/authentic/23357.png,authentic,0,0,0.0,,0,0.0,1.0,1.0,0.04165554791688919,0
authentic__23460,23460,/kaggle/input/competitions/recodai-luc-scientific-image-forgery-detection/train_images/authentic/23460.png,authentic,0,0,0.0,,0,0.0,1.0,1.0,0.8412600159645081,1
authentic__23527,23527,/kaggle/input/competitions/recodai-luc-scientific-image-forgery-detection/train_images/authentic/23527.png,authentic,0,0,0.0,,0,0.0,1.0,1.0,0.5730656981468201,0
authentic__23726,23726,/kaggle/input/competitions/recodai-luc-scientific-image-forgery-detection/train_images/authentic/23726.png,authentic,0,0,0.0,,0,0.0,1.0,1.0,0.9025103449821472,1
authentic__23904,23904,/kaggle/input/competitions/recodai-luc-scientific-image-forgery-detection/train_images/authentic/23904.png,authentic,0,0,0.0,,0,0.0,1.0,1.0,0.14851932227611542,0
authentic__24029,24029,/kaggle/input/competitions/recodai-luc-scientific-image-forgery-detection/train_images/authentic/24029.png,authentic,0,0,0.0,,185,0.001254611545138889,5.405405402483564e-10,5.405405402483564e-10,0.9897234439849854,1
authentic__24218,24218,/kaggle/input/competitions/recodai-luc-scientific-image-forgery-detection/train_images/authentic/24218.png,authentic,0,0,0.0,,1161,0.00787353515625,8.613264426476032e-11,8.613264426476032e-11,0.9870609045028687,1
authentic__24332,24332,/kaggle/input/competitions/recodai-luc-scientific-image-forgery-detection/train_images/authentic/24332.png,authentic,0,0,0.0,,12149,0.08239067925347222,8.23113013409967e-12,8.23113013409967e-12,0.9939415454864502,1
authentic__24381,24381,/kaggle/input/competitions/recodai-luc-scientific-image-forgery-detection/train_images/authentic/24381.png,authentic,0,0,0.0,,0,0.0,1.0,1.0,0.8343794941902161,1
authentic__2450,2450,/kaggle/input/competitions/recodai-luc-scientific-image-forgery-detection/train_images/authentic/2450.png,authentic,0,0,0.0,,1502,0.010186089409722222,6.65778961340494e-11,6.65778961340494e-11,0.9917013049125671,1
authentic__24600,24600,/kaggle/input/competitions/recodai-luc-scientific-image-forgery-detection/train_images/authentic/24600.png,authentic,0,0,0.0,,0,0.0,1.0,1.0,0.8066598773002625,1
authentic__24676,24676,/kaggle/input/competitions/recodai-luc-scientific-image-forgery-detection/train_images/authentic/24676.png,authentic,0,0,0.0,,0,0.0,1.0,1.0,0.020078007131814957,0
authentic__24749,24749,/kaggle/input/competitions/recodai-luc-scientific-image-forgery-detection/train_images/authentic/24749.png,authentic,0,0,0.0,,0,0.0,1.0,1.0,0.7788806557655334,1
authentic__24937,24937,/kaggle/input/competitions/recodai-luc-scientific-image-forgery-detection/train_images/authentic/24937.png,authentic,0,0,0.0,,0,0.0,1.0,1.0,0.44151684641838074,0
authentic__25003,25003,/kaggle/input/competitions/recodai-luc-scientific-image-forgery-detection/train_images/authentic/25003.png,authentic,0,0,0.0,,0,0.0,1.0,1.0,0.7545873522758484,1
authentic__25124,25124,/kaggle/input/competitions/recodai-luc-scientific-image-forgery-detection/train_images/authentic/25124.png,authentic,0,0,0.0,,1923,0.013041178385416666,5.2002080080499104e-11,5.2002080080499104e-11,0.9677643775939941,1
authentic__2534,2534,/kaggle/input/competitions/recodai-luc-scientific-image-forgery-detection/train_images/authentic/2534.png,authentic,0,0,0.0,,584,0.003960503472222222,1.7123287668300806e-10,1.7123287668300806e-10,0.9356668591499329,1
authentic__25388,25388,/kaggle/input/competitions/recodai-luc-scientific-image-forgery-detection/train_images/authentic/25388.png,authentic,0,0,0.0,,11664,0.0791015625,8.573388202944329e-12,8.573388202944329e-12,0.9430516958236694,1
authentic__25458,25458,/kaggle/input/competitions/recodai-luc-scientific-image-forgery-detection/train_images/authentic/25458.png,authentic,0,0,0.0,,4019,0.027255588107638888,2.4881811395250514e-11,2.4881811395250514e-11,0.9915456175804138,1
authentic__25525,25525,/kaggle/input/competitions/recodai-luc-scientific-image-forgery-detection/train_images/authentic/25525.png,authentic,0,0,0.0,,421,0.0028550889756944445,2.3752969115498104e-10,2.3752969115498104e-10,0.9427739977836609,1
authentic__25638,25638,/kaggle/input/competitions/recodai-luc-scientific-image-forgery-detection/train_images/authentic/25638.png,authentic,0,0,0.0,,0,0.0,1.0,1.0,0.7474114894866943,1
authentic__2577,2577,/kaggle/input/competitions/recodai-luc-scientific-image-forgery-detection/train_images/authentic/2577.png,authentic,0,0,0.0,,137,0.0009290907118055555,7.299270067664766e-10,7.299270067664766e-10,0.9875075221061707,1
authentic__25981,25981,/kaggle/input/competitions/recodai-luc-scientific-image-forgery-detection/train_images/authentic/25981.png,authentic,0,0,0.0,,366,0.0024820963541666665,2.7322404364119557e-10,2.7322404364119557e-10,0.9886723160743713,1
authentic__26035,26035,/kaggle/input/competitions/recodai-luc-scientific-image-forgery-detection/train_images/authentic/26035.png,authentic,0,0,0.0,,0,0.0,1.0,1.0,0.9883307218551636,1
authentic__26148,26148,/kaggle/input/competitions/recodai-luc-scientific-image-forgery-detection/train_images/authentic/26148.png,authentic,0,0,0.0,,0,0.0,1.0,1.0,0.025417383760213852,0
authentic__2622,2622,/kaggle/input/competitions/recodai-luc-scientific-image-forgery-detection/train_images/authentic/2622.png,authentic,0,0,0.0,,0,0.0,1.0,1.0,0.9405530095100403,1
authentic__26329,26329,/kaggle/input/competitions/recodai-luc-scientific-image-forgery-detection/train_images/authentic/26329.png,authentic,0,0,0.0,,374,0.002536349826388889,2.673796790728931e-10,2.673796790728931e-10,0.9260324239730835,1
authentic__26435,26435,/kaggle/input/competitions/recodai-luc-scientific-image-forgery-detection/train_images/authentic/26435.png,authentic,0,0,0.0,,0,0.0,1.0,1.0,0.12161237746477127,0
authentic__26492,26492,/kaggle/input/competitions/recodai-luc-scientific-image-forgery-detection/train_images/authentic/26492.png,authentic,0,0,0.0,,15138,0.1026611328125,6.6058924560271764e-12,6.6058924560271764e-12,0.9881979823112488,1
authentic__26730,26730,/kaggle/input/competitions/recodai-luc-scientific-image-forgery-detection/train_images/authentic/26730.png,authentic,0,0,0.0,,247,0.001675075954861111,4.0485829943123145e-10,4.0485829943123145e-10,0.8938521146774292,1
authentic__27061,27061,/kaggle/input/competitions/recodai-luc-scientific-image-forgery-detection/train_images/authentic/27061.png,authentic,0,0,0.0,,11115,0.07537841796875,8.996851102033316e-12,8.996851102033316e-12,0.9937333464622498,1
authentic__27195,27195,/kaggle/input/competitions/recodai-luc-scientific-image-forgery-detection/train_images/authentic/27195.png,authentic,0,0,0.0,,0,0.0,1.0,1.0,0.22454659640789032,0
authentic__27409,27409,/kaggle/input/competitions/recodai-luc-scientific-image-forgery-detection/train_images/authentic/27409.png,authentic,0,0,0.0,,311,0.002109103732638889,3.215434082567384e-10,3.215434082567384e-10,0.9774550199508667,1
authentic__27586,27586,/kaggle/input/competitions/recodai-luc-scientific-image-forgery-detection/train_images/authentic/27586.png,authentic,0,0,0.0,,1577,0.010694715711805556,6.341154089642286e-11,6.341154089642286e-11,0.9311129450798035,1
authentic__27694,27694,/kaggle/input/competitions/recodai-luc-scientific-image-forgery-detection/train_images/authentic/27694.png,authentic,0,0,0.0,,0,0.0,1.0,1.0,0.7612806558609009,1
authentic__27896,27896,/kaggle/input/competitions/recodai-luc-scientific-image-forgery-detection/train_images/authentic/27896.png,authentic,0,0,0.0,,215,0.0014580620659722222,4.6511627885343427e-10,4.6511627885343427e-10,0.9791120290756226,1
authentic__28014,28014,/kaggle/input/competitions/recodai-luc-scientific-image-forgery-detection/train_images/authentic/28014.png,authentic,0,0,0.0,,0,0.0,1.0,1.0,0.13283412158489227,0
authentic__28195,28195,/kaggle/input/competitions/recodai-luc-scientific-image-forgery-detection/train_images/authentic/28195.png,authentic,0,0,0.0,,2560,0.017361111111111112,3.9062499998474124e-11,3.9062499998474124e-11,0.9944369792938232,1
authentic__28245,28245,/kaggle/input/competitions/recodai-luc-scientific-image-forgery-detection/train_images/authentic/28245.png,authentic,0,0,0.0,,0,0.0,1.0,1.0,0.4029655456542969,0
authentic__28283,28283,/kaggle/input/competitions/recodai-luc-scientific-image-forgery-detection/train_images/authentic/28283.png,authentic,0,0,0.0,,7337,0.04975721571180555,1.3629548861746905e-11,1.3629548861746905e-11,0.9504626989364624,1
authentic__28412,28412,/kaggle/input/competitions/recodai-luc-scientific-image-forgery-detection/train_images/authentic/28412.png,authentic,0,0,0.0,,0,0.0,1.0,1.0,0.25994008779525757,0
authentic__28496,28496,/kaggle/input/competitions/recodai-luc-scientific-image-forgery-detection/train_images/authentic/28496.png,authentic,0,0,0.0,,896,0.006076388888888889,1.116071428446867e-10,1.116071428446867e-10,0.950310230255127,1
authentic__28878,28878,/kaggle/input/competitions/recodai-luc-scientific-image-forgery-detection/train_images/authentic/28878.png,authentic,0,0,0.0,,362,0.0024549696180555555,2.7624309384634165e-10,2.7624309384634165e-10,0.919919490814209,1
authentic__28928,28928,/kaggle/input/competitions/recodai-luc-scientific-image-forgery-detection/train_images/authentic/28928.png,authentic,0,0,0.0,,239,0.001620822482638889,4.1841004166593723e-10,4.1841004166593723e-10,0.9816336035728455,1
authentic__28965,28965,/kaggle/input/competitions/recodai-luc-scientific-image-forgery-detection/train_images/authentic/28965.png,authentic,0,0,0.0,,2677,0.018154568142361112,3.735524841100653e-11,3.735524841100653e-11,0.9279122352600098,1
authentic__29129,29129,/kaggle/input/competitions/recodai-luc-scientific-image-forgery-detection/train_images/authentic/29129.png,authentic,0,0,0.0,,2966,0.020114474826388888,3.371544167114918e-11,3.371544167114918e-11,0.9342790842056274,1
authentic__29229,29229,/kaggle/input/competitions/recodai-luc-scientific-image-forgery-detection/train_images/authentic/29229.png,authentic,0,0,0.0,,0,0.0,1.0,1.0,0.12550349533557892,0
authentic__29464,29464,/kaggle/input/competitions/recodai-luc-scientific-image-forgery-detection/train_images/authentic/29464.png,authentic,0,0,0.0,,1805,0.012240939670138888,5.540166204679215e-11,5.540166204679215e-11,0.9898118376731873,1
authentic__29482,29482,/kaggle/input/competitions/recodai-luc-scientific-image-forgery-detection/train_images/authentic/29482.png,authentic,0,0,0.0,,0,0.0,1.0,1.0,0.826453685760498,1
authentic__29593,29593,/kaggle/input/competitions/recodai-luc-scientific-image-forgery-detection/train_images/authentic/29593.png,authentic,0,0,0.0,,0,0.0,1.0,1.0,0.6099089980125427,1
authentic__29663,29663,/kaggle/input/competitions/recodai-luc-scientific-image-forgery-detection/train_images/authentic/29663.png,authentic,0,0,0.0,,0,0.0,1.0,1.0,0.8431680202484131,1
authentic__29736,29736,/kaggle/input/competitions/recodai-luc-scientific-image-forgery-detection/train_images/authentic/29736.png,authentic,0,0,0.0,,0,0.0,1.0,1.0,0.04116372764110565,0
authentic__298,298,/kaggle/input/competitions/recodai-luc-scientific-image-forgery-detection/train_images/authentic/298.png,authentic,0,0,0.0,,0,0.0,1.0,1.0,0.03371654078364372,0
authentic__30045,30045,/kaggle/input/competitions/recodai-luc-scientific-image-forgery-detection/train_images/authentic/30045.png,authentic,0,0,0.0,,4882,0.03310818142361111,2.0483408438744707e-11,2.0483408438744707e-11,0.9935216307640076,1
authentic__30217,30217,/kaggle/input/competitions/recodai-luc-scientific-image-forgery-detection/train_images/authentic/30217.png,authentic,0,0,0.0,,0,0.0,1.0,1.0,0.11359496414661407,0
authentic__30298,30298,/kaggle/input/competitions/recodai-luc-scientific-image-forgery-detection/train_images/authentic/30298.png,authentic,0,0,0.0,,0,0.0,1.0,1.0,0.8764874339103699,1
authentic__30354,30354,/kaggle/input/competitions/recodai-luc-scientific-image-forgery-detection/train_images/authentic/30354.png,authentic,0,0,0.0,,0,0.0,1.0,1.0,0.8294121623039246,1
authentic__3062,3062,/kaggle/input/competitions/recodai-luc-scientific-image-forgery-detection/train_images/authentic/3062.png,authentic,0,0,0.0,,0,0.0,1.0,1.0,0.8995358347892761,1
authentic__30715,30715,/kaggle/input/competitions/recodai-luc-scientific-image-forgery-detection/train_images/authentic/30715.png,authentic,0,0,0.0,,686,0.004652235243055556,1.4577259473093695e-10,1.4577259473093695e-10,0.918429970741272,1
authentic__30871,30871,/kaggle/input/competitions/recodai-luc-scientific-image-forgery-detection/train_images/authentic/30871.png,authentic,0,0,0.0,,876,0.005940755208333333,1.141552511285211e-10,1.141552511285211e-10,0.9672994017601013,1
authentic__31077,31077,/kaggle/input/competitions/recodai-luc-scientific-image-forgery-detection/train_images/authentic/31077.png,authentic,0,0,0.0,,1411,0.009568956163194444,7.087172217782624e-11,7.087172217782624e-11,0.9881680607795715,1
authentic__3110,3110,/kaggle/input/competitions/recodai-luc-scientific-image-forgery-detection/train_images/authentic/3110.png,authentic,0,0,0.0,,0,0.0,1.0,1.0,0.771690309047699,1
authentic__31218,31218,/kaggle/input/competitions/recodai-luc-scientific-image-forgery-detection/train_images/authentic/31218.png,authentic,0,0,0.0,,0,0.0,1.0,1.0,0.8425071835517883,1
authentic__31262,31262,/kaggle/input/competitions/recodai-luc-scientific-image-forgery-detection/train_images/authentic/31262.png,authentic,0,0,0.0,,0,0.0,1.0,1.0,0.7750985026359558,1
authentic__31336,31336,/kaggle/input/competitions/recodai-luc-scientific-image-forgery-detection/train_images/authentic/31336.png,authentic,0,0,0.0,,345,0.0023396809895833335,2.898550723797521e-10,2.898550723797521e-10,0.92668616771698,1
authentic__31468,31468,/kaggle/input/competitions/recodai-luc-scientific-image-forgery-detection/train_images/authentic/31468.png,authentic,0,0,0.0,,0,0.0,1.0,1.0,0.27919238805770874,0
authentic__31725,31725,/kaggle/input/competitions/recodai-luc-scientific-image-forgery-detection/train_images/authentic/31725.png,authentic,0,0,0.0,,21847,0.1481594509548611,4.577287499406887e-12,4.577287499406887e-12,0.9825882911682129,1
authentic__31834,31834,/kaggle/input/competitions/recodai-luc-scientific-image-forgery-detection/train_images/authentic/31834.png,authentic,0,0,0.0,,0,0.0,1.0,1.0,0.5019869804382324,0
authentic__31942,31942,/kaggle/input/competitions/recodai-luc-scientific-image-forgery-detection/train_images/authentic/31942.png,authentic,0,0,0.0,,1595,0.010816786024305556,6.269592476095949e-11,6.269592476095949e-11,0.990157425403595,1
authentic__32013,32013,/kaggle/input/competitions/recodai-luc-scientific-image-forgery-detection/train_images/authentic/32013.png,authentic,0,0,0.0,,495,0.00335693359375,2.0202020197938983e-10,2.0202020197938983e-10,0.9735316634178162,1
authentic__32139,32139,/kaggle/input/competitions/recodai-luc-scientific-image-forgery-detection/train_images/authentic/32139.png,authentic,0,0,0.0,,1159,0.007859971788194444,8.628127695545458e-11,8.628127695545458e-11,0.9230673313140869,1
authentic__3228,3228,/kaggle/input/competitions/recodai-luc-scientific-image-forgery-detection/train_images/authentic/3228.png,authentic,0,0,0.0,,0,0.0,1.0,1.0,0.045855987817049026,0
authentic__32398,32398,/kaggle/input/competitions/recodai-luc-scientific-image-forgery-detection/train_images/authentic/32398.png,authentic,0,0,0.0,,0,0.0,1.0,1.0,0.5031904578208923,0
authentic__32535,32535,/kaggle/input/competitions/recodai-luc-scientific-image-forgery-detection/train_images/authentic/32535.png,authentic,0,0,0.0,,3272,0.022189670138888888,3.0562347187330004e-11,3.0562347187330004e-11,0.9438348412513733,1
authentic__32722,32722,/kaggle/input/competitions/recodai-luc-scientific-image-forgery-detection/train_images/authentic/32722.png,authentic,0,0,0.0,,1176,0.007975260416666666,8.503401359821138e-11,8.503401359821138e-11,0.9181735515594482,1
authentic__32884,32884,/kaggle/input/competitions/recodai-luc-scientific-image-forgery-detection/train_images/authentic/32884.png,authentic,0,0,0.0,,513,0.00347900390625,1.9493177384114391e-10,1.9493177384114391e-10,0.8968119025230408,1
authentic__32973,32973,/kaggle/input/competitions/recodai-luc-scientific-image-forgery-detection/train_images/authentic/32973.png,authentic,0,0,0.0,,0,0.0,1.0,1.0,0.22142696380615234,0
authentic__33053,33053,/kaggle/input/competitions/recodai-luc-scientific-image-forgery-detection/train_images/authentic/33053.png,authentic,0,0,0.0,,0,0.0,1.0,1.0,0.720954954624176,1
authentic__33343,33343,/kaggle/input/competitions/recodai-luc-scientific-image-forgery-detection/train_images/authentic/33343.png,authentic,0,0,0.0,,0,0.0,1.0,1.0,0.0963863730430603,0
authentic__33580,33580,/kaggle/input/competitions/recodai-luc-scientific-image-forgery-detection/train_images/authentic/33580.png,authentic,0,0,0.0,,0,0.0,1.0,1.0,0.5980178713798523,1
authentic__33686,33686,/kaggle/input/competitions/recodai-luc-scientific-image-forgery-detection/train_images/authentic/33686.png,authentic,0,0,0.0,,14566,0.0987820095486111,6.8653027598045765e-12,6.8653027598045765e-12,0.9929814338684082,1
authentic__339,339,/kaggle/input/competitions/recodai-luc-scientific-image-forgery-detection/train_images/authentic/339.png,authentic,0,0,0.0,,0,0.0,1.0,1.0,0.06361493468284607,0
authentic__33985,33985,/kaggle/input/competitions/recodai-luc-scientific-image-forgery-detection/train_images/authentic/33985.png,authentic,0,0,0.0,,0,0.0,1.0,1.0,0.04837082698941231,0
authentic__34036,34036,/kaggle/input/competitions/recodai-luc-scientific-image-forgery-detection/train_images/authentic/34036.png,authentic,0,0,0.0,,3462,0.023478190104166668,2.888503754971447e-11,2.888503754971447e-11,0.9159851670265198,1
authentic__34211,34211,/kaggle/input/competitions/recodai-luc-scientific-image-forgery-detection/train_images/authentic/34211.png,authentic,0,0,0.0,,0,0.0,1.0,1.0,0.07946889847517014,0
authentic__34306,34306,/kaggle/input/competitions/recodai-luc-scientific-image-forgery-detection/train_images/authentic/34306.png,authentic,0,0,0.0,,0,0.0,1.0,1.0,0.7393724918365479,1
authentic__34415,34415,/kaggle/input/competitions/recodai-luc-scientific-image-forgery-detection/train_images/authentic/34415.png,authentic,0,0,0.0,,0,0.0,1.0,1.0,0.046690985560417175,0
authentic__34597,34597,/kaggle/input/competitions/recodai-luc-scientific-image-forgery-detection/train_images/authentic/34597.png,authentic,0,0,0.0,,13451,0.0912204318576389,7.434391495000859e-12,7.434391495000859e-12,0.9991360306739807,1
authentic__34824,34824,/kaggle/input/competitions/recodai-luc-scientific-image-forgery-detection/train_images/authentic/34824.png,authentic,0,0,0.0,,0,0.0,1.0,1.0,0.9415282607078552,1
authentic__34873,34873,/kaggle/input/competitions/recodai-luc-scientific-image-forgery-detection/train_images/authentic/34873.png,authentic,0,0,0.0,,17664,0.11979166666666667,5.661231884025921e-12,5.661231884025921e-12,0.997736930847168,1
authentic__35018,35018,/kaggle/input/competitions/recodai-luc-scientific-image-forgery-detection/train_images/authentic/35018.png,authentic,0,0,0.0,,161,0.0010918511284722222,6.211180120365727e-10,6.211180120365727e-10,0.9912611842155457,1
authentic__35127,35127,/kaggle/input/competitions/recodai-luc-scientific-image-forgery-detection/train_images/authentic/35127.png,authentic,0,0,0.0,,18622,0.1262885199652778,5.3699924819816875e-12,5.3699924819816875e-12,0.966921865940094,1
authentic__35222,35222,/kaggle/input/competitions/recodai-luc-scientific-image-forgery-detection/train_images/authentic/35222.png,authentic,0,0,0.0,,34601,0.2346530490451389,2.890089881786971e-12,2.890089881786971e-12,0.99454665184021,1
authentic__35378,35378,/kaggle/input/competitions/recodai-luc-scientific-image-forgery-detection/train_images/authentic/35378.png,authentic,0,0,0.0,,0,0.0,1.0,1.0,0.7497462630271912,1
authentic__35471,35471,/kaggle/input/competitions/recodai-luc-scientific-image-forgery-detection/train_images/authentic/35471.png,authentic,0,0,0.0,,0,0.0,1.0,1.0,0.9678661227226257,1
authentic__35586,35586,/kaggle/input/competitions/recodai-luc-scientific-image-forgery-detection/train_images/authentic/35586.png,authentic,0,0,0.0,,24033,0.16298421223958334,4.16094536677002e-12,4.16094536677002e-12,0.998415470123291,1
authentic__35715,35715,/kaggle/input/competitions/recodai-luc-scientific-image-forgery-detection/train_images/authentic/35715.png,authentic,0,0,0.0,,0,0.0,1.0,1.0,0.6486819982528687,1
authentic__35744,35744,/kaggle/input/competitions/recodai-luc-scientific-image-forgery-detection/train_images/authentic/35744.png,authentic,0,0,0.0,,0,0.0,1.0,1.0,0.6694325804710388,1
authentic__35885,35885,/kaggle/input/competitions/recodai-luc-scientific-image-forgery-detection/train_images/authentic/35885.png,authentic,0,0,0.0,,0,0.0,1.0,1.0,0.5584250688552856,0
authentic__36010,36010,/kaggle/input/competitions/recodai-luc-scientific-image-forgery-detection/train_images/authentic/36010.png,authentic,0,0,0.0,,0,0.0,1.0,1.0,0.7569054961204529,1
authentic__36190,36190,/kaggle/input/competitions/recodai-luc-scientific-image-forgery-detection/train_images/authentic/36190.png,authentic,0,0,0.0,,0,0.0,1.0,1.0,0.6970646381378174,1
authentic__36295,36295,/kaggle/input/competitions/recodai-luc-scientific-image-forgery-detection/train_images/authentic/36295.png,authentic,0,0,0.0,,0,0.0,1.0,1.0,0.029763618484139442,0
authentic__36390,36390,/kaggle/input/competitions/recodai-luc-scientific-image-forgery-detection/train_images/authentic/36390.png,authentic,0,0,0.0,,108,0.000732421875,9.259259250685871e-10,9.259259250685871e-10,0.8616437911987305,1
authentic__36453,36453,/kaggle/input/competitions/recodai-luc-scientific-image-forgery-detection/train_images/authentic/36453.png,authentic,0,0,0.0,,0,0.0,1.0,1.0,0.4869166612625122,0
authentic__36597,36597,/kaggle/input/competitions/recodai-luc-scientific-image-forgery-detection/train_images/authentic/36597.png,authentic,0,0,0.0,,275,0.001864963107638889,3.636363635041322e-10,3.636363635041322e-10,0.9118369221687317,1
authentic__36707,36707,/kaggle/input/competitions/recodai-luc-scientific-image-forgery-detection/train_images/authentic/36707.png,authentic,0,0,0.0,,250,0.0016954210069444445,3.9999999983999997e-10,3.9999999983999997e-10,0.9289706945419312,1
authentic__36746,36746,/kaggle/input/competitions/recodai-luc-scientific-image-forgery-detection/train_images/authentic/36746.png,authentic,0,0,0.0,,0,0.0,1.0,1.0,0.10923868417739868,0
authentic__36949,36949,/kaggle/input/competitions/recodai-luc-scientific-image-forgery-detection/train_images/authentic/36949.png,authentic,0,0,0.0,,7176,0.048665364583333336,1.393534002210235e-11,1.393534002210235e-11,0.9763056039810181,1
authentic__37076,37076,/kaggle/input/competitions/recodai-luc-scientific-image-forgery-detection/train_images/authentic/37076.png,authentic,0,0,0.0,,419,0.002841525607638889,2.386634844299132e-10,2.386634844299132e-10,0.9526320099830627,1
authentic__37149,37149,/kaggle/input/competitions/recodai-luc-scientific-image-forgery-detection/train_images/authentic/37149.png,authentic,0,0,0.0,,0,0.0,1.0,1.0,0.5309835076332092,0
authentic__37280,37280,/kaggle/input/competitions/recodai-luc-scientific-image-forgery-detection/train_images/authentic/37280.png,authentic,0,0,0.0,,0,0.0,1.0,1.0,0.9105342030525208,1
authentic__37400,37400,/kaggle/input/competitions/recodai-luc-scientific-image-forgery-detection/train_images/authentic/37400.png,authentic,0,0,0.0,,403,0.0027330186631944445,2.481389577548042e-10,2.481389577548042e-10,0.936037003993988,1
authentic__3751,3751,/kaggle/input/competitions/recodai-luc-scientific-image-forgery-detection/train_images/authentic/3751.png,authentic,0,0,0.0,,0,0.0,1.0,1.0,0.738271176815033,1
authentic__37586,37586,/kaggle/input/competitions/recodai-luc-scientific-image-forgery-detection/train_images/authentic/37586.png,authentic,0,0,0.0,,0,0.0,1.0,1.0,0.2782016396522522,0
authentic__37735,37735,/kaggle/input/competitions/recodai-luc-scientific-image-forgery-detection/train_images/authentic/37735.png,authentic,0,0,0.0,,0,0.0,1.0,1.0,0.23884688317775726,0
authentic__37817,37817,/kaggle/input/competitions/recodai-luc-scientific-image-forgery-detection/train_images/authentic/37817.png,authentic,0,0,0.0,,0,0.0,1.0,1.0,0.8522027730941772,1
authentic__37903,37903,/kaggle/input/competitions/recodai-luc-scientific-image-forgery-detection/train_images/authentic/37903.png,authentic,0,0,0.0,,0,0.0,1.0,1.0,0.7943052053451538,1
authentic__37942,37942,/kaggle/input/competitions/recodai-luc-scientific-image-forgery-detection/train_images/authentic/37942.png,authentic,0,0,0.0,,0,0.0,1.0,1.0,0.550428032875061,0
authentic__38034,38034,/kaggle/input/competitions/recodai-luc-scientific-image-forgery-detection/train_images/authentic/38034.png,authentic,0,0,0.0,,0,0.0,1.0,1.0,0.611108660697937,1
authentic__38136,38136,/kaggle/input/competitions/recodai-luc-scientific-image-forgery-detection/train_images/authentic/38136.png,authentic,0,0,0.0,,0,0.0,1.0,1.0,0.6297541260719299,1
authentic__38256,38256,/kaggle/input/competitions/recodai-luc-scientific-image-forgery-detection/train_images/authentic/38256.png,authentic,0,0,0.0,,107,0.0007256401909722222,9.345794383788977e-10,9.345794383788977e-10,0.9818192720413208,1
authentic__38294,38294,/kaggle/input/competitions/recodai-luc-scientific-image-forgery-detection/train_images/authentic/38294.png,authentic,0,0,0.0,,0,0.0,1.0,1.0,0.3306020200252533,0
authentic__38456,38456,/kaggle/input/competitions/recodai-luc-scientific-image-forgery-detection/train_images/authentic/38456.png,authentic,0,0,0.0,,0,0.0,1.0,1.0,0.8822599649429321,1
authentic__38486,38486,/kaggle/input/competitions/recodai-luc-scientific-image-forgery-detection/train_images/authentic/38486.png,authentic,0,0,0.0,,0,0.0,1.0,1.0,0.6176121830940247,1
authentic__38548,38548,/kaggle/input/competitions/recodai-luc-scientific-image-forgery-detection/train_images/authentic/38548.png,authentic,0,0,0.0,,0,0.0,1.0,1.0,0.4861181974411011,0
authentic__38633,38633,/kaggle/input/competitions/recodai-luc-scientific-image-forgery-detection/train_images/authentic/38633.png,authentic,0,0,0.0,,104,0.0007052951388888889,9.615384606139053e-10,9.615384606139053e-10,0.9923937320709229,1
authentic__38699,38699,/kaggle/input/competitions/recodai-luc-scientific-image-forgery-detection/train_images/authentic/38699.png,authentic,0,0,0.0,,2196,0.014892578125,4.5537340617234187e-11,4.5537340617234187e-11,0.9698987603187561,1
authentic__38913,38913,/kaggle/input/competitions/recodai-luc-scientific-image-forgery-detection/train_images/authentic/38913.png,authentic,0,0,0.0,,0,0.0,1.0,1.0,0.029760092496871948,0
authentic__39099,39099,/kaggle/input/competitions/recodai-luc-scientific-image-forgery-detection/train_images/authentic/39099.png,authentic,0,0,0.0,,1248,0.008463541666666666,8.012820512178459e-11,8.012820512178459e-11,0.9902089834213257,1
authentic__39299,39299,/kaggle/input/competitions/recodai-luc-scientific-image-forgery-detection/train_images/authentic/39299.png,authentic,0,0,0.0,,16848,0.1142578125,5.935422602054039e-12,5.935422602054039e-12,0.9886333346366882,1
authentic__39366,39366,/kaggle/input/competitions/recodai-luc-scientific-image-forgery-detection/train_images/authentic/39366.png,authentic,0,0,0.0,,101,0.0006849500868055555,9.90099008920694e-10,9.90099008920694e-10,0.8892932534217834,1
authentic__39625,39625,/kaggle/input/competitions/recodai-luc-scientific-image-forgery-detection/train_images/authentic/39625.png,authentic,0,0,0.0,,357,0.0024210611979166665,2.8011204473946436e-10,2.8011204473946436e-10,0.9460945725440979,1
authentic__39737,39737,/kaggle/input/competitions/recodai-luc-scientific-image-forgery-detection/train_images/authentic/39737.png,authentic,0,0,0.0,,0,0.0,1.0,1.0,0.06659004837274551,0
authentic__39875,39875,/kaggle/input/competitions/recodai-luc-scientific-image-forgery-detection/train_images/authentic/39875.png,authentic,0,0,0.0,,11192,0.0759006076388889,8.934953538161766e-12,8.934953538161766e-12,0.9964963793754578,1
authentic__39944,39944,/kaggle/input/competitions/recodai-luc-scientific-image-forgery-detection/train_images/authentic/39944.png,authentic,0,0,0.0,,343,0.002326117621527778,2.9154518941937455e-10,2.9154518941937455e-10,0.9825266003608704,1
authentic__40033,40033,/kaggle/input/competitions/recodai-luc-scientific-image-forgery-detection/train_images/authentic/40033.png,authentic,0,0,0.0,,7543,0.051154242621527776,1.3257324671705458e-11,1.3257324671705458e-11,0.9832898378372192,1
authentic__4022,4022,/kaggle/input/competitions/recodai-luc-scientific-image-forgery-detection/train_images/authentic/4022.png,authentic,0,0,0.0,,0,0.0,1.0,1.0,0.6458972692489624,1
authentic__40298,40298,/kaggle/input/competitions/recodai-luc-scientific-image-forgery-detection/train_images/authentic/40298.png,authentic,0,0,0.0,,0,0.0,1.0,1.0,0.22815649211406708,0
authentic__40349,40349,/kaggle/input/competitions/recodai-luc-scientific-image-forgery-detection/train_images/authentic/40349.png,authentic,0,0,0.0,,0,0.0,1.0,1.0,0.8983938694000244,1
authentic__40373,40373,/kaggle/input/competitions/recodai-luc-scientific-image-forgery-detection/train_images/authentic/40373.png,authentic,0,0,0.0,,0,0.0,1.0,1.0,0.27430883049964905,0
authentic__4045,4045,/kaggle/input/competitions/recodai-luc-scientific-image-forgery-detection/train_images/authentic/4045.png,authentic,0,0,0.0,,0,0.0,1.0,1.0,0.7990726828575134,1
authentic__40519,40519,/kaggle/input/competitions/recodai-luc-scientific-image-forgery-detection/train_images/authentic/40519.png,authentic,0,0,0.0,,0,0.0,1.0,1.0,0.846117377281189,1
authentic__40728,40728,/kaggle/input/competitions/recodai-luc-scientific-image-forgery-detection/train_images/authentic/40728.png,authentic,0,0,0.0,,203,0.001376681857638889,4.926108371957582e-10,4.926108371957582e-10,0.994595468044281,1
authentic__40828,40828,/kaggle/input/competitions/recodai-luc-scientific-image-forgery-detection/train_images/authentic/40828.png,authentic,0,0,0.0,,0,0.0,1.0,1.0,0.4132829010486603,0
authentic__40919,40919,/kaggle/input/competitions/recodai-luc-scientific-image-forgery-detection/train_images/authentic/40919.png,authentic,0,0,0.0,,0,0.0,1.0,1.0,0.081544890999794,0
authentic__40974,40974,/kaggle/input/competitions/recodai-luc-scientific-image-forgery-detection/train_images/authentic/40974.png,authentic,0,0,0.0,,128,0.0008680555555555555,7.812499993896484e-10,7.812499993896484e-10,0.8958235383033752,1
authentic__41024,41024,/kaggle/input/competitions/recodai-luc-scientific-image-forgery-detection/train_images/authentic/41024.png,authentic,0,0,0.0,,2409,0.016337076822916668,4.151100041338684e-11,4.151100041338684e-11,0.9963705539703369,1
authentic__41080,41080,/kaggle/input/competitions/recodai-luc-scientific-image-forgery-detection/train_images/authentic/41080.png,authentic,0,0,0.0,,0,0.0,1.0,1.0,0.040588244795799255,0
authentic__41171,41171,/kaggle/input/competitions/recodai-luc-scientific-image-forgery-detection/train_images/authentic/41171.png,authentic,0,0,0.0,,0,0.0,1.0,1.0,0.774071455001831,1
authentic__41255,41255,/kaggle/input/competitions/recodai-luc-scientific-image-forgery-detection/train_images/authentic/41255.png,authentic,0,0,0.0,,0,0.0,1.0,1.0,0.5319408774375916,0
authentic__414,414,/kaggle/input/competitions/recodai-luc-scientific-image-forgery-detection/train_images/authentic/414.png,authentic,0,0,0.0,,25641,0.17388916015625,3.90000389998869e-12,3.90000389998869e-12,0.982577383518219,1
authentic__41517,41517,/kaggle/input/competitions/recodai-luc-scientific-image-forgery-detection/train_images/authentic/41517.png,authentic,0,0,0.0,,6550,0.04442003038194445,1.5267175572285996e-11,1.5267175572285996e-11,0.9997182488441467,1
authentic__41600,41600,/kaggle/input/competitions/recodai-luc-scientific-image-forgery-detection/train_images/authentic/41600.png,authentic,0,0,0.0,,15968,0.10828993055555555,6.26252505006098e-12,6.26252505006098e-12,0.9936023354530334,1
authentic__41697,41697,/kaggle/input/competitions/recodai-luc-scientific-image-forgery-detection/train_images/authentic/41697.png,authentic,0,0,0.0,,1311,0.008890787760416666,7.627765064254175e-11,7.627765064254175e-11,0.9148035049438477,1
authentic__41830,41830,/kaggle/input/competitions/recodai-luc-scientific-image-forgery-detection/train_images/authentic/41830.png,authentic,0,0,0.0,,0,0.0,1.0,1.0,0.21106088161468506,0
authentic__41895,41895,/kaggle/input/competitions/recodai-luc-scientific-image-forgery-detection/train_images/authentic/41895.png,authentic,0,0,0.0,,0,0.0,1.0,1.0,0.8906291723251343,1
authentic__42035,42035,/kaggle/input/competitions/recodai-luc-scientific-image-forgery-detection/train_images/authentic/42035.png,authentic,0,0,0.0,,0,0.0,1.0,1.0,0.08870921283960342,0
authentic__4222,4222,/kaggle/input/competitions/recodai-luc-scientific-image-forgery-detection/train_images/authentic/4222.png,authentic,0,0,0.0,,7946,0.053887261284722224,1.2584948401553172e-11,1.2584948401553172e-11,0.9233270287513733,1
authentic__42289,42289,/kaggle/input/competitions/recodai-luc-scientific-image-forgery-detection/train_images/authentic/42289.png,authentic,0,0,0.0,,0,0.0,1.0,1.0,0.709671139717102,1
authentic__42385,42385,/kaggle/input/competitions/recodai-luc-scientific-image-forgery-detection/train_images/authentic/42385.png,authentic,0,0,0.0,,0,0.0,1.0,1.0,0.5741457343101501,0
authentic__42461,42461,/kaggle/input/competitions/recodai-luc-scientific-image-forgery-detection/train_images/authentic/42461.png,authentic,0,0,0.0,,0,0.0,1.0,1.0,0.01696675457060337,0
authentic__42632,42632,/kaggle/input/competitions/recodai-luc-scientific-image-forgery-detection/train_images/authentic/42632.png,authentic,0,0,0.0,,0,0.0,1.0,1.0,0.40128540992736816,0
authentic__42742,42742,/kaggle/input/competitions/recodai-luc-scientific-image-forgery-detection/train_images/authentic/42742.png,authentic,0,0,0.0,,1489,0.010097927517361112,6.715916722181604e-11,6.715916722181604e-11,0.9842892289161682,1
authentic__42832,42832,/kaggle/input/competitions/recodai-luc-scientific-image-forgery-detection/train_images/authentic/42832.png,authentic,0,0,0.0,,7292,0.04945203993055555,1.3713658803980887e-11,1.3713658803980887e-11,0.9707008004188538,1
authentic__43085,43085,/kaggle/input/competitions/recodai-luc-scientific-image-forgery-detection/train_images/authentic/43085.png,authentic,0,0,0.0,,0,0.0,1.0,1.0,0.8099039793014526,1
authentic__43142,43142,/kaggle/input/competitions/recodai-luc-scientific-image-forgery-detection/train_images/authentic/43142.png,authentic,0,0,0.0,,0,0.0,1.0,1.0,0.6745254993438721,1
authentic__4321,4321,/kaggle/input/competitions/recodai-luc-scientific-image-forgery-detection/train_images/authentic/4321.png,authentic,0,0,0.0,,0,0.0,1.0,1.0,0.21899022161960602,0
authentic__43285,43285,/kaggle/input/competitions/recodai-luc-scientific-image-forgery-detection/train_images/authentic/43285.png,authentic,0,0,0.0,,0,0.0,1.0,1.0,0.6368508338928223,1
authentic__43368,43368,/kaggle/input/competitions/recodai-luc-scientific-image-forgery-detection/train_images/authentic/43368.png,authentic,0,0,0.0,,0,0.0,1.0,1.0,0.3537246286869049,0
authentic__43610,43610,/kaggle/input/competitions/recodai-luc-scientific-image-forgery-detection/train_images/authentic/43610.png,authentic,0,0,0.0,,119,0.0008070203993055555,8.403361337476167e-10,8.403361337476167e-10,0.9971179962158203,1
authentic__4371,4371,/kaggle/input/competitions/recodai-luc-scientific-image-forgery-detection/train_images/authentic/4371.png,authentic,0,0,0.0,,4520,0.030653211805555556,2.2123893804820268e-11,2.2123893804820268e-11,0.9921736717224121,1
authentic__43810,43810,/kaggle/input/competitions/recodai-luc-scientific-image-forgery-detection/train_images/authentic/43810.png,authentic,0,0,0.0,,902,0.006117078993055556,1.1086474499879548e-10,1.1086474499879548e-10,0.9968442916870117,1
authentic__43915,43915,/kaggle/input/competitions/recodai-luc-scientific-image-forgery-detection/train_images/authentic/43915.png,authentic,0,0,0.0,,0,0.0,1.0,1.0,0.7963666915893555,1
authentic__44311,44311,/kaggle/input/competitions/recodai-luc-scientific-image-forgery-detection/train_images/authentic/44311.png,authentic,0,0,0.0,,0,0.0,1.0,1.0,0.9181127548217773,1
authentic__44420,44420,/kaggle/input/competitions/recodai-luc-scientific-image-forgery-detection/train_images/authentic/44420.png,authentic,0,0,0.0,,112,0.0007595486111111111,8.92857142059949e-10,8.92857142059949e-10,0.9255818128585815,1
authentic__44622,44622,/kaggle/input/competitions/recodai-luc-scientific-image-forgery-detection/train_images/authentic/44622.png,authentic,0,0,0.0,,4905,0.03326416015625,2.0387359836485478e-11,2.0387359836485478e-11,0.9337298274040222,1
authentic__44666,44666,/kaggle/input/competitions/recodai-luc-scientific-image-forgery-detection/train_images/authentic/44666.png,authentic,0,0,0.0,,0,0.0,1.0,1.0,0.07610886543989182,0
authentic__45004,45004,/kaggle/input/competitions/recodai-luc-scientific-image-forgery-detection/train_images/authentic/45004.png,authentic,0,0,0.0,,1437,0.009745279947916666,6.958942240295132e-11,6.958942240295132e-11,0.9328023195266724,1
authentic__45133,45133,/kaggle/input/competitions/recodai-luc-scientific-image-forgery-detection/train_images/authentic/45133.png,authentic,0,0,0.0,,1009,0.006842719184027778,9.910802774042537e-11,9.910802774042537e-11,0.9799405932426453,1
authentic__45182,45182,/kaggle/input/competitions/recodai-luc-scientific-image-forgery-detection/train_images/authentic/45182.png,authentic,0,0,0.0,,1830,0.012410481770833334,5.464480874018334e-11,5.464480874018334e-11,0.9924250841140747,1
authentic__45310,45310,/kaggle/input/competitions/recodai-luc-scientific-image-forgery-detection/train_images/authentic/45310.png,authentic,0,0,0.0,,500,0.003390842013888889,1.9999999995999998e-10,1.9999999995999998e-10,0.9940189123153687,1
authentic__45381,45381,/kaggle/input/competitions/recodai-luc-scientific-image-forgery-detection/train_images/authentic/45381.png,authentic,0,0,0.0,,0,0.0,1.0,1.0,0.6566539406776428,1
authentic__45536,45536,/kaggle/input/competitions/recodai-luc-scientific-image-forgery-detection/train_images/authentic/45536.png,authentic,0,0,0.0,,0,0.0,1.0,1.0,0.8652792572975159,1
authentic__45620,45620,/kaggle/input/competitions/recodai-luc-scientific-image-forgery-detection/train_images/authentic/45620.png,authentic,0,0,0.0,,5446,0.036933051215277776,1.8362100623974253e-11,1.8362100623974253e-11,0.9939913153648376,1
authentic__45767,45767,/kaggle/input/competitions/recodai-luc-scientific-image-forgery-detection/train_images/authentic/45767.png,authentic,0,0,0.0,,0,0.0,1.0,1.0,0.3473779559135437,0
authentic__45878,45878,/kaggle/input/competitions/recodai-luc-scientific-image-forgery-detection/train_images/authentic/45878.png,authentic,0,0,0.0,,22509,0.15264892578125,4.442667377473709e-12,4.442667377473709e-12,0.9945967197418213,1
authentic__45958,45958,/kaggle/input/competitions/recodai-luc-scientific-image-forgery-detection/train_images/authentic/45958.png,authentic,0,0,0.0,,0,0.0,1.0,1.0,0.40002861618995667,0
authentic__46106,46106,/kaggle/input/competitions/recodai-luc-scientific-image-forgery-detection/train_images/authentic/46106.png,authentic,0,0,0.0,,0,0.0,1.0,1.0,0.6445800065994263,1
authentic__46206,46206,/kaggle/input/competitions/recodai-luc-scientific-image-forgery-detection/train_images/authentic/46206.png,authentic,0,0,0.0,,0,0.0,1.0,1.0,0.43995222449302673,0
authentic__46309,46309,/kaggle/input/competitions/recodai-luc-scientific-image-forgery-detection/train_images/authentic/46309.png,authentic,0,0,0.0,,0,0.0,1.0,1.0,0.6299489140510559,1
authentic__46366,46366,/kaggle/input/competitions/recodai-luc-scientific-image-forgery-detection/train_images/authentic/46366.png,authentic,0,0,0.0,,7675,0.05204942491319445,1.302931596074229e-11,1.302931596074229e-11,0.9549660682678223,1
authentic__46698,46698,/kaggle/input/competitions/recodai-luc-scientific-image-forgery-detection/train_images/authentic/46698.png,authentic,0,0,0.0,,0,0.0,1.0,1.0,0.3136989176273346,0
authentic__46849,46849,/kaggle/input/competitions/recodai-luc-scientific-image-forgery-detection/train_images/authentic/46849.png,authentic,0,0,0.0,,0,0.0,1.0,1.0,0.8701704144477844,1
authentic__46907,46907,/kaggle/input/competitions/recodai-luc-scientific-image-forgery-detection/train_images/authentic/46907.png,authentic,0,0,0.0,,7778,0.05274793836805555,1.2856775520534112e-11,1.2856775520534112e-11,0.9800316095352173,1
authentic__46969,46969,/kaggle/input/competitions/recodai-luc-scientific-image-forgery-detection/train_images/authentic/46969.png,authentic,0,0,0.0,,752,0.005099826388888889,1.3297872338657199e-10,1.3297872338657199e-10,0.9864853620529175,1
authentic__47069,47069,/kaggle/input/competitions/recodai-luc-scientific-image-forgery-detection/train_images/authentic/47069.png,authentic,0,0,0.0,,0,0.0,1.0,1.0,0.7226095795631409,1
authentic__47151,47151,/kaggle/input/competitions/recodai-luc-scientific-image-forgery-detection/train_images/authentic/47151.png,authentic,0,0,0.0,,0,0.0,1.0,1.0,0.9896396398544312,1
authentic__4740,4740,/kaggle/input/competitions/recodai-luc-scientific-image-forgery-detection/train_images/authentic/4740.png,authentic,0,0,0.0,,0,0.0,1.0,1.0,0.03255897015333176,0
authentic__47441,47441,/kaggle/input/competitions/recodai-luc-scientific-image-forgery-detection/train_images/authentic/47441.png,authentic,0,0,0.0,,0,0.0,1.0,1.0,0.5954866409301758,1
authentic__47770,47770,/kaggle/input/competitions/recodai-luc-scientific-image-forgery-detection/train_images/authentic/47770.png,authentic,0,0,0.0,,2051,0.013909233940972222,4.875670404442922e-11,4.875670404442922e-11,0.9820191860198975,1
authentic__47916,47916,/kaggle/input/competitions/recodai-luc-scientific-image-forgery-detection/train_images/authentic/47916.png,authentic,0,0,0.0,,0,0.0,1.0,1.0,0.7491790056228638,1
authentic__48113,48113,/kaggle/input/competitions/recodai-luc-scientific-image-forgery-detection/train_images/authentic/48113.png,authentic,0,0,0.0,,962,0.006523980034722222,1.0395010393929833e-10,1.0395010393929833e-10,0.9836775064468384,1
authentic__48207,48207,/kaggle/input/competitions/recodai-luc-scientific-image-forgery-detection/train_images/authentic/48207.png,authentic,0,0,0.0,,912,0.006184895833333333,1.0964912279499462e-10,1.0964912279499462e-10,0.9303634166717529,1
authentic__48272,48272,/kaggle/input/competitions/recodai-luc-scientific-image-forgery-detection/train_images/authentic/48272.png,authentic,0,0,0.0,,21921,0.14866129557291666,4.561835682657899e-12,4.561835682657899e-12,0.9905611872673035,1
authentic__4845,4845,/kaggle/input/competitions/recodai-luc-scientific-image-forgery-detection/train_images/authentic/4845.png,authentic,0,0,0.0,,184,0.001247829861111111,5.434782605741966e-10,5.434782605741966e-10,0.9278602004051208,1
authentic__4865,4865,/kaggle/input/competitions/recodai-luc-scientific-image-forgery-detection/train_images/authentic/4865.png,authentic,0,0,0.0,,0,0.0,1.0,1.0,0.6868428587913513,1
authentic__48718,48718,/kaggle/input/competitions/recodai-luc-scientific-image-forgery-detection/train_images/authentic/48718.png,authentic,0,0,0.0,,0,0.0,1.0,1.0,0.6189284324645996,1
authentic__48836,48836,/kaggle/input/competitions/recodai-luc-scientific-image-forgery-detection/train_images/authentic/48836.png,authentic,0,0,0.0,,219,0.0014851888020833333,4.566210043577073e-10,4.566210043577073e-10,0.8800017833709717,1
authentic__48981,48981,/kaggle/input/competitions/recodai-luc-scientific-image-forgery-detection/train_images/authentic/48981.png,authentic,0,0,0.0,,0,0.0,1.0,1.0,0.15313711762428284,0
authentic__49042,49042,/kaggle/input/competitions/recodai-luc-scientific-image-forgery-detection/train_images/authentic/49042.png,authentic,0,0,0.0,,0,0.0,1.0,1.0,0.8353660702705383,1
authentic__49233,49233,/kaggle/input/competitions/recodai-luc-scientific-image-forgery-detection/train_images/authentic/49233.png,authentic,0,0,0.0,,291,0.0019734700520833335,3.436426115657585e-10,3.436426115657585e-10,0.9915592074394226,1
authentic__49506,49506,/kaggle/input/competitions/recodai-luc-scientific-image-forgery-detection/train_images/authentic/49506.png,authentic,0,0,0.0,,113,0.0007663302951388889,8.849557514292427e-10,8.849557514292427e-10,0.9086406826972961,1
authentic__4957,4957,/kaggle/input/competitions/recodai-luc-scientific-image-forgery-detection/train_images/authentic/4957.png,authentic,0,0,0.0,,5121,0.03472900390625,1.9527436047265623e-11,1.9527436047265623e-11,0.9466460347175598,1
authentic__49711,49711,/kaggle/input/competitions/recodai-luc-scientific-image-forgery-detection/train_images/authentic/49711.png,authentic,0,0,0.0,,916,0.006212022569444444,1.0917030566493774e-10,1.0917030566493774e-10,0.955403745174408,1
authentic__4992,4992,/kaggle/input/competitions/recodai-luc-scientific-image-forgery-detection/train_images/authentic/4992.png,authentic,0,0,0.0,,0,0.0,1.0,1.0,0.7638940811157227,1
authentic__49982,49982,/kaggle/input/competitions/recodai-luc-scientific-image-forgery-detection/train_images/authentic/49982.png,authentic,0,0,0.0,,410,0.002780490451388889,2.439024389649018e-10,2.439024389649018e-10,0.8874030113220215,1
authentic__50069,50069,/kaggle/input/competitions/recodai-luc-scientific-image-forgery-detection/train_images/authentic/50069.png,authentic,0,0,0.0,,0,0.0,1.0,1.0,0.9784626960754395,1
authentic__50158,50158,/kaggle/input/competitions/recodai-luc-scientific-image-forgery-detection/train_images/authentic/50158.png,authentic,0,0,0.0,,24731,0.1677178276909722,4.043508147652567e-12,4.043508147652567e-12,0.9894441962242126,1
authentic__50255,50255,/kaggle/input/competitions/recodai-luc-scientific-image-forgery-detection/train_images/authentic/50255.png,authentic,0,0,0.0,,1948,0.013210720486111112,5.1334702256091646e-11,5.1334702256091646e-11,0.9555607438087463,1
authentic__50311,50311,/kaggle/input/competitions/recodai-luc-scientific-image-forgery-detection/train_images/authentic/50311.png,authentic,0,0,0.0,,0,0.0,1.0,1.0,0.6582514643669128,1
authentic__50419,50419,/kaggle/input/competitions/recodai-luc-scientific-image-forgery-detection/train_images/authentic/50419.png,authentic,0,0,0.0,,0,0.0,1.0,1.0,0.05518322065472603,0
authentic__50539,50539,/kaggle/input/competitions/recodai-luc-scientific-image-forgery-detection/train_images/authentic/50539.png,authentic,0,0,0.0,,845,0.005730523003472222,1.1834319525226707e-10,1.1834319525226707e-10,0.9684120416641235,1
authentic__50636,50636,/kaggle/input/competitions/recodai-luc-scientific-image-forgery-detection/train_images/authentic/50636.png,authentic,0,0,0.0,,0,0.0,1.0,1.0,0.9474630951881409,1
authentic__50690,50690,/kaggle/input/competitions/recodai-luc-scientific-image-forgery-detection/train_images/authentic/50690.png,authentic,0,0,0.0,,0,0.0,1.0,1.0,0.3311805725097656,0
authentic__5080,5080,/kaggle/input/competitions/recodai-luc-scientific-image-forgery-detection/train_images/authentic/5080.png,authentic,0,0,0.0,,0,0.0,1.0,1.0,0.1716071367263794,0
authentic__50907,50907,/kaggle/input/competitions/recodai-luc-scientific-image-forgery-detection/train_images/authentic/50907.png,authentic,0,0,0.0,,0,0.0,1.0,1.0,0.714718222618103,1
authentic__50983,50983,/kaggle/input/competitions/recodai-luc-scientific-image-forgery-detection/train_images/authentic/50983.png,authentic,0,0,0.0,,0,0.0,1.0,1.0,0.43667832016944885,0
authentic__51069,51069,/kaggle/input/competitions/recodai-luc-scientific-image-forgery-detection/train_images/authentic/51069.png,authentic,0,0,0.0,,5550,0.037638346354166664,1.801801801769337e-11,1.801801801769337e-11,0.9859887361526489,1
authentic__51165,51165,/kaggle/input/competitions/recodai-luc-scientific-image-forgery-detection/train_images/authentic/51165.png,authentic,0,0,0.0,,0,0.0,1.0,1.0,0.2592567503452301,0
authentic__51227,51227,/kaggle/input/competitions/recodai-luc-scientific-image-forgery-detection/train_images/authentic/51227.png,authentic,0,0,0.0,,2999,0.020338270399305556,3.334444814827128e-11,3.334444814827128e-11,0.9887771010398865,1
authentic__5130,5130,/kaggle/input/competitions/recodai-luc-scientific-image-forgery-detection/train_images/authentic/5130.png,authentic,0,0,0.0,,0,0.0,1.0,1.0,0.25470298528671265,0
authentic__51345,51345,/kaggle/input/competitions/recodai-luc-scientific-image-forgery-detection/train_images/authentic/51345.png,authentic,0,0,0.0,,601,0.004075792100694444,1.6638935105384537e-10,1.6638935105384537e-10,0.9622253179550171,1
authentic__51552,51552,/kaggle/input/competitions/recodai-luc-scientific-image-forgery-detection/train_images/authentic/51552.png,authentic,0,0,0.0,,0,0.0,1.0,1.0,0.013852778822183609,0
authentic__51718,51718,/kaggle/input/competitions/recodai-luc-scientific-image-forgery-detection/train_images/authentic/51718.png,authentic,0,0,0.0,,0,0.0,1.0,1.0,0.8172464966773987,1
authentic__51927,51927,/kaggle/input/competitions/recodai-luc-scientific-image-forgery-detection/train_images/authentic/51927.png,authentic,0,0,0.0,,0,0.0,1.0,1.0,0.7949948906898499,1
authentic__52050,52050,/kaggle/input/competitions/recodai-luc-scientific-image-forgery-detection/train_images/authentic/52050.png,authentic,0,0,0.0,,1182,0.008015950520833334,8.460236885917069e-11,8.460236885917069e-11,0.9362359046936035,1
authentic__5220,5220,/kaggle/input/competitions/recodai-luc-scientific-image-forgery-detection/train_images/authentic/5220.png,authentic,0,0,0.0,,3083,0.020907931857638888,3.243593901938255e-11,3.243593901938255e-11,0.9468629360198975,1
authentic__52298,52298,/kaggle/input/competitions/recodai-luc-scientific-image-forgery-detection/train_images/authentic/52298.png,authentic,0,0,0.0,,2527,0.017137315538194444,3.957261574833508e-11,3.957261574833508e-11,0.9656868577003479,1
authentic__52396,52396,/kaggle/input/competitions/recodai-luc-scientific-image-forgery-detection/train_images/authentic/52396.png,authentic,0,0,0.0,,0,0.0,1.0,1.0,0.3946574330329895,0
authentic__52590,52590,/kaggle/input/competitions/recodai-luc-scientific-image-forgery-detection/train_images/authentic/52590.png,authentic,0,0,0.0,,0,0.0,1.0,1.0,0.6705812811851501,1
authentic__5270,5270,/kaggle/input/competitions/recodai-luc-scientific-image-forgery-detection/train_images/authentic/5270.png,authentic,0,0,0.0,,12015,0.08148193359375,8.322929671175006e-12,8.322929671175006e-12,0.9691823124885559,1
authentic__52798,52798,/kaggle/input/competitions/recodai-luc-scientific-image-forgery-detection/train_images/authentic/52798.png,authentic,0,0,0.0,,2574,0.0174560546875,3.8850038848529527e-11,3.8850038848529527e-11,0.9743006825447083,1
authentic__52927,52927,/kaggle/input/competitions/recodai-luc-scientific-image-forgery-detection/train_images/authentic/52927.png,authentic,0,0,0.0,,0,0.0,1.0,1.0,0.7034125924110413,1
authentic__53118,53118,/kaggle/input/competitions/recodai-luc-scientific-image-forgery-detection/train_images/authentic/53118.png,authentic,0,0,0.0,,418,0.002834743923611111,2.392344497035324e-10,2.392344497035324e-10,0.9272707104682922,1
authentic__53248,53248,/kaggle/input/competitions/recodai-luc-scientific-image-forgery-detection/train_images/authentic/53248.png,authentic,0,0,0.0,,4266,0.0289306640625,2.3441162681119523e-11,2.3441162681119523e-11,0.9834277033805847,1
authentic__53404,53404,/kaggle/input/competitions/recodai-luc-scientific-image-forgery-detection/train_images/authentic/53404.png,authentic,0,0,0.0,,0,0.0,1.0,1.0,0.047354236245155334,0
authentic__53527,53527,/kaggle/input/competitions/recodai-luc-scientific-image-forgery-detection/train_images/authentic/53527.png,authentic,0,0,0.0,,29065,0.1971096462673611,3.4405642525255784e-12,3.4405642525255784e-12,0.9556850790977478,1
authentic__53675,53675,/kaggle/input/competitions/recodai-luc-scientific-image-forgery-detection/train_images/authentic/53675.png,authentic,0,0,0.0,,0,0.0,1.0,1.0,0.6020012497901917,1
authentic__5385,5385,/kaggle/input/competitions/recodai-luc-scientific-image-forgery-detection/train_images/authentic/5385.png,authentic,0,0,0.0,,293,0.001987033420138889,3.412969282111614e-10,3.412969282111614e-10,0.8913449645042419,1
authentic__54000,54000,/kaggle/input/competitions/recodai-luc-scientific-image-forgery-detection/train_images/authentic/54000.png,authentic,0,0,0.0,,26150,0.1773410373263889,3.824091778188053e-12,3.824091778188053e-12,0.9836156964302063,1
authentic__54152,54152,/kaggle/input/competitions/recodai-luc-scientific-image-forgery-detection/train_images/authentic/54152.png,authentic,0,0,0.0,,1632,0.011067708333333334,6.1274509800167e-11,6.1274509800167e-11,0.9354498386383057,1
authentic__54527,54527,/kaggle/input/competitions/recodai-luc-scientific-image-forgery-detection/train_images/authentic/54527.png,authentic,0,0,0.0,,0,0.0,1.0,1.0,0.8064122796058655,1
authentic__54553,54553,/kaggle/input/competitions/recodai-luc-scientific-image-forgery-detection/train_images/authentic/54553.png,authentic,0,0,0.0,,457,0.0030992296006944445,2.18818380696101e-10,2.18818380696101e-10,0.9702134132385254,1
authentic__54710,54710,/kaggle/input/competitions/recodai-luc-scientific-image-forgery-detection/train_images/authentic/54710.png,authentic,0,0,0.0,,170,0.0011528862847222222,5.882352937716263e-10,5.882352937716263e-10,0.8707364797592163,1
authentic__54790,54790,/kaggle/input/competitions/recodai-luc-scientific-image-forgery-detection/train_images/authentic/54790.png,authentic,0,0,0.0,,1464,0.009928385416666666,6.830601092429603e-11,6.830601092429603e-11,0.9933314919471741,1
authentic__54945,54945,/kaggle/input/competitions/recodai-luc-scientific-image-forgery-detection/train_images/authentic/54945.png,authentic,0,0,0.0,,0,0.0,1.0,1.0,0.18535663187503815,0
authentic__55025,55025,/kaggle/input/competitions/recodai-luc-scientific-image-forgery-detection/train_images/authentic/55025.png,authentic,0,0,0.0,,0,0.0,1.0,1.0,0.670773446559906,1
authentic__55072,55072,/kaggle/input/competitions/recodai-luc-scientific-image-forgery-detection/train_images/authentic/55072.png,authentic,0,0,0.0,,0,0.0,1.0,1.0,0.014907708391547203,0
authentic__55175,55175,/kaggle/input/competitions/recodai-luc-scientific-image-forgery-detection/train_images/authentic/55175.png,authentic,0,0,0.0,,0,0.0,1.0,1.0,0.7100293636322021,1
authentic__55291,55291,/kaggle/input/competitions/recodai-luc-scientific-image-forgery-detection/train_images/authentic/55291.png,authentic,0,0,0.0,,0,0.0,1.0,1.0,0.6082718968391418,1
authentic__55541,55541,/kaggle/input/competitions/recodai-luc-scientific-image-forgery-detection/train_images/authentic/55541.png,authentic,0,0,0.0,,0,0.0,1.0,1.0,0.3258254826068878,0
authentic__55651,55651,/kaggle/input/competitions/recodai-luc-scientific-image-forgery-detection/train_images/authentic/55651.png,authentic,0,0,0.0,,1180,0.008002387152777778,8.474576270468256e-11,8.474576270468256e-11,0.8857287764549255,1
authentic__55695,55695,/kaggle/input/competitions/recodai-luc-scientific-image-forgery-detection/train_images/authentic/55695.png,authentic,0,0,0.0,,0,0.0,1.0,1.0,0.748162567615509,1
authentic__55790,55790,/kaggle/input/competitions/recodai-luc-scientific-image-forgery-detection/train_images/authentic/55790.png,authentic,0,0,0.0,,5761,0.039069281684027776,1.735809755220694e-11,1.735809755220694e-11,0.9607324004173279,1
authentic__56127,56127,/kaggle/input/competitions/recodai-luc-scientific-image-forgery-detection/train_images/authentic/56127.png,authentic,0,0,0.0,,0,0.0,1.0,1.0,0.6879011392593384,1
authentic__5626,5626,/kaggle/input/competitions/recodai-luc-scientific-image-forgery-detection/train_images/authentic/5626.png,authentic,0,0,0.0,,2686,0.018215603298611112,3.7230081904794115e-11,3.7230081904794115e-11,0.9641857743263245,1
authentic__56311,56311,/kaggle/input/competitions/recodai-luc-scientific-image-forgery-detection/train_images/authentic/56311.png,authentic,0,0,0.0,,144,0.0009765625,6.944444439621914e-10,6.944444439621914e-10,0.9669647812843323,1
authentic__56515,56515,/kaggle/input/competitions/recodai-luc-scientific-image-forgery-detection/train_images/authentic/56515.png,authentic,0,0,0.0,,0,0.0,1.0,1.0,0.693679690361023,1
authentic__56589,56589,/kaggle/input/competitions/recodai-luc-scientific-image-forgery-detection/train_images/authentic/56589.png,authentic,0,0,0.0,,0,0.0,1.0,1.0,0.1853404939174652,0
authentic__56723,56723,/kaggle/input/competitions/recodai-luc-scientific-image-forgery-detection/train_images/authentic/56723.png,authentic,0,0,0.0,,0,0.0,1.0,1.0,0.1771937906742096,0
authentic__56793,56793,/kaggle/input/competitions/recodai-luc-scientific-image-forgery-detection/train_images/authentic/56793.png,authentic,0,0,0.0,,0,0.0,1.0,1.0,0.8775014281272888,1
authentic__569,569,/kaggle/input/competitions/recodai-luc-scientific-image-forgery-detection/train_images/authentic/569.png,authentic,0,0,0.0,,15434,0.10466851128472222,6.479201762300899e-12,6.479201762300899e-12,0.9846411347389221,1
authentic__56997,56997,/kaggle/input/competitions/recodai-luc-scientific-image-forgery-detection/train_images/authentic/56997.png,authentic,0,0,0.0,,0,0.0,1.0,1.0,0.42328107357025146,0
authentic__57085,57085,/kaggle/input/competitions/recodai-luc-scientific-image-forgery-detection/train_images/authentic/57085.png,authentic,0,0,0.0,,0,0.0,1.0,1.0,0.9751619100570679,1
authentic__57239,57239,/kaggle/input/competitions/recodai-luc-scientific-image-forgery-detection/train_images/authentic/57239.png,authentic,0,0,0.0,,0,0.0,1.0,1.0,0.5558840036392212,0
authentic__57328,57328,/kaggle/input/competitions/recodai-luc-scientific-image-forgery-detection/train_images/authentic/57328.png,authentic,0,0,0.0,,0,0.0,1.0,1.0,0.2467062920331955,0
authentic__57505,57505,/kaggle/input/competitions/recodai-luc-scientific-image-forgery-detection/train_images/authentic/57505.png,authentic,0,0,0.0,,248,0.001681857638888889,4.0322580628902185e-10,4.0322580628902185e-10,0.9738885760307312,1
authentic__57643,57643,/kaggle/input/competitions/recodai-luc-scientific-image-forgery-detection/train_images/authentic/57643.png,authentic,0,0,0.0,,0,0.0,1.0,1.0,0.04186192527413368,0
authentic__5772,5772,/kaggle/input/competitions/recodai-luc-scientific-image-forgery-detection/train_images/authentic/5772.png,authentic,0,0,0.0,,1960,0.013292100694444444,5.102040816066222e-11,5.102040816066222e-11,0.9919845461845398,1
authentic__57927,57927,/kaggle/input/competitions/recodai-luc-scientific-image-forgery-detection/train_images/authentic/57927.png,authentic,0,0,0.0,,20598,0.13968912760416666,4.8548402757313574e-12,4.8548402757313574e-12,0.9771783351898193,1
authentic__58081,58081,/kaggle/input/competitions/recodai-luc-scientific-image-forgery-detection/train_images/authentic/58081.png,authentic,0,0,0.0,,12745,0.08643256293402778,7.846214201586141e-12,7.846214201586141e-12,0.9894582033157349,1
authentic__58338,58338,/kaggle/input/competitions/recodai-luc-scientific-image-forgery-detection/train_images/authentic/58338.png,authentic,0,0,0.0,,15227,0.10326470269097222,6.567281802018997e-12,6.567281802018997e-12,0.9985742568969727,1
authentic__58510,58510,/kaggle/input/competitions/recodai-luc-scientific-image-forgery-detection/train_images/authentic/58510.png,authentic,0,0,0.0,,3023,0.020501030815972224,3.3079722129239835e-11,3.3079722129239835e-11,0.9786553382873535,1
authentic__58697,58697,/kaggle/input/competitions/recodai-luc-scientific-image-forgery-detection/train_images/authentic/58697.png,authentic,0,0,0.0,,0,0.0,1.0,1.0,0.8257675766944885,1
authentic__58782,58782,/kaggle/input/competitions/recodai-luc-scientific-image-forgery-detection/train_images/authentic/58782.png,authentic,0,0,0.0,,2290,0.015530056423611112,4.3668122268835455e-11,4.3668122268835455e-11,0.9852828979492188,1
authentic__58955,58955,/kaggle/input/competitions/recodai-luc-scientific-image-forgery-detection/train_images/authentic/58955.png,authentic,0,0,0.0,,1229,0.008334689670138888,8.136696500558445e-11,8.136696500558445e-11,0.9845569133758545,1
authentic__59148,59148,/kaggle/input/competitions/recodai-luc-scientific-image-forgery-detection/train_images/authentic/59148.png,authentic,0,0,0.0,,250,0.0016954210069444445,3.9999999983999997e-10,3.9999999983999997e-10,0.887597918510437,1
authentic__59255,59255,/kaggle/input/competitions/recodai-luc-scientific-image-forgery-detection/train_images/authentic/59255.png,authentic,0,0,0.0,,0,0.0,1.0,1.0,0.7062553763389587,1
authentic__59375,59375,/kaggle/input/competitions/recodai-luc-scientific-image-forgery-detection/train_images/authentic/59375.png,authentic,0,0,0.0,,0,0.0,1.0,1.0,0.3311805725097656,0
authentic__59453,59453,/kaggle/input/competitions/recodai-luc-scientific-image-forgery-detection/train_images/authentic/59453.png,authentic,0,0,0.0,,1312,0.008897569444444444,7.621951218931253e-11,7.621951218931253e-11,0.90834641456604,1
authentic__59617,59617,/kaggle/input/competitions/recodai-luc-scientific-image-forgery-detection/train_images/authentic/59617.png,authentic,0,0,0.0,,28221,0.19138590494791666,3.543460543554291e-12,3.543460543554291e-12,0.9915067553520203,1
authentic__59840,59840,/kaggle/input/competitions/recodai-luc-scientific-image-forgery-detection/train_images/authentic/59840.png,authentic,0,0,0.0,,629,0.004265679253472222,1.5898251189841295e-10,1.5898251189841295e-10,0.8981958627700806,1
authentic__59951,59951,/kaggle/input/competitions/recodai-luc-scientific-image-forgery-detection/train_images/authentic/59951.png,authentic,0,0,0.0,,0,0.0,1.0,1.0,0.043405063450336456,0
authentic__60046,60046,/kaggle/input/competitions/recodai-luc-scientific-image-forgery-detection/train_images/authentic/60046.png,authentic,0,0,0.0,,196,0.0013292100694444445,5.102040813723449e-10,5.102040813723449e-10,0.9073840975761414,1
authentic__6011,6011,/kaggle/input/competitions/recodai-luc-scientific-image-forgery-detection/train_images/authentic/6011.png,authentic,0,0,0.0,,7975,0.054083930121527776,1.2539184952820826e-11,1.2539184952820826e-11,0.9899616241455078,1
authentic__60195,60195,/kaggle/input/competitions/recodai-luc-scientific-image-forgery-detection/train_images/authentic/60195.png,authentic,0,0,0.0,,823,0.005581325954861111,1.2150668285279383e-10,1.2150668285279383e-10,0.9174876809120178,1
authentic__60340,60340,/kaggle/input/competitions/recodai-luc-scientific-image-forgery-detection/train_images/authentic/60340.png,authentic,0,0,0.0,,0,0.0,1.0,1.0,0.3383708596229553,0
authentic__60457,60457,/kaggle/input/competitions/recodai-luc-scientific-image-forgery-detection/train_images/authentic/60457.png,authentic,0,0,0.0,,0,0.0,1.0,1.0,0.06508110463619232,0
authentic__6060,6060,/kaggle/input/competitions/recodai-luc-scientific-image-forgery-detection/train_images/authentic/6060.png,authentic,0,0,0.0,,0,0.0,1.0,1.0,0.0869852751493454,0
authentic__60829,60829,/kaggle/input/competitions/recodai-luc-scientific-image-forgery-detection/train_images/authentic/60829.png,authentic,0,0,0.0,,0,0.0,1.0,1.0,0.8655334115028381,1
authentic__60986,60986,/kaggle/input/competitions/recodai-luc-scientific-image-forgery-detection/train_images/authentic/60986.png,authentic,0,0,0.0,,2387,0.016187879774305556,4.189359027893198e-11,4.189359027893198e-11,0.9924561977386475,1
authentic__6103,6103,/kaggle/input/competitions/recodai-luc-scientific-image-forgery-detection/train_images/authentic/6103.png,authentic,0,0,0.0,,0,0.0,1.0,1.0,0.04349004104733467,0
authentic__61270,61270,/kaggle/input/competitions/recodai-luc-scientific-image-forgery-detection/train_images/authentic/61270.png,authentic,0,0,0.0,,0,0.0,1.0,1.0,0.776350200176239,1
authentic__61355,61355,/kaggle/input/competitions/recodai-luc-scientific-image-forgery-detection/train_images/authentic/61355.png,authentic,0,0,0.0,,0,0.0,1.0,1.0,0.8634312152862549,1
authentic__61566,61566,/kaggle/input/competitions/recodai-luc-scientific-image-forgery-detection/train_images/authentic/61566.png,authentic,0,0,0.0,,0,0.0,1.0,1.0,0.5713467001914978,0
authentic__61883,61883,/kaggle/input/competitions/recodai-luc-scientific-image-forgery-detection/train_images/authentic/61883.png,authentic,0,0,0.0,,1156,0.007839626736111112,8.650519030393553e-11,8.650519030393553e-11,0.9003410339355469,1
authentic__61997,61997,/kaggle/input/competitions/recodai-luc-scientific-image-forgery-detection/train_images/authentic/61997.png,authentic,0,0,0.0,,9843,0.06675211588541667,1.0159504216091033e-11,1.0159504216091033e-11,0.9786139130592346,1
authentic__6212,6212,/kaggle/input/competitions/recodai-luc-scientific-image-forgery-detection/train_images/authentic/6212.png,authentic,0,0,0.0,,0,0.0,1.0,1.0,0.7865767478942871,1
authentic__62249,62249,/kaggle/input/competitions/recodai-luc-scientific-image-forgery-detection/train_images/authentic/62249.png,authentic,0,0,0.0,,0,0.0,1.0,1.0,0.8299490809440613,1
authentic__62330,62330,/kaggle/input/competitions/recodai-luc-scientific-image-forgery-detection/train_images/authentic/62330.png,authentic,0,0,0.0,,398,0.0026991102430555555,2.5125628134390544e-10,2.5125628134390544e-10,0.9932275414466858,1
authentic__62519,62519,/kaggle/input/competitions/recodai-luc-scientific-image-forgery-detection/train_images/authentic/62519.png,authentic,0,0,0.0,,31937,0.2165866427951389,3.131164480060334e-12,3.131164480060334e-12,0.9985142350196838,1
authentic__62793,62793,/kaggle/input/competitions/recodai-luc-scientific-image-forgery-detection/train_images/authentic/62793.png,authentic,0,0,0.0,,1425,0.009663899739583334,7.017543859156663e-11,7.017543859156663e-11,0.958396852016449,1
authentic__63046,63046,/kaggle/input/competitions/recodai-luc-scientific-image-forgery-detection/train_images/authentic/63046.png,authentic,0,0,0.0,,0,0.0,1.0,1.0,0.6701463460922241,1
authentic__63117,63117,/kaggle/input/competitions/recodai-luc-scientific-image-forgery-detection/train_images/authentic/63117.png,authentic,0,0,0.0,,783,0.00531005859375,1.2771392080105825e-10,1.2771392080105825e-10,0.958895206451416,1
authentic__63245,63245,/kaggle/input/competitions/recodai-luc-scientific-image-forgery-detection/train_images/authentic/63245.png,authentic,0,0,0.0,,5589,0.03790283203125,1.7892288423369256e-11,1.7892288423369256e-11,0.9149057269096375,1
authentic__633,633,/kaggle/input/competitions/recodai-luc-scientific-image-forgery-detection/train_images/authentic/633.png,authentic,0,0,0.0,,759,0.005147298177083333,1.3175230564799048e-10,1.3175230564799048e-10,0.9948590993881226,1
authentic__63355,63355,/kaggle/input/competitions/recodai-luc-scientific-image-forgery-detection/train_images/authentic/63355.png,authentic,0,0,0.0,,0,0.0,1.0,1.0,0.9811990261077881,1
authentic__63427,63427,/kaggle/input/competitions/recodai-luc-scientific-image-forgery-detection/train_images/authentic/63427.png,authentic,0,0,0.0,,1206,0.0081787109375,8.291873962828202e-11,8.291873962828202e-11,0.9423362016677856,1
authentic__63654,63654,/kaggle/input/competitions/recodai-luc-scientific-image-forgery-detection/train_images/authentic/63654.png,authentic,0,0,0.0,,0,0.0,1.0,1.0,0.4834160804748535,0
authentic__63713,63713,/kaggle/input/competitions/recodai-luc-scientific-image-forgery-detection/train_images/authentic/63713.png,authentic,0,0,0.0,,9470,0.06422254774305555,1.0559662090701586e-11,1.0559662090701586e-11,0.9701454639434814,1
authentic__63834,63834,/kaggle/input/competitions/recodai-luc-scientific-image-forgery-detection/train_images/authentic/63834.png,authentic,0,0,0.0,,4550,0.030856662326388888,2.1978021977538944e-11,2.1978021977538944e-11,0.9749302268028259,1
authentic__63947,63947,/kaggle/input/competitions/recodai-luc-scientific-image-forgery-detection/train_images/authentic/63947.png,authentic,0,0,0.0,,0,0.0,1.0,1.0,0.15376943349838257,0
authentic__6407,6407,/kaggle/input/competitions/recodai-luc-scientific-image-forgery-detection/train_images/authentic/6407.png,authentic,0,0,0.0,,1051,0.007127549913194444,9.514747858276426e-11,9.514747858276426e-11,0.9932345747947693,1
authentic__64128,64128,/kaggle/input/competitions/recodai-luc-scientific-image-forgery-detection/train_images/authentic/64128.png,authentic,0,0,0.0,,0,0.0,1.0,1.0,0.03094462677836418,0
authentic__6419,6419,/kaggle/input/competitions/recodai-luc-scientific-image-forgery-detection/train_images/authentic/6419.png,authentic,0,0,0.0,,102,0.0006917317708333334,9.803921559015764e-10,9.803921559015764e-10,0.8733533024787903,1
authentic__64245,64245,/kaggle/input/competitions/recodai-luc-scientific-image-forgery-detection/train_images/authentic/64245.png,authentic,0,0,0.0,,0,0.0,1.0,1.0,0.683462381362915,1
authentic__64289,64289,/kaggle/input/competitions/recodai-luc-scientific-image-forgery-detection/train_images/authentic/64289.png,authentic,0,0,0.0,,0,0.0,1.0,1.0,0.6860644817352295,1
authentic__64391,64391,/kaggle/input/competitions/recodai-luc-scientific-image-forgery-detection/train_images/authentic/64391.png,authentic,0,0,0.0,,0,0.0,1.0,1.0,0.8271223902702332,1
authentic__6454,6454,/kaggle/input/competitions/recodai-luc-scientific-image-forgery-detection/train_images/authentic/6454.png,authentic,0,0,0.0,,1594,0.010810004340277778,6.273525721061886e-11,6.273525721061886e-11,0.9889292120933533,1
authentic__64717,64717,/kaggle/input/competitions/recodai-luc-scientific-image-forgery-detection/train_images/authentic/64717.png,authentic,0,0,0.0,,0,0.0,1.0,1.0,0.7755383849143982,1
authentic__64773,64773,/kaggle/input/competitions/recodai-luc-scientific-image-forgery-detection/train_images/authentic/64773.png,authentic,0,0,0.0,,489,0.0033162434895833335,2.0449897746329263e-10,2.0449897746329263e-10,0.9512088298797607,1
authentic__64941,64941,/kaggle/input/competitions/recodai-luc-scientific-image-forgery-detection/train_images/authentic/64941.png,authentic,0,0,0.0,,953,0.006462944878472222,1.0493179432267242e-10,1.0493179432267242e-10,0.9451246857643127,1
authentic__6508,6508,/kaggle/input/competitions/recodai-luc-scientific-image-forgery-detection/train_images/authentic/6508.png,authentic,0,0,0.0,,0,0.0,1.0,1.0,0.10031810402870178,0
authentic__65214,65214,/kaggle/input/competitions/recodai-luc-scientific-image-forgery-detection/train_images/authentic/65214.png,authentic,0,0,0.0,,0,0.0,1.0,1.0,0.8623480796813965,1
authentic__65399,65399,/kaggle/input/competitions/recodai-luc-scientific-image-forgery-detection/train_images/authentic/65399.png,authentic,0,0,0.0,,125,0.0008477105034722222,7.9999999936e-10,7.9999999936e-10,0.958480715751648,1
authentic__65532,65532,/kaggle/input/competitions/recodai-luc-scientific-image-forgery-detection/train_images/authentic/65532.png,authentic,0,0,0.0,,0,0.0,1.0,1.0,0.7307000756263733,1
authentic__6618,6618,/kaggle/input/competitions/recodai-luc-scientific-image-forgery-detection/train_images/authentic/6618.png,authentic,0,0,0.0,,335,0.0022718641493055555,2.9850746259746044e-10,2.9850746259746044e-10,0.9198790788650513,1
authentic__6696,6696,/kaggle/input/competitions/recodai-luc-scientific-image-forgery-detection/train_images/authentic/6696.png,authentic,0,0,0.0,,673,0.004564073350694444,1.4858841008193338e-10,1.4858841008193338e-10,0.9427921175956726,1
authentic__6800,6800,/kaggle/input/competitions/recodai-luc-scientific-image-forgery-detection/train_images/authentic/6800.png,authentic,0,0,0.0,,0,0.0,1.0,1.0,0.4958558678627014,0
authentic__7004,7004,/kaggle/input/competitions/recodai-luc-scientific-image-forgery-detection/train_images/authentic/7004.png,authentic,0,0,0.0,,419,0.002841525607638889,2.386634844299132e-10,2.386634844299132e-10,0.9938865303993225,1
authentic__7130,7130,/kaggle/input/competitions/recodai-luc-scientific-image-forgery-detection/train_images/authentic/7130.png,authentic,0,0,0.0,,0,0.0,1.0,1.0,0.23830357193946838,0
authentic__7279,7279,/kaggle/input/competitions/recodai-luc-scientific-image-forgery-detection/train_images/authentic/7279.png,authentic,0,0,0.0,,0,0.0,1.0,1.0,0.5526837706565857,0
authentic__7411,7411,/kaggle/input/competitions/recodai-luc-scientific-image-forgery-detection/train_images/authentic/7411.png,authentic,0,0,0.0,,0,0.0,1.0,1.0,0.2923080027103424,0
authentic__7498,7498,/kaggle/input/competitions/recodai-luc-scientific-image-forgery-detection/train_images/authentic/7498.png,authentic,0,0,0.0,,230,0.001559787326388889,4.3478260850661626e-10,4.3478260850661626e-10,0.9771939516067505,1
authentic__7610,7610,/kaggle/input/competitions/recodai-luc-scientific-image-forgery-detection/train_images/authentic/7610.png,authentic,0,0,0.0,,0,0.0,1.0,1.0,0.6778094172477722,1
authentic__770,770,/kaggle/input/competitions/recodai-luc-scientific-image-forgery-detection/train_images/authentic/770.png,authentic,0,0,0.0,,1384,0.009385850694444444,7.225433525489491e-11,7.225433525489491e-11,0.9849807024002075,1
authentic__7715,7715,/kaggle/input/competitions/recodai-luc-scientific-image-forgery-detection/train_images/authentic/7715.png,authentic,0,0,0.0,,0,0.0,1.0,1.0,0.025510534644126892,0
authentic__7771,7771,/kaggle/input/competitions/recodai-luc-scientific-image-forgery-detection/train_images/authentic/7771.png,authentic,0,0,0.0,,408,0.0027669270833333335,2.450980391556132e-10,2.450980391556132e-10,0.937542200088501,1
authentic__7972,7972,/kaggle/input/competitions/recodai-luc-scientific-image-forgery-detection/train_images/authentic/7972.png,authentic,0,0,0.0,,0,0.0,1.0,1.0,0.5677433013916016,0
authentic__8074,8074,/kaggle/input/competitions/recodai-luc-scientific-image-forgery-detection/train_images/authentic/8074.png,authentic,0,0,0.0,,0,0.0,1.0,1.0,0.12374237179756165,0
authentic__8130,8130,/kaggle/input/competitions/recodai-luc-scientific-image-forgery-detection/train_images/authentic/8130.png,authentic,0,0,0.0,,1107,0.00750732421875,9.033423666753981e-11,9.033423666753981e-11,0.9626412391662598,1
authentic__8259,8259,/kaggle/input/competitions/recodai-luc-scientific-image-forgery-detection/train_images/authentic/8259.png,authentic,0,0,0.0,,0,0.0,1.0,1.0,0.5833294987678528,0
authentic__8388,8388,/kaggle/input/competitions/recodai-luc-scientific-image-forgery-detection/train_images/authentic/8388.png,authentic,0,0,0.0,,0,0.0,1.0,1.0,0.6900207996368408,1
authentic__8481,8481,/kaggle/input/competitions/recodai-luc-scientific-image-forgery-detection/train_images/authentic/8481.png,authentic,0,0,0.0,,0,0.0,1.0,1.0,0.8744965195655823,1
authentic__8678,8678,/kaggle/input/competitions/recodai-luc-scientific-image-forgery-detection/train_images/authentic/8678.png,authentic,0,0,0.0,,0,0.0,1.0,1.0,0.544762134552002,0
authentic__8733,8733,/kaggle/input/competitions/recodai-luc-scientific-image-forgery-detection/train_images/authentic/8733.png,authentic,0,0,0.0,,22086,0.1497802734375,4.527755138981582e-12,4.527755138981582e-12,0.995172917842865,1
authentic__8874,8874,/kaggle/input/competitions/recodai-luc-scientific-image-forgery-detection/train_images/authentic/8874.png,authentic,0,0,0.0,,29057,0.1970553927951389,3.441511511844163e-12,3.441511511844163e-12,0.980162501335144,1
authentic__9568,9568,/kaggle/input/competitions/recodai-luc-scientific-image-forgery-detection/train_images/authentic/9568.png,authentic,0,0,0.0,,0,0.0,1.0,1.0,0.05850028246641159,0
authentic__9849,9849,/kaggle/input/competitions/recodai-luc-scientific-image-forgery-detection/train_images/authentic/9849.png,authentic,0,0,0.0,,0,0.0,1.0,1.0,0.08548236638307571,0
authentic__9977,9977,/kaggle/input/competitions/recodai-luc-scientific-image-forgery-detection/train_images/authentic/9977.png,authentic,0,0,0.0,,0,0.0,1.0,1.0,0.7437646389007568,1
forged__10,10,/kaggle/input/competitions/recodai-luc-scientific-image-forgery-detection/train_images/forged/10.png,forged,1,413,0.002800835503472222,Q1,7365,0.049947102864583336,1.2856775520534112e-11,1.2856775520534112e-11,0.9631601572036743,1
forged__1008,1008,/kaggle/input/competitions/recodai-luc-scientific-image-forgery-detection/train_images/forged/1008.png,forged,1,8990,0.060967339409722224,Q3,5393,0.03657362196180555,0.47027741083591545,0.3074265975883335,0.9469196796417236,1
forged__10176,10176,/kaggle/input/competitions/recodai-luc-scientific-image-forgery-detection/train_images/forged/10176.png,forged,1,21585,0.14638264973958334,Q4,28852,0.19566514756944445,0.814798659714466,0.687476998227818,0.999846339225769,1
forged__10296,10296,/kaggle/input/competitions/recodai-luc-scientific-image-forgery-detection/train_images/forged/10296.png,forged,1,12758,0.0865207248263889,Q1,11537,0.07824028862847222,0.0692323523397027,0.03585742304495669,0.9858148097991943,1
forged__10408,10408,/kaggle/input/competitions/recodai-luc-scientific-image-forgery-detection/train_images/forged/10408.png,forged,1,13170,0.08931477864583333,Q2,19399,0.1315578884548611,0.7636095673807498,0.6176119996045614,0.9998711347579956,1
forged__10458,10458,/kaggle/input/competitions/recodai-luc-scientific-image-forgery-detection/train_images/forged/10458.png,forged,1,8835,0.059916178385416664,Q2,18608,0.1261935763888889,0.4423714608481494,0.2840031815875918,0.9998773336410522,1
forged__10632,10632,/kaggle/input/competitions/recodai-luc-scientific-image-forgery-detection/train_images/forged/10632.png,forged,1,733,0.004970974392361111,Q1,1296,0.0087890625,0.6466239527034685,0.4777858703949172,0.9871408939361572,1
forged__10742,10742,/kaggle/input/competitions/recodai-luc-scientific-image-forgery-detection/train_images/forged/10742.png,forged,1,757,0.005133734809027778,Q1,1692,0.011474609375,0.4099632503303404,0.25783256295542717,0.9961060881614685,1
forged__10878,10878,/kaggle/input/competitions/recodai-luc-scientific-image-forgery-detection/train_images/forged/10878.png,forged,1,4751,0.032219780815972224,Q2,8669,0.05879041883680555,0.5847988077527213,0.4132266217416467,0.9992280006408691,1
forged__10951,10951,/kaggle/input/competitions/recodai-luc-scientific-image-forgery-detection/train_images/forged/10951.png,forged,1,7376,0.05002170138888889,Q2,8064,0.0546875,0.9349740932646698,0.8778885915850414,0.9988700747489929,1
forged__1101,1101,/kaggle/input/competitions/recodai-luc-scientific-image-forgery-detection/train_images/forged/1101.png,forged,1,230,0.001559787326388889,Q2,0,0.0,4.3478260850661626e-10,4.3478260850661626e-10,0.9056779146194458,1
forged__11206,11206,/kaggle/input/competitions/recodai-luc-scientific-image-forgery-detection/train_images/forged/11206.png,forged,1,15263,0.10350884331597222,Q4,19827,0.13446044921875,0.7192362496445733,0.5615682435158135,0.9998528957366943,1
forged__11277,11277,/kaggle/input/competitions/recodai-luc-scientific-image-forgery-detection/train_images/forged/11277.png,forged,1,473,0.003207736545138889,Q2,0,0.0,2.11416490441561e-10,2.11416490441561e-10,0.9923127293586731,1
forged__11356,11356,/kaggle/input/competitions/recodai-luc-scientific-image-forgery-detection/train_images/forged/11356.png,forged,1,5323,0.03609890407986111,Q1,4380,0.029703776041666668,0.5272596104346361,0.3580125962301188,0.9929383397102356,1
forged__1143,1143,/kaggle/input/competitions/recodai-luc-scientific-image-forgery-detection/train_images/forged/1143.png,forged,1,883,0.005988226996527778,Q2,0,0.0,1.1325028311288218e-10,1.1325028311288218e-10,0.39299458265304565,0
forged__11513,11513,/kaggle/input/competitions/recodai-luc-scientific-image-forgery-detection/train_images/forged/11513.png,forged,1,5955,0.040384928385416664,Q2,4783,0.03243679470486111,0.5028869435695391,0.3359044538525018,0.9973490238189697,1
forged__11662,11662,/kaggle/input/competitions/recodai-luc-scientific-image-forgery-detection/train_images/forged/11662.png,forged,1,1062,0.0072021484375,Q1,2077,0.014085557725694444,0.28352978657905287,0.16518188570285147,0.9981794357299805,1
forged__11740,11740,/kaggle/input/competitions/recodai-luc-scientific-image-forgery-detection/train_images/forged/11740.png,forged,1,346,0.002346462673611111,Q1,0,0.0,2.890173409569314e-10,2.890173409569314e-10,0.7391224503517151,1
forged__11854,11854,/kaggle/input/competitions/recodai-luc-scientific-image-forgery-detection/train_images/forged/11854.png,forged,1,948,0.006429036458333333,Q3,456,0.0030924479166666665,0.6111111111388097,0.44000000005743595,0.9945532083511353,1
forged__11964,11964,/kaggle/input/competitions/recodai-luc-scientific-image-forgery-detection/train_images/forged/11964.png,forged,1,7671,0.052022298177083336,Q2,12936,0.08772786458333333,0.6015431649458847,0.4301478242804487,0.9897148013114929,1
forged__12025,12025,/kaggle/input/competitions/recodai-luc-scientific-image-forgery-detection/train_images/forged/12025.png,forged,1,11938,0.0809597439236111,Q4,1160,0.007866753472222222,7.634753397406971e-12,7.634753397406971e-12,0.9684550166130066,1
forged__12073,12073,/kaggle/input/competitions/recodai-luc-scientific-image-forgery-detection/train_images/forged/12073.png,forged,1,601,0.004075792100694444,Q1,1212,0.008219401041666666,0.6629895201509658,0.4958745875003403,0.9878278970718384,1
forged__12150,12150,/kaggle/input/competitions/recodai-luc-scientific-image-forgery-detection/train_images/forged/12150.png,forged,1,2631,0.017842610677083332,Q2,0,0.0,3.8008361838160075e-11,3.8008361838160075e-11,0.9714295864105225,1
forged__12262,12262,/kaggle/input/competitions/recodai-luc-scientific-image-forgery-detection/train_images/forged/12262.png,forged,1,2267,0.015374077690972222,Q1,5291,0.035881890190972224,0.3612066684392537,0.2204101404937767,0.9830052256584167,1
forged__12300,12300,/kaggle/input/competitions/recodai-luc-scientific-image-forgery-detection/train_images/forged/12300.png,forged,1,1096,0.007432725694444444,Q1,607,0.004116482204861111,0.5531415149998155,0.3823051948553324,0.991081953048706,1
forged__12364,12364,/kaggle/input/competitions/recodai-luc-scientific-image-forgery-detection/train_images/forged/12364.png,forged,1,8474,0.05746799045138889,Q3,8981,0.060906304253472224,0.9386422228591312,0.8843787110020039,0.9990856647491455,1
forged__12446,12446,/kaggle/input/competitions/recodai-luc-scientific-image-forgery-detection/train_images/forged/12446.png,forged,1,2297,0.015577528211805556,Q1,1367,0.009270562065972222,0.4699781659533303,0.30717088835864537,0.9776291847229004,1
forged__12572,12572,/kaggle/input/competitions/recodai-luc-scientific-image-forgery-detection/train_images/forged/12572.png,forged,1,1785,0.012105305989583334,Q4,718,0.004869249131944444,0.552936476246387,0.3821093318949691,0.9979009628295898,1
forged__12629,12629,/kaggle/input/competitions/recodai-luc-scientific-image-forgery-detection/train_images/forged/12629.png,forged,1,577,0.003913031684027778,Q1,354,0.0024007161458333335,1.0741138559533712e-10,1.0741138559533712e-10,0.9085113406181335,1
forged__12793,12793,/kaggle/input/competitions/recodai-luc-scientific-image-forgery-detection/train_images/forged/12793.png,forged,1,16194,0.10982259114583333,Q4,25103,0.17024061414930555,0.7701285807691355,0.6261862571387038,0.9998663663864136,1
forged__12879,12879,/kaggle/input/competitions/recodai-luc-scientific-image-forgery-detection/train_images/forged/12879.png,forged,1,11613,0.07875569661458333,Q3,1709,0.011589898003472222,0.25656808287602034,0.1471626625407116,0.9249529242515564,1
forged__13020,13020,/kaggle/input/competitions/recodai-luc-scientific-image-forgery-detection/train_images/forged/13020.png,forged,1,21576,0.14632161458333334,Q2,26853,0.18210856119791666,0.83970348345033,0.723697323463398,0.9990664124488831,1
forged__13123,13123,/kaggle/input/competitions/recodai-luc-scientific-image-forgery-detection/train_images/forged/13123.png,forged,1,384,0.0026041666666666665,Q1,2671,0.018113878038194444,3.2733224221514463e-11,3.2733224221514463e-11,0.993906557559967,1
forged__13333,13333,/kaggle/input/competitions/recodai-luc-scientific-image-forgery-detection/train_images/forged/13333.png,forged,1,1325,0.008985731336805556,Q3,408,0.0027669270833333335,0.4454702827786803,0.28656273204999533,0.9973995685577393,1
forged__13451,13451,/kaggle/input/competitions/recodai-luc-scientific-image-forgery-detection/train_images/forged/13451.png,forged,1,46884,0.3179524739583333,Q4,61710,0.4184977213541667,0.8577085290164671,0.7508666139984347,0.9991434812545776,1
forged__13603,13603,/kaggle/input/competitions/recodai-luc-scientific-image-forgery-detection/train_images/forged/13603.png,forged,1,856,0.005805121527777778,Q1,2991,0.020284016927083332,0.3815960488853238,0.23578541602197928,0.9952741861343384,1
forged__13670,13670,/kaggle/input/competitions/recodai-luc-scientific-image-forgery-detection/train_images/forged/13670.png,forged,1,16855,0.11430528428819445,Q4,17366,0.1177707248263889,0.9650214780399023,0.9324072505509492,0.9998360872268677,1
forged__13742,13742,/kaggle/input/competitions/recodai-luc-scientific-image-forgery-detection/train_images/forged/13742.png,forged,1,535,0.003628200954861111,Q2,443,0.0030042860243055555,0.8650306748604263,0.7621621622050159,0.9979274272918701,1
forged__13839,13839,/kaggle/input/competitions/recodai-luc-scientific-image-forgery-detection/train_images/forged/13839.png,forged,1,1774,0.012030707465277778,Q2,0,0.0,5.636978579163642e-11,5.636978579163642e-11,0.4427221417427063,0
forged__13893,13893,/kaggle/input/competitions/recodai-luc-scientific-image-forgery-detection/train_images/forged/13893.png,forged,1,10464,0.07096354166666667,Q3,17179,0.11650254991319445,0.7473139673705917,0.5965692503199921,0.9990591406822205,1
forged__13971,13971,/kaggle/input/competitions/recodai-luc-scientific-image-forgery-detection/train_images/forged/13971.png,forged,1,552,0.0037434895833333335,Q1,0,0.0,1.8115942025703634e-10,1.8115942025703634e-10,0.8729392290115356,1
forged__14070,14070,/kaggle/input/competitions/recodai-luc-scientific-image-forgery-detection/train_images/forged/14070.png,forged,1,14290,0.09691026475694445,Q4,0,0.0,6.997900629762085e-12,6.997900629762085e-12,0.8381754159927368,1
forged__14114,14114,/kaggle/input/competitions/recodai-luc-scientific-image-forgery-detection/train_images/forged/14114.png,forged,1,21430,0.1453314887152778,Q4,28227,0.19142659505208334,0.8572003947079824,0.7500881088329101,0.9999244213104248,1
forged__1419,1419,/kaggle/input/competitions/recodai-luc-scientific-image-forgery-detection/train_images/forged/1419.png,forged,1,1155,0.007832845052083334,Q4,0,0.0,8.658008657259046e-11,8.658008657259046e-11,0.33582717180252075,0
forged__14331,14331,/kaggle/input/competitions/recodai-luc-scientific-image-forgery-detection/train_images/forged/14331.png,forged,1,562,0.003811306423611111,Q2,276,0.0018717447916666667,0.5465393795290526,0.37602627268045546,0.996277391910553,1
forged__14436,14436,/kaggle/input/competitions/recodai-luc-scientific-image-forgery-detection/train_images/forged/14436.png,forged,1,4354,0.029527452256944444,Q1,8421,0.057108561197916664,0.6493933463823922,0.4808160426627933,0.9993064403533936,1
forged__14594,14594,/kaggle/input/competitions/recodai-luc-scientific-image-forgery-detection/train_images/forged/14594.png,forged,1,1382,0.009372287326388888,Q3,0,0.0,7.235890013948198e-11,7.235890013948198e-11,0.9337666034698486,1
forged__14624,14624,/kaggle/input/competitions/recodai-luc-scientific-image-forgery-detection/train_images/forged/14624.png,forged,1,8560,0.058051215277777776,Q2,0,0.0,1.1682242990517729e-11,1.1682242990517729e-11,0.47646260261535645,0
forged__14700,14700,/kaggle/input/competitions/recodai-luc-scientific-image-forgery-detection/train_images/forged/14700.png,forged,1,847,0.005744086371527778,Q1,146,0.0009901258680555555,1.0070493453165106e-10,1.0070493453165106e-10,0.9294143915176392,1
forged__14770,14770,/kaggle/input/competitions/recodai-luc-scientific-image-forgery-detection/train_images/forged/14770.png,forged,1,38928,0.2639973958333333,Q3,66681,0.45220947265625,0.7075722713029121,0.5474753099089361,0.9997608065605164,1
forged__14829,14829,/kaggle/input/competitions/recodai-luc-scientific-image-forgery-detection/train_images/forged/14829.png,forged,1,893,0.006056043836805556,Q3,251,0.0017022026909722222,0.4020979021501663,0.2516411379374572,0.995181143283844,1
forged__14930,14930,/kaggle/input/competitions/recodai-luc-scientific-image-forgery-detection/train_images/forged/14930.png,forged,1,5073,0.034403483072916664,Q4,0,0.0,1.9712201852558404e-11,1.9712201852558404e-11,0.7284375429153442,1
forged__14988,14988,/kaggle/input/competitions/recodai-luc-scientific-image-forgery-detection/train_images/forged/14988.png,forged,1,1906,0.012925889756944444,Q1,1785,0.012105305989583334,0.5982118667136762,0.4267491302888772,0.9882816672325134,1
forged__15061,15061,/kaggle/input/competitions/recodai-luc-scientific-image-forgery-detection/train_images/forged/15061.png,forged,1,1022,0.006930881076388889,Q3,0,0.0,9.784735811175661e-11,9.784735811175661e-11,0.6944128274917603,1
forged__15269,15269,/kaggle/input/competitions/recodai-luc-scientific-image-forgery-detection/train_images/forged/15269.png,forged,1,13093,0.08879258897569445,Q4,21555,0.14617919921875,0.6979335026561477,0.5360198607991488,0.9988043308258057,1
forged__1536,1536,/kaggle/input/competitions/recodai-luc-scientific-image-forgery-detection/train_images/forged/1536.png,forged,1,10444,0.0708279079861111,Q2,9619,0.06523301866319445,0.872850520859927,0.7743875475389194,0.9995027780532837,1
forged__15426,15426,/kaggle/input/competitions/recodai-luc-scientific-image-forgery-detection/train_images/forged/15426.png,forged,1,18371,0.12458631727430555,Q4,14547,0.09865315755208333,0.5112096725210791,0.34337251061319224,0.9823989272117615,1
forged__15579,15579,/kaggle/input/competitions/recodai-luc-scientific-image-forgery-detection/train_images/forged/15579.png,forged,1,1259,0.008538140190972222,Q1,866,0.005872938368055556,4.705882352719723e-11,4.705882352719723e-11,0.9739002585411072,1
forged__15733,15733,/kaggle/input/competitions/recodai-luc-scientific-image-forgery-detection/train_images/forged/15733.png,forged,1,11982,0.08125813802083333,Q4,33697,0.2285224066840278,0.49418770113291843,0.3281867876269825,0.9998427629470825,1
forged__1580,1580,/kaggle/input/competitions/recodai-luc-scientific-image-forgery-detection/train_images/forged/1580.png,forged,1,1329,0.009012858072916666,Q3,616,0.004177517361111111,0.602570694107837,0.431199411373716,0.9966139197349548,1
forged__15860,15860,/kaggle/input/competitions/recodai-luc-scientific-image-forgery-detection/train_images/forged/15860.png,forged,1,6596,0.044731987847222224,Q2,11116,0.07538519965277778,0.7047199638679724,0.5440676488576055,0.9992389678955078,1
forged__15940,15940,/kaggle/input/competitions/recodai-luc-scientific-image-forgery-detection/train_images/forged/15940.png,forged,1,6446,0.04371473524305555,Q3,5664,0.038411458333333336,0.46589595376163584,0.3036925395704199,0.9972063899040222,1
forged__1608,1608,/kaggle/input/competitions/recodai-luc-scientific-image-forgery-detection/train_images/forged/1608.png,forged,1,651,0.004414876302083333,Q3,0,0.0,1.536098310055899e-10,1.536098310055899e-10,0.24445316195487976,0
forged__16161,16161,/kaggle/input/competitions/recodai-luc-scientific-image-forgery-detection/train_images/forged/16161.png,forged,1,1204,0.008165147569444444,Q4,1661,0.011264377170138888,0.6820244328208718,0.5174788135848792,0.9961280226707458,1
forged__16219,16219,/kaggle/input/competitions/recodai-luc-scientific-image-forgery-detection/train_images/forged/16219.png,forged,1,14182,0.09617784288194445,Q4,14486,0.0982394748263889,0.9764894656063329,0.9540590280147634,0.9997854828834534,1
forged__16294,16294,/kaggle/input/competitions/recodai-luc-scientific-image-forgery-detection/train_images/forged/16294.png,forged,1,19371,0.13136800130208334,Q3,26053,0.17668321397569445,0.8517083480101891,0.7417177914120333,0.9998369216918945,1
forged__1641,1641,/kaggle/input/competitions/recodai-luc-scientific-image-forgery-detection/train_images/forged/1641.png,forged,1,2908,0.019721137152777776,Q2,0,0.0,3.438789545961527e-11,3.438789545961527e-11,0.7447230219841003,1
forged__16534,16534,/kaggle/input/competitions/recodai-luc-scientific-image-forgery-detection/train_images/forged/16534.png,forged,1,2770,0.018785264756944444,Q1,0,0.0,3.610108303118769e-11,3.610108303118769e-11,0.8472523093223572,1
forged__16590,16590,/kaggle/input/competitions/recodai-luc-scientific-image-forgery-detection/train_images/forged/16590.png,forged,1,3816,0.02587890625,Q2,1865,0.012647840711805556,0.41753212463619904,0.263848720817267,0.9440253973007202,1
forged__16647,16647,/kaggle/input/competitions/recodai-luc-scientific-image-forgery-detection/train_images/forged/16647.png,forged,1,28380,0.19246419270833334,Q4,30426,0.20633951822916666,0.6784681835192353,0.5133952698368032,0.9997661709785461,1
forged__16703,16703,/kaggle/input/competitions/recodai-luc-scientific-image-forgery-detection/train_images/forged/16703.png,forged,1,4272,0.028971354166666668,Q2,0,0.0,2.3408239699826584e-11,2.3408239699826584e-11,0.6207060217857361,1
forged__16866,16866,/kaggle/input/competitions/recodai-luc-scientific-image-forgery-detection/train_images/forged/16866.png,forged,1,32271,0.21885172526041666,Q4,33712,0.22862413194444445,0.6836003212953585,0.5192954179149912,0.9971248507499695,1
forged__16960,16960,/kaggle/input/competitions/recodai-luc-scientific-image-forgery-detection/train_images/forged/16960.png,forged,1,12130,0.08226182725694445,Q4,15295,0.1037258572048611,0.842224247949527,0.727450239356718,0.9997804760932922,1
forged__17071,17071,/kaggle/input/competitions/recodai-luc-scientific-image-forgery-detection/train_images/forged/17071.png,forged,1,1129,0.007656521267361111,Q1,0,0.0,8.857395924813339e-11,8.857395924813339e-11,0.6710052490234375,1
forged__17245,17245,/kaggle/input/competitions/recodai-luc-scientific-image-forgery-detection/train_images/forged/17245.png,forged,1,1200,0.008138020833333334,Q1,810,0.0054931640625,0.5303482587298335,0.360866621573401,0.9891691207885742,1
forged__17298,17298,/kaggle/input/competitions/recodai-luc-scientific-image-forgery-detection/train_images/forged/17298.png,forged,1,705,0.004781087239583333,Q3,495,0.00335693359375,0.7500000000208332,0.6000000000533334,0.997946560382843,1
forged__17493,17493,/kaggle/input/competitions/recodai-luc-scientific-image-forgery-detection/train_images/forged/17493.png,forged,1,25492,0.1728786892361111,Q4,31535,0.2138604058159722,0.890700896066967,0.8029402466019508,0.9992592930793762,1
forged__17625,17625,/kaggle/input/competitions/recodai-luc-scientific-image-forgery-detection/train_images/forged/17625.png,forged,1,2413,0.016364203559027776,Q2,3437,0.023308648003472224,0.12341880343378771,0.06576789945225418,0.981473982334137,1
forged__17754,17754,/kaggle/input/competitions/recodai-luc-scientific-image-forgery-detection/train_images/forged/17754.png,forged,1,10337,0.0701022677951389,Q4,2990,0.020277235243055556,0.369475500867641,0.22659917165921212,0.9567921161651611,1
forged__17846,17846,/kaggle/input/competitions/recodai-luc-scientific-image-forgery-detection/train_images/forged/17846.png,forged,1,41282,0.2799614800347222,Q3,70246,0.4763861762152778,0.6884907825840251,0.5249606891371779,0.9983857870101929,1
forged__18000,18000,/kaggle/input/competitions/recodai-luc-scientific-image-forgery-detection/train_images/forged/18000.png,forged,1,9612,0.065185546875,Q3,9581,0.0649753146701389,0.4926796227817815,0.3268579329462367,0.9965550899505615,1
forged__1813,1813,/kaggle/input/competitions/recodai-luc-scientific-image-forgery-detection/train_images/forged/1813.png,forged,1,690,0.004679361979166667,Q1,875,0.005933973524305556,0.33865814700711444,0.20384615390739647,0.971632182598114,1
forged__18440,18440,/kaggle/input/competitions/recodai-luc-scientific-image-forgery-detection/train_images/forged/18440.png,forged,1,8623,0.058478461371527776,Q4,8804,0.05970594618055555,0.9297067768409382,0.8686467939109087,0.9998862743377686,1
forged__1856,1856,/kaggle/input/competitions/recodai-luc-scientific-image-forgery-detection/train_images/forged/1856.png,forged,1,64216,0.4354926215277778,Q4,75272,0.5104709201388888,0.9031314521679978,0.8233725490198387,0.9999090433120728,1
forged__187,187,/kaggle/input/competitions/recodai-luc-scientific-image-forgery-detection/train_images/forged/187.png,forged,1,1543,0.010464138454861112,Q2,0,0.0,6.480881399450364e-11,6.480881399450364e-11,0.6983752250671387,1
forged__1879,1879,/kaggle/input/competitions/recodai-luc-scientific-image-forgery-detection/train_images/forged/1879.png,forged,1,6785,0.046013726128472224,Q4,9782,0.06633843315972222,0.7756383171378304,0.6335042397985259,0.9975735545158386,1
forged__18995,18995,/kaggle/input/competitions/recodai-luc-scientific-image-forgery-detection/train_images/forged/18995.png,forged,1,14519,0.09846327039930555,Q4,12281,0.0832858615451389,0.8778358208959782,0.7822703996822353,0.9997252821922302,1
forged__19130,19130,/kaggle/input/competitions/recodai-luc-scientific-image-forgery-detection/train_images/forged/19130.png,forged,1,1658,0.011244032118055556,Q1,2165,0.014682345920138888,2.615746795641754e-11,2.615746795641754e-11,0.944802463054657,1
forged__19281,19281,/kaggle/input/competitions/recodai-luc-scientific-image-forgery-detection/train_images/forged/19281.png,forged,1,1199,0.008131239149305556,Q2,475,0.0032212999131944445,0.5675029868836616,0.39616346960832666,0.9963078498840332,1
forged__1940,1940,/kaggle/input/competitions/recodai-luc-scientific-image-forgery-detection/train_images/forged/1940.png,forged,1,10724,0.0727267795138889,Q2,7060,0.04787868923611111,0.6661043634746621,0.499367675579636,0.9992239475250244,1
forged__19593,19593,/kaggle/input/competitions/recodai-luc-scientific-image-forgery-detection/train_images/forged/19593.png,forged,1,8162,0.055352105034722224,Q3,4868,0.033013237847222224,0.6630851880302142,0.49598163031577513,0.9997779726982117,1
forged__19633,19633,/kaggle/input/competitions/recodai-luc-scientific-image-forgery-detection/train_images/forged/19633.png,forged,1,24436,0.1657172309027778,Q4,27387,0.18572998046875,0.8540609381937478,0.7452935035202058,0.9999247789382935,1
forged__19728,19728,/kaggle/input/competitions/recodai-luc-scientific-image-forgery-detection/train_images/forged/19728.png,forged,1,4389,0.029764811197916668,Q1,0,0.0,2.2784233310029977e-11,2.2784233310029977e-11,0.8587167263031006,1
forged__19847,19847,/kaggle/input/competitions/recodai-luc-scientific-image-forgery-detection/train_images/forged/19847.png,forged,1,2911,0.019741482204861112,Q4,1712,0.011610243055555556,0.6696950032517911,0.5034146341624907,0.9985324144363403,1
forged__19953,19953,/kaggle/input/competitions/recodai-luc-scientific-image-forgery-detection/train_images/forged/19953.png,forged,1,20905,0.14177110460069445,Q4,20013,0.13572184244791666,0.9294686934847024,0.8682312117620846,0.9999369382858276,1
forged__20007,20007,/kaggle/input/competitions/recodai-luc-scientific-image-forgery-detection/train_images/forged/20007.png,forged,1,1718,0.011650933159722222,Q1,648,0.00439453125,4.226542687902513e-11,4.226542687902513e-11,0.9861597418785095,1
forged__20103,20103,/kaggle/input/competitions/recodai-luc-scientific-image-forgery-detection/train_images/forged/20103.png,forged,1,1264,0.008572048611111112,Q1,1654,0.011216905381944444,0.5777930089246816,0.4062650602695776,0.9940308928489685,1
forged__20270,20270,/kaggle/input/competitions/recodai-luc-scientific-image-forgery-detection/train_images/forged/20270.png,forged,1,9869,0.0669284396701389,Q3,2671,0.018113878038194444,0.41435406699031613,0.2613156306652452,0.9422150254249573,1
forged__20379,20379,/kaggle/input/competitions/recodai-luc-scientific-image-forgery-detection/train_images/forged/20379.png,forged,1,719,0.004876030815972222,Q1,567,0.00384521484375,0.7729393468294758,0.6299112801483002,0.9777071475982666,1
forged__20490,20490,/kaggle/input/competitions/recodai-luc-scientific-image-forgery-detection/train_images/forged/20490.png,forged,1,2616,0.017740885416666668,Q2,0,0.0,3.822629969272835e-11,3.822629969272835e-11,0.8869417309761047,1
forged__2053,2053,/kaggle/input/competitions/recodai-luc-scientific-image-forgery-detection/train_images/forged/2053.png,forged,1,1134,0.0076904296875,Q2,0,0.0,8.818342150897853e-11,8.818342150897853e-11,0.30529266595840454,0
forged__20587,20587,/kaggle/input/competitions/recodai-luc-scientific-image-forgery-detection/train_images/forged/20587.png,forged,1,23070,0.15645345052083334,Q4,23019,0.15610758463541666,0.965610015405052,0.9335067332301317,0.9998970031738281,1
forged__20666,20666,/kaggle/input/competitions/recodai-luc-scientific-image-forgery-detection/train_images/forged/20666.png,forged,1,8882,0.060234917534722224,Q3,1240,0.008409288194444444,9.879470460285718e-12,9.879470460285718e-12,0.9666995406150818,1
forged__20753,20753,/kaggle/input/competitions/recodai-luc-scientific-image-forgery-detection/train_images/forged/20753.png,forged,1,55320,0.3751627604166667,Q3,92368,0.6264105902777778,0.7083987866314742,0.5484655629768723,0.9976669549942017,1
forged__20800,20800,/kaggle/input/competitions/recodai-luc-scientific-image-forgery-detection/train_images/forged/20800.png,forged,1,10091,0.06843397352430555,Q3,5490,0.0372314453125,0.3325845581199372,0.19946112394765617,0.9975370168685913,1
forged__20833,20833,/kaggle/input/competitions/recodai-luc-scientific-image-forgery-detection/train_images/forged/20833.png,forged,1,11426,0.0774875217013889,Q3,2785,0.018886990017361112,0.3607064949731848,0.2200377747319708,0.9653811454772949,1
forged__20920,20920,/kaggle/input/competitions/recodai-luc-scientific-image-forgery-detection/train_images/forged/20920.png,forged,1,781,0.005296495225694444,Q3,374,0.002536349826388889,0.6129870130205205,0.4419475656127407,0.9937723278999329,1
forged__21034,21034,/kaggle/input/competitions/recodai-luc-scientific-image-forgery-detection/train_images/forged/21034.png,forged,1,19201,0.1302151150173611,Q4,21133,0.1433173285590278,0.490702633015593,0.32511991589682265,0.9995986819267273,1
forged__21204,21204,/kaggle/input/competitions/recodai-luc-scientific-image-forgery-detection/train_images/forged/21204.png,forged,1,730,0.004950629340277778,Q2,0,0.0,1.3698630135109776e-10,1.3698630135109776e-10,0.1715182065963745,0
forged__21264,21264,/kaggle/input/competitions/recodai-luc-scientific-image-forgery-detection/train_images/forged/21264.png,forged,1,20968,0.14219835069444445,Q4,30615,0.20762125651041666,0.7843281701339893,0.6451808381717,0.999924898147583,1
forged__21540,21540,/kaggle/input/competitions/recodai-luc-scientific-image-forgery-detection/train_images/forged/21540.png,forged,1,885,0.006001790364583333,Q1,1969,0.013353135850694444,0.40224246673432934,0.2517543859977301,0.9985154271125793,1
forged__2164,2164,/kaggle/input/competitions/recodai-luc-scientific-image-forgery-detection/train_images/forged/2164.png,forged,1,1337,0.009067111545138888,Q2,251,0.0017022026909722222,6.297229218747026e-11,6.297229218747026e-11,0.9045504331588745,1
forged__21728,21728,/kaggle/input/competitions/recodai-luc-scientific-image-forgery-detection/train_images/forged/21728.png,forged,1,31759,0.21537950303819445,Q3,30753,0.20855712890625,0.9342526234963939,0.8766173336138915,0.9994634985923767,1
forged__2177,2177,/kaggle/input/competitions/recodai-luc-scientific-image-forgery-detection/train_images/forged/2177.png,forged,1,2891,0.019605848524305556,Q2,699,0.004740397135416667,2.7855153202566707e-11,2.7855153202566707e-11,0.9647307395935059,1
forged__21851,21851,/kaggle/input/competitions/recodai-luc-scientific-image-forgery-detection/train_images/forged/21851.png,forged,1,5748,0.038981119791666664,Q2,5898,0.039998372395833336,0.9381761978366978,0.8835516739465704,0.9974191188812256,1
forged__22046,22046,/kaggle/input/competitions/recodai-luc-scientific-image-forgery-detection/train_images/forged/22046.png,forged,1,4275,0.02899169921875,Q1,5187,0.035176595052083336,0.24899598394368,0.14220183487274018,0.9707320332527161,1
forged__22155,22155,/kaggle/input/competitions/recodai-luc-scientific-image-forgery-detection/train_images/forged/22155.png,forged,1,4973,0.03372531467013889,Q3,11344,0.0769314236111111,0.5921431635742346,0.42059899007991813,0.9998008608818054,1
forged__22182,22182,/kaggle/input/competitions/recodai-luc-scientific-image-forgery-detection/train_images/forged/22182.png,forged,1,9306,0.0631103515625,Q3,10122,0.06864420572916667,0.9574840436485614,0.9184358645213939,0.9988489151000977,1
forged__2228,2228,/kaggle/input/competitions/recodai-luc-scientific-image-forgery-detection/train_images/forged/2228.png,forged,1,8398,0.056952582465277776,Q1,8057,0.05464002821180555,0.40996657551254956,0.25783519340117844,0.9895235896110535,1
forged__22337,22337,/kaggle/input/competitions/recodai-luc-scientific-image-forgery-detection/train_images/forged/22337.png,forged,1,3263,0.022128634982638888,Q1,2986,0.020250108506944444,0.6116178588636323,0.4405255878413895,0.9904838800430298,1
forged__22456,22456,/kaggle/input/competitions/recodai-luc-scientific-image-forgery-detection/train_images/forged/22456.png,forged,1,1190,0.008070203993055556,Q2,0,0.0,8.40336134383165e-11,8.40336134383165e-11,0.5875791907310486,0
forged__22565,22565,/kaggle/input/competitions/recodai-luc-scientific-image-forgery-detection/train_images/forged/22565.png,forged,1,1314,0.0089111328125,Q4,701,0.004753960503472222,0.6124069479100542,0.4413447782946105,0.9997304081916809,1
forged__22739,22739,/kaggle/input/competitions/recodai-luc-scientific-image-forgery-detection/train_images/forged/22739.png,forged,1,545,0.003696017795138889,Q2,276,0.0018717447916666667,0.58221680882068,0.4106529210634617,0.9978160858154297,1
forged__22797,22797,/kaggle/input/competitions/recodai-luc-scientific-image-forgery-detection/train_images/forged/22797.png,forged,1,2796,0.018961588541666668,Q1,10268,0.06963433159722222,7.654623392470494e-12,7.654623392470494e-12,0.9841745495796204,1
forged__2290,2290,/kaggle/input/competitions/recodai-luc-scientific-image-forgery-detection/train_images/forged/2290.png,forged,1,11555,0.07836235894097222,Q3,22661,0.1536797417534722,0.5399228431156771,0.36979062412678737,0.9998517036437988,1
forged__22951,22951,/kaggle/input/competitions/recodai-luc-scientific-image-forgery-detection/train_images/forged/22951.png,forged,1,190,0.0012885199652777778,Q1,224,0.0015190972222222222,2.415458936614623e-10,2.415458936614623e-10,0.9956373572349548,1
forged__2305,2305,/kaggle/input/competitions/recodai-luc-scientific-image-forgery-detection/train_images/forged/2305.png,forged,1,15682,0.1063503689236111,Q4,19645,0.13322618272569445,0.8745718572200454,0.777101463857452,0.9990683197975159,1
forged__23143,23143,/kaggle/input/competitions/recodai-luc-scientific-image-forgery-detection/train_images/forged/23143.png,forged,1,13535,0.09179009331597222,Q4,11043,0.07489013671875,0.5610708763953085,0.3899225244619695,0.9998880624771118,1
forged__23236,23236,/kaggle/input/competitions/recodai-luc-scientific-image-forgery-detection/train_images/forged/23236.png,forged,1,3572,0.024224175347222224,Q4,0,0.0,2.799552071590158e-11,2.799552071590158e-11,0.7061238884925842,1
forged__23357,23357,/kaggle/input/competitions/recodai-luc-scientific-image-forgery-detection/train_images/forged/23357.png,forged,1,7909,0.05363633897569445,Q4,12235,0.0829739040798611,0.39902700556295156,0.24924031008217523,0.9997214674949646,1
forged__23460,23460,/kaggle/input/competitions/recodai-luc-scientific-image-forgery-detection/train_images/forged/23460.png,forged,1,11314,0.07672797309027778,Q4,8669,0.05879041883680555,0.8576289846376539,0.7507446994940359,0.9981940388679504,1
forged__23527,23527,/kaggle/input/competitions/recodai-luc-scientific-image-forgery-detection/train_images/forged/23527.png,forged,1,16016,0.1086154513888889,Q4,16550,0.11223687065972222,0.9640729595284527,0.9306378942380209,0.9998431205749512,1
forged__23726,23726,/kaggle/input/competitions/recodai-luc-scientific-image-forgery-detection/train_images/forged/23726.png,forged,1,1497,0.010152180989583334,Q2,118,0.0008002387152777778,6.191950464012882e-11,6.191950464012882e-11,0.9069600105285645,1
forged__23904,23904,/kaggle/input/competitions/recodai-luc-scientific-image-forgery-detection/train_images/forged/23904.png,forged,1,22723,0.15410020616319445,Q4,23490,0.1593017578125,0.9711553026205372,0.9439279855300385,0.9998984336853027,1
forged__24029,24029,/kaggle/input/competitions/recodai-luc-scientific-image-forgery-detection/train_images/forged/24029.png,forged,1,345,0.0023396809895833335,Q2,147,0.0009969075520833333,2.0325203247901378e-10,2.0325203247901378e-10,0.9848619699478149,1
forged__24111,24111,/kaggle/input/competitions/recodai-luc-scientific-image-forgery-detection/train_images/forged/24111.png,forged,1,1940,0.013156467013888888,Q1,515,0.0034925672743055555,4.073319755434895e-11,4.073319755434895e-11,0.9204863905906677,1
forged__24218,24218,/kaggle/input/competitions/recodai-luc-scientific-image-forgery-detection/train_images/forged/24218.png,forged,1,2743,0.018602159288194444,Q2,1007,0.006829155815972222,0.5184000000128427,0.34989200866271086,0.998327910900116,1
forged__24332,24332,/kaggle/input/competitions/recodai-luc-scientific-image-forgery-detection/train_images/forged/24332.png,forged,1,21446,0.1454399956597222,Q2,22442,0.1521945529513889,0.9327834487788625,0.8740339040955035,0.9990456700325012,1
forged__24381,24381,/kaggle/input/competitions/recodai-luc-scientific-image-forgery-detection/train_images/forged/24381.png,forged,1,2288,0.015516493055555556,Q1,523,0.003546820746527778,0.294557097143559,0.17271589490309908,0.9535947442054749,1
forged__2450,2450,/kaggle/input/competitions/recodai-luc-scientific-image-forgery-detection/train_images/forged/2450.png,forged,1,6385,0.04330105251736111,Q4,6445,0.043707953559027776,0.9473109898679087,0.899896342367838,0.9992485642433167,1
forged__24600,24600,/kaggle/input/competitions/recodai-luc-scientific-image-forgery-detection/train_images/forged/24600.png,forged,1,18316,0.12421332465277778,Q3,23926,0.1622585720486111,0.5150797784207304,0.34687370468594564,0.972780704498291,1
forged__24676,24676,/kaggle/input/competitions/recodai-luc-scientific-image-forgery-detection/train_images/forged/24676.png,forged,1,16434,0.1114501953125,Q4,24489,0.16607666015625,0.7937345746895542,0.6580098857480836,0.9998326301574707,1
forged__24749,24749,/kaggle/input/competitions/recodai-luc-scientific-image-forgery-detection/train_images/forged/24749.png,forged,1,17019,0.11541748046875,Q4,0,0.0,5.875785886327775e-12,5.875785886327775e-12,0.7798566818237305,1
forged__24850,24850,/kaggle/input/competitions/recodai-luc-scientific-image-forgery-detection/train_images/forged/24850.png,forged,1,18744,0.12711588541666666,Q4,9496,0.06439887152777778,0.5893059490099529,0.4177418545136918,0.9971889853477478,1
forged__24937,24937,/kaggle/input/competitions/recodai-luc-scientific-image-forgery-detection/train_images/forged/24937.png,forged,1,1816,0.012315538194444444,Q4,3717,0.02520751953125,0.5855774444318529,0.4140046000660873,0.9998694658279419,1
forged__25003,25003,/kaggle/input/competitions/recodai-luc-scientific-image-forgery-detection/train_images/forged/25003.png,forged,1,676,0.004584418402777778,Q1,684,0.004638671875,0.49117647062564873,0.32553606244390487,0.9946751594543457,1
forged__25124,25124,/kaggle/input/competitions/recodai-luc-scientific-image-forgery-detection/train_images/forged/25124.png,forged,1,3850,0.026109483506944444,Q1,5214,0.035359700520833336,0.5911297440468762,0.41957713391668633,0.9805969595909119,1
forged__2534,2534,/kaggle/input/competitions/recodai-luc-scientific-image-forgery-detection/train_images/forged/2534.png,forged,1,608,0.004123263888888889,Q1,432,0.0029296875,9.615384614460058e-11,9.615384614460058e-11,0.9286822080612183,1
forged__25388,25388,/kaggle/input/competitions/recodai-luc-scientific-image-forgery-detection/train_images/forged/25388.png,forged,1,17735,0.1202731662326389,Q4,11513,0.07807752821180555,0.3972921225403539,0.24788804505824774,0.934175968170166,1
forged__25458,25458,/kaggle/input/competitions/recodai-luc-scientific-image-forgery-detection/train_images/forged/25458.png,forged,1,779,0.005282931857638889,Q1,4191,0.028422037760416668,0.3134808853256845,0.1858744929805327,0.9896349310874939,1
forged__25525,25525,/kaggle/input/competitions/recodai-luc-scientific-image-forgery-detection/train_images/forged/25525.png,forged,1,1107,0.00750732421875,Q1,361,0.002448187934027778,6.811989100353407e-11,6.811989100353407e-11,0.9322357773780823,1
forged__25638,25638,/kaggle/input/competitions/recodai-luc-scientific-image-forgery-detection/train_images/forged/25638.png,forged,1,483,0.0032755533854166665,Q2,0,0.0,2.070393374312548e-10,2.070393374312548e-10,0.7374241352081299,1
forged__2577,2577,/kaggle/input/competitions/recodai-luc-scientific-image-forgery-detection/train_images/forged/2577.png,forged,1,186,0.0012613932291666667,Q1,137,0.0009290907118055555,3.0959752312396356e-10,3.0959752312396356e-10,0.98676598072052,1
forged__25981,25981,/kaggle/input/competitions/recodai-luc-scientific-image-forgery-detection/train_images/forged/25981.png,forged,1,302,0.002048068576388889,Q2,148,0.001003689236111111,2.2222222217283948e-10,2.2222222217283948e-10,0.9895954728126526,1
forged__26035,26035,/kaggle/input/competitions/recodai-luc-scientific-image-forgery-detection/train_images/forged/26035.png,forged,1,356,0.002414279513888889,Q2,160,0.0010850694444444445,0.3178294574965447,0.18894009235277875,0.9906721115112305,1
forged__26148,26148,/kaggle/input/competitions/recodai-luc-scientific-image-forgery-detection/train_images/forged/26148.png,forged,1,24854,0.1685519748263889,Q4,17529,0.11887613932291667,0.4666493641331037,0.3043331076527841,0.9986710548400879,1
forged__2622,2622,/kaggle/input/competitions/recodai-luc-scientific-image-forgery-detection/train_images/forged/2622.png,forged,1,394,0.0026719835069444445,Q2,0,0.0,2.538071065345667e-10,2.538071065345667e-10,0.9510670304298401,1
forged__26329,26329,/kaggle/input/competitions/recodai-luc-scientific-image-forgery-detection/train_images/forged/26329.png,forged,1,1239,0.008402506510416666,Q1,815,0.005527072482638889,0.5335929893118991,0.3638778220873919,0.9785358309745789,1
forged__26435,26435,/kaggle/input/competitions/recodai-luc-scientific-image-forgery-detection/train_images/forged/26435.png,forged,1,10673,0.07238091362847222,Q4,14104,0.09564887152777778,0.812527747508526,0.684249881043544,0.9997346997261047,1
forged__26492,26492,/kaggle/input/competitions/recodai-luc-scientific-image-forgery-detection/train_images/forged/26492.png,forged,1,9590,0.0650363498263889,Q3,13590,0.0921630859375,0.4415875754985264,0.2833573247742035,0.9837386608123779,1
forged__26580,26580,/kaggle/input/competitions/recodai-luc-scientific-image-forgery-detection/train_images/forged/26580.png,forged,1,960,0.006510416666666667,Q3,0,0.0,1.0416666665581597e-10,1.0416666665581597e-10,0.8179882764816284,1
forged__26730,26730,/kaggle/input/competitions/recodai-luc-scientific-image-forgery-detection/train_images/forged/26730.png,forged,1,1036,0.007025824652777778,Q1,0,0.0,9.652509651577942e-11,9.652509651577942e-11,0.8800951838493347,1
forged__26933,26933,/kaggle/input/competitions/recodai-luc-scientific-image-forgery-detection/train_images/forged/26933.png,forged,1,1965,0.013326009114583334,Q3,242,0.0016411675347222222,4.53103760740684e-11,4.53103760740684e-11,0.9945230484008789,1
forged__27061,27061,/kaggle/input/competitions/recodai-luc-scientific-image-forgery-detection/train_images/forged/27061.png,forged,1,10088,0.06841362847222222,Q3,17487,0.11859130859375,0.5716047144167847,0.40017264141667425,0.9989020824432373,1
forged__27195,27195,/kaggle/input/competitions/recodai-luc-scientific-image-forgery-detection/train_images/forged/27195.png,forged,1,37188,0.252197265625,Q4,82260,0.557861328125,0.6223126381357391,0.451708170781284,0.9998862743377686,1
forged__27409,27409,/kaggle/input/competitions/recodai-luc-scientific-image-forgery-detection/train_images/forged/27409.png,forged,1,326,0.0022108289930555555,Q1,296,0.002007378472222222,1.6077170415421677e-10,1.6077170415421677e-10,0.9793941378593445,1
forged__27586,27586,/kaggle/input/competitions/recodai-luc-scientific-image-forgery-detection/train_images/forged/27586.png,forged,1,3749,0.025424533420138888,Q2,6352,0.04307725694444445,0.6112266112304601,0.4401197604870242,0.9956719875335693,1
forged__27694,27694,/kaggle/input/competitions/recodai-luc-scientific-image-forgery-detection/train_images/forged/27694.png,forged,1,1038,0.007039388020833333,Q2,0,0.0,9.63391136708729e-11,9.63391136708729e-11,0.7625753283500671,1
forged__27829,27829,/kaggle/input/competitions/recodai-luc-scientific-image-forgery-detection/train_images/forged/27829.png,forged,1,8701,0.05900743272569445,Q2,110792,0.7513563368055556,0.14563196170558473,0.07853455123196754,0.9980372786521912,1
forged__27896,27896,/kaggle/input/competitions/recodai-luc-scientific-image-forgery-detection/train_images/forged/27896.png,forged,1,291,0.0019734700520833335,Q2,311,0.002109103732638889,0.41528239212370727,0.26205450749223175,0.9969647526741028,1
forged__28014,28014,/kaggle/input/competitions/recodai-luc-scientific-image-forgery-detection/train_images/forged/28014.png,forged,1,10054,0.06818305121527778,Q4,17440,0.11827256944444445,0.6764384956729598,0.511074471011206,0.9994567036628723,1
forged__28195,28195,/kaggle/input/competitions/recodai-luc-scientific-image-forgery-detection/train_images/forged/28195.png,forged,1,303,0.0020548502604166665,Q1,2483,0.016838921440972224,0.03732950470074194,0.01901975131605634,0.9930742979049683,1
forged__28245,28245,/kaggle/input/competitions/recodai-luc-scientific-image-forgery-detection/train_images/forged/28245.png,forged,1,24672,0.16731770833333334,Q3,42046,0.2851426866319444,0.6903684163198981,0.5271470426672608,0.9987002611160278,1
forged__28283,28283,/kaggle/input/competitions/recodai-luc-scientific-image-forgery-detection/train_images/forged/28283.png,forged,1,13175,0.08934868706597222,Q3,18222,0.12357584635416667,0.6929961461295888,0.5302173701163359,0.9995883107185364,1
forged__28412,28412,/kaggle/input/competitions/recodai-luc-scientific-image-forgery-detection/train_images/forged/28412.png,forged,1,18764,0.1272515190972222,Q4,18769,0.1272854275173611,0.9494578104602631,0.9037788485929303,0.9999247789382935,1
forged__28496,28496,/kaggle/input/competitions/recodai-luc-scientific-image-forgery-detection/train_images/forged/28496.png,forged,1,351,0.00238037109375,Q1,704,0.004774305555555556,0.4189573460266391,0.2649880096804571,0.9938182234764099,1
forged__286,286,/kaggle/input/competitions/recodai-luc-scientific-image-forgery-detection/train_images/forged/286.png,forged,1,1545,0.010477701822916666,Q3,131,0.0008884006076388889,5.966587111815836e-11,5.966587111815836e-11,0.993548572063446,1
forged__28645,28645,/kaggle/input/competitions/recodai-luc-scientific-image-forgery-detection/train_images/forged/28645.png,forged,1,13756,0.0932888454861111,Q2,5377,0.03646511501736111,0.13819056081566825,0.07422379428962875,0.9603553414344788,1
forged__28878,28878,/kaggle/input/competitions/recodai-luc-scientific-image-forgery-detection/train_images/forged/28878.png,forged,1,3973,0.026943630642361112,Q3,1150,0.007798936631944444,0.4446613312620601,0.28589357431511314,0.968678891658783,1
forged__28928,28928,/kaggle/input/competitions/recodai-luc-scientific-image-forgery-detection/train_images/forged/28928.png,forged,1,843,0.005716959635416667,Q3,132,0.0008951822916666666,0.2707692308440237,0.15658362999328782,0.9947328567504883,1
forged__28965,28965,/kaggle/input/competitions/recodai-luc-scientific-image-forgery-detection/train_images/forged/28965.png,forged,1,5248,0.035590277777777776,Q2,7587,0.05145263671875,0.3608881963431173,0.22017302025648658,0.982697069644928,1
forged__29058,29058,/kaggle/input/competitions/recodai-luc-scientific-image-forgery-detection/train_images/forged/29058.png,forged,1,1237,0.008388943142361112,Q2,0,0.0,8.084074372830713e-11,8.084074372830713e-11,0.7743061780929565,1
forged__29129,29129,/kaggle/input/competitions/recodai-luc-scientific-image-forgery-detection/train_images/forged/29129.png,forged,1,6017,0.04080539279513889,Q2,8863,0.06010606553819445,0.6779569892494761,0.5128100854055224,0.9890745282173157,1
forged__29229,29229,/kaggle/input/competitions/recodai-luc-scientific-image-forgery-detection/train_images/forged/29229.png,forged,1,29012,0.1967502170138889,Q4,31711,0.2150539822048611,0.9527526637354005,0.9097685243429684,0.9998227953910828,1
forged__29464,29464,/kaggle/input/competitions/recodai-luc-scientific-image-forgery-detection/train_images/forged/29464.png,forged,1,665,0.004509819878472222,Q1,1877,0.012729220920138888,0.4980330448663245,0.33158721847398703,0.9987245202064514,1
forged__29482,29482,/kaggle/input/competitions/recodai-luc-scientific-image-forgery-detection/train_images/forged/29482.png,forged,1,3838,0.026028103298611112,Q4,4394,0.029798719618055556,0.7123420796925127,0.5532075471782414,0.9961705803871155,1
forged__29593,29593,/kaggle/input/competitions/recodai-luc-scientific-image-forgery-detection/train_images/forged/29593.png,forged,1,3637,0.024664984809027776,Q3,0,0.0,2.7495188341284158e-11,2.7495188341284158e-11,0.6405506730079651,1
forged__29663,29663,/kaggle/input/competitions/recodai-luc-scientific-image-forgery-detection/train_images/forged/29663.png,forged,1,1436,0.009738498263888888,Q2,0,0.0,6.963788300350711e-11,6.963788300350711e-11,0.8219525814056396,1
forged__29736,29736,/kaggle/input/competitions/recodai-luc-scientific-image-forgery-detection/train_images/forged/29736.png,forged,1,11423,0.07746717664930555,Q4,12859,0.08720567491319445,0.8897949098101895,0.8014689517041215,0.9996308088302612,1
forged__298,298,/kaggle/input/competitions/recodai-luc-scientific-image-forgery-detection/train_images/forged/298.png,forged,1,21806,0.1478814019097222,Q2,29781,0.20196533203125,0.4869443852143235,0.3218284777222902,0.9853588342666626,1
forged__29935,29935,/kaggle/input/competitions/recodai-luc-scientific-image-forgery-detection/train_images/forged/29935.png,forged,1,17364,0.11775716145833333,Q2,3441,0.023335774739583332,4.8065368901475285e-12,4.8065368901475285e-12,0.9230283498764038,1
forged__30045,30045,/kaggle/input/competitions/recodai-luc-scientific-image-forgery-detection/train_images/forged/30045.png,forged,1,13668,0.09269205729166667,Q3,12088,0.08197699652777778,0.9290262463118146,0.8674593967527011,0.9923924207687378,1
forged__30217,30217,/kaggle/input/competitions/recodai-luc-scientific-image-forgery-detection/train_images/forged/30217.png,forged,1,16521,0.11204020182291667,Q4,24440,0.1657443576388889,0.7777642147413936,0.6363454777898836,0.9998574256896973,1
forged__30298,30298,/kaggle/input/competitions/recodai-luc-scientific-image-forgery-detection/train_images/forged/30298.png,forged,1,485,0.003289116753472222,Q1,0,0.0,2.0618556696779677e-10,2.0618556696779677e-10,0.8959330916404724,1
forged__30354,30354,/kaggle/input/competitions/recodai-luc-scientific-image-forgery-detection/train_images/forged/30354.png,forged,1,882,0.0059814453125,Q3,425,0.0028822157118055555,0.5661820964371704,0.39487726794078154,0.999159574508667,1
forged__30494,30494,/kaggle/input/competitions/recodai-luc-scientific-image-forgery-detection/train_images/forged/30494.png,forged,1,3137,0.021274142795138888,Q4,138,0.0009358723958333334,3.0534351144105824e-11,3.0534351144105824e-11,0.9910033941268921,1
forged__3062,3062,/kaggle/input/competitions/recodai-luc-scientific-image-forgery-detection/train_images/forged/3062.png,forged,1,386,0.002617730034722222,Q1,0,0.0,2.5906735744583743e-10,2.5906735744583743e-10,0.9011486172676086,1
forged__30715,30715,/kaggle/input/competitions/recodai-luc-scientific-image-forgery-detection/train_images/forged/30715.png,forged,1,1055,0.007154676649305556,Q4,562,0.003811306423611111,0.592455163908939,0.4209138840579162,0.9992830157279968,1
forged__30871,30871,/kaggle/input/competitions/recodai-luc-scientific-image-forgery-detection/train_images/forged/30871.png,forged,1,1740,0.011800130208333334,Q2,3598,0.024400499131944444,0.3458224054075343,0.20906002266797147,0.9982948899269104,1
forged__30917,30917,/kaggle/input/competitions/recodai-luc-scientific-image-forgery-detection/train_images/forged/30917.png,forged,1,5089,0.03451199001736111,Q3,0,0.0,1.965022597721261e-11,1.965022597721261e-11,0.9093902707099915,1
forged__31077,31077,/kaggle/input/competitions/recodai-luc-scientific-image-forgery-detection/train_images/forged/31077.png,forged,1,1589,0.010776095920138888,Q1,1582,0.010728624131944444,0.21255124568866127,0.11891319692593814,0.9907611012458801,1
forged__3110,3110,/kaggle/input/competitions/recodai-luc-scientific-image-forgery-detection/train_images/forged/3110.png,forged,1,12261,0.08315022786458333,Q3,17995,0.1220364040798611,0.5409175039676728,0.3707244144458355,0.9984558820724487,1
forged__31218,31218,/kaggle/input/competitions/recodai-luc-scientific-image-forgery-detection/train_images/forged/31218.png,forged,1,732,0.004964192708333333,Q1,1296,0.0087890625,0.24556213021471587,0.13996627323552746,0.9675648212432861,1
forged__31262,31262,/kaggle/input/competitions/recodai-luc-scientific-image-forgery-detection/train_images/forged/31262.png,forged,1,891,0.00604248046875,Q3,205,0.0013902452256944445,0.3503649635629229,0.21238938061809853,0.9938209652900696,1
forged__31336,31336,/kaggle/input/competitions/recodai-luc-scientific-image-forgery-detection/train_images/forged/31336.png,forged,1,1194,0.008097330729166666,Q4,708,0.004801432291666667,0.5772870662682814,0.40576496678449625,0.9968374967575073,1
forged__31468,31468,/kaggle/input/competitions/recodai-luc-scientific-image-forgery-detection/train_images/forged/31468.png,forged,1,10059,0.06821695963541667,Q4,17537,0.1189303927951389,0.7024931149452729,0.541417639504321,0.9997779726982117,1
forged__31725,31725,/kaggle/input/competitions/recodai-luc-scientific-image-forgery-detection/train_images/forged/31725.png,forged,1,3415,0.023159450954861112,Q2,10042,0.06810167100694445,0.48168239578300004,0.31724745497927515,0.9972549080848694,1
forged__31834,31834,/kaggle/input/competitions/recodai-luc-scientific-image-forgery-detection/train_images/forged/31834.png,forged,1,5391,0.03656005859375,Q2,11810,0.08009168836805555,0.6050810999383461,0.4337751104489974,0.999692440032959,1
forged__31942,31942,/kaggle/input/competitions/recodai-luc-scientific-image-forgery-detection/train_images/forged/31942.png,forged,1,1590,0.010782877604166666,Q1,2282,0.015475802951388888,0.5800619834819198,0.40851218627106184,0.9936016201972961,1
forged__32013,32013,/kaggle/input/competitions/recodai-luc-scientific-image-forgery-detection/train_images/forged/32013.png,forged,1,910,0.006171332465277778,Q1,618,0.004191080729166667,0.40706806286602953,0.255546425697983,0.9690342545509338,1
forged__32139,32139,/kaggle/input/competitions/recodai-luc-scientific-image-forgery-detection/train_images/forged/32139.png,forged,1,15512,0.1051974826388889,Q3,4078,0.027655707465277776,0.39826442062583833,0.24864554784085252,0.9889923930168152,1
forged__32201,32201,/kaggle/input/competitions/recodai-luc-scientific-image-forgery-detection/train_images/forged/32201.png,forged,1,9095,0.06167941623263889,Q3,8584,0.05821397569444445,0.46823915380129966,0.30568685377174526,0.9899232983589172,1
forged__3228,3228,/kaggle/input/competitions/recodai-luc-scientific-image-forgery-detection/train_images/forged/3228.png,forged,1,10626,0.07206217447916667,Q4,16485,0.11179606119791667,0.7681015086135956,0.6235103898459577,0.9998691082000732,1
forged__32398,32398,/kaggle/input/competitions/recodai-luc-scientific-image-forgery-detection/train_images/forged/32398.png,forged,1,11726,0.07952202690972222,Q4,13835,0.09382459852430555,0.8102969367403063,0.6810917461382369,0.9983313679695129,1
forged__32535,32535,/kaggle/input/competitions/recodai-luc-scientific-image-forgery-detection/train_images/forged/32535.png,forged,1,3505,0.023769802517361112,Q2,2851,0.019334581163194444,0.3974197608653647,0.24798743374733975,0.9957352876663208,1
forged__32722,32722,/kaggle/input/competitions/recodai-luc-scientific-image-forgery-detection/train_images/forged/32722.png,forged,1,3916,0.026557074652777776,Q3,1616,0.010959201388888888,1.807664497436593e-11,1.807664497436593e-11,0.9313005805015564,1
forged__32884,32884,/kaggle/input/competitions/recodai-luc-scientific-image-forgery-detection/train_images/forged/32884.png,forged,1,2666,0.018079969618055556,Q1,2341,0.015875922309027776,0.4849211104556636,0.32006327447086574,0.9952042102813721,1
forged__32973,32973,/kaggle/input/competitions/recodai-luc-scientific-image-forgery-detection/train_images/forged/32973.png,forged,1,52224,0.3541666666666667,Q3,99395,0.6740654839409722,0.6835027272309648,0.5191827900969719,0.9997534155845642,1
forged__33053,33053,/kaggle/input/competitions/recodai-luc-scientific-image-forgery-detection/train_images/forged/33053.png,forged,1,21996,0.149169921875,Q3,22593,0.15321858723958334,0.7362353943803713,0.5825732031958027,0.9987970590591431,1
forged__33127,33127,/kaggle/input/competitions/recodai-luc-scientific-image-forgery-detection/train_images/forged/33127.png,forged,1,4468,0.030300564236111112,Q3,0,0.0,2.238137869242656e-11,2.238137869242656e-11,0.8044754862785339,1
forged__33235,33235,/kaggle/input/competitions/recodai-luc-scientific-image-forgery-detection/train_images/forged/33235.png,forged,1,1592,0.010796440972222222,Q3,0,0.0,6.281407034781319e-11,6.281407034781319e-11,0.8551720976829529,1
forged__33295,33295,/kaggle/input/competitions/recodai-luc-scientific-image-forgery-detection/train_images/forged/33295.png,forged,1,12636,0.085693359375,Q3,26078,0.1768527560763889,0.4083277367375928,0.25654008439059867,0.9975088834762573,1
forged__33343,33343,/kaggle/input/competitions/recodai-luc-scientific-image-forgery-detection/train_images/forged/33343.png,forged,1,11633,0.0788913302951389,Q4,11466,0.0777587890625,0.8853197108104882,0.7942364455507672,0.9996147155761719,1
forged__33580,33580,/kaggle/input/competitions/recodai-luc-scientific-image-forgery-detection/train_images/forged/33580.png,forged,1,58138,0.3942735460069444,Q3,66497,0.4509616427951389,0.7121113651865751,0.552929302998389,0.9994091987609863,1
forged__33686,33686,/kaggle/input/competitions/recodai-luc-scientific-image-forgery-detection/train_images/forged/33686.png,forged,1,15020,0.10186089409722222,Q4,31888,0.2162543402777778,0.6330689861012342,0.463131628198805,0.999527096748352,1
forged__33778,33778,/kaggle/input/competitions/recodai-luc-scientific-image-forgery-detection/train_images/forged/33778.png,forged,1,1311,0.008890787760416666,Q3,0,0.0,7.627765064254175e-11,7.627765064254175e-11,0.9731556177139282,1
forged__339,339,/kaggle/input/competitions/recodai-luc-scientific-image-forgery-detection/train_images/forged/339.png,forged,1,46101,0.3126424153645833,Q4,81885,0.5553181966145834,0.7068116825280055,0.5465651622263953,0.9997227787971497,1
forged__33985,33985,/kaggle/input/competitions/recodai-luc-scientific-image-forgery-detection/train_images/forged/33985.png,forged,1,25329,0.17177327473958334,Q4,25929,0.17584228515625,0.8841156502401887,0.7923004300856943,0.9997226595878601,1
forged__34036,34036,/kaggle/input/competitions/recodai-luc-scientific-image-forgery-detection/train_images/forged/34036.png,forged,1,14719,0.0998196072048611,Q3,33187,0.2250637478298611,0.6001335949576251,0.4287077629673177,0.999057948589325,1
forged__34211,34211,/kaggle/input/competitions/recodai-luc-scientific-image-forgery-detection/train_images/forged/34211.png,forged,1,17850,0.12105305989583333,Q2,20232,0.13720703125,0.6373614831163349,0.46774069220894265,0.9947054982185364,1
forged__34306,34306,/kaggle/input/competitions/recodai-luc-scientific-image-forgery-detection/train_images/forged/34306.png,forged,1,14108,0.0956759982638889,Q2,15200,0.10308159722222222,0.9363313770986204,0.880284852762685,0.9994643330574036,1
forged__34415,34415,/kaggle/input/competitions/recodai-luc-scientific-image-forgery-detection/train_images/forged/34415.png,forged,1,21503,0.14582655164930555,Q4,26018,0.1764458550347222,0.8891647903034676,0.8004470713048403,0.9997469782829285,1
forged__34597,34597,/kaggle/input/competitions/recodai-luc-scientific-image-forgery-detection/train_images/forged/34597.png,forged,1,12421,0.08423529730902778,Q4,21256,0.14415147569444445,0.4526531460657046,0.2925350220714161,0.9993347525596619,1
forged__34824,34824,/kaggle/input/competitions/recodai-luc-scientific-image-forgery-detection/train_images/forged/34824.png,forged,1,1076,0.007297092013888889,Q3,395,0.002678765190972222,0.4636301835850693,0.3017699115662151,0.9919759631156921,1
forged__34873,34873,/kaggle/input/competitions/recodai-luc-scientific-image-forgery-detection/train_images/forged/34873.png,forged,1,8370,0.0567626953125,Q4,21701,0.14716932508680555,0.49682418276912366,0.33051634883708453,0.9999799728393555,1
forged__35018,35018,/kaggle/input/competitions/recodai-luc-scientific-image-forgery-detection/train_images/forged/35018.png,forged,1,752,0.005099826388888889,Q3,197,0.0013359917534722222,0.3582718651888017,0.21822849817481021,0.9969486594200134,1
forged__35069,35069,/kaggle/input/competitions/recodai-luc-scientific-image-forgery-detection/train_images/forged/35069.png,forged,1,6334,0.04295518663194445,Q2,5070,0.034383138020833336,8.768853033946256e-12,8.768853033946256e-12,0.9972060322761536,1
forged__35127,35127,/kaggle/input/competitions/recodai-luc-scientific-image-forgery-detection/train_images/forged/35127.png,forged,1,20510,0.1390923394097222,Q2,25290,0.1715087890625,0.645458515284617,0.4765143944051178,0.971371054649353,1
forged__35222,35222,/kaggle/input/competitions/recodai-luc-scientific-image-forgery-detection/train_images/forged/35222.png,forged,1,33810,0.22928873697916666,Q3,51644,0.3502332899305556,0.7636155124397177,0.6176197777658818,0.9994625449180603,1
forged__35378,35378,/kaggle/input/competitions/recodai-luc-scientific-image-forgery-detection/train_images/forged/35378.png,forged,1,953,0.006462944878472222,Q1,0,0.0,1.0493179432267242e-10,1.0493179432267242e-10,0.7360242009162903,1
forged__35471,35471,/kaggle/input/competitions/recodai-luc-scientific-image-forgery-detection/train_images/forged/35471.png,forged,1,186,0.0012613932291666667,Q1,0,0.0,5.376344083130998e-10,5.376344083130998e-10,0.9590435028076172,1
forged__35586,35586,/kaggle/input/competitions/recodai-luc-scientific-image-forgery-detection/train_images/forged/35586.png,forged,1,21044,0.14271375868055555,Q4,34763,0.2357516818576389,0.7146415324247591,0.5559861707479061,0.9980089068412781,1
forged__35715,35715,/kaggle/input/competitions/recodai-luc-scientific-image-forgery-detection/train_images/forged/35715.png,forged,1,344,0.0023328993055555555,Q1,0,0.0,2.9069767433409947e-10,2.9069767433409947e-10,0.643600583076477,1
forged__35744,35744,/kaggle/input/competitions/recodai-luc-scientific-image-forgery-detection/train_images/forged/35744.png,forged,1,11858,0.0804172092013889,Q4,13400,0.09087456597222222,0.9211338981711888,0.8537981651386878,0.9993619322776794,1
forged__35829,35829,/kaggle/input/competitions/recodai-luc-scientific-image-forgery-detection/train_images/forged/35829.png,forged,1,6728,0.04562717013888889,Q2,0,0.0,1.4863258025938417e-11,1.4863258025938417e-11,0.7174513339996338,1
forged__35885,35885,/kaggle/input/competitions/recodai-luc-scientific-image-forgery-detection/train_images/forged/35885.png,forged,1,2677,0.018154568142361112,Q1,1951,0.013231065538194444,0.5505617977625202,0.37984496125880013,0.9988325238227844,1
forged__36010,36010,/kaggle/input/competitions/recodai-luc-scientific-image-forgery-detection/train_images/forged/36010.png,forged,1,299,0.0020277235243055555,Q1,0,0.0,3.3444816042326143e-10,3.3444816042326143e-10,0.7984275221824646,1
forged__36190,36190,/kaggle/input/competitions/recodai-luc-scientific-image-forgery-detection/train_images/forged/36190.png,forged,1,2041,0.013841417100694444,Q2,0,0.0,4.899559039446371e-11,4.899559039446371e-11,0.6883702874183655,1
forged__36295,36295,/kaggle/input/competitions/recodai-luc-scientific-image-forgery-detection/train_images/forged/36295.png,forged,1,8689,0.05892605251736111,Q4,15021,0.10186767578125,0.6658793757922148,0.49911482043816946,0.9998524188995361,1
forged__36390,36390,/kaggle/input/competitions/recodai-luc-scientific-image-forgery-detection/train_images/forged/36390.png,forged,1,1562,0.010592990451388888,Q2,2061,0.01397705078125,0.8059619100246768,0.6749884419937593,0.9979711174964905,1
forged__36453,36453,/kaggle/input/competitions/recodai-luc-scientific-image-forgery-detection/train_images/forged/36453.png,forged,1,1840,0.012478298611111112,Q1,1740,0.011800130208333334,0.4067039106310977,0.25525946706678615,0.9799628257751465,1
forged__36597,36597,/kaggle/input/competitions/recodai-luc-scientific-image-forgery-detection/train_images/forged/36597.png,forged,1,1841,0.012485080295138888,Q2,1663,0.011277940538194444,0.5456621004695873,0.3751962323636108,0.9995850920677185,1
forged__36707,36707,/kaggle/input/competitions/recodai-luc-scientific-image-forgery-detection/train_images/forged/36707.png,forged,1,1703,0.011549207899305556,Q4,1644,0.011149088541666666,0.6746340006072712,0.5090171325739848,0.9968776702880859,1
forged__36746,36746,/kaggle/input/competitions/recodai-luc-scientific-image-forgery-detection/train_images/forged/36746.png,forged,1,14724,0.099853515625,Q3,28507,0.1933254665798611,0.5716268418505895,0.4001943319857484,0.9996052384376526,1
forged__36949,36949,/kaggle/input/competitions/recodai-luc-scientific-image-forgery-detection/train_images/forged/36949.png,forged,1,9298,0.06305609809027778,Q2,9081,0.06158447265625,0.4593285815362135,0.29813532985380603,0.9974437952041626,1
forged__37076,37076,/kaggle/input/competitions/recodai-luc-scientific-image-forgery-detection/train_images/forged/37076.png,forged,1,1093,0.007412380642361111,Q1,982,0.006659613715277778,0.3874698795475918,0.2402869097883869,0.994886577129364,1
forged__37149,37149,/kaggle/input/competitions/recodai-luc-scientific-image-forgery-detection/train_images/forged/37149.png,forged,1,945,0.00640869140625,Q2,0,0.0,1.0582010580890793e-10,1.0582010580890793e-10,0.5246646404266357,0
forged__37280,37280,/kaggle/input/competitions/recodai-luc-scientific-image-forgery-detection/train_images/forged/37280.png,forged,1,2531,0.017164442274305556,Q2,0,0.0,3.9510075067581586e-11,3.9510075067581586e-11,0.9079122543334961,1
forged__37400,37400,/kaggle/input/competitions/recodai-luc-scientific-image-forgery-detection/train_images/forged/37400.png,forged,1,2149,0.014573838975694444,Q2,163,0.0011054144965277778,4.325259515383856e-11,4.325259515383856e-11,0.9236052632331848,1
forged__37451,37451,/kaggle/input/competitions/recodai-luc-scientific-image-forgery-detection/train_images/forged/37451.png,forged,1,1557,0.01055908203125,Q3,474,0.0032145182291666665,0.008862629295476975,0.004451038624903509,0.9948955178260803,1
forged__3751,3751,/kaggle/input/competitions/recodai-luc-scientific-image-forgery-detection/train_images/forged/3751.png,forged,1,1595,0.010816786024305556,Q1,1136,0.007703993055555556,0.809227389241698,0.6795817958376641,0.9918614625930786,1
forged__37586,37586,/kaggle/input/competitions/recodai-luc-scientific-image-forgery-detection/train_images/forged/37586.png,forged,1,2920,0.019802517361111112,Q3,0,0.0,3.424657534129292e-11,3.424657534129292e-11,0.26299265027046204,0
forged__37735,37735,/kaggle/input/competitions/recodai-luc-scientific-image-forgery-detection/train_images/forged/37735.png,forged,1,3297,0.022359212239583332,Q4,4975,0.03373887803819445,0.7166344294038124,0.558402411462728,0.9975234866142273,1
forged__37817,37817,/kaggle/input/competitions/recodai-luc-scientific-image-forgery-detection/train_images/forged/37817.png,forged,1,3211,0.021775987413194444,Q2,1001,0.006788465711805556,0.3067426400924325,0.18115535616429737,0.9554466009140015,1
forged__37856,37856,/kaggle/input/competitions/recodai-luc-scientific-image-forgery-detection/train_images/forged/37856.png,forged,1,9522,0.0645751953125,Q2,3508,0.023790147569444444,7.674597083594207e-12,7.674597083594207e-12,0.9494794011116028,1
forged__37903,37903,/kaggle/input/competitions/recodai-luc-scientific-image-forgery-detection/train_images/forged/37903.png,forged,1,2504,0.016981336805555556,Q1,1185,0.008036295572916666,0.55733261047554,0.3863209320035205,0.9973661303520203,1
forged__37942,37942,/kaggle/input/competitions/recodai-luc-scientific-image-forgery-detection/train_images/forged/37942.png,forged,1,17473,0.1184963650173611,Q4,24849,0.16851806640625,0.8121071783001462,0.683653578391679,0.9990543723106384,1
forged__38034,38034,/kaggle/input/competitions/recodai-luc-scientific-image-forgery-detection/train_images/forged/38034.png,forged,1,413,0.002800835503472222,Q1,0,0.0,2.4213075054669954e-10,2.4213075054669954e-10,0.6120334267616272,1
forged__38136,38136,/kaggle/input/competitions/recodai-luc-scientific-image-forgery-detection/train_images/forged/38136.png,forged,1,1389,0.009419759114583334,Q4,682,0.004625108506944444,0.6470304201039581,0.47822983586879153,0.9993545413017273,1
forged__38256,38256,/kaggle/input/competitions/recodai-luc-scientific-image-forgery-detection/train_images/forged/38256.png,forged,1,8431,0.05717637803819445,Q3,100,0.0006781684027777778,1.1721955221993646e-11,1.1721955221993646e-11,0.9712230563163757,1
forged__38294,38294,/kaggle/input/competitions/recodai-luc-scientific-image-forgery-detection/train_images/forged/38294.png,forged,1,10454,0.0708957248263889,Q4,0,0.0,9.565716472072261e-12,9.565716472072261e-12,0.21876324713230133,0
forged__38456,38456,/kaggle/input/competitions/recodai-luc-scientific-image-forgery-detection/train_images/forged/38456.png,forged,1,796,0.005398220486111111,Q3,576,0.00390625,0.6938775510427202,0.5312500000523159,0.9971924424171448,1
forged__38486,38486,/kaggle/input/competitions/recodai-luc-scientific-image-forgery-detection/train_images/forged/38486.png,forged,1,336,0.0022786458333333335,Q2,0,0.0,2.976190475304705e-10,2.976190475304705e-10,0.6617888808250427,1
forged__38548,38548,/kaggle/input/competitions/recodai-luc-scientific-image-forgery-detection/train_images/forged/38548.png,forged,1,251,0.0017022026909722222,Q1,0,0.0,3.984063743432644e-10,3.984063743432644e-10,0.46280592679977417,0
forged__38633,38633,/kaggle/input/competitions/recodai-luc-scientific-image-forgery-detection/train_images/forged/38633.png,forged,1,334,0.002265082465277778,Q2,115,0.0007798936631944445,0.4231625836474025,0.26836158212758143,0.9967191815376282,1
forged__38699,38699,/kaggle/input/competitions/recodai-luc-scientific-image-forgery-detection/train_images/forged/38699.png,forged,1,669,0.004536946614583333,Q1,3054,0.020711263020833332,0.33736234221495137,0.20290791601929214,0.9946382641792297,1
forged__38913,38913,/kaggle/input/competitions/recodai-luc-scientific-image-forgery-detection/train_images/forged/38913.png,forged,1,10913,0.0740085177951389,Q4,14558,0.0987277560763889,0.47724863570540127,0.3134120558999979,0.9995607733726501,1
forged__38996,38996,/kaggle/input/competitions/recodai-luc-scientific-image-forgery-detection/train_images/forged/38996.png,forged,1,1024,0.006944444444444444,Q1,0,0.0,9.765624999046325e-11,9.765624999046325e-11,0.7625207901000977,1
forged__39099,39099,/kaggle/input/competitions/recodai-luc-scientific-image-forgery-detection/train_images/forged/39099.png,forged,1,598,0.004055447048611111,Q1,1651,0.011196560329861112,0.5140062250104933,0.3459006583275942,0.9900454878807068,1
forged__39299,39299,/kaggle/input/competitions/recodai-luc-scientific-image-forgery-detection/train_images/forged/39299.png,forged,1,11954,0.08106825086805555,Q2,10419,0.07065836588541667,4.469673266864212e-12,4.469673266864212e-12,0.9936836957931519,1
forged__39366,39366,/kaggle/input/competitions/recodai-luc-scientific-image-forgery-detection/train_images/forged/39366.png,forged,1,6516,0.044189453125,Q3,0,0.0,1.5346838551022915e-11,1.5346838551022915e-11,0.8215860724449158,1
forged__39549,39549,/kaggle/input/competitions/recodai-luc-scientific-image-forgery-detection/train_images/forged/39549.png,forged,1,588,0.003987630208333333,Q1,358,0.0024278428819444445,1.0570824523195473e-10,1.0570824523195473e-10,0.9819079041481018,1
forged__39625,39625,/kaggle/input/competitions/recodai-luc-scientific-image-forgery-detection/train_images/forged/39625.png,forged,1,1156,0.007839626736111112,Q1,360,0.00244140625,6.59630606816647e-11,6.59630606816647e-11,0.9535069465637207,1
forged__39737,39737,/kaggle/input/competitions/recodai-luc-scientific-image-forgery-detection/train_images/forged/39737.png,forged,1,10754,0.07293023003472222,Q4,13801,0.0935940212673611,0.84170230095768,0.726671823361742,0.9998934268951416,1
forged__39875,39875,/kaggle/input/competitions/recodai-luc-scientific-image-forgery-detection/train_images/forged/39875.png,forged,1,7217,0.048943413628472224,Q1,14026,0.0951199001736111,0.4668832085888675,0.3045320560101662,0.996538519859314,1
forged__39944,39944,/kaggle/input/competitions/recodai-luc-scientific-image-forgery-detection/train_images/forged/39944.png,forged,1,19808,0.1343315972222222,Q4,36907,0.2502916124131944,0.6912809662352265,0.5282118991174601,0.9997072815895081,1
forged__40033,40033,/kaggle/input/competitions/recodai-luc-scientific-image-forgery-detection/train_images/forged/40033.png,forged,1,7772,0.05270724826388889,Q4,11274,0.07645670572916667,0.7695054079608867,0.6253626898820159,0.9959688186645508,1
forged__4022,4022,/kaggle/input/competitions/recodai-luc-scientific-image-forgery-detection/train_images/forged/4022.png,forged,1,1955,0.013258192274305556,Q1,4178,0.028333875868055556,0.2308821131708645,0.13050691245842383,0.999487042427063,1
forged__40298,40298,/kaggle/input/competitions/recodai-luc-scientific-image-forgery-detection/train_images/forged/40298.png,forged,1,1006,0.006822374131944444,Q1,0,0.0,9.940357851894596e-11,9.940357851894596e-11,0.22305163741111755,0
forged__40349,40349,/kaggle/input/competitions/recodai-luc-scientific-image-forgery-detection/train_images/forged/40349.png,forged,1,521,0.003533257378472222,Q1,0,0.0,1.9193857961767013e-10,1.9193857961767013e-10,0.8490641713142395,1
forged__40373,40373,/kaggle/input/competitions/recodai-luc-scientific-image-forgery-detection/train_images/forged/40373.png,forged,1,34712,0.2354058159722222,Q4,38316,0.2598470052083333,0.9470340143507325,0.8993965875990965,0.999263346195221,1
forged__4045,4045,/kaggle/input/competitions/recodai-luc-scientific-image-forgery-detection/train_images/forged/4045.png,forged,1,923,0.006259494357638889,Q1,0,0.0,1.0834236185175056e-10,1.0834236185175056e-10,0.7732805609703064,1
forged__40519,40519,/kaggle/input/competitions/recodai-luc-scientific-image-forgery-detection/train_images/forged/40519.png,forged,1,679,0.004604763454861111,Q1,982,0.006659613715277778,0.41782059004107036,0.26407914769679763,0.9894225001335144,1
forged__40582,40582,/kaggle/input/competitions/recodai-luc-scientific-image-forgery-detection/train_images/forged/40582.png,forged,1,713,0.004835340711805556,Q2,0,0.0,1.4025245439828156e-10,1.4025245439828156e-10,0.675966203212738,1
forged__40728,40728,/kaggle/input/competitions/recodai-luc-scientific-image-forgery-detection/train_images/forged/40728.png,forged,1,487,0.003302680121527778,Q2,0,0.0,2.0533880899274355e-10,2.0533880899274355e-10,0.9914882183074951,1
forged__40828,40828,/kaggle/input/competitions/recodai-luc-scientific-image-forgery-detection/train_images/forged/40828.png,forged,1,7073,0.047966851128472224,Q4,14232,0.09651692708333333,0.6521473832450029,0.4838417606944989,0.9998363256454468,1
forged__40919,40919,/kaggle/input/competitions/recodai-luc-scientific-image-forgery-detection/train_images/forged/40919.png,forged,1,12041,0.08165825737847222,Q4,12275,0.08324517144097222,0.9600263201186049,0.9231255931673273,0.9998664855957031,1
forged__40974,40974,/kaggle/input/competitions/recodai-luc-scientific-image-forgery-detection/train_images/forged/40974.png,forged,1,649,0.004401312934027778,Q2,139,0.0009426540798611111,1.2690355328338786e-10,1.2690355328338786e-10,0.897769570350647,1
forged__41024,41024,/kaggle/input/competitions/recodai-luc-scientific-image-forgery-detection/train_images/forged/41024.png,forged,1,7002,0.0474853515625,Q4,8689,0.05892605251736111,0.8808871327520178,0.7871298405491215,0.9995686411857605,1
forged__41080,41080,/kaggle/input/competitions/recodai-luc-scientific-image-forgery-detection/train_images/forged/41080.png,forged,1,10186,0.06907823350694445,Q4,11828,0.08021375868055555,0.8447351685298231,0.7312047813799056,0.9993308782577515,1
forged__41171,41171,/kaggle/input/competitions/recodai-luc-scientific-image-forgery-detection/train_images/forged/41171.png,forged,1,7884,0.053466796875,Q3,12130,0.08226182725694445,0.5365244328992879,0.36660976442904325,0.9995822310447693,1
forged__41255,41255,/kaggle/input/competitions/recodai-luc-scientific-image-forgery-detection/train_images/forged/41255.png,forged,1,1292,0.008761935763888888,Q3,0,0.0,7.739938079896289e-11,7.739938079896289e-11,0.5396728515625,0
forged__414,414,/kaggle/input/competitions/recodai-luc-scientific-image-forgery-detection/train_images/forged/414.png,forged,1,16816,0.1140407986111111,Q3,44840,0.3040907118055556,0.5262423770605842,0.3570752536716548,0.9993093013763428,1
forged__41517,41517,/kaggle/input/competitions/recodai-luc-scientific-image-forgery-detection/train_images/forged/41517.png,forged,1,13515,0.09165445963541667,Q4,20303,0.1376885308159722,0.7893429534573619,0.6519955058392263,0.9996930360794067,1
forged__41600,41600,/kaggle/input/competitions/recodai-luc-scientific-image-forgery-detection/train_images/forged/41600.png,forged,1,2592,0.017578125,Q2,6746,0.04574924045138889,1.0708931248546701e-11,1.0708931248546701e-11,0.9688930511474609,1
forged__41697,41697,/kaggle/input/competitions/recodai-luc-scientific-image-forgery-detection/train_images/forged/41697.png,forged,1,2282,0.015475802951388888,Q4,1116,0.007568359375,0.5856386109598105,0.4140657511687863,0.9987868666648865,1
forged__41830,41830,/kaggle/input/competitions/recodai-luc-scientific-image-forgery-detection/train_images/forged/41830.png,forged,1,6181,0.04191758897569445,Q4,14321,0.09712049696180555,0.5426787630497382,0.3723810161364724,0.9986781477928162,1
forged__41895,41895,/kaggle/input/competitions/recodai-luc-scientific-image-forgery-detection/train_images/forged/41895.png,forged,1,211,0.001430935329861111,Q2,0,0.0,4.739336490644864e-10,4.739336490644864e-10,0.9971396923065186,1
forged__42035,42035,/kaggle/input/competitions/recodai-luc-scientific-image-forgery-detection/train_images/forged/42035.png,forged,1,6984,0.04736328125,Q4,7406,0.050225151909722224,0.9271716469775735,0.8642311180222279,0.9996349811553955,1
forged__42121,42121,/kaggle/input/competitions/recodai-luc-scientific-image-forgery-detection/train_images/forged/42121.png,forged,1,794,0.005384657118055556,Q3,0,0.0,1.259445843670095e-10,1.259445843670095e-10,0.7919442653656006,1
forged__4222,4222,/kaggle/input/competitions/recodai-luc-scientific-image-forgery-detection/train_images/forged/4222.png,forged,1,27578,0.18702528211805555,Q4,29351,0.19904920789930555,0.9582813680198874,0.9199042223124244,0.9970998764038086,1
forged__42289,42289,/kaggle/input/competitions/recodai-luc-scientific-image-forgery-detection/train_images/forged/42289.png,forged,1,964,0.006537543402777778,Q1,0,0.0,1.0373443982326406e-10,1.0373443982326406e-10,0.7673712372779846,1
forged__42385,42385,/kaggle/input/competitions/recodai-luc-scientific-image-forgery-detection/train_images/forged/42385.png,forged,1,11624,0.0788302951388889,Q3,22720,0.1540798611111111,0.668413696716549,0.5019679874070587,0.9994413256645203,1
forged__42461,42461,/kaggle/input/competitions/recodai-luc-scientific-image-forgery-detection/train_images/forged/42461.png,forged,1,10968,0.07438151041666667,Q2,36267,0.24595133463541666,0.4464062665408142,0.28733783931296375,0.9985440969467163,1
forged__42632,42632,/kaggle/input/competitions/recodai-luc-scientific-image-forgery-detection/train_images/forged/42632.png,forged,1,15062,0.1021457248263889,Q4,16250,0.1102023654513889,0.9484542667349628,0.9019619753392336,0.9990665316581726,1
forged__42742,42742,/kaggle/input/competitions/recodai-luc-scientific-image-forgery-detection/train_images/forged/42742.png,forged,1,1031,0.006991916232638889,Q1,1742,0.011813693576388888,0.7270104579975836,0.5711048158883226,0.9949904084205627,1
forged__42832,42832,/kaggle/input/competitions/recodai-luc-scientific-image-forgery-detection/train_images/forged/42832.png,forged,1,1106,0.007500542534722222,Q1,3278,0.022230360243055556,2.2810218977581884e-11,2.2810218977581884e-11,0.9338110089302063,1
forged__43085,43085,/kaggle/input/competitions/recodai-luc-scientific-image-forgery-detection/train_images/forged/43085.png,forged,1,9251,0.06273735894097222,Q4,17788,0.1206325954861111,0.6684418802482768,0.5019997778052327,0.999794065952301,1
forged__43142,43142,/kaggle/input/competitions/recodai-luc-scientific-image-forgery-detection/train_images/forged/43142.png,forged,1,4725,0.03204345703125,Q2,11322,0.0767822265625,0.3084688726907928,0.18236074271159472,0.9983319640159607,1
forged__4321,4321,/kaggle/input/competitions/recodai-luc-scientific-image-forgery-detection/train_images/forged/4321.png,forged,1,15304,0.1037868923611111,Q4,27851,0.1888766818576389,0.6670374232425743,0.5004172171632696,0.9996008276939392,1
forged__43285,43285,/kaggle/input/competitions/recodai-luc-scientific-image-forgery-detection/train_images/forged/43285.png,forged,1,8712,0.05908203125,Q2,5361,0.036356608072916664,0.7314716123091631,0.5766300694647475,0.9998676776885986,1
forged__43368,43368,/kaggle/input/competitions/recodai-luc-scientific-image-forgery-detection/train_images/forged/43368.png,forged,1,801,0.00543212890625,Q1,1171,0.007941351996527778,0.3732251521616011,0.2294264339632527,0.965281069278717,1
forged__43610,43610,/kaggle/input/competitions/recodai-luc-scientific-image-forgery-detection/train_images/forged/43610.png,forged,1,432,0.0029296875,Q2,0,0.0,2.3148148142789777e-10,2.3148148142789777e-10,0.99513840675354,1
forged__4371,4371,/kaggle/input/competitions/recodai-luc-scientific-image-forgery-detection/train_images/forged/4371.png,forged,1,24558,0.16654459635416666,Q4,3479,0.023593478732638888,0.1679209615894428,0.09165595919833486,0.9859210848808289,1
forged__43810,43810,/kaggle/input/competitions/recodai-luc-scientific-image-forgery-detection/train_images/forged/43810.png,forged,1,1260,0.008544921875,Q3,1328,0.009006076388888888,0.7040185471520859,0.5432319618638501,0.9973304271697998,1
forged__43915,43915,/kaggle/input/competitions/recodai-luc-scientific-image-forgery-detection/train_images/forged/43915.png,forged,1,3012,0.020426432291666668,Q1,0,0.0,3.320053120739706e-11,3.320053120739706e-11,0.8078375458717346,1
forged__44020,44020,/kaggle/input/competitions/recodai-luc-scientific-image-forgery-detection/train_images/forged/44020.png,forged,1,1223,0.008293999565972222,Q1,161,0.0010918511284722222,7.225433525489491e-11,7.225433525489491e-11,0.9282168745994568,1
forged__44171,44171,/kaggle/input/competitions/recodai-luc-scientific-image-forgery-detection/train_images/forged/44171.png,forged,1,8137,0.055182562934027776,Q3,4598,0.031182183159722224,7.85237534347976e-12,7.85237534347976e-12,0.9532532691955566,1
forged__44236,44236,/kaggle/input/competitions/recodai-luc-scientific-image-forgery-detection/train_images/forged/44236.png,forged,1,12896,0.08745659722222222,Q3,14116,0.0957302517361111,0.45387235303030554,0.2935542572584352,0.9992522597312927,1
forged__44311,44311,/kaggle/input/competitions/recodai-luc-scientific-image-forgery-detection/train_images/forged/44311.png,forged,1,487,0.003302680121527778,Q2,0,0.0,2.0533880899274355e-10,2.0533880899274355e-10,0.9184059500694275,1
forged__44420,44420,/kaggle/input/competitions/recodai-luc-scientific-image-forgery-detection/train_images/forged/44420.png,forged,1,3381,0.022928873697916668,Q1,4311,0.02923583984375,0.5548621944935666,0.3839510615440095,0.9976162910461426,1
forged__44555,44555,/kaggle/input/competitions/recodai-luc-scientific-image-forgery-detection/train_images/forged/44555.png,forged,1,10307,0.06989881727430555,Q3,4886,0.033135308159722224,0.13703679326573395,0.07355850763797656,0.9464298486709595,1
forged__44622,44622,/kaggle/input/competitions/recodai-luc-scientific-image-forgery-detection/train_images/forged/44622.png,forged,1,17954,0.12175835503472222,Q3,22775,0.1544528537326389,0.7674138820011113,0.6226046771060013,0.9991287589073181,1
forged__44666,44666,/kaggle/input/competitions/recodai-luc-scientific-image-forgery-detection/train_images/forged/44666.png,forged,1,27295,0.18510606553819445,Q3,30128,0.2043185763888889,0.533305469934463,0.3636104580765985,0.9994072914123535,1
forged__44778,44778,/kaggle/input/competitions/recodai-luc-scientific-image-forgery-detection/train_images/forged/44778.png,forged,1,13915,0.09436713324652778,Q2,37544,0.2546115451388889,0.43673604228718643,0.2793744716839556,0.9984286427497864,1
forged__44829,44829,/kaggle/input/competitions/recodai-luc-scientific-image-forgery-detection/train_images/forged/44829.png,forged,1,25440,0.17252604166666666,Q3,125122,0.8485378689236112,0.33793387441762335,0.20332155815987332,0.999548614025116,1
forged__45004,45004,/kaggle/input/competitions/recodai-luc-scientific-image-forgery-detection/train_images/forged/45004.png,forged,1,1943,0.013176812065972222,Q1,1295,0.008782280815972222,0.20259419397150727,0.11271477666279332,0.9443038702011108,1
forged__45133,45133,/kaggle/input/competitions/recodai-luc-scientific-image-forgery-detection/train_images/forged/45133.png,forged,1,1482,0.010050455729166666,Q1,1933,0.013108995225694444,0.6869692533034563,0.5231935771845142,0.9896230697631836,1
forged__45182,45182,/kaggle/input/competitions/recodai-luc-scientific-image-forgery-detection/train_images/forged/45182.png,forged,1,4199,0.028476291232638888,Q4,4184,0.028374565972222224,0.9285458666357085,0.8666221331581692,0.998874843120575,1
forged__45310,45310,/kaggle/input/competitions/recodai-luc-scientific-image-forgery-detection/train_images/forged/45310.png,forged,1,703,0.004767523871527778,Q3,351,0.00238037109375,0.40607210631820945,0.2547619048506236,0.9965609908103943,1
forged__45381,45381,/kaggle/input/competitions/recodai-luc-scientific-image-forgery-detection/train_images/forged/45381.png,forged,1,422,0.002861870659722222,Q1,0,0.0,2.3696682458839646e-10,2.3696682458839646e-10,0.6397313475608826,1
forged__45536,45536,/kaggle/input/competitions/recodai-luc-scientific-image-forgery-detection/train_images/forged/45536.png,forged,1,3178,0.021552191840277776,Q2,2385,0.01617431640625,0.46665468273473565,0.304337631903767,0.9812343716621399,1
forged__45620,45620,/kaggle/input/competitions/recodai-luc-scientific-image-forgery-detection/train_images/forged/45620.png,forged,1,12510,0.0848388671875,Q3,20539,0.1392890082465278,0.6628944900007174,0.49576827336729684,0.9995967745780945,1
forged__45767,45767,/kaggle/input/competitions/recodai-luc-scientific-image-forgery-detection/train_images/forged/45767.png,forged,1,6758,0.045830620659722224,Q2,21503,0.14582655164930555,0.46431478008752586,0.3023502304179615,0.9999510049819946,1
forged__45878,45878,/kaggle/input/competitions/recodai-luc-scientific-image-forgery-detection/train_images/forged/45878.png,forged,1,5710,0.03872341579861111,Q3,24248,0.16444227430555555,0.30709660191165267,0.1814023187980858,0.9954569339752197,1
forged__45958,45958,/kaggle/input/competitions/recodai-luc-scientific-image-forgery-detection/train_images/forged/45958.png,forged,1,657,0.00445556640625,Q2,0,0.0,1.5220700149890306e-10,1.5220700149890306e-10,0.40105628967285156,0
forged__46106,46106,/kaggle/input/competitions/recodai-luc-scientific-image-forgery-detection/train_images/forged/46106.png,forged,1,498,0.0033772786458333335,Q1,0,0.0,2.0080321281108367e-10,2.0080321281108367e-10,0.6337737441062927,1
forged__46206,46206,/kaggle/input/competitions/recodai-luc-scientific-image-forgery-detection/train_images/forged/46206.png,forged,1,722,0.004896375868055556,Q2,0,0.0,1.3850415510547035e-10,1.3850415510547035e-10,0.43391355872154236,0
forged__46309,46309,/kaggle/input/competitions/recodai-luc-scientific-image-forgery-detection/train_images/forged/46309.png,forged,1,5756,0.03903537326388889,Q2,11275,0.07646348741319445,0.49451001115909515,0.32847113885079193,0.998664140701294,1
forged__46366,46366,/kaggle/input/competitions/recodai-luc-scientific-image-forgery-detection/train_images/forged/46366.png,forged,1,10727,0.07274712456597222,Q3,8527,0.05782741970486111,0.6174301443875692,0.4465815176600557,0.9551050066947937,1
forged__46500,46500,/kaggle/input/competitions/recodai-luc-scientific-image-forgery-detection/train_images/forged/46500.png,forged,1,4347,0.02947998046875,Q3,0,0.0,2.3004370829928585e-11,2.3004370829928585e-11,0.46235212683677673,0
forged__46698,46698,/kaggle/input/competitions/recodai-luc-scientific-image-forgery-detection/train_images/forged/46698.png,forged,1,18159,0.12314860026041667,Q2,28618,0.19407823350694445,0.6159437330320116,0.4450279571238299,0.9989629983901978,1
forged__46849,46849,/kaggle/input/competitions/recodai-luc-scientific-image-forgery-detection/train_images/forged/46849.png,forged,1,5175,0.03509521484375,Q4,2168,0.014702690972222222,0.4902628353603396,0.3247338986230429,0.9862116575241089,1
forged__46907,46907,/kaggle/input/competitions/recodai-luc-scientific-image-forgery-detection/train_images/forged/46907.png,forged,1,19858,0.1346706814236111,Q4,19171,0.1300116644965278,0.7333521227811798,0.5789707905187355,0.992038369178772,1
forged__46969,46969,/kaggle/input/competitions/recodai-luc-scientific-image-forgery-detection/train_images/forged/46969.png,forged,1,1266,0.008585611979166666,Q2,718,0.004869249131944444,0.5715725806667554,0.4001411433027423,0.9923169612884521,1
forged__47030,47030,/kaggle/input/competitions/recodai-luc-scientific-image-forgery-detection/train_images/forged/47030.png,forged,1,2655,0.01800537109375,Q2,172,0.0011664496527777778,3.537318712290862e-11,3.537318712290862e-11,0.9005064964294434,1
forged__47069,47069,/kaggle/input/competitions/recodai-luc-scientific-image-forgery-detection/train_images/forged/47069.png,forged,1,9846,0.0667724609375,Q3,11280,0.07649739583333333,0.682097888858837,0.5175633934378452,0.9931689500808716,1
forged__47151,47151,/kaggle/input/competitions/recodai-luc-scientific-image-forgery-detection/train_images/forged/47151.png,forged,1,158,0.001071506076388889,Q1,0,0.0,6.329113920044864e-10,6.329113920044864e-10,0.9893731474876404,1
forged__47261,47261,/kaggle/input/competitions/recodai-luc-scientific-image-forgery-detection/train_images/forged/47261.png,forged,1,35256,0.23909505208333334,Q3,73189,0.4963446723090278,0.6034026465032013,0.4320519761783353,0.9970281720161438,1
forged__4740,4740,/kaggle/input/competitions/recodai-luc-scientific-image-forgery-detection/train_images/forged/4740.png,forged,1,10101,0.06850179036458333,Q4,17570,0.11915418836805555,0.5543710021338066,0.3834808259617845,0.9995493292808533,1
forged__47441,47441,/kaggle/input/competitions/recodai-luc-scientific-image-forgery-detection/train_images/forged/47441.png,forged,1,1003,0.006802029079861111,Q1,0,0.0,9.970089729813551e-11,9.970089729813551e-11,0.585284948348999,0
forged__47770,47770,/kaggle/input/competitions/recodai-luc-scientific-image-forgery-detection/train_images/forged/47770.png,forged,1,5763,0.039082845052083336,Q3,4214,0.028578016493055556,0.7858073569230649,0.6471850751255211,0.9971038699150085,1
forged__47916,47916,/kaggle/input/competitions/recodai-luc-scientific-image-forgery-detection/train_images/forged/47916.png,forged,1,20626,0.13987901475694445,Q4,23259,0.15773518880208334,0.9220918309219047,0.8554456282772896,0.9995984435081482,1
forged__48113,48113,/kaggle/input/competitions/recodai-luc-scientific-image-forgery-detection/train_images/forged/48113.png,forged,1,533,0.0036146375868055555,Q1,1056,0.007161458333333333,0.2957835116868607,0.173559822808452,0.9809005856513977,1
forged__48207,48207,/kaggle/input/competitions/recodai-luc-scientific-image-forgery-detection/train_images/forged/48207.png,forged,1,23144,0.1569552951388889,Q4,53652,0.3638509114583333,0.542476170634483,0.3721902583722757,0.9998363256454468,1
forged__48272,48272,/kaggle/input/competitions/recodai-luc-scientific-image-forgery-detection/train_images/forged/48272.png,forged,1,19843,0.13456895616319445,Q4,33096,0.22444661458333334,0.3898826951786209,0.24214552195208208,0.9873780608177185,1
forged__48333,48333,/kaggle/input/competitions/recodai-luc-scientific-image-forgery-detection/train_images/forged/48333.png,forged,1,2226,0.015096028645833334,Q3,342,0.0023193359375,3.8940809967330966e-11,3.8940809967330966e-11,0.9976179003715515,1
forged__4845,4845,/kaggle/input/competitions/recodai-luc-scientific-image-forgery-detection/train_images/forged/4845.png,forged,1,4441,0.030117458767361112,Q1,2373,0.016092936197916668,0.6372174934012735,0.4675856127618439,0.9908356666564941,1
forged__4865,4865,/kaggle/input/competitions/recodai-luc-scientific-image-forgery-detection/train_images/forged/4865.png,forged,1,1187,0.008049858940972222,Q1,0,0.0,8.424599830798264e-11,8.424599830798264e-11,0.6773106455802917,1
forged__48718,48718,/kaggle/input/competitions/recodai-luc-scientific-image-forgery-detection/train_images/forged/48718.png,forged,1,1476,0.010009765625,Q1,0,0.0,6.775067750218491e-11,6.775067750218491e-11,0.6071503758430481,1
forged__48836,48836,/kaggle/input/competitions/recodai-luc-scientific-image-forgery-detection/train_images/forged/48836.png,forged,1,9229,0.0625881618923611,Q3,16529,0.1120944552951389,0.4981753241730795,0.3317133698721346,0.9733272194862366,1
forged__48981,48981,/kaggle/input/competitions/recodai-luc-scientific-image-forgery-detection/train_images/forged/48981.png,forged,1,16008,0.10856119791666667,Q4,22250,0.15089246961805555,0.8222593967279465,0.6981668072275815,0.9998213648796082,1
forged__49042,49042,/kaggle/input/competitions/recodai-luc-scientific-image-forgery-detection/train_images/forged/49042.png,forged,1,2664,0.01806640625,Q2,0,0.0,3.7537537536128474e-11,3.7537537536128474e-11,0.8400294780731201,1
forged__49233,49233,/kaggle/input/competitions/recodai-luc-scientific-image-forgery-detection/train_images/forged/49233.png,forged,1,341,0.002312554253472222,Q2,172,0.0011664496527777778,0.538011695996489,0.3680000001685333,0.9981979727745056,1
forged__49506,49506,/kaggle/input/competitions/recodai-luc-scientific-image-forgery-detection/train_images/forged/49506.png,forged,1,432,0.0029296875,Q1,101,0.0006849500868055555,1.8761726075279228e-10,1.8761726075279228e-10,0.9068208336830139,1
forged__4957,4957,/kaggle/input/competitions/recodai-luc-scientific-image-forgery-detection/train_images/forged/4957.png,forged,1,14777,0.10021294487847222,Q1,4844,0.03285047743055555,5.0965801946633875e-12,5.0965801946633875e-12,0.936615526676178,1
forged__49711,49711,/kaggle/input/competitions/recodai-luc-scientific-image-forgery-detection/train_images/forged/49711.png,forged,1,6081,0.041239420572916664,Q4,2256,0.015299479166666666,0.2624445244181067,0.15104238576348142,0.9932504892349243,1
forged__49733,49733,/kaggle/input/competitions/recodai-luc-scientific-image-forgery-detection/train_images/forged/49733.png,forged,1,195,0.0013224283854166667,Q1,0,0.0,5.12820512557528e-10,5.12820512557528e-10,0.34951886534690857,0
forged__49799,49799,/kaggle/input/competitions/recodai-luc-scientific-image-forgery-detection/train_images/forged/49799.png,forged,1,896,0.006076388888888889,Q3,279,0.00189208984375,0.34893617026817564,0.21134020626687214,0.9071683883666992,1
forged__4992,4992,/kaggle/input/competitions/recodai-luc-scientific-image-forgery-detection/train_images/forged/4992.png,forged,1,239,0.001620822482638889,Q1,0,0.0,4.1841004166593723e-10,4.1841004166593723e-10,0.7595850229263306,1
forged__49982,49982,/kaggle/input/competitions/recodai-luc-scientific-image-forgery-detection/train_images/forged/49982.png,forged,1,10426,0.0707058376736111,Q3,15022,0.10187445746527778,0.4737503929602572,0.3104016477893388,0.9939649701118469,1
forged__50069,50069,/kaggle/input/competitions/recodai-luc-scientific-image-forgery-detection/train_images/forged/50069.png,forged,1,615,0.004170735677083333,Q2,255,0.0017293294270833333,0.5448275862592152,0.3744075830372184,0.9964435696601868,1
forged__50158,50158,/kaggle/input/competitions/recodai-luc-scientific-image-forgery-detection/train_images/forged/50158.png,forged,1,28157,0.1909518771701389,Q4,35426,0.24024793836805555,0.653696742840612,0.4855494030525325,0.9992234706878662,1
forged__50255,50255,/kaggle/input/competitions/recodai-luc-scientific-image-forgery-detection/train_images/forged/50255.png,forged,1,1417,0.009609646267361112,Q1,2426,0.016452365451388888,0.46213895395622856,0.30050761423686945,0.9885445237159729,1
forged__50311,50311,/kaggle/input/competitions/recodai-luc-scientific-image-forgery-detection/train_images/forged/50311.png,forged,1,1324,0.008978949652777778,Q1,141,0.0009562174479166666,0.17337883964686832,0.09491778781054425,0.9466321468353271,1
forged__50419,50419,/kaggle/input/competitions/recodai-luc-scientific-image-forgery-detection/train_images/forged/50419.png,forged,1,47704,0.3235134548611111,Q4,50658,0.3435465494791667,0.9447550883471821,0.8952946163630674,0.9997805953025818,1
forged__50539,50539,/kaggle/input/competitions/recodai-luc-scientific-image-forgery-detection/train_images/forged/50539.png,forged,1,1387,0.009406195746527778,Q1,1441,0.009772406684027778,0.6082036775244625,0.43699186994730727,0.9901365041732788,1
forged__50636,50636,/kaggle/input/competitions/recodai-luc-scientific-image-forgery-detection/train_images/forged/50636.png,forged,1,526,0.003567165798611111,Q2,111,0.0007527669270833334,0.34536891690025606,0.20872865290156953,0.9956381916999817,1
forged__50690,50690,/kaggle/input/competitions/recodai-luc-scientific-image-forgery-detection/train_images/forged/50690.png,forged,1,8575,0.05815294053819445,Q3,5870,0.03980848524305555,0.617791623401746,0.4469598317194534,0.9996293783187866,1
forged__5080,5080,/kaggle/input/competitions/recodai-luc-scientific-image-forgery-detection/train_images/forged/5080.png,forged,1,9606,0.06514485677083333,Q4,14387,0.0975680881076389,0.7682240653533605,0.6236719225849383,0.9997702240943909,1
forged__50907,50907,/kaggle/input/competitions/recodai-luc-scientific-image-forgery-detection/train_images/forged/50907.png,forged,1,11312,0.07671440972222222,Q3,0,0.0,8.840169731180691e-12,8.840169731180691e-12,0.8128487467765808,1
forged__50983,50983,/kaggle/input/competitions/recodai-luc-scientific-image-forgery-detection/train_images/forged/50983.png,forged,1,1116,0.007568359375,Q2,0,0.0,8.960573475899589e-11,8.960573475899589e-11,0.4323245584964752,0
forged__51069,51069,/kaggle/input/competitions/recodai-luc-scientific-image-forgery-detection/train_images/forged/51069.png,forged,1,2334,0.015828450520833332,Q3,5805,0.03936767578125,0.10812139084521291,0.05715027926929277,0.9865425825119019,1
forged__51165,51165,/kaggle/input/competitions/recodai-luc-scientific-image-forgery-detection/train_images/forged/51165.png,forged,1,2648,0.017957899305555556,Q4,1427,0.009677463107638888,0.545766871176791,0.37529530882972345,0.9975010752677917,1
forged__51227,51227,/kaggle/input/competitions/recodai-luc-scientific-image-forgery-detection/train_images/forged/51227.png,forged,1,1316,0.008924696180555556,Q1,2934,0.0198974609375,0.40470588236694816,0.2536873156562334,0.9849536418914795,1
forged__5130,5130,/kaggle/input/competitions/recodai-luc-scientific-image-forgery-detection/train_images/forged/5130.png,forged,1,12804,0.08683268229166667,Q2,34847,0.2363213433159722,0.32553356697797414,0.1944103271106795,0.9999338388442993,1
forged__51345,51345,/kaggle/input/competitions/recodai-luc-scientific-image-forgery-detection/train_images/forged/51345.png,forged,1,6665,0.04519992404513889,Q4,7140,0.048421223958333336,0.9415429192325857,0.8895428415016488,0.9987945556640625,1
forged__51552,51552,/kaggle/input/competitions/recodai-luc-scientific-image-forgery-detection/train_images/forged/51552.png,forged,1,16302,0.11055501302083333,Q3,40447,0.2742987738715278,0.5159562283044354,0.3476691443649869,0.999931812286377,1
forged__51718,51718,/kaggle/input/competitions/recodai-luc-scientific-image-forgery-detection/train_images/forged/51718.png,forged,1,4491,0.03045654296875,Q2,316,0.002143012152777778,0.1314749324083321,0.07036294813915915,0.8950075507164001,1
forged__51796,51796,/kaggle/input/competitions/recodai-luc-scientific-image-forgery-detection/train_images/forged/51796.png,forged,1,1645,0.011155870225694444,Q3,0,0.0,6.079027355253554e-11,6.079027355253554e-11,0.8926005363464355,1
forged__51927,51927,/kaggle/input/competitions/recodai-luc-scientific-image-forgery-detection/train_images/forged/51927.png,forged,1,8688,0.058919270833333336,Q3,5901,0.040018717447916664,0.7438481047382011,0.5921641383870766,0.9903919696807861,1
forged__52050,52050,/kaggle/input/competitions/recodai-luc-scientific-image-forgery-detection/train_images/forged/52050.png,forged,1,897,0.006083170572916667,Q1,948,0.006429036458333333,5.420054200248235e-11,5.420054200248235e-11,0.9290893077850342,1
forged__5220,5220,/kaggle/input/competitions/recodai-luc-scientific-image-forgery-detection/train_images/forged/5220.png,forged,1,12912,0.08756510416666667,Q2,9862,0.06688096788194445,0.5878633529481521,0.41629353234193844,0.9998012185096741,1
forged__52298,52298,/kaggle/input/competitions/recodai-luc-scientific-image-forgery-detection/train_images/forged/52298.png,forged,1,10139,0.0687594943576389,Q4,8094,0.054890950520833336,0.72780123951227,0.5720813933473695,0.9886532425880432,1
forged__52396,52396,/kaggle/input/competitions/recodai-luc-scientific-image-forgery-detection/train_images/forged/52396.png,forged,1,39266,0.2662896050347222,Q4,100115,0.6789482964409722,0.5634340405079864,0.3922089596969563,0.999858021736145,1
forged__52590,52590,/kaggle/input/competitions/recodai-luc-scientific-image-forgery-detection/train_images/forged/52590.png,forged,1,7422,0.050333658854166664,Q3,12493,0.08472357855902778,0.7248807431598048,0.568480743486111,0.9997096657752991,1
forged__5270,5270,/kaggle/input/competitions/recodai-luc-scientific-image-forgery-detection/train_images/forged/5270.png,forged,1,5266,0.035712348090277776,Q3,10771,0.07304551866319445,0.6473779385193779,0.4786096256732564,0.988534152507782,1
forged__52798,52798,/kaggle/input/competitions/recodai-luc-scientific-image-forgery-detection/train_images/forged/52798.png,forged,1,1703,0.011549207899305556,Q1,2858,0.019382052951388888,0.535847401895728,0.3659778376949393,0.981829047203064,1
forged__52927,52927,/kaggle/input/competitions/recodai-luc-scientific-image-forgery-detection/train_images/forged/52927.png,forged,1,11205,0.07598876953125,Q3,22268,0.15101453993055555,0.6573656379779005,0.4896088291598522,0.9998420476913452,1
forged__53118,53118,/kaggle/input/competitions/recodai-luc-scientific-image-forgery-detection/train_images/forged/53118.png,forged,1,2082,0.014119466145833334,Q2,150,0.0010172526041666667,0.13440860218931863,0.07204610955465678,0.9097317457199097,1
forged__53157,53157,/kaggle/input/competitions/recodai-luc-scientific-image-forgery-detection/train_images/forged/53157.png,forged,1,6400,0.043402777777777776,Q3,4851,0.03289794921875,0.4847569105014242,0.31992022525434155,0.9572678208351135,1
forged__53248,53248,/kaggle/input/competitions/recodai-luc-scientific-image-forgery-detection/train_images/forged/53248.png,forged,1,4310,0.029229058159722224,Q2,2623,0.017788357204861112,0.6190682244393615,0.44829747233239403,0.979474663734436,1
forged__53404,53404,/kaggle/input/competitions/recodai-luc-scientific-image-forgery-detection/train_images/forged/53404.png,forged,1,9205,0.06242540147569445,Q4,9578,0.06495496961805555,0.9486237555238853,0.9022685841614111,0.9998326301574707,1
forged__53527,53527,/kaggle/input/competitions/recodai-luc-scientific-image-forgery-detection/train_images/forged/53527.png,forged,1,1240,0.008409288194444444,Q1,27504,0.1865234375,3.478986918997081e-12,3.478986918997081e-12,0.9524996280670166,1
forged__53675,53675,/kaggle/input/competitions/recodai-luc-scientific-image-forgery-detection/train_images/forged/53675.png,forged,1,1829,0.012403700086805556,Q2,0,0.0,5.4674685617568354e-11,5.4674685617568354e-11,0.5956354737281799,1
forged__5385,5385,/kaggle/input/competitions/recodai-luc-scientific-image-forgery-detection/train_images/forged/5385.png,forged,1,810,0.0054931640625,Q2,177,0.0012003580729166667,0.3424518744333889,0.20660146708965751,0.8864250183105469,1
forged__53927,53927,/kaggle/input/competitions/recodai-luc-scientific-image-forgery-detection/train_images/forged/53927.png,forged,1,13725,0.09307861328125,Q3,5236,0.03550889756944445,0.529824376353938,0.3603816903475363,0.9982345104217529,1
forged__54000,54000,/kaggle/input/competitions/recodai-luc-scientific-image-forgery-detection/train_images/forged/54000.png,forged,1,23978,0.16261121961805555,Q4,41995,0.2847968207465278,0.6469010049571083,0.47808845275019474,0.9982572197914124,1
forged__54040,54040,/kaggle/input/competitions/recodai-luc-scientific-image-forgery-detection/train_images/forged/54040.png,forged,1,16445,0.11152479383680555,Q2,15323,0.1039157443576389,0.6069629816179585,0.4357120260340954,0.9922001957893372,1
forged__54152,54152,/kaggle/input/competitions/recodai-luc-scientific-image-forgery-detection/train_images/forged/54152.png,forged,1,9964,0.06757269965277778,Q4,10657,0.07227240668402778,0.928373987682807,0.866322744140951,0.9999212026596069,1
forged__5436,5436,/kaggle/input/competitions/recodai-luc-scientific-image-forgery-detection/train_images/forged/5436.png,forged,1,15408,0.1044921875,Q3,8649,0.05865478515625,0.4743733632644371,0.31093673369674163,0.9931257963180542,1
forged__54527,54527,/kaggle/input/competitions/recodai-luc-scientific-image-forgery-detection/train_images/forged/54527.png,forged,1,21550,0.1461452907986111,Q4,24650,0.1671685112847222,0.9280519480521038,0.86576205476187,0.9939005374908447,1
forged__54553,54553,/kaggle/input/competitions/recodai-luc-scientific-image-forgery-detection/train_images/forged/54553.png,forged,1,2402,0.016289605034722224,Q2,248,0.001681857638888889,3.773584905517978e-11,3.773584905517978e-11,0.9641825556755066,1
forged__54710,54710,/kaggle/input/competitions/recodai-luc-scientific-image-forgery-detection/train_images/forged/54710.png,forged,1,12418,0.08421495225694445,Q2,17399,0.11799452039930555,0.7899520407828087,0.6528270509997072,0.9990158081054688,1
forged__54790,54790,/kaggle/input/competitions/recodai-luc-scientific-image-forgery-detection/train_images/forged/54790.png,forged,1,5429,0.03681776258680555,Q2,7574,0.05136447482638889,0.7599784665095749,0.612875217072527,0.9990249872207642,1
forged__54870,54870,/kaggle/input/competitions/recodai-luc-scientific-image-forgery-detection/train_images/forged/54870.png,forged,1,13197,0.08949788411458333,Q3,13557,0.09193929036458333,0.4773865590211655,0.3135310290685706,0.9976345300674438,1
forged__54945,54945,/kaggle/input/competitions/recodai-luc-scientific-image-forgery-detection/train_images/forged/54945.png,forged,1,8906,0.06039767795138889,Q4,7228,0.049018012152777776,0.8477748853362602,0.7357719203901476,0.9997182488441467,1
forged__55025,55025,/kaggle/input/competitions/recodai-luc-scientific-image-forgery-detection/train_images/forged/55025.png,forged,1,4519,0.030646430121527776,Q3,0,0.0,2.2128789554721647e-11,2.2128789554721647e-11,0.7515227794647217,1
forged__55072,55072,/kaggle/input/competitions/recodai-luc-scientific-image-forgery-detection/train_images/forged/55072.png,forged,1,12598,0.08543565538194445,Q3,17087,0.1158786349826389,0.7329627758135996,0.5784855897076545,0.9996544122695923,1
forged__55175,55175,/kaggle/input/competitions/recodai-luc-scientific-image-forgery-detection/train_images/forged/55175.png,forged,1,24753,0.16786702473958334,Q4,26981,0.1829766167534722,0.9267019754901482,0.8634153369597543,0.9998681545257568,1
forged__55291,55291,/kaggle/input/competitions/recodai-luc-scientific-image-forgery-detection/train_images/forged/55291.png,forged,1,561,0.0038045247395833335,Q1,0,0.0,1.7825311939781585e-10,1.7825311939781585e-10,0.6114956736564636,1
forged__55394,55394,/kaggle/input/competitions/recodai-luc-scientific-image-forgery-detection/train_images/forged/55394.png,forged,1,2202,0.014933268229166666,Q4,0,0.0,4.54132606700539e-11,4.54132606700539e-11,0.4508693516254425,0
forged__55541,55541,/kaggle/input/competitions/recodai-luc-scientific-image-forgery-detection/train_images/forged/55541.png,forged,1,471,0.0031941731770833335,Q1,0,0.0,2.123142250080012e-10,2.123142250080012e-10,0.3227527439594269,0
forged__55651,55651,/kaggle/input/competitions/recodai-luc-scientific-image-forgery-detection/train_images/forged/55651.png,forged,1,6868,0.046576605902777776,Q2,0,0.0,1.45602795571555e-11,1.45602795571555e-11,0.604278564453125,1
forged__55695,55695,/kaggle/input/competitions/recodai-luc-scientific-image-forgery-detection/train_images/forged/55695.png,forged,1,25536,0.17317708333333334,Q3,17529,0.11887613932291667,0.7716242888661985,0.6281663516082111,0.9965528249740601,1
forged__55790,55790,/kaggle/input/competitions/recodai-luc-scientific-image-forgery-detection/train_images/forged/55790.png,forged,1,20704,0.1404079861111111,Q4,19021,0.1289944118923611,0.7921460037764829,0.6558292693107589,0.998417854309082,1
forged__55949,55949,/kaggle/input/competitions/recodai-luc-scientific-image-forgery-detection/train_images/forged/55949.png,forged,1,1226,0.008314344618055556,Q3,581,0.003940158420138889,5.5340343107064724e-11,5.5340343107064724e-11,0.9446303248405457,1
forged__56127,56127,/kaggle/input/competitions/recodai-luc-scientific-image-forgery-detection/train_images/forged/56127.png,forged,1,1850,0.012546115451388888,Q2,0,0.0,5.4054054051132206e-11,5.4054054051132206e-11,0.7581610679626465,1
forged__5626,5626,/kaggle/input/competitions/recodai-luc-scientific-image-forgery-detection/train_images/forged/5626.png,forged,1,3857,0.026156955295138888,Q2,1622,0.010999891493055556,0.004745391512963216,0.0023783388400589398,0.9432528614997864,1
forged__56311,56311,/kaggle/input/competitions/recodai-luc-scientific-image-forgery-detection/train_images/forged/56311.png,forged,1,2207,0.014967176649305556,Q1,155,0.0010511610243055555,4.233700253842773e-11,4.233700253842773e-11,0.9690059423446655,1
forged__56438,56438,/kaggle/input/competitions/recodai-luc-scientific-image-forgery-detection/train_images/forged/56438.png,forged,1,6169,0.04183620876736111,Q3,22792,0.1545681423611111,0.40267946549013267,0.25209684392887116,0.9948666095733643,1
forged__56515,56515,/kaggle/input/competitions/recodai-luc-scientific-image-forgery-detection/train_images/forged/56515.png,forged,1,809,0.005486382378472222,Q3,259,0.0017564561631944445,0.4456928839470325,0.28674698803774135,0.9603321552276611,1
forged__56589,56589,/kaggle/input/competitions/recodai-luc-scientific-image-forgery-detection/train_images/forged/56589.png,forged,1,17815,0.1208157009548611,Q4,18900,0.128173828125,0.9642380498434857,0.9309456190179292,0.9994658827781677,1
forged__56723,56723,/kaggle/input/competitions/recodai-luc-scientific-image-forgery-detection/train_images/forged/56723.png,forged,1,1227,0.008321126302083334,Q2,709,0.004808213975694444,0.60537190084683,0.43407407411599447,0.9989873766899109,1
forged__56793,56793,/kaggle/input/competitions/recodai-luc-scientific-image-forgery-detection/train_images/forged/56793.png,forged,1,21222,0.1439208984375,Q4,24730,0.16771104600694445,0.8497127437329176,0.7386961292529468,0.9992973804473877,1
forged__569,569,/kaggle/input/competitions/recodai-luc-scientific-image-forgery-detection/train_images/forged/569.png,forged,1,77222,0.5236952039930556,Q3,82291,0.5580715603298612,0.8403202246839817,0.7246140206723559,0.9989297986030579,1
forged__56997,56997,/kaggle/input/competitions/recodai-luc-scientific-image-forgery-detection/train_images/forged/56997.png,forged,1,591,0.004007975260416667,Q3,0,0.0,1.6920473770402628e-10,1.6920473770402628e-10,0.9002725481987,1
forged__57085,57085,/kaggle/input/competitions/recodai-luc-scientific-image-forgery-detection/train_images/forged/57085.png,forged,1,2125,0.014411078559027778,Q2,0,0.0,4.705882352719723e-11,4.705882352719723e-11,0.9730644822120667,1
forged__57239,57239,/kaggle/input/competitions/recodai-luc-scientific-image-forgery-detection/train_images/forged/57239.png,forged,1,6884,0.046685112847222224,Q2,0,0.0,1.4526438117162603e-11,1.4526438117162603e-11,0.7410244345664978,1
forged__57328,57328,/kaggle/input/competitions/recodai-luc-scientific-image-forgery-detection/train_images/forged/57328.png,forged,1,14118,0.09574381510416667,Q4,13927,0.0944485134548611,0.9797824924229639,0.9603662798828438,0.9997168183326721,1
forged__57505,57505,/kaggle/input/competitions/recodai-luc-scientific-image-forgery-detection/train_images/forged/57505.png,forged,1,85,0.0005764431423611111,Q1,126,0.0008544921875,0.26540284395004604,0.15300546494371287,0.9708341360092163,1
forged__57643,57643,/kaggle/input/competitions/recodai-luc-scientific-image-forgery-detection/train_images/forged/57643.png,forged,1,13701,0.09291585286458333,Q4,18336,0.12434895833333333,0.7779130380504482,0.6365447486736997,0.9998661279678345,1
forged__5772,5772,/kaggle/input/competitions/recodai-luc-scientific-image-forgery-detection/train_images/forged/5772.png,forged,1,2152,0.014594184027777778,Q2,1786,0.012112087673611112,0.5124428644105525,0.3444861727775867,0.9892388582229614,1
forged__57824,57824,/kaggle/input/competitions/recodai-luc-scientific-image-forgery-detection/train_images/forged/57824.png,forged,1,5562,0.0377197265625,Q2,2963,0.020094129774305556,1.1730205278454776e-11,1.1730205278454776e-11,0.9902320504188538,1
forged__57927,57927,/kaggle/input/competitions/recodai-luc-scientific-image-forgery-detection/train_images/forged/57927.png,forged,1,15770,0.10694715711805555,Q3,27719,0.1879814995659722,0.7191703649205106,0.5614879178501258,0.988314151763916,1
forged__58081,58081,/kaggle/input/competitions/recodai-luc-scientific-image-forgery-detection/train_images/forged/58081.png,forged,1,8583,0.058207194010416664,Q2,11559,0.07838948567708333,0.12044484162883305,0.06408156796944328,0.9808667898178101,1
forged__58180,58180,/kaggle/input/competitions/recodai-luc-scientific-image-forgery-detection/train_images/forged/58180.png,forged,1,618,0.004191080729166667,Q1,401,0.002719455295138889,9.81354268794764e-11,9.81354268794764e-11,0.898974597454071,1
forged__58338,58338,/kaggle/input/competitions/recodai-luc-scientific-image-forgery-detection/train_images/forged/58338.png,forged,1,11481,0.07786051432291667,Q3,18819,0.12762451171875,0.7454125412549656,0.5941495238617659,0.999661922454834,1
forged__58425,58425,/kaggle/input/competitions/recodai-luc-scientific-image-forgery-detection/train_images/forged/58425.png,forged,1,718,0.004869249131944444,Q3,0,0.0,1.3927576599731534e-10,1.3927576599731534e-10,0.8487998843193054,1
forged__58510,58510,/kaggle/input/competitions/recodai-luc-scientific-image-forgery-detection/train_images/forged/58510.png,forged,1,1536,0.010416666666666666,Q1,3648,0.024739583333333332,0.3005401234702828,0.17684449491085483,0.9976363182067871,1
forged__58593,58593,/kaggle/input/competitions/recodai-luc-scientific-image-forgery-detection/train_images/forged/58593.png,forged,1,6929,0.046990288628472224,Q3,712,0.004828559027777778,0.0772150242235674,0.040157909079224646,0.889339804649353,1
forged__58697,58697,/kaggle/input/competitions/recodai-luc-scientific-image-forgery-detection/train_images/forged/58697.png,forged,1,5914,0.040106879340277776,Q2,2692,0.018256293402777776,0.6149198233835124,0.4439597315529537,0.9541400074958801,1
forged__58782,58782,/kaggle/input/competitions/recodai-luc-scientific-image-forgery-detection/train_images/forged/58782.png,forged,1,9378,0.0635986328125,Q4,10016,0.06792534722222222,0.8105599670010799,0.68146349922246,0.9973836541175842,1
forged__58955,58955,/kaggle/input/competitions/recodai-luc-scientific-image-forgery-detection/train_images/forged/58955.png,forged,1,2936,0.019911024305555556,Q1,3951,0.02679443359375,0.5790620008773186,0.4075209483055892,0.9952635765075684,1
forged__59022,59022,/kaggle/input/competitions/recodai-luc-scientific-image-forgery-detection/train_images/forged/59022.png,forged,1,1033,0.007005479600694444,Q3,0,0.0,9.68054210942105e-11,9.68054210942105e-11,0.9247461557388306,1
forged__59148,59148,/kaggle/input/competitions/recodai-luc-scientific-image-forgery-detection/train_images/forged/59148.png,forged,1,4127,0.027988009982638888,Q2,4123,0.027960883246527776,0.8991515151527375,0.816780444839974,0.9947119951248169,1
forged__59255,59255,/kaggle/input/competitions/recodai-luc-scientific-image-forgery-detection/train_images/forged/59255.png,forged,1,2494,0.016913519965277776,Q3,0,0.0,4.009623095268259e-11,4.009623095268259e-11,0.7184029817581177,1
forged__59375,59375,/kaggle/input/competitions/recodai-luc-scientific-image-forgery-detection/train_images/forged/59375.png,forged,1,306,0.0020751953125,Q1,0,0.0,3.267973855141185e-10,3.267973855141185e-10,0.32966819405555725,0
forged__59453,59453,/kaggle/input/competitions/recodai-luc-scientific-image-forgery-detection/train_images/forged/59453.png,forged,1,15294,0.10371907552083333,Q3,6889,0.04671902126736111,0.6035252220186471,0.43217767448232824,0.9967139959335327,1
forged__59617,59617,/kaggle/input/competitions/recodai-luc-scientific-image-forgery-detection/train_images/forged/59617.png,forged,1,26833,0.1819729275173611,Q3,36014,0.2442355685763889,0.8140722707530764,0.6864434068596403,0.9995865225791931,1
forged__5967,5967,/kaggle/input/competitions/recodai-luc-scientific-image-forgery-detection/train_images/forged/5967.png,forged,1,4140,0.028076171875,Q1,2110,0.014309353298611112,0.048640000015221764,0.02492620532920751,0.994594395160675,1
forged__59840,59840,/kaggle/input/competitions/recodai-luc-scientific-image-forgery-detection/train_images/forged/59840.png,forged,1,11050,0.07493760850694445,Q3,14248,0.09662543402777778,0.7866234484947956,0.648292937192805,0.9997500777244568,1
forged__59951,59951,/kaggle/input/competitions/recodai-luc-scientific-image-forgery-detection/train_images/forged/59951.png,forged,1,15299,0.10375298394097222,Q4,11417,0.0774264865451389,0.5384039526892559,0.3683671378848168,0.9995005130767822,1
forged__60046,60046,/kaggle/input/competitions/recodai-luc-scientific-image-forgery-detection/train_images/forged/60046.png,forged,1,664,0.004503038194444444,Q1,153,0.00103759765625,1.22399020792852e-10,1.22399020792852e-10,0.9031288027763367,1
forged__6011,6011,/kaggle/input/competitions/recodai-luc-scientific-image-forgery-detection/train_images/forged/6011.png,forged,1,8182,0.055487738715277776,Q2,8452,0.057318793402777776,0.38968378021287914,0.24199208542341524,0.9900045990943909,1
forged__60195,60195,/kaggle/input/competitions/recodai-luc-scientific-image-forgery-detection/train_images/forged/60195.png,forged,1,1730,0.011732313368055556,Q1,2374,0.016099717881944444,0.7953216374318879,0.6601941747710278,0.9809821844100952,1
forged__60298,60298,/kaggle/input/competitions/recodai-luc-scientific-image-forgery-detection/train_images/forged/60298.png,forged,1,1484,0.010064019097222222,Q3,291,0.0019734700520833335,5.6338028165840105e-11,5.6338028165840105e-11,0.9973995685577393,1
forged__60340,60340,/kaggle/input/competitions/recodai-luc-scientific-image-forgery-detection/train_images/forged/60340.png,forged,1,850,0.005764431423611111,Q2,0,0.0,1.1764705880968858e-10,1.1764705880968858e-10,0.3675646483898163,0
forged__60457,60457,/kaggle/input/competitions/recodai-luc-scientific-image-forgery-detection/train_images/forged/60457.png,forged,1,12121,0.08220079210069445,Q4,15401,0.10444471571180555,0.8556790930896894,0.7477614783784355,0.999229907989502,1
forged__6060,6060,/kaggle/input/competitions/recodai-luc-scientific-image-forgery-detection/train_images/forged/6060.png,forged,1,16153,0.10954454210069445,Q3,0,0.0,6.190800470462509e-12,6.190800470462509e-12,0.2566019892692566,0
forged__60829,60829,/kaggle/input/competitions/recodai-luc-scientific-image-forgery-detection/train_images/forged/60829.png,forged,1,1776,0.012044270833333334,Q1,0,0.0,5.63063063031359e-11,5.63063063031359e-11,0.8255743384361267,1
forged__60986,60986,/kaggle/input/competitions/recodai-luc-scientific-image-forgery-detection/train_images/forged/60986.png,forged,1,17673,0.11985270182291667,Q3,16099,0.10917833116319445,0.8499940779348277,0.7391214789652447,0.9995569586753845,1
forged__6103,6103,/kaggle/input/competitions/recodai-luc-scientific-image-forgery-detection/train_images/forged/6103.png,forged,1,9526,0.0646023220486111,Q2,11850,0.08036295572916667,0.6046032934150234,0.4332841625356491,0.9998916387557983,1
forged__61134,61134,/kaggle/input/competitions/recodai-luc-scientific-image-forgery-detection/train_images/forged/61134.png,forged,1,1103,0.007480197482638889,Q3,131,0.0008884006076388889,8.10372771409208e-11,8.10372771409208e-11,0.9913293123245239,1
forged__61270,61270,/kaggle/input/competitions/recodai-luc-scientific-image-forgery-detection/train_images/forged/61270.png,forged,1,9491,0.0643649631076389,Q2,11003,0.0746188693576389,0.8892358739148568,0.8005622913389513,0.9959177374839783,1
forged__61355,61355,/kaggle/input/competitions/recodai-luc-scientific-image-forgery-detection/train_images/forged/61355.png,forged,1,836,0.005669487847222222,Q1,0,0.0,1.1961722486607449e-10,1.1961722486607449e-10,0.828303873538971,1
forged__61566,61566,/kaggle/input/competitions/recodai-luc-scientific-image-forgery-detection/train_images/forged/61566.png,forged,1,4094,0.027764214409722224,Q1,2938,0.019924587673611112,0.6274175199142858,0.4571073352785514,0.9907342195510864,1
forged__61725,61725,/kaggle/input/competitions/recodai-luc-scientific-image-forgery-detection/train_images/forged/61725.png,forged,1,11201,0.0759616427951389,Q3,6623,0.044915093315972224,5.610412926359905e-12,5.610412926359905e-12,0.9845272302627563,1
forged__61883,61883,/kaggle/input/competitions/recodai-luc-scientific-image-forgery-detection/train_images/forged/61883.png,forged,1,2443,0.016567654079861112,Q2,3053,0.020704481336805556,0.5800582241706685,0.4085084572165939,0.9569004774093628,1
forged__61997,61997,/kaggle/input/competitions/recodai-luc-scientific-image-forgery-detection/train_images/forged/61997.png,forged,1,5058,0.0343017578125,Q1,12182,0.0826144748263889,0.549071925756676,0.37842808028001573,0.986247718334198,1
forged__6212,6212,/kaggle/input/competitions/recodai-luc-scientific-image-forgery-detection/train_images/forged/6212.png,forged,1,3254,0.022067599826388888,Q4,2935,0.019904242621527776,0.7374373889200608,0.5840798566781653,0.9995020627975464,1
forged__62249,62249,/kaggle/input/competitions/recodai-luc-scientific-image-forgery-detection/train_images/forged/62249.png,forged,1,723,0.004903157552083333,Q1,0,0.0,1.3831258642623616e-10,1.3831258642623616e-10,0.8527765870094299,1
forged__62330,62330,/kaggle/input/competitions/recodai-luc-scientific-image-forgery-detection/train_images/forged/62330.png,forged,1,1441,0.009772406684027778,Q3,751,0.005093044704861111,0.6697080292121484,0.5034293553152654,0.9947254061698914,1
forged__62519,62519,/kaggle/input/competitions/recodai-luc-scientific-image-forgery-detection/train_images/forged/62519.png,forged,1,42162,0.2859293619791667,Q3,59760,0.4052734375,0.8057926649792923,0.674751059844762,0.9995900988578796,1
forged__62663,62663,/kaggle/input/competitions/recodai-luc-scientific-image-forgery-detection/train_images/forged/62663.png,forged,1,25875,0.17547607421875,Q3,11651,0.0790134006076389,0.5033310238248059,0.3363008332763468,0.9766712784767151,1
forged__62793,62793,/kaggle/input/competitions/recodai-luc-scientific-image-forgery-detection/train_images/forged/62793.png,forged,1,3418,0.023179796006944444,Q3,1395,0.00946044921875,0.2746727612866264,0.1592003853767052,0.984983503818512,1
forged__62865,62865,/kaggle/input/competitions/recodai-luc-scientific-image-forgery-detection/train_images/forged/62865.png,forged,1,4189,0.028408474392361112,Q2,250,0.0016954210069444445,0.11263798154736117,0.059680114608267366,0.9074456095695496,1
forged__63046,63046,/kaggle/input/competitions/recodai-luc-scientific-image-forgery-detection/train_images/forged/63046.png,forged,1,2973,0.020161946614583332,Q1,3213,0.02178955078125,0.41319107663412236,0.26039119805907923,0.9878514409065247,1
forged__63117,63117,/kaggle/input/competitions/recodai-luc-scientific-image-forgery-detection/train_images/forged/63117.png,forged,1,3948,0.026774088541666668,Q1,1052,0.007134331597222222,0.065600000018688,0.03391232425488188,0.9523419737815857,1
forged__63245,63245,/kaggle/input/competitions/recodai-luc-scientific-image-forgery-detection/train_images/forged/63245.png,forged,1,19540,0.1325141059027778,Q3,25129,0.1704169379340278,0.5405538516654939,0.3703828690656204,0.9999414682388306,1
forged__633,633,/kaggle/input/competitions/recodai-luc-scientific-image-forgery-detection/train_images/forged/633.png,forged,1,712,0.004828559027777778,Q1,2166,0.014689127604166666,0.3947185545728034,0.24588744592009146,0.998224675655365,1
forged__63355,63355,/kaggle/input/competitions/recodai-luc-scientific-image-forgery-detection/train_images/forged/63355.png,forged,1,532,0.003607855902777778,Q2,124,0.0008409288194444445,0.2530487806016694,0.14485165808990372,0.9973031282424927,1
forged__63427,63427,/kaggle/input/competitions/recodai-luc-scientific-image-forgery-detection/train_images/forged/63427.png,forged,1,1043,0.007073296440972222,Q1,914,0.006198459201388889,5.109862033463982e-11,5.109862033463982e-11,0.9241076111793518,1
forged__63654,63654,/kaggle/input/competitions/recodai-luc-scientific-image-forgery-detection/train_images/forged/63654.png,forged,1,1124,0.007622612847222222,Q3,403,0.0027330186631944445,0.5147347740985766,0.34656084661846903,0.9916292428970337,1
forged__63713,63713,/kaggle/input/competitions/recodai-luc-scientific-image-forgery-detection/train_images/forged/63713.png,forged,1,260,0.0017632378472222222,Q1,6887,0.04670545789930555,1.3991884706674242e-11,1.3991884706674242e-11,0.9669666886329651,1
forged__63834,63834,/kaggle/input/competitions/recodai-luc-scientific-image-forgery-detection/train_images/forged/63834.png,forged,1,6579,0.04461669921875,Q2,8270,0.056084526909722224,0.4654858913094115,0.3033441587000496,0.9902474284172058,1
forged__63947,63947,/kaggle/input/competitions/recodai-luc-scientific-image-forgery-detection/train_images/forged/63947.png,forged,1,24051,0.16310628255208334,Q4,22305,0.15126546223958334,0.9370092328933968,0.8814838866795947,0.9982336759567261,1
forged__6407,6407,/kaggle/input/competitions/recodai-luc-scientific-image-forgery-detection/train_images/forged/6407.png,forged,1,410,0.002780490451388889,Q1,844,0.005723741319444444,0.31897926640199525,0.18975332075998544,0.9929456114768982,1
forged__64128,64128,/kaggle/input/competitions/recodai-luc-scientific-image-forgery-detection/train_images/forged/64128.png,forged,1,20544,0.13932291666666666,Q4,23991,0.16269938151041666,0.7037161782874061,0.5428719903012545,0.9999463558197021,1
forged__6419,6419,/kaggle/input/competitions/recodai-luc-scientific-image-forgery-detection/train_images/forged/6419.png,forged,1,11052,0.074951171875,Q3,20590,0.13963487413194445,0.6522343720382648,0.48393753224460007,0.9995501637458801,1
forged__64245,64245,/kaggle/input/competitions/recodai-luc-scientific-image-forgery-detection/train_images/forged/64245.png,forged,1,2401,0.016282823350694444,Q2,3215,0.021803114149305556,0.7012108262161465,0.5398958047836607,0.9993751645088196,1
forged__64289,64289,/kaggle/input/competitions/recodai-luc-scientific-image-forgery-detection/train_images/forged/64289.png,forged,1,3359,0.022779676649305556,Q4,2368,0.016059027777777776,0.7731796752265901,0.6302305721710723,0.9990431666374207,1
forged__64391,64391,/kaggle/input/competitions/recodai-luc-scientific-image-forgery-detection/train_images/forged/64391.png,forged,1,5313,0.036031087239583336,Q2,2643,0.017923990885416668,0.6173956762240146,0.44654545455551736,0.9455598592758179,1
forged__6454,6454,/kaggle/input/competitions/recodai-luc-scientific-image-forgery-detection/train_images/forged/6454.png,forged,1,2217,0.015034993489583334,Q2,2117,0.014356825086805556,0.18412551916972483,0.10139771285638126,0.9889658093452454,1
forged__64717,64717,/kaggle/input/competitions/recodai-luc-scientific-image-forgery-detection/train_images/forged/64717.png,forged,1,504,0.00341796875,Q1,0,0.0,1.984126983733308e-10,1.984126983733308e-10,0.795677900314331,1
forged__64773,64773,/kaggle/input/competitions/recodai-luc-scientific-image-forgery-detection/train_images/forged/64773.png,forged,1,666,0.0045166015625,Q3,201,0.0013631184895833333,0.4359861592346037,0.2787610620532801,0.9917213320732117,1
forged__64941,64941,/kaggle/input/competitions/recodai-luc-scientific-image-forgery-detection/train_images/forged/64941.png,forged,1,7976,0.05409071180555555,Q2,2403,0.01629638671875,0.4630503902161764,0.30127883651828885,0.9860828518867493,1
forged__6508,6508,/kaggle/input/competitions/recodai-luc-scientific-image-forgery-detection/train_images/forged/6508.png,forged,1,10138,0.0687527126736111,Q4,12721,0.0862698025173611,0.8435189640848527,0.7293841730993389,0.9995473027229309,1
forged__65214,65214,/kaggle/input/competitions/recodai-luc-scientific-image-forgery-detection/train_images/forged/65214.png,forged,1,2163,0.014668782552083334,Q1,1094,0.007419162326388889,0.4052809333925306,0.25413939163441895,0.9323609471321106,1
forged__65311,65311,/kaggle/input/competitions/recodai-luc-scientific-image-forgery-detection/train_images/forged/65311.png,forged,1,28614,0.19405110677083334,Q4,0,0.0,3.49479275877719e-12,3.49479275877719e-12,0.8724951148033142,1
forged__65399,65399,/kaggle/input/competitions/recodai-luc-scientific-image-forgery-detection/train_images/forged/65399.png,forged,1,404,0.002739800347222222,Q2,0,0.0,2.47524752413979e-10,2.47524752413979e-10,0.9917169213294983,1
forged__65532,65532,/kaggle/input/competitions/recodai-luc-scientific-image-forgery-detection/train_images/forged/65532.png,forged,1,142,0.0009629991319444445,Q1,0,0.0,7.042253516167427e-10,7.042253516167427e-10,0.7016911506652832,1
forged__6618,6618,/kaggle/input/competitions/recodai-luc-scientific-image-forgery-detection/train_images/forged/6618.png,forged,1,684,0.004638671875,Q1,335,0.0022718641493055555,9.81354268794764e-11,9.81354268794764e-11,0.9199981093406677,1
forged__6696,6696,/kaggle/input/competitions/recodai-luc-scientific-image-forgery-detection/train_images/forged/6696.png,forged,1,1065,0.007222493489583333,Q1,1599,0.010843912760416666,0.6216216216358251,0.4509803921867657,0.9966680407524109,1
forged__6800,6800,/kaggle/input/competitions/recodai-luc-scientific-image-forgery-detection/train_images/forged/6800.png,forged,1,4776,0.032389322916666664,Q2,2684,0.018202039930555556,0.6908847185028032,0.5277493344352293,0.9926256537437439,1
forged__6932,6932,/kaggle/input/competitions/recodai-luc-scientific-image-forgery-detection/train_images/forged/6932.png,forged,1,8330,0.05649142795138889,Q2,792,0.00537109375,1.0962508221760988e-11,1.0962508221760988e-11,0.9923743605613708,1
forged__7004,7004,/kaggle/input/competitions/recodai-luc-scientific-image-forgery-detection/train_images/forged/7004.png,forged,1,2365,0.016038682725694444,Q4,774,0.0052490234375,0.48486779230694915,0.3200168208864585,0.9967809915542603,1
forged__7130,7130,/kaggle/input/competitions/recodai-luc-scientific-image-forgery-detection/train_images/forged/7130.png,forged,1,374,0.002536349826388889,Q1,0,0.0,2.673796790728931e-10,2.673796790728931e-10,0.24313943088054657,0
forged__7279,7279,/kaggle/input/competitions/recodai-luc-scientific-image-forgery-detection/train_images/forged/7279.png,forged,1,722,0.004896375868055556,Q1,0,0.0,1.3850415510547035e-10,1.3850415510547035e-10,0.554222583770752,0
forged__7411,7411,/kaggle/input/competitions/recodai-luc-scientific-image-forgery-detection/train_images/forged/7411.png,forged,1,12772,0.08661566840277778,Q4,14770,0.10016547309027778,0.9090843076032638,0.8333222392342853,0.9999219179153442,1
forged__7498,7498,/kaggle/input/competitions/recodai-luc-scientific-image-forgery-detection/train_images/forged/7498.png,forged,1,1786,0.012112087673611112,Q3,338,0.002292209201388889,0.10263653488217342,0.05409429285091343,0.9753181338310242,1
forged__7610,7610,/kaggle/input/competitions/recodai-luc-scientific-image-forgery-detection/train_images/forged/7610.png,forged,1,293,0.001987033420138889,Q2,0,0.0,3.412969282111614e-10,3.412969282111614e-10,0.6214763522148132,1
forged__770,770,/kaggle/input/competitions/recodai-luc-scientific-image-forgery-detection/train_images/forged/770.png,forged,1,2288,0.015516493055555556,Q1,1578,0.010701497395833334,0.06001034663579901,0.03093333335917511,0.9913699626922607,1
forged__7715,7715,/kaggle/input/competitions/recodai-luc-scientific-image-forgery-detection/train_images/forged/7715.png,forged,1,9465,0.06418863932291667,Q4,17058,0.11568196614583333,0.7036911359962912,0.5428421848668324,0.9995255470275879,1
forged__7771,7771,/kaggle/input/competitions/recodai-luc-scientific-image-forgery-detection/train_images/forged/7771.png,forged,1,1568,0.010633680555555556,Q2,578,0.003919813368055556,0.3066169618216861,0.1810676940461713,0.9280652403831482,1
forged__7972,7972,/kaggle/input/competitions/recodai-luc-scientific-image-forgery-detection/train_images/forged/7972.png,forged,1,9308,0.06312391493055555,Q3,4048,0.027452256944444444,0.5416292303119075,0.3713933668819037,0.9674467444419861,1
forged__8074,8074,/kaggle/input/competitions/recodai-luc-scientific-image-forgery-detection/train_images/forged/8074.png,forged,1,32990,0.2237277560763889,Q4,32529,0.22060139973958334,0.9547459515561062,0.9134104316339191,0.9999188184738159,1
forged__8130,8130,/kaggle/input/competitions/recodai-luc-scientific-image-forgery-detection/train_images/forged/8130.png,forged,1,1390,0.009426540798611112,Q1,1069,0.007249620225694444,4.06669377779314e-11,4.06669377779314e-11,0.9596251249313354,1
forged__8259,8259,/kaggle/input/competitions/recodai-luc-scientific-image-forgery-detection/train_images/forged/8259.png,forged,1,9285,0.06296793619791667,Q3,1453,0.009853786892361112,0.2667163345197735,0.15387921771809715,0.92759108543396,1
forged__8388,8388,/kaggle/input/competitions/recodai-luc-scientific-image-forgery-detection/train_images/forged/8388.png,forged,1,16361,0.11095513237847222,Q4,26393,0.1789889865451389,0.7345277634847394,0.5804376755893079,0.9995361566543579,1
forged__8481,8481,/kaggle/input/competitions/recodai-luc-scientific-image-forgery-detection/train_images/forged/8481.png,forged,1,881,0.005974663628472222,Q1,0,0.0,1.1350737796668475e-10,1.1350737796668475e-10,0.8745031952857971,1
forged__8678,8678,/kaggle/input/competitions/recodai-luc-scientific-image-forgery-detection/train_images/forged/8678.png,forged,1,3769,0.025560167100694444,Q4,2209,0.014980740017361112,0.611241217805098,0.44013490726475224,0.9975395202636719,1
forged__8733,8733,/kaggle/input/competitions/recodai-luc-scientific-image-forgery-detection/train_images/forged/8733.png,forged,1,15195,0.10304768880208333,Q3,20732,0.1405978732638889,0.8418181312109505,0.7268445085329159,0.9964950680732727,1
forged__8874,8874,/kaggle/input/competitions/recodai-luc-scientific-image-forgery-detection/train_images/forged/8874.png,forged,1,4435,0.030076768663194444,Q2,14495,0.0983005099826389,5.2826201795811795e-12,5.2826201795811795e-12,0.9510854482650757,1
forged__899,899,/kaggle/input/competitions/recodai-luc-scientific-image-forgery-detection/train_images/forged/899.png,forged,1,10816,0.07335069444444445,Q2,9594,0.0650634765625,4.899559039662422e-12,4.899559039662422e-12,0.991944432258606,1
forged__9086,9086,/kaggle/input/competitions/recodai-luc-scientific-image-forgery-detection/train_images/forged/9086.png,forged,1,1395,0.00946044921875,Q3,0,0.0,7.168458780848139e-11,7.168458780848139e-11,0.9419293403625488,1
forged__9218,9218,/kaggle/input/competitions/recodai-luc-scientific-image-forgery-detection/train_images/forged/9218.png,forged,1,21112,0.14317491319444445,Q3,26317,0.1784735785590278,0.517067616859902,0.3486791594410991,0.9956936836242676,1
forged__9568,9568,/kaggle/input/competitions/recodai-luc-scientific-image-forgery-detection/train_images/forged/9568.png,forged,1,8341,0.05656602647569445,Q4,7309,0.049567328559027776,0.6462619808329313,0.47739072973211183,0.9997028708457947,1
forged__9759,9759,/kaggle/input/competitions/recodai-luc-scientific-image-forgery-detection/train_images/forged/9759.png,forged,1,2315,0.015699598524305556,Q2,0,0.0,4.319654427459194e-11,4.319654427459194e-11,0.7855246067047119,1
forged__9849,9849,/kaggle/input/competitions/recodai-luc-scientific-image-forgery-detection/train_images/forged/9849.png,forged,1,7615,0.051642523871527776,Q4,10692,0.072509765625,0.7396078002963915,0.5868076623074733,0.9991318583488464,1
forged__9977,9977,/kaggle/input/competitions/recodai-luc-scientific-image-forgery-detection/train_images/forged/9977.png,forged,1,3005,0.020378960503472224,Q1,0,0.0,3.327787021519874e-11,3.327787021519874e-11,0.9058675765991211,1
